key	translation	source
ecl.1.16.00278	君たちをシカゴーグ宇宙港へ連れてきた。オリエンテーションのためだ。到着後すぐ、召集されたのは	ecl-batch-editorial
ecl.1.16.01280	突然、北から艦艇が低空で轟音を上げて飛来する。戦闘機が致命的な積み荷を投下し、あたりは大混乱になる！艦艇も管制塔も、真紅の火球となって崩れ落ちる！人々は恐慌に陥って散り散りになる。	ecl-batch-editorial
ecl.1.16.01431	士官は倒れ、他の新兵は四方八方へ逃げ散っている。否応なく激戦のただ中に放り込まれた！	ecl-batch-editorial
ecl.1.16.01593	外へのセキュリティドアは封鎖されている。	ecl-batch-editorial
ecl.1.16.01661	ドアは戦闘で溶け、開かなくなっている。	ecl-batch-editorial
ecl.1.16.01842	攻撃してきた戦闘機の後ろから輸送艦が降下してきた。テリンたちが飛び出し、統制を失ったNEO部隊と交戦している。一部は本館に着陸しつつある。	ecl-batch-editorial
ecl.1.16.02105	テリンたちが君たちを見つけ、とどめを刺そうと迫ってくる。	ecl-batch-editorial
ecl.1.16.02166	NEO部隊が君たちの救援に駆けつける。	ecl-batch-editorial
ecl.1.16.02279	レーザーの甲高い唸りと手榴弾の爆発音が、建物中に響き渡る。	ecl-batch-editorial
ecl.1.16.02348	戦闘機が超音速で屋根すれすれを轟音とともに飛び去り、歯がガタガタと鳴る。	ecl-batch-editorial
ecl.1.16.02408	どこからか、狙撃のビームが飛んでくる。	ecl-batch-editorial
ecl.1.16.02486	RAMの奇襲は壊滅的な成果を上げた。指示を出す士官の姿はどこにも見えない。統制の取れた部隊は、一帯を掃討中のテリンたちだけだ。	ecl-batch-editorial
ecl.1.16.02617	RAMは完全に制空権を握っている。NEOの対艦防衛は沈黙し、戦闘機も発着場で破壊された。外にいるのは危険になってきた。艦艇が歩兵への掃射を始めている。	ecl-batch-editorial
ecl.1.16.02768	戦闘機が轟音とともに通過し、君たちのチームにレーザーの雨を浴びせる。	ecl-batch-editorial
ecl.1.16.02832	爆発の熱に押し戻される。駐機場のここでは、身を隠すものが何もない。	ecl-batch-editorial
ecl.1.16.02982	このセキュリティドアは粉砕されている。戦死したNEO兵とテリン兵が、折り重なって倒れている。	ecl-batch-editorial
ecl.1.16.03062	男子トイレ	ecl-batch-editorial
ecl.1.16.03080	女子トイレ	ecl-batch-editorial
ecl.1.16.03119	誰かが手榴弾を投げ込んだ。個室は粉々に砕け、床一面に水が広がっている。	ecl-batch-editorial
ecl.1.16.03222	ドアを開けると、目の前にテリンのピストルの銃口があった。彼は笑みを浮かべ、引き金を引く。	ecl-batch-editorial
ecl.1.16.03331	大爆発が室内の家具を粉々にした。屋根は砕け、瓦礫の下に数体の遺体が埋まっている。ざっと調べたところ、いずれも手遅れだ。	ecl-batch-editorial
ecl.1.16.03346	室内の家具を粉々にした。屋根は砕け、瓦礫の下に数体の遺体が埋まっている。ざっと調べ	ecl-batch-editorial
ecl.1.16.03490	入口には、死んだテリンが5人倒れている。壁際の机の後ろに、ライフルを持ったNEOの士官がいる。彼は君たちに顔をしかめ、銃を下ろした。「ここは何とか持ちこたえている。だが、脚をやられた。	ecl-batch-editorial
ecl.1.16.03641	破壊工作員が自動防衛システムへの回線を切断した。東翼に手動制御システムがある。そこへ行って、ミサイルを起動しろ。艦艇を失えば、RAM部隊は終わりだ。さあ、さっさと動け！」	ecl-batch-editorial
ecl.1.16.03804	士官は意識を失っている。ざっと診たところ、容体は安定している。	ecl-batch-editorial
ecl.1.16.03897	食堂ではテリンたちが負傷者にとどめを刺している。崩れた天井を見るに、この部屋は直撃を受けたようだ。安ウイスキーの臭いが室内に充満している。	ecl-batch-editorial
ecl.1.16.04039	講堂	ecl-batch-editorial
ecl.1.16.04078	看護員が、胎児のように体を丸めて横たわる若者の様子を見ている。彼は顔を上げ、首を振って言う。「実戦に耐えられない子もいるんだ。地球で分かっただけ運がいい。ここは俺が持ちこたえる。君たちは先へ行け。」	ecl-batch-editorial
ecl.1.16.04266	シャトルへ向かうはずだった新兵が2人、入口をふさぐように倒れている。建物に入ろうとして背中を撃たれたのだ。	ecl-batch-editorial
ecl.1.16.04411	君たちが近づくと、テリンたちが入口から攻撃してくる。	ecl-batch-editorial
ecl.1.16.04469	戦闘でこのドアは溶け、開かなくなっている。別のドアから入るしかない。	ecl-batch-editorial
ecl.1.16.04528	関係者以外立入禁止	ecl-batch-editorial
ecl.1.16.04566	RAM部隊がこの部屋を制圧している。君たちはテリンの小隊のただ中に飛び込んだ。奥には、ミサイル制御パネルを操作しているRAMの技術者の姿が見える。	ecl-batch-editorial
ecl.1.16.04723	技術者は片手で君たちを撃ち始める。もう片方の手では、まだ制御装置をいじっている。彼を撃てば、基地のミサイルを操作する制御装置を壊してしまうおそれがある。	ecl-batch-editorial
ecl.1.16.04732	技術者が君たちを撃ち始める。もう片方の手では、まだ制御装置をいじっている。君たちが撃てば	ecl-batch-editorial
ecl.1.16.04883	身を隠す	ecl-batch-editorial
ecl.1.16.04909	誰が撃つ？	ecl-batch-editorial
ecl.1.16.04968	の射撃が命中した。	ecl-batch-editorial
ecl.1.16.04987	その者は撃てない。	ecl-batch-editorial
ecl.1.16.05009	弾はそれてパネルに命中した。火花が散り、煙が上がり始める。もう一発当たれば、完全に壊れるだろう。	ecl-batch-editorial
ecl.1.16.05162	パネルが炎を噴き上げた！これで対艦ミサイルを発射する手段は完全になくなった。遠くで戦闘が続く音が聞こえる。	ecl-batch-editorial
ecl.1.16.05271	逃げる君たちの背後で、技術者が歓喜の声を上げる。遠くからミサイルの噴射音が押し寄せる。どこかで誰かが叫ぶ。「ミサイルがシカゴーグに降り注いでいる！街が燃えている！何千人も死ぬぞ！」	ecl-batch-editorial
ecl.1.16.05428	そこへ大型艦が頭上を通過する轟音が響き、続いて爆弾が落ちてくる風切り音が聞こえる。	ecl-batch-editorial
ecl.1.16.05507	君たちのまわりで、世界が爆発する！	ecl-batch-editorial
ecl.1.16.05555	技術者は床に崩れ落ちる。血のにじむ唇が笑みの形にゆがんでいる。彼はかすれ声で言う。「ミサイルがシカゴーグを撃てないなら、どのみち一発も撃てはしない！」	ecl-batch-editorial
ecl.1.16.05677	彼は手榴弾をつかみ、ピンを抜く。覆いかぶさるか、身を隠すか、どちらかだ。誰か、身を挺する者はいるか？	ecl-batch-editorial
ecl.1.16.05798	誰が手榴弾に覆いかぶさる？	ecl-batch-editorial
ecl.1.16.05872	が爆発の威力を抑え込んだ。ミサイルの制御装置は無傷だ。君たちはミサイルを対艦モードに切り替えた。まもなく、敵艦が墜落して砕ける音が聞こえてくる。	ecl-batch-editorial
ecl.1.16.05875	が爆発の威力を抑え込んだ。ミサイルの制御装置は無傷だ。君たちはミサイルを対艦モードに切り替えた。まもなく	ecl-batch-editorial
ecl.1.16.05994	制空権を奪われたRAMの奇襲は、たちまち撃退された。君たちは口々に称賛され、傷の手当ても受けた。	ecl-batch-editorial
ecl.1.16.06160	苦労に報いて、ささやかな報奨が与えられた。	ecl-batch-editorial
ecl.1.16.06208	君たちは行列に見送られ、到着したばかりのシャトルでサルベーション3号へ送られた。	ecl-batch-editorial
ecl.1.16.06272	君たちが突進すると、技術者はやみくもに撃ってくる。	ecl-batch-editorial
ecl.1.16.06389	君たちは技術者に肉薄し、打ち倒した。	ecl-batch-editorial
ecl.1.16.06431	君たちは戸枠の陰に隠れ、技術者の銃撃を免れた。	ecl-batch-editorial
ecl.1.16.06530	医務官	ecl-batch-editorial
ecl.1.16.06575	部屋は戦死者と重傷者でいっぱいだ。慌ただしく動き回る看護員が叫ぶ。「ここはもう満杯よ。外にいたほうが、あなたたちの役に立つわ！」彼女は君たちをドアの外へ押し出した。	ecl-batch-editorial
ecl.1.16.06714	ドアが閉まると同時に、部屋の中から大きな爆発音が聞こえた。	ecl-batch-editorial
ecl.1.16.06787	部屋は粉々になっている。看護員はドアにもたれるように崩れ落ち、生気のない顔に驚きの表情を残している。部屋に生存者は一人もいない。	ecl-batch-editorial
ecl.1.16.06799	看護員はドアにもたれるように崩れ落ち、生気のない顔に驚きの表情を残している。部屋に生存者は	ecl-batch-editorial
ecl.1.16.06894	明らかに、テリンの一人が負傷者の体に罠を仕掛けたのだ。	ecl-batch-editorial
ecl.1.16.06939	待合室	ecl-batch-editorial
ecl.1.16.06978	この部屋は銃撃戦の現場になった。負傷者は全員運び出され、焼け焦げたソファーと砕けたテーブルには、遺体だけが残されている。	ecl-batch-editorial
ecl.1.16.07105	小さな部屋には、燃料タンクの監視モニターが並んでいる。どれも危険域の赤を示している——攻撃で燃料貯蔵庫が被弾したのだ。	ecl-batch-editorial
ecl.1.16.07227	整備員たちはこの車庫に身を隠そうとしたらしい。巡回中のテリンに見つかったのは明らかだ。壁は真っ赤に染まっている。	ecl-batch-editorial
ecl.1.16.07351	この建物には消防設備が収められていた。テリンたちは内部を荒らし尽くし、ロボットも破壊している。	ecl-batch-editorial
ecl.1.16.07438	南のドアの看板にはこうある：	ecl-batch-editorial
ecl.1.16.07468	「士官ラウンジ」	ecl-batch-editorial
ecl.1.16.07492	西の看板にはこうある：	ecl-batch-editorial
ecl.1.16.07554	士官が1人、ここに倒れている。破片を受けて致命傷を負っている。彼は弱々しく咳をし、君たちを近くに招き寄せる。	ecl-batch-editorial
ecl.1.16.07639	彼はささやく。「ミサイル制御……中央室……敵が自動システムを切断したに違いない……防衛を起動しろ……ぐああっ！！！」	ecl-batch-editorial
ecl.1.16.07727	彼は一度痙攣し、動かなくなった。	ecl-batch-editorial
ecl.1.16.07757	ドアの看板にはこうある：	ecl-batch-editorial
ecl.1.17.00108	ホログラムで見た男が、君たちを迎える。	ecl-batch-editorial
ecl.1.17.00143	「私はカールトン・トゥレイビアン。この基地の指揮官だ。」	ecl-batch-editorial
ecl.1.17.00182	彼の演説	ecl-batch-editorial
ecl.1.17.00195	「君たちのタグボートは燃料補給を終えて待機している。」	ecl-batch-editorial
ecl.1.17.00327	「このメッセージを受信した。」彼は君たちをホロプレーヤーのもとへ導く。	ecl-batch-editorial
ecl.1.17.00379	画面にRAMの女性指揮官が映し出される。	ecl-batch-editorial
ecl.1.17.00417	「我々は、グラディウス山付近にあるデザートランナーの村の女性指導者を捕らえた。干渉した者は、ジュノー付近の指定された小惑星へ来い。さもなくば、彼女は死ぬことになる。」	ecl-batch-editorial
ecl.1.17.00545	トゥレイビアンが言う。「この件は当面無視せざるを得ない。地球は差し迫った危機にさらされている。任務を続行せよ。解散。」	ecl-batch-editorial
ecl.1.17.00639	バックが廊下で君たちを呼び止める。	ecl-batch-editorial
ecl.1.17.00671	「ルールってのは、時には破るためにあるのさ。命令より個人が大事だ。」	ecl-batch-editorial
ecl.1.17.00738	彼は悠然と立ち去る。	ecl-batch-editorial
ecl.1.17.00761	「よくやった。君たちをこの船に配属した。このRAMの陰謀を調査してもらう。	ecl-batch-editorial
ecl.1.17.00825	「ヒューアがコンピューターのデータを分析し、3つの重要な事実を突き止めた。	ecl-batch-editorial
ecl.1.17.00881	小惑星帯のケレス付近に、RAMの秘密基地がある。	ecl-batch-editorial
ecl.1.17.00930	火星のRAM基地、グラディウス山の動きが異常に活発だ。	ecl-batch-editorial
ecl.1.17.00981	「ヒューアが、金星低地にある製造基地の座標を割り出した。	ecl-batch-editorial
ecl.1.17.01049	スコットの記録によれば、この船は小惑星基地へ戻る予定だった。まずそこから調査を始めるよう勧める。」	ecl-batch-editorial
ecl.1.17.01147	「君たちの働きには感心した。我々の情報によれば、小惑星基地はすでに放棄されているそうだ。」	ecl-batch-editorial
ecl.1.17.01242	バック・ロジャーズ	ecl-batch-editorial
ecl.1.17.01276	バックは指揮官と一緒に立ち去る。	ecl-batch-editorial
ecl.1.17.01370	エアロックから出ると、基地司令官に率いられた大勢の群衆が君たちを出迎える。彼は歓声を上げる人々を静め、口を開く。	ecl-batch-editorial
ecl.1.17.01467	「よく戻ってくれた。君たちは、ホルツァーハインとRAMの一味がもたらす邪悪な災厄から、地球を救ってくれた……	ecl-batch-editorial
ecl.1.17.01549	バック・ロジャーズが不意に現れ、トゥレイビアンをさえぎる。	ecl-batch-editorial
ecl.1.17.01596	「君たちと握手して、地球とすべての人々を救ってくれた礼を言いたかっただけさ。君たちみたいな連中がいれば、RAMに勝ち目はない。」	ecl-batch-editorial
ecl.1.17.01620	地球とすべての人々を救ってくれた礼を言いたかっただけさ。君たちみたいな連中がいれば、RAMに勝ち目はない。」	ecl-batch-editorial
ecl.1.17.01702	群衆が歓声を上げ、君たちは祝賀パーティーへ案内される。	ecl-batch-editorial
ecl.1.17.01809	NEOの技術者たちが装置を回収しに駆け寄る。続いて、トゥレイビアン指揮官が到着する。	ecl-batch-editorial
ecl.1.17.01869	「よくやった！これは極めて重要な情報だ。引き続き、終末装置の調査を頼む。」	ecl-batch-editorial
ecl.1.17.01951	彼は君たちと握手して立ち去る。	ecl-batch-editorial
ecl.1.17.02018	指揮官はジャスティンから話を聞き、君たちに向き直る。	ecl-batch-editorial
ecl.1.17.02061	「ロベノ氏をパヴォニスへ連れて行き、彼の装置を回収してくれ。NEOにとって貴重な戦力になる。」	ecl-batch-editorial
ecl.1.17.02168	ジェイソン・デュペアの救出に感謝する。	ecl-batch-editorial
ecl.1.17.02208	どこへ行く？	ecl-batch-editorial
ecl.1.17.02283	サルベーションのラウンジに入った。	ecl-batch-editorial
ecl.1.17.02317	飲み物を買う	ecl-batch-editorial
ecl.1.17.02326	食事を頼む	ecl-batch-editorial
ecl.1.17.02373	サルベーションのラウンジにいる。	ecl-batch-editorial
ecl.1.17.02411	コーヒーを手に入れた。	ecl-batch-editorial
ecl.1.17.02430	飲み物を手に入れた。	ecl-batch-editorial
ecl.1.17.02452	気分が悪くなり、立ち去るしかなかった。	ecl-batch-editorial
ecl.1.17.02507	もう満腹だ。	ecl-batch-editorial
ecl.1.17.02530	食事を頼んだ。	ecl-batch-editorial
ecl.1.17.02561	しばらく雑談をした。	ecl-batch-editorial
ecl.1.17.02575	しばらくその辺で待った。	ecl-batch-editorial
ecl.1.17.02599	乗組員たちが祝いに来てくれる。	ecl-batch-editorial
ecl.1.17.02726	NEOの職員が警告する。「NEOにはRAMのスパイがうようよしているらしい。誰を信用するか、よく気をつけろよ。」	ecl-batch-editorial
ecl.1.17.02830	NEOの士官が言う。「RAMは、フォースフィールドを備えた重戦闘装甲を開発した。見かけたら警戒を怠るな。」	ecl-batch-editorial
ecl.1.17.02942	NEOのロケット・ジョッキーが助言する。「宇宙戦では、まず制御系統と武器を撃ち抜け。それから乗り込めるぞ。」	ecl-batch-editorial
ecl.1.17.03054	ある兵士が噂話をする。「RAMの梱包会社が、改造人収容ユニットの契約を打ち切られたって聞いたぜ。」	ecl-batch-editorial
ecl.1.17.03168	技術者が言う。「君たちの船のスキャナーには、惑星の地表の街が色付きの円として映るんだ。」	ecl-batch-editorial
ecl.1.17.03274	兵士が言う。「トゥーレのラジウム鉱山は、太陽系一過酷な監獄だ。生きて出られた者はいない。」	ecl-batch-editorial
ecl.1.17.03383	酒場の常連客が忠告する。「デジタル人格は絶対に信用するな！」	ecl-batch-editorial
ecl.1.17.03456	水星人のNEO士官が言う。「水星のマリポサ3号にいる太陽王は、その……変わり者で有名だ。」	ecl-batch-editorial
ecl.1.17.03557	医師がチーム全員を治療した。	ecl-batch-editorial
ecl.1.17.03668	は死んでいる。残念だ。	ecl-batch-editorial
ecl.1.17.03762	「タグボートで出て、使えそうな物資を探してこい。	ecl-batch-editorial
ecl.1.17.03809	「ケレス付近の小惑星基地を調べてみることを勧める。	ecl-batch-editorial
ecl.1.17.03865	「火星のグラディウス山にある基地を調査する必要がある。	ecl-batch-editorial
ecl.1.17.03920	「我々の情報では、次に向かうべきは金星の基地だ。	ecl-batch-editorial
ecl.1.17.03984	「ヒューアがすべてのデータを統合し、終末兵器の所在を突き止めた。水星のマリポサ3号だ。	ecl-batch-editorial
ecl.1.17.04068	「敵が使う前に、そのレーザーを破壊しなければならない。	ecl-batch-editorial
ecl.1.17.04110	その間は我々の訓練施設を使ってくれ。」	ecl-batch-editorial
ecl.1.17.04210	NEO屈指の諜報員ジェイソン・デュペアは、RAMの終末計画に潜入した。彼は今、トゥーレのラジウム鉱山に囚われている。救出しなければ、彼は死ぬだろう。	ecl-batch-editorial
ecl.1.17.04338	サルベーションのポート区画にいる。	ecl-batch-editorial
ecl.1.17.04399	医療物資	ecl-batch-editorial
ecl.1.17.04448	船の発進準備をする……	ecl-batch-editorial
ecl.1.17.04483	「すべての準備が整った。発進を許可する。」	ecl-batch-editorial
ecl.1.17.04547	タグボートの準備をしていると、基地司令官からメッセージが届く。	ecl-batch-editorial
ecl.1.17.04606	「NEOでの初任務の成功を祈る。」	ecl-batch-editorial
ecl.1.17.04646	基地の管制官が発進を許可し、カウントダウンを始める……	ecl-batch-editorial
ecl.1.17.04756	エンジンが唸りを上げ、発進ベイを駆け抜ける。次の瞬間、サルベーションを離れ、広大な宇宙空間に出ていた。	ecl-batch-editorial
ecl.1.17.04841	基地のまわりには、何マイルにもわたって宇宙のガラクタが散らばっている。その間を縫って船を操り、回収品を探しに出発する。	ecl-batch-editorial
ecl.1.17.04943	地球を周回する宇宙デブリを捜索する……	ecl-batch-editorial
ecl.1.17.04986	数日後、センサーが普通ではない何かを探知した。	ecl-batch-editorial
ecl.1.17.05042	デブリの間を漂う、遺棄された宇宙船を見つけた。	ecl-batch-editorial
ecl.1.17.05100	船を調べる	ecl-batch-editorial
ecl.1.17.05111	基地へ戻る	ecl-batch-editorial
ecl.1.17.05137	船を遺棄船の脇へ寄せ、ドッキングして乗り込む。	ecl-batch-editorial
ecl.1.17.05214	基地に近づきながら、遺棄船の情報を基地司令に無線で報告する。	ecl-batch-editorial
ecl.1.17.05286	指揮官が言う。	ecl-batch-editorial
ecl.1.17.05306	「あの船をサルベーションへ曳航しろ。」	ecl-batch-editorial
ecl.1.17.05342	船首を巡らせ、遺棄船へ引き返す。	ecl-batch-editorial
ecl.1.17.05393	船に燃料が補給された。	ecl-batch-editorial
ecl.1.17.05426	NEOの整備士が船を修理した。	ecl-batch-editorial
ecl.1.17.05512	医療物資が補充された。	ecl-batch-editorial
ecl.1.17.05553	NEOの技術員が武器に弾を再装填し、予備の弾薬も補充する。	ecl-batch-editorial
ecl.1.17.05655	は回復した……	ecl-batch-editorial
ecl.1.18.00135	バック・ロジャーズと新地球機構の勇敢な戦いぶりを聞き、君たちはNEOに加わって、太陽系を恐怖に陥れるRAMの脅威と戦う決意をした。	ecl-batch-editorial
ecl.1.18.00300	RAMは隙あらばいつでも襲いかかってくる。地球でさえ、その略奪から逃れられない！	ecl-batch-editorial
ecl.1.18.00402	RAMの数ある恐るべき兵器の一つが、遺伝子操作で生み出されたテリンだ。	ecl-batch-editorial
ecl.1.18.00498	君たちが挙げる勝利は、どれもNEOと地球全体の勝利となる。	ecl-batch-editorial
ecl.1.18.00557	君たちの戦いは地球だけにとどまらない。水星から遠い小惑星まで、深宇宙を旅することになる。	ecl-batch-editorial
ecl.1.18.00659	あらゆる危険の只中にも、ときおり安全なオアシスがある。	ecl-batch-editorial
ecl.1.18.00737	忘れてはならない。君たちは一人で戦っているのではない。道中、多くの人々が手を貸してくれる。	ecl-batch-editorial
ecl.1.18.00816	過去から来た伝説の人物さえ、力を貸してくれる。	ecl-batch-editorial
ecl.1.18.00859	君たちが守るために戦う、あの輝く宝石を決して忘れてはならない。	ecl-batch-editorial
ecl.2.32.00116	エアロックがシュッと開くと、警報のサイレンが耳に突き刺さる。部屋は戦闘配置灯の不気味な真紅の光に染まっている。	ecl-batch-editorial
ecl.2.32.00228	オーバーライドパネルを叩くと、突然静寂が訪れた。見回すと、激しい戦闘の痕跡があちこちに見える。黒ずんだ小さな球体がふわふわと漂ってきて、汚れた壁にべたりと張りつく。	ecl-batch-editorial
ecl.2.32.00382	床から死体が浮かび上がる。赤い光の中で、半透明に見える。それが暴れ回ると、人影の腕から光る球が渦を巻いて離れ、壁に届くと消えていく。	ecl-batch-editorial
ecl.2.32.00522	それは悲鳴を上げ、左の壁をすり抜けていく。再び静寂が訪れる……	ecl-batch-editorial
ecl.2.32.00600	だがそれも束の間、艦の兵器が火を噴く轟音に破られる！船体が激しく揺れ、君たちはぬめる壁に叩きつけられる。	ecl-batch-editorial
ecl.2.32.00757	エアロックは封鎖されている。外部損傷の警告灯が点滅している。	ecl-batch-editorial
ecl.2.32.00831	外側のハッチは切り落とされたように見える。君たちの船はどこにも見当たらない。	ecl-batch-editorial
ecl.2.32.01169	第3段階体の何体かが出てきた。まだ弱っている。」	ecl-batch-editorial
ecl.2.32.01250	第3段階体が1体、動き回って制御装置を調べている。」	ecl-batch-editorial
ecl.2.32.01332	改造人がコンピューターを起動した。高速のフラッシュカード・プログラムだ。急速に学習している。」	ecl-batch-editorial
ecl.2.32.01446	制御装置を操作し、操縦を覚えようとしている。」	ecl-batch-editorial
ecl.2.32.01572	は叫びながら目覚める。目が虚ろだ。	ecl-batch-editorial
ecl.2.32.01708	は突然倒れる。	ecl-batch-editorial
ecl.2.32.01748	は頭が割れそうだ。	ecl-batch-editorial
ecl.2.32.01793	は少しずつ広がる発疹に気づく。	ecl-batch-editorial
ecl.2.32.01850	の脚が一瞬かゆくなる。	ecl-batch-editorial
ecl.2.32.02150	小型のECGが君たちめがけて殺到する。	ecl-batch-editorial
ecl.2.32.02194	防衛ロボットが駆けつける。一体が抑揚のない声で告げる。「お前たちにはRAM資産の破壊と隔離命令違反の責任がある。排除が必要である。」	ecl-batch-editorial
ecl.2.32.02331	ロボットたちは「排除、排除……」と唱えながら襲いかかってくる。	ecl-batch-editorial
ecl.2.32.02406	砲塔の制御は停止している。君たちの船はスキャナーに映っていない。	ecl-batch-editorial
ecl.2.32.02492	君たちの視線は、ドアの前に浮かぶ死体に釘付けになる。腕が一本欠けており、廊下にいた亡霊のような人影と同じだとわかる。彼は、ぼろぼろに裂け、黒ずんだ染みのついた白衣の残骸をまとっている。	ecl-batch-editorial
ecl.2.32.02652	死体のそばに、記録装置とホログラム投影機が浮かんでいる。記録を再生すると、どこか退屈そうな声が部屋に満ちる。	ecl-batch-editorial
ecl.2.32.02764	「……地球の滅菌が済めば、配備は予定通りに進む。	ecl-batch-editorial
ecl.2.32.02821	「もしホルツァーハインが正し——待て、ちょっと待て！電力に変動……主収容フィールドが乱れている……全バッチの活動が増大中だ。スコット！今すぐ緊急停止しろ！どこにいる！？	ecl-batch-editorial
ecl.2.32.02972	「スコットは機能停止……セキュリティに通報済み……乗船する者すべてに向けてホログラム警告を設定中……念のための措置であってくれればいいが……	ecl-batch-editorial
ecl.2.32.03080	「投影機、起動中……待て！こんなに早く！？あの光る目……だめだ！下がれ！	ecl-batch-editorial
ecl.2.32.03170	最後の悲鳴が部屋にこだまする。死体の奥には、口の開いた大きな円筒が並んでいる。	ecl-batch-editorial
ecl.2.32.03237	記録を持ち出した	ecl-batch-editorial
ecl.2.32.03542	上へ登った。	ecl-batch-editorial
ecl.2.32.03615	下へ降りた。	ecl-batch-editorial
ecl.2.32.03773	通気シャフトに、ぎりぎり入れそうだと気づく。	ecl-batch-editorial
ecl.2.32.03840	チームは一列で進むしかない。先頭か最後尾の者は、一人で戦うことになるかもしれない。	ecl-batch-editorial
ecl.2.32.03918	中に入るか？	ecl-batch-editorial
ecl.2.32.03956	壁のステンシル数字によれば、君たちがいるのはデッキ	ecl-batch-editorial
ecl.2.32.04275	おぞましい改造人たちが通気シャフトへ侵入する。方向は	ecl-batch-editorial
ecl.2.32.04324	は、よだれの滴る牙に一人で立ち向かうしかない。	ecl-batch-editorial
ecl.2.32.04401	ECGたちは導管の中へ消えていく。	ecl-batch-editorial
ecl.2.32.04629	このシャフトには、無数の機材と補給品が詰め込まれている。	ecl-batch-editorial
ecl.2.32.04714	ここには、すぐに役立ちそうなものは見当たらない。	ecl-batch-editorial
ecl.2.32.04746	徹底的に探した末、アルゴンガスのタンクを2本見つけ、背中に固定する。スコットが言う。「デッキ3へ上がってくれ。」	ecl-batch-editorial
ecl.2.32.04884	ここは機関デッキだ。エンジンは沈黙している。	ecl-batch-editorial
ecl.2.32.04949	生命維持デッキに着いた。循環する水耕栽培タンクの低い唸りが、かすかに聞こえる。	ecl-batch-editorial
ecl.2.32.05057	貨物デッキに着いた。静まり返っている。	ecl-batch-editorial
ecl.2.32.05120	船内で最も美しいオアシス——水耕栽培園——は、今起きている騒ぎとは無縁のように、穏やかで手つかずに見える。葉ずれの音が心地よく、甘い香りが部屋に満ちている。植物が視界を遮っている。	ecl-batch-editorial
ecl.2.32.05295	この部屋の音と香りに、次第に気持ちがほぐれていく。	ecl-batch-editorial
ecl.2.32.05348	は古くからの	ecl-batch-editorial
ecl.2.32.05389	友人と過ごした静かな夜を思い出す。つないだ手。抱擁と口づけ。	ecl-batch-editorial
ecl.2.32.05465	は穏やかな物思いから覚めた。ちょうど目に入ったのは	ecl-batch-editorial
ecl.2.32.05554	は夢から覚めると、	ecl-batch-editorial
ecl.2.32.05604	自力脱出	ecl-batch-editorial
ecl.2.32.05636	は一度ももがかない。体は脈打つ蔓にそっと抱きとめられ、あの美しい音が戻ってくる。	ecl-batch-editorial
ecl.2.32.05716	痛みはなく、恐怖もすぐに薄れていく。	ecl-batch-editorial
ecl.2.32.05755	まもなく夢が戻ってくる——地球全体を包み込むかもしれない夢が。君たちは永遠に眠る。	ecl-batch-editorial
ecl.2.32.05840	君たちは無我夢中で心地よいけだるさを振り払い、植物に襲いかかる。やがて蔓の切れ端と体液が宙を漂う。植物に受けた傷が焼けるように痛み始める。	ecl-batch-editorial
ecl.2.32.05984	引き抜かれた植物のそばに、壊れた収容フィールド発生装置と紙が1枚ある。それを取った	ecl-batch-editorial
ecl.2.32.06062	その紙	ecl-batch-editorial
ecl.2.32.06080	君たちは仲間を見捨て、その場を離れ始める。だが運の悪いことに、心地よい音はいっそう強まっている。	ecl-batch-editorial
ecl.2.32.06166	が見知らぬ植物の蔓に囚われている。小さな棘が防具を貫いている。蔓は	ecl-batch-editorial
ecl.2.32.06254	の鼓動に合わせて脈打つ。	ecl-batch-editorial
ecl.2.32.06377	ECGが1匹、すぐさま襲いかかってくる。	ecl-batch-editorial
ecl.2.32.06452	別のECGが、よだれの滴る牙をむいて迫ってくる。	ecl-batch-editorial
ecl.2.32.06510	この部屋には、船の空気採取装置がある。	ecl-batch-editorial
ecl.2.32.06570	手を加えれば、アルゴンガスを船全体に行き渡らせられそうだ。	ecl-batch-editorial
ecl.2.32.06640	アルゴンガスのボンベをつなぐ。バルブをひねると、アルゴンガスがシューッと空調系統に流れ込む。	ecl-batch-editorial
ecl.2.32.06726	「効いている！制御室の警備兵たちが身をよじり、次々に倒れ始めた……	ecl-batch-editorial
ecl.2.32.06794	第3段階体も影響を受けている！	ecl-batch-editorial
ecl.2.32.06822	「待て！第3段階体の1体が制御装置をいじっている。流れを逆転させた！ECGたちが息を吹き返し始めた！急いで機関デッキへ下りてくれ。そこのパネルで気流をオーバーライドできる！」	ecl-batch-editorial
ecl.2.32.06997	この部屋には整備用の工具が多数ある。	ecl-batch-editorial
ecl.2.32.07051	ガラスの破片が部屋中に漂っている。高級な香水のほのかな匂いが残っている。	ecl-batch-editorial
ecl.2.32.07119	部屋を調べると、貨物箱がいくつも縛りつけられ、巧みに隠された居住スペースになっているのがわかる。枕や紙、女性の衣類が、あてもなく宙を漂っている。	ecl-batch-editorial
ecl.2.32.07248	紙は走り書きの日記だ。うち1枚には「発疹が広がっている、もう時間がない」と乱暴に書き殴られている。それらを取った	ecl-batch-editorial
ecl.2.32.07364	貨物室は空の容器でいっぱいだ。それぞれに生物を1体ずつ収め、大気圏再突入を生き延びさせられそうに見える。	ecl-batch-editorial
ecl.2.32.07481	制御盤によると、エンジンは停止し、セキュリティプログラムが制御を握っている。再起動には制御室へのアクセスが必要だ。	ecl-batch-editorial
ecl.2.32.07621	ここでオーバーライドを解除できる。	ecl-batch-editorial
ecl.2.32.07664	はコンソールのカバーを外し、制御系の配線をつなぎ替え始める。	ecl-batch-editorial
ecl.2.32.07725	見慣れない回路を調べていると、スコットが口を開く。「手順を説明しよう。」	ecl-batch-editorial
ecl.2.32.07797	は彼の指示に従い始める。	ecl-batch-editorial
ecl.2.32.07855	アルゴンガスが止まり、生物たちは自由になった。君たちの細工を察知したらしく、大群が押し寄せてくる。	ecl-batch-editorial
ecl.2.32.07955	ここで踏みとどまるか、このデッキをECGに明け渡すかだ。	ecl-batch-editorial
ecl.2.32.08036	改造人たちが這い寄ってくる。	ecl-batch-editorial
ecl.2.32.08065	はまだオーバーライドを試みている。	ecl-batch-editorial
ecl.2.32.08102	ECGの群れが飛びかかってくる。その目は期待にぎらついている。	ecl-batch-editorial
ecl.2.32.08160	は最後の接続をひねって締める。	ecl-batch-editorial
ecl.2.32.08185	ECGたちが君たちに激突するが、すでに崩れ落ちかけている。宙で身をよじらせ、やがて動かなくなる。	ecl-batch-editorial
ecl.2.32.08271	「おめでとう！制御室に残っていた数匹のECGは、断末魔のもがきの最中だった。あまりの激しさに、1匹が私のスキャナーを蹴り飛ばしたほどだ。それでも、モニターは致死濃度のアルゴンガスを示している。	ecl-batch-editorial
ecl.2.32.08420	制御室へ上がって、NEOに連絡してくれ。忘れるな、こいつらは地球に迫るある致命的な脅威の、第2段階にすぎない。」	ecl-batch-editorial
ecl.2.32.08532	突破を試みるが、改造人たちのほうが速い。彼らは容赦なく襲いかかってくる。	ecl-batch-editorial
ecl.2.32.08617	ようやくデッキからECGが一掃された。戻って制御系の改造を仕上げる。アルゴンガスが船中に行き渡る。	ecl-batch-editorial
ecl.2.32.08740	機械音声が響き渡る。「自爆システム、作動。カウントダウン中。30……」	ecl-batch-editorial
ecl.2.32.08796	スコットが言う。「ECGの1匹が制御パネルにぶつかったに違いない！今すぐデッキ10へ向かってくれ！」	ecl-batch-editorial
ecl.2.32.08883	誰が修理する？	ecl-batch-editorial
ecl.2.32.08909	その者にはできない。	ecl-batch-editorial
ecl.2.32.08964	はしごの前まで来た。	ecl-batch-editorial
ecl.2.32.08983	どこへ行く？	ecl-batch-editorial
ecl.2.32.09000	今いるのはデッキ	ecl-batch-editorial
ecl.2.32.09107	船は大爆発を起こし、吹き飛んだ！	ecl-batch-editorial
ecl.2.32.09153	スコットが口を開く。「	ecl-batch-editorial
ecl.2.33.00149	ドアは頑丈にバリケードで塞がれている。生物たちなら壁の導管をすり抜けられるが、同じ手を使うのは自殺行為だ。試してみるか？	ecl-batch-editorial
ecl.2.33.00271	改造人が、固い壁から湧き出してくる。	ecl-batch-editorial
ecl.2.33.00344	狭い導管に無理やり体をねじ込んだ。	ecl-batch-editorial
ecl.2.33.00391	全員がかゆくなり始める。	ecl-batch-editorial
ecl.2.33.00413	ずる賢い改造人たちが通路に罠を仕掛けていた。爆発がチームを激しく揺さぶる。	ecl-batch-editorial
ecl.2.33.00513	君たちが抜け出すと同時に、改造人たちが飛びかかってくる。	ecl-batch-editorial
ecl.2.33.00594	ECGを皆殺しにした。突然、世界が暗くなり、狂気が心を満たす。導管の中にいた何かが、君たちの体に侵入したのだ。	ecl-batch-editorial
ecl.2.33.00704	君たちは倒れ、敵を撃つこともできない。	ecl-batch-editorial
ecl.2.33.00764	見張りのいないバリケードを、難なく引き剥がした。	ecl-batch-editorial
ecl.2.33.01154	第3段階体が姿を現した。それは弱っている。」	ecl-batch-editorial
ecl.2.33.01224	それは動き回り、制御装置を調べている。」	ecl-batch-editorial
ecl.2.33.01300	それはコンピューターを起動した。高速のフラッシュカードプログラムだ。学習が速い。」	ecl-batch-editorial
ecl.2.33.02578	踊り場に入ると、醜悪な改造人の群れが突進してくる。動きが非常に速い。	ecl-batch-editorial
ecl.2.33.02674	壁の向こうで、ひっかくような音がする。じきに新手が来るが、どこからかは定かでない。	ecl-batch-editorial
ecl.2.33.02859	この通気シャフトには、かろうじて入れそうだ。	ecl-batch-editorial
ecl.2.33.03059	砕けたテーブルが宙に浮いている。残骸には奇妙な体液が付着している。RAM部隊はここで抗戦した。	ecl-batch-editorial
ecl.2.33.03149	ここは生体監視ステーションだ。船内全域の生命反応を追跡している。	ecl-batch-editorial
ecl.2.33.03244	スキャンの結果、船内にいる人間は君たちだけだとわかる。正体不明の生命体が、デッキ10に大量に集中している。ほかは船内各所に散らばっている。	ecl-batch-editorial
ecl.2.33.03387	見ていると、右側に新たな測定値が現れる。	ecl-batch-editorial
ecl.2.33.03449	見ると、改造人が通気シャフトから這い出してくる。	ecl-batch-editorial
ecl.2.33.03499	それは目にも留まらぬ速さで君たちに迫る。牙からは液が滴っている。	ecl-batch-editorial
ecl.2.33.03567	医療研究所は塵一つない。小型のデータコンピューターが、テーブルに据え付けられている。	ecl-batch-editorial
ecl.2.33.03678	コンピューターから声が響く。「本機は有効な声紋でのみ作動する。」	ecl-batch-editorial
ecl.2.33.03788	コンピューターを拾い上げ、解毒剤をいくつか見つけた。	ecl-batch-editorial
ecl.2.33.03869	スコットが現れて言う。「DATACOMP1、こちらスコット。全情報の送信を頼む。」	ecl-batch-editorial
ecl.2.33.03971	この医務室は最新鋭の設備を備えている。真っ白な手術台の上に、自動手術装置が何基もぶら下がっている。隅では、解剖が行われていた。	ecl-batch-editorial
ecl.2.33.04084	遺体は丁寧に並べて寝かされている。近くの棚には、ラベルのはっきりした瓶が並んでいる。個人日誌と、「コンチテス医師」と記されて丁寧に畳まれた制服が、衣服を着けていない遺体のそばに漂っている。	ecl-batch-editorial
ecl.2.33.04248	脳寄生虫を取り出せれば、この情報から防護用のタンパク質軟膏を作れる。自動手術装置で脳寄生虫を摘出するか？	ecl-batch-editorial
ecl.2.33.04387	誰を手術する？	ecl-batch-editorial
ecl.2.33.04419	その人は感染していない。それでも手術するか？	ecl-batch-editorial
ecl.2.33.04473	手術装置を起動した。機械の唸りとポンプのシューという音が部屋に満ちる。機械音声が告げる。「シグマ番号を述べよ。対象はRAM保険の適用外。」	ecl-batch-editorial
ecl.2.33.04610	止める	ecl-batch-editorial
ecl.2.33.04646	どの番号を言う？	ecl-batch-editorial
ecl.2.33.04726	無効なシグマ番号。警備警報。」レーザーメスが向きを変えて襲いかかる。ほかの手術装置も作動し始める。	ecl-batch-editorial
ecl.2.33.04818	手術装置を破壊	ecl-batch-editorial
ecl.2.33.04850	「死亡証明書、登録済み。	ecl-batch-editorial
ecl.2.33.04895	レーザーの砲火を止めた。あいにく、脳寄生虫を取り除く手段はない。	ecl-batch-editorial
ecl.2.33.05013	レーザーの雨の中、その場を離れた。	ecl-batch-editorial
ecl.2.33.05072	防衛ロボットが警報に応じて駆けつける。	ecl-batch-editorial
ecl.2.33.05124	機能を停止させた。再び静寂が訪れる。	ecl-batch-editorial
ecl.2.33.05163	誰が再プログラムする？	ecl-batch-editorial
ecl.2.33.05192	その人にはできない。	ecl-batch-editorial
ecl.2.33.05253	は失敗した。コンピューターが応答する。「	ecl-batch-editorial
ecl.2.33.05299	手術は手早く成功した。ほかの者たちも処置を受け、治癒した。	ecl-batch-editorial
ecl.2.33.05459	脳の手術を行うか？	ecl-batch-editorial
ecl.2.33.05496	チーム全員を治療するか？	ecl-batch-editorial
ecl.2.33.05606	部屋は質素で、壁に飾りは一つもない。塵一つない机の上に、磁気フォルダーが置かれている。それを取った	ecl-batch-editorial
ecl.2.33.05721	部屋は慌ただしく荒らされたようだ。衣類や私物があちこちに漂っている。日記を見つけた	ecl-batch-editorial
ecl.2.33.05826	部屋は死体であふれている。人間の死体は一つだけだ。その手は、電力の尽きたレーザーピストルと個人日誌を握りしめている。日誌を取った	ecl-batch-editorial
ecl.2.33.05947	ここは警備の主コンソールだ。	ecl-batch-editorial
ecl.2.33.05988	腕のいいプログラマーなら、ここから警備ロボットを停止できる。試してみるか？	ecl-batch-editorial
ecl.2.33.06063	誰が試す？	ecl-batch-editorial
ecl.2.33.06146	警備プログラムが君たちの細工を検知した。	ecl-batch-editorial
ecl.2.33.06198	身を引く間もなく、	ecl-batch-editorial
ecl.2.33.06243	君たちが身を引くと同時に、	ecl-batch-editorial
ecl.2.33.06285	ロボットが近くの収納庫から飛び出し、こう告げる。「RAM警備規定違反。違反者は排除する。」	ecl-batch-editorial
ecl.2.33.06381	警備モニターはすべて沈黙した。	ecl-batch-editorial
ecl.2.33.06428	コンソールが電光を噴き上げる。警備プログラムが、ロボットの制御をこの端末から別系統に切り替えた。	ecl-batch-editorial
ecl.2.33.06548	ドアが開くと、この収納庫からロボットが飛び出してきた。	ecl-batch-editorial
ecl.2.33.06609	この収納庫には、停止中の警備ロボットがぎっしり詰まっている。	ecl-batch-editorial
ecl.2.33.06653	ここは警備ロボット用の、空の収納庫だ。	ecl-batch-editorial
ecl.2.33.06711	ホログラムが君たちの前に形を成し、語りかける。「よく来てくださいました。ここが私の通信できる唯一の場所なのです——おっと、失礼！ご挨拶を忘れていました。私はスコット、デジタル人格です。	ecl-batch-editorial
ecl.2.33.06862	彼は	ecl-batch-editorial
ecl.2.33.06874	独白を続ける	ecl-batch-editorial
ecl.2.33.06889	彼の話が尽きたところで、君たちは最新の状況を伝えた。	ecl-batch-editorial
ecl.2.33.06927	船の状況を知らされ、彼は息をのむ。「なんということでしょう！私は乗組員を止めたかっただけで、引き裂かれてほしかったわけではないのです。次のコンソールへ行って、2本の赤い線をこのパネルにつないでください。そうすれば、力になれます。」	ecl-batch-editorial
ecl.2.33.07103	このコンソールは非常に高度なコンピューターシステム用で、おそらくRAMでも最高峰のものだ。次のコンソールへの接続部は、なぜか溶けて固まっている。	ecl-batch-editorial
ecl.2.33.07215	該当する線を見つけ出し、つなぎ合わせた。	ecl-batch-editorial
ecl.2.33.07261	スコットが再び姿を現す。「ああ、ずっと良くなりました。船をスキャンして評価します。少々お待ちを。」	ecl-batch-editorial
ecl.2.33.07339	「よし。ECGはデッキ10の制御室にバリケードを築いて立てこもっています。一部は脱皮して、第3段階体になりつつあります。ウィリアムズ博士はこれを『超知能段階』と呼んでいました。これが気がかりです。	ecl-batch-editorial
ecl.2.33.07475	ECGを排除するまで、私たちはこの船に孤立したままです。	ecl-batch-editorial
ecl.2.33.07537	船内で記録を探してください。ウィリアムズ博士は、ECGを制御する方法について語っていました。みなさんなら見つけられるかもしれません。	ecl-batch-editorial
ecl.2.33.07637	まず、医療研究所から持ち帰った生体記録をスキャンしましょう。	ecl-batch-editorial
ecl.2.33.07696	このデータから、ECGはアルゴンガスに弱くなるよう作られているようです。船内にあるとすれば、デッキ4かデッキ0でしょう。それを空気ポンプに送り込んでください。	ecl-batch-editorial
ecl.2.33.07714	ECGはアルゴンガスに弱くなるよう作られているようです。船内にあるとすれば、デッキ4かデッキ0でしょう。それを空気ポンプに送り込んでください。	ecl-batch-editorial
ecl.2.33.07801	必要に応じてこちらから連絡します。では、失礼します。」	ecl-batch-editorial
ecl.2.33.07848	パネルに着くと、カウントダウンが進行している。慌てて強制解除のコマンド列を打ち込むと、コンピューターが応答する。「自爆は中止された。感謝する。」	ecl-batch-editorial
ecl.2.33.08011	宇宙服姿の男が非常用エアロックに立ち、君たちに向けて発砲している。	ecl-batch-editorial
ecl.2.33.08106	近づくと、その顔は君たちの知るどの種族のものでもないとわかる。表情は平板で、目は死んだような漆黒だ。	ecl-batch-editorial
ecl.2.33.08219	奇妙な改造人のもとにたどり着いた。	ecl-batch-editorial
ecl.2.33.08254	エアロックの中に何かいる。のぞき込むと……	ecl-batch-editorial
ecl.2.33.08317	たった1体の第3段階体が、爆薬を仕掛けている。魂のない目が、君たちをじっと見据えている。	ecl-batch-editorial
ecl.2.33.08384	撃つ	ecl-batch-editorial
ecl.2.33.08410	命中すると、それは後ろ向きに倒れ、脱出ポッドのエアロックの中へ落ち込む。ドアが閉まり、ポッドが射出される音が聞こえた。突然、船が揺れる。爆薬が脱出ポッドの中で爆発したのだ。	ecl-batch-editorial
ecl.2.33.08563	スコットが姿を現す。「おめでとうございます！船内にはECGが1体も見つかりません。NEOに連絡して、RAMが地球をどうやって不毛の星にするつもりなのか突き止めましょう。」	ecl-batch-editorial
ecl.2.33.08680	船を操縦してサルベーションへ戻り、報告を行った。	ecl-batch-editorial
ecl.2.33.08749	ECGが君たちを追って爆薬を放り投げる。	ecl-batch-editorial
ecl.2.33.08797	重傷を負いながらも、君たちは艦の兵器管制装置まで這っていく。コンピューターの制御を奪い、遠ざかる脱出ポッドをロックオンする。爆発の閃光が画面を照らし、ポッドは白熱して燃え上がる。	ecl-batch-editorial
ecl.2.33.08985	新しい踊り場に降り立った。場所はデッキ	ecl-batch-editorial
ecl.2.34.00147	チームは負傷している。	ecl-batch-editorial
ecl.2.34.00170	診療所を利用するか？	ecl-batch-editorial
ecl.2.34.00202	どのメンバー	ecl-batch-editorial
ecl.2.34.00272	ほかのメンバーも治療するか？	ecl-batch-editorial
ecl.2.34.00560	身動きが取れない……	ecl-batch-editorial
ecl.2.34.00577	宇宙を漂っている……	ecl-batch-editorial
ecl.2.34.00623	NEOに無線で救援を求めた。	ecl-batch-editorial
ecl.2.34.00683	NEOの巡洋艦が君たちを見つけ、救助する。	ecl-batch-editorial
ecl.2.34.01279	マリポサ3号	ecl-batch-editorial
ecl.2.34.01321	ニュー・エリシウム	ecl-batch-editorial
ecl.2.34.01332	金星低地	ecl-batch-editorial
ecl.2.34.01426	火星高地砂漠	ecl-batch-editorial
ecl.2.34.01475	小惑星基地	ecl-batch-editorial
ecl.2.34.01643	小さな小惑星から発せられた、微弱な救難信号を受信した。	ecl-batch-editorial
ecl.2.34.01898	スコットが言う。「近くの小さな小惑星から反響を探知しました。	ecl-batch-editorial
ecl.2.34.01941	誰かがNEOの通信を傍受しているようです。	ecl-batch-editorial
ecl.2.34.01988	「調査したほうがよさそうです。」	ecl-batch-editorial
ecl.2.34.02037	通信センター	ecl-batch-editorial
ecl.2.34.02111	当てずっぽうに合言葉を試した。トランスポンダーが応答する。	ecl-batch-editorial
ecl.2.34.02176	タロンの基地	ecl-batch-editorial
ecl.2.34.02264	基地は修理中だ。	ecl-batch-editorial
ecl.2.34.02417	火星の砂漠への着陸を開始した。	ecl-batch-editorial
ecl.2.34.02451	RAMの偵察巡洋艦が君たちに識別を要求してくる。	ecl-batch-editorial
ecl.2.34.02524	特別命令を受けたRAMのヨットだと名乗った。	ecl-batch-editorial
ecl.2.34.02571	相手は君たちを信じない。降伏を要求してくる。	ecl-batch-editorial
ecl.2.34.02696	着陸した。	ecl-batch-editorial
ecl.2.34.02731	基地を特定……	ecl-batch-editorial
ecl.2.34.02758	基地から通信が入る。	ecl-batch-editorial
ecl.2.34.02777	「メイルストローム・ライダー号を確認。2番格納庫へのドッキングを許可する。」	ecl-batch-editorial
ecl.2.34.02829	着陸ビーコンが君たちをドッキングベイへ誘導する。	ecl-batch-editorial
ecl.2.34.02869	船を降りた。	ecl-batch-editorial
ecl.2.34.03042	小惑星を見つけ出し、ドッキングした。	ecl-batch-editorial
ecl.2.34.03110	刑務所を特定……	ecl-batch-editorial
ecl.2.34.03147	ランデブー地点に到着した……	ecl-batch-editorial
ecl.2.34.03195	小惑星を特定……	ecl-batch-editorial
ecl.2.34.03337	センサーが識別した	ecl-batch-editorial
ecl.2.34.03359	が、長距離スキャナー上に映っている。	ecl-batch-editorial
ecl.2.34.03442	は巡洋艦に呼びかける。	ecl-batch-editorial
ecl.2.34.03461	君たちは何と言う？	ecl-batch-editorial
ecl.2.34.03497	救援要請	ecl-batch-editorial
ecl.2.34.03524	ハッタリで切り抜けようとした。	ecl-batch-editorial
ecl.2.34.03592	味方だと相手に信じ込ませた。	ecl-batch-editorial
ecl.2.34.03634	相手の艦に挑戦した。	ecl-batch-editorial
ecl.2.34.03719	相手はひるんで逃げ出した。	ecl-batch-editorial
ecl.2.34.03745	助けを求めた。	ecl-batch-editorial
ecl.2.34.03825	相手が助けてくれた。	ecl-batch-editorial
ecl.2.34.03896	相手は感心しなかった。	ecl-batch-editorial
ecl.2.34.03968	逃げるための燃料がない。	ecl-batch-editorial
ecl.2.34.04034	スコットによると、NEOが君たちにレストランへ来てほしいそうだ。	ecl-batch-editorial
ecl.2.34.04087	店は「シェ・ルナ」。ティコにある。	ecl-batch-editorial
ecl.2.34.04109	ドッキング：	ecl-batch-editorial
ecl.2.34.04177	逃げ切った……	ecl-batch-editorial
ecl.2.34.04229	RAM偵察艦	ecl-batch-editorial
ecl.2.34.04246	RAM中型艦	ecl-batch-editorial
ecl.2.34.04262	RAM重型艦	ecl-batch-editorial
ecl.2.34.04278	海賊中型艦	ecl-batch-editorial
ecl.2.34.04295	水星中型艦	ecl-batch-editorial
ecl.2.34.04743	補給物資が尽きた。	ecl-batch-editorial
ecl.2.34.04834	スコットの報告：	ecl-batch-editorial
ecl.2.34.04851	「スキャナーによると、単独の船が高速で航行中だ。	ecl-batch-editorial
ecl.2.34.04897	「目標はケレスへ向かっている。RAMの艦が追撃中だ。」	ecl-batch-editorial
ecl.2.35.00116	モニターが示す気圧は極めて低い。非常灯はついているが明滅しており、遠くまで見通すのは難しい。	ecl-batch-editorial
ecl.2.35.00243	船内へ退避するか？	ecl-batch-editorial
ecl.2.35.00301	小惑星の爆発の衝撃が、君たちの船を激しく揺さぶる。	ecl-batch-editorial
ecl.2.35.00457	どこからともなく、恐るべきECGが現れる。	ecl-batch-editorial
ecl.2.35.00549	ECGが君たちの船を奪おうとする。	ecl-batch-editorial
ecl.2.35.00623	このエアロックのドアは空気が漏れている。何かがシールを引き裂いていたらしい。宇宙服の破れた切れ端が漂っていく。	ecl-batch-editorial
ecl.2.35.00732	ここは通信室だ。壊れた電子機器があたり一面に漂っている。人影はない。	ecl-batch-editorial
ecl.2.35.00813	突然、いくつもの影が四方八方から渦を巻いて迫ってくる。	ecl-batch-editorial
ecl.2.35.00898	ドアをこじ開けるのは骨が折れた。中では、宇宙服姿の鉱夫が、傷だらけで血を流しながらうずくまっている。彼はささやく。「タロンに裏切られた。あれは宝なんかじゃなかった。」そう言うと、彼は息絶えた。	ecl-batch-editorial
ecl.2.35.01053	数人の鉱夫が漂っていく。体は何かに食い荒らされている。	ecl-batch-editorial
ecl.2.35.01146	寝台に体を固定したまま、数人の鉱夫がECGに倒された。	ecl-batch-editorial
ecl.2.35.01208	タロンの署名入りのメモを見つけた。こう書かれている。「以前も、俺の荷物を預かって稼がせてやったな。この円筒も保管しておけ。たっぷり報酬をやる。」	ecl-batch-editorial
ecl.2.35.01358	ECGが出入口を守っている。その先には、さらに粗雑な通路が続き、大量の残骸があてもなく漂っている。	ecl-batch-editorial
ecl.2.35.01496	ありあわせの物が、ここで乱雑に縛り合わされている。奥の何かを守ろうと、ECGが湧き出す。	ecl-batch-editorial
ecl.2.35.01605	山積みの物の中に、脱皮中の影がいくつも潜んでいるのを見つけ、倒した。	ecl-batch-editorial
ecl.2.35.01720	隠された爆発物と、空の円筒がいくつか見つかった。円筒には「ウィリアムズ博士の所有物。バイオハザード」と記されている。	ecl-batch-editorial
ecl.2.35.01840	もう一方の爆発物を起爆させれば、小惑星を破壊できる。	ecl-batch-editorial
ecl.2.35.01908	爆発を仕掛けるか？	ecl-batch-editorial
ecl.2.35.01950	遅延は0から99の間で設定できる。どの数字にする？	ecl-batch-editorial
ecl.2.35.02034	カウントダウンが作動した。	ecl-batch-editorial
ecl.2.35.02134	小惑星が巨大な爆発とともに砕け散った！	ecl-batch-editorial
ecl.3.48.00505	ドックは空だ。	ecl-batch-editorial
ecl.3.48.00544	脱出船が停泊している。パイロットが言う。「これは子供たちを迎えに来た救援船だ。全員が乗るまで、俺は出発しないぞ。」	ecl-batch-editorial
ecl.3.48.00655	子供たちが礼を言った。	ecl-batch-editorial
ecl.3.48.00683	改造人たちの搭乗が済んだ。	ecl-batch-editorial
ecl.3.48.00714	ジムの祖父が別れの手を振った。	ecl-batch-editorial
ecl.3.48.00752	ウサギたちの搭乗が済んだ。	ecl-batch-editorial
ecl.3.48.00773	彼らは無事に飛び立った。	ecl-batch-editorial
ecl.3.48.00845	「下層へ戻ってくれ。何が起きているのか、もっと情報が必要だ。」	ecl-batch-editorial
ecl.3.48.00914	自分たちの船に乗り込んだ。	ecl-batch-editorial
ecl.3.48.00960	マイロが言う。「私たちの避難場所は、最も東にあるドッキングベイです。これから向かいます。ご協力に感謝します。RAMの最高栄誉が贈られるよう、進言しておきましょう。」子供たちは去っていった。	ecl-batch-editorial
ecl.3.48.01017	向かいます。ご協力に感謝します。RAMの最高栄	ecl-batch-editorial
ecl.3.48.02182	君たちはエレベーターの中にいる。	ecl-batch-editorial
ecl.3.48.02205	下へ降りるか？	ecl-batch-editorial
ecl.3.48.02259	この昇降路は封鎖されている。下へは降りられない。	ecl-batch-editorial
ecl.3.48.02308	ロープを使えば降りられる。	ecl-batch-editorial
ecl.3.48.02333	君たちはドッキングベイのエアロックにいる。番号：	ecl-batch-editorial
ecl.3.48.02431	RAMの基地に入った。	ecl-batch-editorial
ecl.3.48.02465	RAMの係官が君たちを待っている。	ecl-batch-editorial
ecl.3.48.02495	「助かった、戻ってきてくれたのか！バイオ緊急事態が発生している。子供たちが放出システムを作動させてしまったんだ。	ecl-batch-editorial
ecl.3.48.02577	「待て。ウィリアムズ博士はどこだ？」	ecl-batch-editorial
ecl.3.48.02668	彼は納得したようだ。「ウィリアムズ博士の件は気の毒だった。君たちはタロンの部下たちだな。右へ進んで、あとは廊下をまっすぐ行けばエレベーターだ。私は避難の指揮を執らねばならない。	ecl-batch-editorial
ecl.3.48.02818	彼は後ずさる。「衛兵、侵入者を始末しろ。」彼は大股で去っていった。	ecl-batch-editorial
ecl.3.48.02921	逃げ場はない。	ecl-batch-editorial
ecl.3.48.02967	ひどく散らかった事務室だ。	ecl-batch-editorial
ecl.3.48.03030	総行政官の執務室で、画面が赤く染まったホロ端末に気づく。こう表示されている。「コードレッド、避難せよ。例外となる者はいない。下層にバイオハザード発生。グラディウス山へ移動せよ。」	ecl-batch-editorial
ecl.3.48.03185	ここは清掃ロボットの部屋だ。	ecl-batch-editorial
ecl.3.48.03223	バラバラに分解された通信室だ。	ecl-batch-editorial
ecl.3.48.03286	通信機器が自動でメッセージを発信している。「EB3は現在隔離中。全職員が避難中。」	ecl-batch-editorial
ecl.3.48.03383	食べかけの食事がたくさん残されている食堂だ。	ecl-batch-editorial
ecl.3.48.03444	ここでカートがひっくり返り、役に立ちそうな物が散らばっている。	ecl-batch-editorial
ecl.3.48.03528	長らく放置された技師の部屋だ。	ecl-batch-editorial
ecl.3.48.03608	老人が小さなピストルを君たちに向ける。ジムが駆け寄って「おじいちゃん！」と叫ぶと、老人はそれを取り落とした。	ecl-batch-editorial
ecl.3.48.03687	涙を拭いながら言う。「ジムを助けてくれてありがとう。マイロ・シニアが出発だと言ったとき、わしは抜け出して子供たちを待っていたんだ。さあ行こう、わしもついて行く。」	ecl-batch-editorial
ecl.3.48.03817	この貯蔵室の食料は、鼻を突くような悪臭を放っている。	ecl-batch-editorial
ecl.3.48.03883	この寝室には、私物がいくつか散らばっている。	ecl-batch-editorial
ecl.3.48.03962	毒に冒された作業員たちが倒れている。数人は弱々しくあえいでいる。	ecl-batch-editorial
ecl.3.48.04038	マイロは冷ややかに見ている。ジムがささやく。「この人たち、何とかならない？」	ecl-batch-editorial
ecl.3.48.04166	は作業員の改造人たちの蘇生に成功した。	ecl-batch-editorial
ecl.3.48.04229	マイロが言う。「みなさんがこの資産を救ったのですから、避難船に乗せて連れていきましょう。」	ecl-batch-editorial
ecl.3.48.04293	ジムがささやく。「ほんとにありがとう。誰かが死ぬのは嫌なんだ。」	ecl-batch-editorial
ecl.3.48.04362	懸命に手を尽くしたが、彼らはもう手遅れだった。	ecl-batch-editorial
ecl.3.48.04420	スープの鍋が湯気を立てている厨房だ。	ecl-batch-editorial
ecl.3.48.04476	空っぽの事務室だ。	ecl-batch-editorial
ecl.3.48.04515	これらの電力装置は停止している。	ecl-batch-editorial
ecl.3.48.04560	発電室に入った。	ecl-batch-editorial
ecl.3.48.04604	ロボットへの電力は、これらの装置から送信されている。	ecl-batch-editorial
ecl.3.48.04650	停止	ecl-batch-editorial
ecl.3.48.04687	ロボットへの電力が遮断された。	ecl-batch-editorial
ecl.3.48.04766	近づくと、兵士たちが敬礼する。「責任者から話は聞いています。廊下沿いに進み、丁字路を左に行けばエレベーターです。」	ecl-batch-editorial
ecl.3.48.04903	引き裂かれた紙が散乱する警備室だ。	ecl-batch-editorial
ecl.3.48.04963	装備がいくつか残されている……	ecl-batch-editorial
ecl.3.48.05032	ここは根こそぎ持ち去られている。	ecl-batch-editorial
ecl.3.48.05109	急速に閉まるエアロックの向こうから、声が聞こえる。「ベイに敵だ！発進しろ！」ほどなくロケットの轟音が響き、船が出発したことを知らせる。	ecl-batch-editorial
ecl.3.48.05275	子供たちが叫ぶ。「あそこにわたしたちの船があるよ！やった！」	ecl-batch-editorial
ecl.3.48.05343	衛兵が廊下をふさいでいる。	ecl-batch-editorial
ecl.3.48.05390	一人が口を開く。「行政官から、迷うかもしれないと言われています。引き返して、	ecl-batch-editorial
ecl.3.48.05454	二つ目の十字路まで行って左に曲がり、	ecl-batch-editorial
ecl.3.48.05488	丁字路を右、次の二つの十字路は左に曲がって、	ecl-batch-editorial
ecl.3.48.05532	あとは廊下沿いに進めばエレベーターです。」	ecl-batch-editorial
ecl.3.48.05756	北と西	ecl-batch-editorial
ecl.3.48.05777	北と東	ecl-batch-editorial
ecl.3.48.05807	ジムが叫ぶ。「避難船はたぶん	ecl-batch-editorial
ecl.3.48.05851	の方だ。もうすぐ出られる！やった！」	ecl-batch-editorial
ecl.3.48.06279	衛兵が言う。「左へ行けばエレベーターです。一個小隊がまだ任務中です。」	ecl-batch-editorial
ecl.3.48.06385	緊張した面持ちの戦士たちがバリケードを守っている。「君たちが専門家か。俺たちもじきに撤収する、幸運を祈る。君たちが降りたらすぐ、昇降路を爆破する。この装備を持っていけ。」	ecl-batch-editorial
ecl.3.48.06548	「ドッキングベイ」	ecl-batch-editorial
ecl.3.48.06646	「甲級居住区」	ecl-batch-editorial
ecl.3.48.06666	「乙級居住区」	ecl-batch-editorial
ecl.3.48.06686	「作業員居住区」	ecl-batch-editorial
ecl.3.48.06719	ここは人事部長の事務室だ。ファイルを調べると、レーザー研究チームがグラディウス山へ配置換えになったことがわかる。	ecl-batch-editorial
ecl.3.48.06868	取り乱した女性が君たちに駆け寄ってくる。「子供たちを見ませんでしたか？迎えに行かせた小隊から、まだ連絡がないんです！」君たちは何と言う？	ecl-batch-editorial
ecl.3.48.06986	黙っている	ecl-batch-editorial
ecl.3.48.07014	彼女はほっとした様子だ。「よかった！すぐに船へ向かいます。」彼女は急いで走り去った。	ecl-batch-editorial
ecl.3.48.07077	彼女は悲鳴を上げる。「そんな！自分で探しに行きます！」彼女は走り去った。	ecl-batch-editorial
ecl.3.48.07164	小さな伝言板の点滅が目に留まる。こう書かれている。「父さん、改造人研究所で授業を受けてくる。できるだけ早く戻るよ。」	ecl-batch-editorial
ecl.3.48.07264	ここは今も稼働している医務室だ。	ecl-batch-editorial
ecl.3.48.07312	空の貯蔵室だ。	ecl-batch-editorial
ecl.3.48.07356	役に立ちそうな装備がある。	ecl-batch-editorial
ecl.3.48.07530	男たちの一団が近づいてくる。	ecl-batch-editorial
ecl.3.48.07654	襲撃を思いとどまるよう説得した。彼らは去っていった。	ecl-batch-editorial
ecl.3.48.07695	彼らは武器を抜いた。	ecl-batch-editorial
ecl.3.48.07751	見つかった！	ecl-batch-editorial
ecl.3.48.07811	ネズミが襲ってくる。	ecl-batch-editorial
ecl.3.48.07844	拡声器ががなり立てる。「	ecl-batch-editorial
ecl.3.48.07886	バイオハザードは現在も下層に封じ込め中。」	ecl-batch-editorial
ecl.3.48.07924	ネズミが下層から脱走。敵対的につき、警戒せよ。」	ecl-batch-editorial
ecl.3.48.07977	避難命令に従わない者は置き去りにする。」	ecl-batch-editorial
ecl.3.48.08029	慌てるな。繰り返す、慌てるな。」	ecl-batch-editorial
ecl.3.48.08063	エレベーター爆破は予定どおり実行。」	ecl-batch-editorial
ecl.3.48.08103	コードレッド、避難実施中。」	ecl-batch-editorial
ecl.3.48.08135	立ち去った。	ecl-batch-editorial
ecl.3.48.08150	身を隠した。	ecl-batch-editorial
ecl.3.48.08279	攻撃してきた！	ecl-batch-editorial
ecl.3.48.08481	治療を受けるか？	ecl-batch-editorial
ecl.3.48.08506	自動医療装置がチームを治療した。	ecl-batch-editorial
ecl.3.49.01384	エレベーターは壊れ、シャフトも塞がっている。	ecl-batch-editorial
ecl.3.49.01449	エレベーターは損傷しているが、ロープで登れそうだ。	ecl-batch-editorial
ecl.3.49.01526	ジムがロープを取り出して言う。「RAM青年パトロール隊は、いつでも準備万端だよ。」	ecl-batch-editorial
ecl.3.49.01585	ロープを使えばシャフトを登れる。登るか？	ecl-batch-editorial
ecl.3.49.01672	降りて間もなく、爆発がシャフトを引き裂いた。このエレベーターはもう使えない。	ecl-batch-editorial
ecl.3.49.01784	この廊下は最近、岩を掘り抜いて造られたものだ。	ecl-batch-editorial
ecl.3.49.01850	見つけたメモによると、4つの異なる改造人計画が進行中だ。	ecl-batch-editorial
ecl.3.49.01933	ここにある空の容器は、スパイ船にあった改造人収容カプセルを思い出させる。	ecl-batch-editorial
ecl.3.49.02019	ここで工兵チームがハイパー改造人に圧倒された。	ecl-batch-editorial
ecl.3.49.02124	メモ帳には、新型の強力なレーザーに関する情報と、「DNA」という文字が書かれている。	ecl-batch-editorial
ecl.3.49.02189	風変わりなレーザー装置が部屋の大半を占めている。	ecl-batch-editorial
ecl.3.49.02246	スイッチを入れると、目もくらむ光が放たれ、岩壁を粉砕した。大きさのわりに、とてつもない威力のレーザーだ。	ecl-batch-editorial
ecl.3.49.02362	この研究所は使われていないようだ。	ecl-batch-editorial
ecl.3.49.02383	「火星グラディウス山」宛ての送り状が埃の中に落ちている。	ecl-batch-editorial
ecl.3.49.02464	この研究所は最近使われた形跡がある。	ecl-batch-editorial
ecl.3.49.02516	部屋は反射鏡でいっぱいだ。	ecl-batch-editorial
ecl.3.49.02561	複雑な照準システムに向いているようだ。	ecl-batch-editorial
ecl.3.49.02603	マイロ・フィリップスのキーカードが、箱の下に半分埋もれている。拾い上げた。	ecl-batch-editorial
ecl.3.49.02682	ここで最近、衛星が造られた。	ecl-batch-editorial
ecl.3.49.02739	DL-SAT1からDL-SAT50までの印が付いた大きな箱50個の残骸がある。砕けた鏡の破片があたりに散らばっている。避難した者たちは、持ち出せなかった物を壊していった。	ecl-batch-editorial
ecl.3.49.02880	この研究所のノートには、次の情報が書かれている。	ecl-batch-editorial
ecl.3.49.02928	「ハイパー蟹＝優れた装甲」	ecl-batch-editorial
ecl.3.49.02954	「ハイパー蛇＝優れた速度」	ecl-batch-editorial
ecl.3.49.02981	「ハイパー蠍＝致命的な毒」	ecl-batch-editorial
ecl.3.49.03033	改造人収容カプセルの設計図がある。送受信機を備えた仕様だ。	ecl-batch-editorial
ecl.3.49.03140	近くに手作りの小型ラジオがある。子供の一人がきまり悪そうに、自分のラジオがカプセルを開けてしまったと認める。「でも、本当に事故だったのよ。」	ecl-batch-editorial
ecl.3.49.03303	この研究所には、檻に入れられたウサギの改造人が何匹もいる。ジムが駆け寄って言う。「おれたちが逃げるなら、ウサギたちも一緒だよ。」	ecl-batch-editorial
ecl.3.49.03412	ハイパー改造人が檻の陰から這い出してくる。子供を助けようと駆け出した。	ecl-batch-editorial
ecl.3.49.03484	子供たちは君たちの勇気に拍手した。ジムはウサギを放し、にっこり笑う。「やっぱりやれると思ってたよ。あんたたち、一味違うな！」	ecl-batch-editorial
ecl.3.49.03617	改造人たちが研究所内を探り回り、何にでも爪を突っ込んでいる。	ecl-batch-editorial
ecl.3.49.03756	撤退しようとしたとき、ジムが駆け出して何かをつかんだ。君たちはため息をつき、彼を守りに駆けつける。	ecl-batch-editorial
ecl.3.49.03838	醜悪な改造人たちに襲いかかった。	ecl-batch-editorial
ecl.3.49.03912	子供たちから歓声が上がる。ジムは握手をして、手の中にカードを滑り込ませ、ささやく。「これ、役に立つかもと思ってさ。」	ecl-batch-editorial
ecl.3.49.04004	行政官マイロ・フィリップスの個人用身分証明カードだ。	ecl-batch-editorial
ecl.3.49.04080	稼働中のコンピューター研究所。	ecl-batch-editorial
ecl.3.49.04170	コンピューターに向かうと、ジムが君たちにウィンクして、他の子供たちの注意をそらしてくれる。	ecl-batch-editorial
ecl.3.49.04234	起動すると、コンピューターが言う。	ecl-batch-editorial
ecl.3.49.04268	「キーカードを挿入し、今週のパスコードを入力せよ。」	ecl-batch-editorial
ecl.3.49.04314	カードを挿入	ecl-batch-editorial
ecl.3.49.04367	「パスコードを入力：」	ecl-batch-editorial
ecl.3.49.04425	コンピューターがカードを吐き出し、告げる。	ecl-batch-editorial
ecl.3.49.04463	「無効なパスコード。」	ecl-batch-editorial
ecl.3.49.04492	それはもう試した！	ecl-batch-editorial
ecl.3.49.04561	このコンピューターは複雑すぎる。	ecl-batch-editorial
ecl.3.49.04590	キーカードを持っていない。	ecl-batch-editorial
ecl.3.49.04616	「ようこそ、マイロ。未読メッセージあり。」コンピューターがホロスクリーンに手紙を表示する。	ecl-batch-editorial
ecl.3.49.04688	その手紙	ecl-batch-editorial
ecl.3.49.04717	スコットに情報を送信すると、彼は言う。「ここで必要なものはすべて見つかった。」	ecl-batch-editorial
ecl.3.49.04790	「船で落ち合おう。」	ecl-batch-editorial
ecl.3.49.04852	ジムがささやく。「スパイを見てるとワクワクするな。あんたたち、マイロがいつも悪く言ってるバック・ロジャーズ並みなんだろ。」	ecl-batch-editorial
ecl.3.49.04969	「グラディウス山」の荷札が付いた箱が、床一面に並んでいる。	ecl-batch-editorial
ecl.3.49.05049	ジムがそっと近づき、あたりをうかがって小声で言う。「あそこは埃だらけの古い火星基地だよ。ボビーが数週間前に行かされたんだ。」	ecl-batch-editorial
ecl.3.49.05170	君たちはレーザー開発研究所にいる。書類があたりに散らばっている。	ecl-batch-editorial
ecl.3.49.05222	通常のレーザーの1000倍の威力を持つレーザーの設計図の断片を見つけた。図面には、この基地にごく小さな試作機があるとの記述がある。	ecl-batch-editorial
ecl.3.49.05344	このレーザーには、莫大な電力と極めて精密なレンズが必要になる。	ecl-batch-editorial
ecl.3.49.05437	研究所には建造途中の衛星がある。強力な大型レーザー光線を反射するための設計だ。	ecl-batch-editorial
ecl.3.49.05544	誰も聞いていないのを確かめて、ジムが言う。「腕に短剣を仕込んだ男が、これを取りに来ることになってるんだ。マイロの親父はそいつを怖がってる。」	ecl-batch-editorial
ecl.3.49.05696	マイロは部屋で一際目立つ大きな鏡の前に進み出て、咳払いをする。「学友諸君、そして優れた戦士諸君。父がここにいない以上、私が演説をすべきだと考える。	ecl-batch-editorial
ecl.3.49.05838	これはNEOに扇動された無秩序の終焉を映している。今日この目で見た勇敢さと合わせ、RAMはさらなる偉業を成し遂げる運命にあると私は信じる。皆、ありがとう。」	ecl-batch-editorial
ecl.3.49.05974	ジムは君たちのほうを見て、呆れたように天を仰ぐ。	ecl-batch-editorial
ecl.3.49.06012	「コンピューター研究所」	ecl-batch-editorial
ecl.3.49.06031	「改造人開発研究所	ecl-batch-editorial
ecl.3.49.06075	「レーザー開発研究所」	ecl-batch-editorial
ecl.3.49.06100	「研究所	ecl-batch-editorial
ecl.3.49.06122	「反射鏡開発研究所」	ecl-batch-editorial
ecl.3.49.06150	「衛星開発研究所」	ecl-batch-editorial
ecl.3.49.06178	「改造人保管庫」	ecl-batch-editorial
ecl.3.49.06235	RAMの戦士がよろめきながら近づいてくる。防具はずたずたに裂けている。彼は君たちの前で崩れ落ち、あえぎながら言う。「子供たちの救出はできませんでした、隊長。ですが、改造人開発研究所3号に隔離できました。救出してください！」言い終えると、彼は息絶えた。	ecl-batch-editorial
ecl.3.49.06412	「改造人開発研究所3号」と記されたこのドアは、バリケードで塞がれている。爆薬で開けられそうだ。試してみるか？	ecl-batch-editorial
ecl.3.49.06528	ドアを爆破して開けた。	ecl-batch-editorial
ecl.3.49.06565	爆薬を持っていない。	ecl-batch-editorial
ecl.3.49.06621	近くのドアから、子供たちが次々に顔をのぞかせる。その一人が進み出て、真剣な顔で言う。「私はマイロ・フィリップス・ジュニアです。救援に来てくださって感謝します。」	ecl-batch-editorial
ecl.3.49.06729	別の子供がマイロに何かささやく。君たちには「DNA」という言葉が聞き取れた。マイロが微笑む。「ジムのことは気にしないでください。みなさんが合言葉を知っているか、確かめさせたいんです。東のエレベーターが私たちの避難経路です。行きましょう。」	ecl-batch-editorial
ecl.3.49.06942	ジムが君たちにささやく。「あんたたち、コンピューターの情報を盗みに来たNEOのスパイだろ。別にいいよ、おれ、マイロもあいつの親父もあんまり好きじゃないし。コンピューターは北の区画にあるぜ。」	ecl-batch-editorial
ecl.3.49.07132	ジムが言う。「コンピューター区画は北。エレベーターは南に行って東だ。」	ecl-batch-editorial
ecl.3.49.07253	ジムが付け加える。「東西の廊下にエレベーターがあるよ。南には面白い研究所がいくつかあるんだ。」	ecl-batch-editorial
ecl.3.49.07544	殺人改造人が迫ってくる。	ecl-batch-editorial
ecl.3.49.07734	子供が恐怖の声をこらえようとしたが、もう遅かった。	ecl-batch-editorial
ecl.3.49.07773	見つかってしまった。	ecl-batch-editorial
ecl.3.49.07846	「基地コンピューターの一部区画に侵入した。追加情報は間もなく送るが、送信しかできない。」	ecl-batch-editorial
ecl.3.49.07934	「この階層には機密の部屋があり、座標はおおよそ20,15、45,55、20,55だ。」	ecl-batch-editorial
ecl.3.49.07994	「改造人開発区画のひとつが隔離されている。調べてみる価値はある。」	ecl-batch-editorial
ecl.3.49.08063	「まだ開いているエレベーターシャフトは50,42だけだ。登るにはロープが要るかもしれない。」	ecl-batch-editorial
ecl.3.49.08132	「ハイパー系列の改造人は、我々が船で遭遇したECGを作ろうとして失敗した産物だ。」	ecl-batch-editorial
ecl.3.49.08207	「行政官が紛失した通行カードの報告がある。役に立つかもしれない。」	ecl-batch-editorial
ecl.3.49.08359	ここは改造人開発研究所だ。	ecl-batch-editorial
ecl.3.49.08388	君たちは研究所にいる。	ecl-batch-editorial
ecl.3.49.08405	ここは反射鏡設計研究所だ。	ecl-batch-editorial
ecl.3.50.00066	小さな小惑星の脇を轟音とともにかすめた直後、センサーが警報を発した。小惑星の影に、海賊の巡洋艦が潜んでいる。反応する間もなく、敵艦が発砲した！	ecl-batch-editorial
ecl.3.50.00184	爆発が船を揺さぶり、非常用照明が作動する。	ecl-batch-editorial
ecl.3.50.00260	エンジニア	ecl-batch-editorial
ecl.3.50.00272	は無線で、エンジンが停止し、武器の動力接続が損傷したと報告してきた。	ecl-batch-editorial
ecl.3.50.00336	敵艦が迫り、搭乗チューブを伸ばしてくる。	ecl-batch-editorial
ecl.3.50.00451	は通信回線を開き、敵艦からの放送を受信した。	ecl-batch-editorial
ecl.3.50.00513	体当たりの位置につこうとしたが、動きが遅すぎた。向こうがメッセージを放送してきた。	ecl-batch-editorial
ecl.3.50.00588	敵艦からの放送を受信した。	ecl-batch-editorial
ecl.3.50.00628	逃げようとしたが、敵艦のほうがはるかに速い。向こうがメッセージを放送してきた。	ecl-batch-editorial
ecl.3.50.00700	「降伏しろ、さもなくば死ね！！！」	ecl-batch-editorial
ecl.3.50.00720	搭乗チューブが、ガシャンと船の側面に取り付いた。	ecl-batch-editorial
ecl.3.50.00808	乗り込み部隊を攻撃	ecl-batch-editorial
ecl.3.50.00921	搭乗チューブに突入して攻撃した！	ecl-batch-editorial
ecl.3.50.00985	残った海賊たちは自分たちの船へ逃げ帰った。	ecl-batch-editorial
ecl.3.50.01114	このエアロックは宇宙航行のため閉鎖中だ。	ecl-batch-editorial
ecl.3.50.01231	自分たちの船へ逃げ戻り、よろよろと大破した海賊船から離脱した。	ecl-batch-editorial
ecl.3.50.01299	「サルベーションへ急がねば。」	ecl-batch-editorial
ecl.3.50.01332	「敵の動力炉をまだ停止させていない。今離れたら、こちらが撃沈される。」	ecl-batch-editorial
ecl.3.50.01391	海賊船はまだ健在だ。	ecl-batch-editorial
ecl.3.50.01451	バックは撤退を決めた。	ecl-batch-editorial
ecl.3.50.01482	逃げようとする……	ecl-batch-editorial
ecl.3.50.01500	巡洋艦が発砲する……	ecl-batch-editorial
ecl.3.50.01540	これは厳重なセキュリティドアだ。	ecl-batch-editorial
ecl.3.50.01605	誰が試すか	ecl-batch-editorial
ecl.3.50.01699	はセキュリティドアを解除した。	ecl-batch-editorial
ecl.3.50.01853	ドアは解除されている。	ecl-batch-editorial
ecl.3.50.01965	「この階層には警備兵がいる。引き続き目立たないようにしたい。」	ecl-batch-editorial
ecl.3.50.02087	爆薬が爆発する……	ecl-batch-editorial
ecl.3.50.02125	爆発で船が揺れる。警報が鳴り響き、遠くで叫び声が聞こえる。	ecl-batch-editorial
ecl.3.50.02360	現在の階層：	ecl-batch-editorial
ecl.3.50.02630	誰かが鍵を開け、ささやく。	ecl-batch-editorial
ecl.3.50.02663	「助けに来た。	ecl-batch-editorial
ecl.3.50.02699	「君たちの装備を持ってきた。」	ecl-batch-editorial
ecl.3.50.02727	「脱出するには、この船の動力を停止させる必要がある。動力炉は第1階層だが、正面から攻めるのは自殺行為だ。」	ecl-batch-editorial
ecl.3.50.02830	「タロンの船室を探すべきだ。何か役に立つものがあるかもしれない。それと、3,7の独房に装備を隠してある。」	ecl-batch-editorial
ecl.3.50.02947	独房を出ると、誰かを見つけた。	ecl-batch-editorial
ecl.3.50.02994	彼は君たちと握手し、口を開く。	ecl-batch-editorial
ecl.3.50.03054	「ここに装備を隠しておいた。」	ecl-batch-editorial
ecl.3.50.03109	ここは拘留用の独房だ。	ecl-batch-editorial
ecl.3.50.03134	船の制御を掌握した。	ecl-batch-editorial
ecl.3.50.03187	パネルや制御装置を叩き壊した！	ecl-batch-editorial
ecl.3.50.03241	照明が赤に変わり、警報サイレンが鳴り響く。動力炉の唸りが止まった。	ecl-batch-editorial
ecl.3.50.03309	「ここから出よう。搭乗チューブは第11階層だ。」	ecl-batch-editorial
ecl.3.50.03360	これらのパネルは破壊されている。	ecl-batch-editorial
ecl.3.50.03469	西のドアに「タロン」と書かれた札が掛かっている。船の武器庫は南にある。	ecl-batch-editorial
ecl.3.50.03717	「入口には罠が仕掛けられている。」彼は制御パネルをいじる。「もう安全だ。」	ecl-batch-editorial
ecl.3.50.03784	入口には罠が仕掛けられていた。	ecl-batch-editorial
ecl.3.50.03808	警報が鳴り出した。発見されてしまった。	ecl-batch-editorial
ecl.3.50.03894	部屋は広いが質素だ。隅にはベッドがあり、中央にはコンピューターを載せた机がある。	ecl-batch-editorial
ecl.3.50.04021	はコンピューターで船の設計図を呼び出す	ecl-batch-editorial
ecl.3.50.04054	船の設計図	ecl-batch-editorial
ecl.3.50.04074	は厨房の適切な位置に爆薬を仕掛ければ、通信システムと警備システムを破壊できると考える。	ecl-batch-editorial
ecl.3.50.04159	これで船全体が混乱に陥り、機関層の守りも弱くなる。	ecl-batch-editorial
ecl.3.50.04266	船の食堂に入った。海賊たちは、もう腹が減っていないようだ。	ecl-batch-editorial
ecl.3.50.04390	船の厨房に入った。入るなり、料理人たちが部屋から逃げ出す。	ecl-batch-editorial
ecl.3.50.04499	この部屋を爆破できるよう仕掛けるか？	ecl-batch-editorial
ecl.3.50.04534	爆薬が必要だ。	ecl-batch-editorial
ecl.3.50.04568	爆薬を仕掛け、4分後に爆発するよう設定した。	ecl-batch-editorial
ecl.3.50.04623	ここは厨房だった。だが、もう厨房ではない。	ecl-batch-editorial
ecl.3.50.04658	タイマーがピッと鳴る。「	ecl-batch-editorial
ecl.3.50.04688	船の食料庫に入った。	ecl-batch-editorial
ecl.3.50.04734	食料と飲料のパックが、棚にきちんと積まれている。	ecl-batch-editorial
ecl.3.50.04783	めちゃくちゃに荒れている。	ecl-batch-editorial
ecl.3.50.04801	副長の船室にいる。	ecl-batch-editorial
ecl.3.50.04855	彼はおそらく艦橋にいる。	ecl-batch-editorial
ecl.3.50.04884	この部屋は箱でいっぱいだ。	ecl-batch-editorial
ecl.3.50.04915	寝台がずらりと並ぶ船室に入った。	ecl-batch-editorial
ecl.3.50.04967	しかも寝台の一部に海賊が寝ている。	ecl-batch-editorial
ecl.3.50.05116	機関デッキの全員が攻撃してくる。	ecl-batch-editorial
ecl.3.50.05200	警備は手薄で、統制も取れていないようだ。	ecl-batch-editorial
ecl.3.50.05286	ここにはタロンがいる。最後に残った手下とロボットを従えている。	ecl-batch-editorial
ecl.3.50.05368	「こいつは自殺行為だ！！！」	ecl-batch-editorial
ecl.3.50.05388	それでも攻撃するか？	ecl-batch-editorial
ecl.3.50.05421	バックは立ち去る。	ecl-batch-editorial
ecl.3.50.05445	警報が鳴り響き、艦橋の全員が攻撃してくる。	ecl-batch-editorial
ecl.3.50.05549	タロンを倒し、艦橋を制圧した。ここの制御装置で、この船を操縦できるはずだ。	ecl-batch-editorial
ecl.3.50.05668	連結チューブを守る海賊たちが攻撃してくる。	ecl-batch-editorial
ecl.3.50.05822	船の医務室にいる。	ecl-batch-editorial
ecl.3.50.05849	チーム全員が治療を受けた。	ecl-batch-editorial
ecl.3.50.05948	医療物資室に入った。	ecl-batch-editorial
ecl.3.50.06042	海賊船のエアロックに入った。	ecl-batch-editorial
ecl.3.50.06085	武器砲塔にいる。	ecl-batch-editorial
ecl.3.50.06114	海賊たちが君たちの船に乗り込み、乗組員全員を気絶させる。	ecl-batch-editorial
ecl.3.50.06162	連結ハッチに足を踏み入れた途端、まばゆい光が君たちを照らす。	ecl-batch-editorial
ecl.3.50.06219	撤退しようとするが……	ecl-batch-editorial
ecl.3.50.06247	逃げようとしたところを海賊に追いつかれ、殴られて気を失う。	ecl-batch-editorial
ecl.3.50.06385	海賊の警備兵に手荒く叩き起こされる。	ecl-batch-editorial
ecl.3.50.06424	頭がはっきりしてくると、海賊船の拘置房に閉じ込められているのに気づく。	ecl-batch-editorial
ecl.3.50.06506	警備兵の頭目が君たちを小突いて言う。	ecl-batch-editorial
ecl.3.50.06544	「タロンがお呼びだぜ。」	ecl-batch-editorial
ecl.3.50.06567	彼は君たちをドアから押し出し、ついてこいと促す。	ecl-batch-editorial
ecl.3.50.06797	戦闘用アーマーに身を包んだ、大柄で見るからに不気味な人間が部屋に入ってきて言う。	ecl-batch-editorial
ecl.3.50.06860	「俺はタロンだ」、	ecl-batch-editorial
ecl.3.50.06886	お前たちのうち一人は、俺に素手の一騎打ちを挑んでもいい。	ecl-batch-editorial
ecl.3.50.06968	誰が戦うか	ecl-batch-editorial
ecl.3.50.07034	タロンが言う。	ecl-batch-editorial
ecl.3.50.07049	「公正な勝負で俺は敗れた。お前たちは自由を勝ち取った。」	ecl-batch-editorial
ecl.3.50.07103	タロンが言い終えると同時に、一人の男が部屋に飛び込んでくる。男は部屋を見回し、それから	ecl-batch-editorial
ecl.3.50.07188	「勝ったな！感心したぞ。	ecl-batch-editorial
ecl.3.50.07217	「長居して嫌われる前に、ここを出よう。」	ecl-batch-editorial
ecl.3.50.07264	彼は君たちを急かして船に乗せる。	ecl-batch-editorial
ecl.3.50.07296	船を操縦し、サルベーションへ戻る。	ecl-batch-editorial
ecl.3.50.07398	再び気絶させられ、貨物区画で目を覚ます。	ecl-batch-editorial
ecl.3.50.07444	「お前たちごときに、俺の前に立つ資格はない。牢へ連れ戻せ。こいつらは、もうRAMの問題だ。」	ecl-batch-editorial
ecl.3.50.07521	警備兵は君たちを牢へ押し戻す。	ecl-batch-editorial
ecl.3.50.07591	「ベスタに着くまで、ここで腐ってな。」	ecl-batch-editorial
ecl.3.50.07627	警備兵は部屋を出ていく。	ecl-batch-editorial
ecl.3.50.07771	海賊の一団が近づくのが見える。	ecl-batch-editorial
ecl.3.50.07939	隠れようとするが、見つかってしまう。	ecl-batch-editorial
ecl.3.50.07985	何も見つからなかった。	ecl-batch-editorial
ecl.3.50.08136	彼らが迫ってくる。	ecl-batch-editorial
ecl.3.50.08583	壁に体当たりするが、無駄だ。	ecl-batch-editorial
ecl.3.50.08663	警報が鳴る……	ecl-batch-editorial
ecl.3.50.08718	エアロックが作動する……	ecl-batch-editorial
ecl.3.50.08739	「俺はロジャーズ大尉だ。バックと呼んでくれ。」、	ecl-batch-editorial
ecl.3.50.08775	君たちの会話	ecl-batch-editorial
ecl.3.50.08809	船に乗り込むと、スコットが報告する。「海賊船のコンピューターから得た情報を分析した。タロンはECGの容器を数個盗み、小惑星帯のどこかにある秘密基地に隠している。	ecl-batch-editorial
ecl.3.50.08960	「孵化する前に、その容器を見つけて破壊すべきだと思う。パラスで船から逃げ出した『ギャリティ』という男の記録を見つけた。基地の場所を知っているかもしれない。」	ecl-batch-editorial
ecl.3.52.00394	自分たちの船へ逃げ込む。	ecl-batch-editorial
ecl.3.52.00419	このエアロックは封鎖されている。	ecl-batch-editorial
ecl.3.52.00517	どの層？	ecl-batch-editorial
ecl.3.52.00710	上はひどく損傷している……	ecl-batch-editorial
ecl.3.52.00775	下はひどく損傷している……	ecl-batch-editorial
ecl.3.52.00852	君たちの船へ通じるエアロックは東にある。	ecl-batch-editorial
ecl.3.52.00905	敵のエアロックの前に立っている。	ecl-batch-editorial
ecl.3.52.01000	警備兵が両側から攻撃してくる。	ecl-batch-editorial
ecl.3.52.01085	乗組員の居住区画に入った。	ecl-batch-editorial
ecl.3.52.01130	乗組員の船室にいる。	ecl-batch-editorial
ecl.3.52.01173	士官の船室に入った。	ecl-batch-editorial
ecl.3.52.01259	艦橋の乗組員が攻撃してくる。	ecl-batch-editorial
ecl.3.52.01333	艦橋の主要な制御装置の多くを見つけた。	ecl-batch-editorial
ecl.3.52.01401	艦橋の制御装置をいくつか見つけた。	ecl-batch-editorial
ecl.3.52.01458	多くの機関制御装置を見つけた。	ecl-batch-editorial
ecl.3.52.01515	多くの機関制御装置の前にいる。	ecl-batch-editorial
ecl.3.52.01576	機関区画の非常用エアロックにいる。	ecl-batch-editorial
ecl.3.52.01669	機関要員が攻撃してくる。	ecl-batch-editorial
ecl.3.52.01724	制御装置が数多くあるが、どれも損傷しているか停止している。	ecl-batch-editorial
ecl.3.52.01784	それらを停止させた。	ecl-batch-editorial
ecl.3.52.01852	彼らは君たちの船の中まで追ってくる！！！	ecl-batch-editorial
ecl.3.52.02035	もう逃げ場はない……	ecl-batch-editorial
ecl.3.52.02072	彼らの船を奪った。	ecl-batch-editorial
ecl.3.52.02245	近づいてくる人影が見える。	ecl-batch-editorial
ecl.4.64.00148	背後で白い閃光が走り、音が滲むように広がる。	ecl-batch-editorial
ecl.4.64.00207	兵器が発射され、基地は地面まで溶かし尽くされた！	ecl-batch-editorial
ecl.4.64.00303	火星の地表に降り立ち、	ecl-batch-editorial
ecl.4.64.00333	君たちの到着	ecl-batch-editorial
ecl.4.64.00350	船を降りた。	ecl-batch-editorial
ecl.4.64.00381	そこで君たちは、屈強で誇り高い男と向き合う。明らかに指導者で、傍らには褐色の肌の女がいる。	ecl-batch-editorial
ecl.4.64.00538	彼は口を開かず、代わりに	ecl-batch-editorial
ecl.4.64.00568	正面から	ecl-batch-editorial
ecl.4.64.00585	と目を合わせる。	ecl-batch-editorial
ecl.4.64.00609	彼の視線を受け止めるか、目をそらすか、退くか、それとも身を守るか？	ecl-batch-editorial
ecl.4.64.00708	ランナーは背筋を伸ばして立ち上がり、覆いかぶさるように	ecl-batch-editorial
ecl.4.64.00750	を見下ろし、うなる。	ecl-batch-editorial
ecl.4.64.00773	彼は君たちの勇気に感心する。	ecl-batch-editorial
ecl.4.64.00795	彼は低い声で言う。「俺はタスコン。率いる者だ。話せ。」	ecl-batch-editorial
ecl.4.64.00836	さて、	ecl-batch-editorial
ecl.4.64.00904	目にも止まらぬ速さで、彼は	ecl-batch-editorial
ecl.4.64.00933	の頭をはたく。	ecl-batch-editorial
ecl.4.64.00951	はくらくらする。	ecl-batch-editorial
ecl.4.64.00963	ランナーはせせら笑い、自分に立ち向かってみろと挑発する。誰か前に出る者はいるか？	ecl-batch-editorial
ecl.4.64.01099	はデザートランナーに正式に挨拶する。	ecl-batch-editorial
ecl.4.64.01130	彼らは	ecl-batch-editorial
ecl.4.64.01154	「恐れることはない。ここへ来た理由を話してくれ。」	ecl-batch-editorial
ecl.4.64.01199	は賢明にも堅苦しい挨拶を省く。	ecl-batch-editorial
ecl.4.64.01226	迫りくる攻撃を彼らに警告した。	ecl-batch-editorial
ecl.4.64.01259	タスコンが押し殺した声で言う。「静かに！」突然、君たち自身の荒い息づかいだけが聞こえる。	ecl-batch-editorial
ecl.4.64.01321	タスコンは耳を澄ます……	ecl-batch-editorial
ecl.4.64.01350	彼は言う。「我々は砂漠の静寂の中心に住んでいる。騒がしい場所に暮らすお前たちは、我々に比べれば何も聞こえていないも同然だ。」	ecl-batch-editorial
ecl.4.64.01435	「我々は何マイルも先の敵の気配を聞き取る。笑いながらやつらをかわすのだ。	ecl-batch-editorial
ecl.4.64.01479	俺には敵の気配など聞こえん。お前たちは嘘をついている！」	ecl-batch-editorial
ecl.4.64.01511	女が彼の怒りをなだめる。「私はアーサ。気をつけなさい、私の民は嘘つきを好まない。」	ecl-batch-editorial
ecl.4.64.01580	RAMが私たちに気づかれずに攻撃する方法を、一語で教えなさい。」	ecl-batch-editorial
ecl.4.64.01775	「彼らは真実を語っている！村を出ろ！我らの子を救ってくれ！」彼は大股で駆けていった。	ecl-batch-editorial
ecl.4.64.01837	あるいは、我らも力になれるかもしれない。我らは誇り高い。だが頼む——子どもたちを守る手を貸してくれないか？」	ecl-batch-editorial
ecl.4.64.01917	「臆病者め！」彼らは君たちを相手にしない。	ecl-batch-editorial
ecl.4.64.01953	我らの戦士とともにRAMを探し出してくれ。子どもたちは我らが地下へ連れていく。	ecl-batch-editorial
ecl.4.64.02008	全員の安全が確保できたら、我らは吠える。そのときに町を出てくれ。」	ecl-batch-editorial
ecl.4.64.02055	彼らは急いで去った。	ecl-batch-editorial
ecl.4.64.02096	生存者はいないようだが……	ecl-batch-editorial
ecl.4.64.02124	血まみれのランナーが、廃墟からよろよろと遠ざかっていくのを見つけた。	ecl-batch-editorial
ecl.4.64.02170	彼を治療した。	ecl-batch-editorial
ecl.4.64.02192	「一族の仇を討つため、君たちと共に戦わせてもらえないか？」	ecl-batch-editorial
ecl.4.64.02228	彼は去った。	ecl-batch-editorial
ecl.4.64.02279	ランナーの斥候に出会った。彼は恐れる様子もなく近づいてくる。	ecl-batch-editorial
ecl.4.64.02323	歩哨が君たちをランナーの隠れ野営地へ連れていく。	ecl-batch-editorial
ecl.4.64.02364	君たちが入ると、人々が一斉に立ち上がる。「勇者たちだ！」	ecl-batch-editorial
ecl.4.64.02423	一人が叫ぶ。「彼らは火の中から私を救ってくれた！」	ecl-batch-editorial
ecl.4.64.02460	別の一人が言う。「彼らは家族を救ってくれた！」	ecl-batch-editorial
ecl.4.64.02499	「彼らは兄弟の仇を討ってくれた！」	ecl-batch-editorial
ecl.4.64.02530	老婆が声を張り上げる。「彼らは英雄だ！」彼女は贈り物を差し出した。	ecl-batch-editorial
ecl.4.64.02597	「彼らは真の戦士だ！」	ecl-batch-editorial
ecl.4.64.02621	野営地じゅうが君たちを称えている。	ecl-batch-editorial
ecl.4.64.02652	首領は笑わない。「我が民は君たちに感謝している。だが、なぜこの寂しい砂漠にいるのか、それが気にかかる。RAMと戦いに来たのか？」	ecl-batch-editorial
ecl.4.64.02759	「では、君たちはスパイなのか。	ecl-batch-editorial
ecl.4.64.02779	どの惑星の回し者だ？」	ecl-batch-editorial
ecl.4.64.02860	「そんな世界は知らない。	ecl-batch-editorial
ecl.4.64.02883	だが、君たちの戦いは我らの戦いではない。それに、我らの町が焼かれたのは君たちがここにいるからだと思う。そうだろう？」	ecl-batch-editorial
ecl.4.64.02959	「ならば、なぜ我らは襲撃されたのだ？RAMを脅かすようなものが、我らにあるというのか？」	ecl-batch-editorial
ecl.4.64.03009	彼に、ランナーはRAMの秘密を知っているのだと告げる……	ecl-batch-editorial
ecl.4.64.03054	もういい。君たちは我らの闘いをほとんど気にかけていない。ならば私にも、君たちの闘いを気にかける理由はない。」	ecl-batch-editorial
ecl.4.64.03127	「だが、我らを助けてくれた君たちを、我らも助けよう。」	ecl-batch-editorial
ecl.4.64.03174	「君たちは正直だ。我らは秘密を知っている。」	ecl-batch-editorial
ecl.4.64.03204	「RAMは、我らが全部話すのを恐れている……	ecl-batch-editorial
ecl.4.64.03234	ならば話そう。」	ecl-batch-editorial
ecl.4.64.03248	タスコンとアーサは、破壊光線が付近の広い地域を溶かした様子を語る。	ecl-batch-editorial
ecl.4.64.03310	「君たちはそこへ行くのか？」	ecl-batch-editorial
ecl.4.64.03337	「ならば、我らと共には行けない。拷問されれば、君たちは我らの秘密の道をすべて話してしまうだろう。」	ecl-batch-editorial
ecl.4.64.03410	タスコンは考え込む。「君たちはRAMを攻撃するのか？」	ecl-batch-editorial
ecl.4.64.03454	そうでないことを祈る！君たちは人数が少なすぎる。いや、情報を得に来たのだろう。」	ecl-batch-editorial
ecl.4.64.03512	「君たちは破壊光線が怖いのだろう？」	ecl-batch-editorial
ecl.4.64.03551	「君たちは怖くなる。」	ecl-batch-editorial
ecl.4.64.03567	「あれの正体と止め方を、突き止めるつもりか？」	ecl-batch-editorial
ecl.4.64.03636	「こうしてくれ。ここから北西の峡谷に入り、青い岩を見つけて、私を待て。分かったか？」	ecl-batch-editorial
ecl.4.64.03719	「秘密の道を通って、敵のもとへ案内しよう。」	ecl-batch-editorial
ecl.4.64.03758	ランナーたちと食事をし、しばしの間、陽気に過ごした。	ecl-batch-editorial
ecl.4.64.03828	「そろそろ行かなければ。健闘を祈る。」彼らは去った。	ecl-batch-editorial
ecl.4.64.03898	「君たちとバック・ロジャーズのことは、よく耳にしている。	ecl-batch-editorial
ecl.4.64.03933	「君たちは愚かだ。	ecl-batch-editorial
ecl.4.64.03968	「よかろう。危険なことだぞ。」	ecl-batch-editorial
ecl.4.64.04014	タスコンが怒って叫ぶ。「臆病者め！逃げるのか！」	ecl-batch-editorial
ecl.4.64.04070	「引き返すか、それとも私が君たちと別れるかだ！」引き返すか？	ecl-batch-editorial
ecl.4.64.04200	タスコンは君たちを連れて、基地から離れていく。	ecl-batch-editorial
ecl.4.64.04231	深い峡谷に沿って、しばらく進む。	ecl-batch-editorial
ecl.4.64.04267	アーサ率いるランナーの一団に出会う。	ecl-batch-editorial
ecl.4.64.04301	タスコンの無事な姿に、彼女は喜びの涙を流す。	ecl-batch-editorial
ecl.4.64.04338	タスコンは君たちに言葉を贈る、	ecl-batch-editorial
ecl.4.64.04360	誠実な別れの言葉	ecl-batch-editorial
ecl.4.64.04380	ランナーたちは砂漠の中へ消えていった。	ecl-batch-editorial
ecl.4.64.04868	「RAMの通信を傍受した。連中は船の東にある村を襲撃して、デザートランナーを皆殺しにする気だ！」	ecl-batch-editorial
ecl.4.64.04962	「連中は、ランナーが『あの計画』の秘密を知っているのを恐れているようだ。待て……	ecl-batch-editorial
ecl.4.64.05024	なぜか、連中はグライダーを使っている！もう切る。通信終了。」	ecl-batch-editorial
ecl.4.64.05070	通信が途絶える。	ecl-batch-editorial
ecl.4.64.05176	またしても黒いガラスだ。	ecl-batch-editorial
ecl.4.64.05306	は何かに気づき、	ecl-batch-editorial
ecl.4.64.05423	は北東の峰々の間にきらめきを見つけた！	ecl-batch-editorial
ecl.4.64.05462	ピラミッドのようだ。	ecl-batch-editorial
ecl.4.64.05535	は何かを見て取り、	ecl-batch-editorial
ecl.4.64.05697	峡谷を登りきった。	ecl-batch-editorial
ecl.4.64.05730	バッドランドにいる。	ecl-batch-editorial
ecl.4.64.05872	動物の痕跡がある。避けて通るか？	ecl-batch-editorial
ecl.4.64.05975	が先導して、それらを避けて通る。	ecl-batch-editorial
ecl.4.64.06017	砂漠猿が君たちの匂いを嗅ぎつけ、取り囲んでくる。	ecl-batch-editorial
ecl.4.64.06129	脅かして追い払った。	ecl-batch-editorial
ecl.4.64.06202	六脚アルマジロの群れが行く手をふさいでいる。	ecl-batch-editorial
ecl.4.64.06267	砂イカだ！	ecl-batch-editorial
ecl.4.64.06357	近づくと、彼らはぬるぬると這って逃げていく。	ecl-batch-editorial
ecl.4.64.06404	RAMのスキマー艇が頭上を飛んでいく……	ecl-batch-editorial
ecl.4.64.06439	そして姿を消す。	ecl-batch-editorial
ecl.4.64.06453	そして旋回して戻る。	ecl-batch-editorial
ecl.4.64.06523	彼らは君たちを探して藪の中を捜し回る。やがて猛スピードで飛び去った。	ecl-batch-editorial
ecl.4.64.06563	彼らに見つかった。	ecl-batch-editorial
ecl.4.64.06593	先回りして待ち伏せを仕掛けている！	ecl-batch-editorial
ecl.4.64.06640	彼らが突撃してくる！	ecl-batch-editorial
ecl.4.64.06771	切り立つ岩山の間に、ランナーの村の土壁が見える。	ecl-batch-editorial
ecl.4.64.06836	中へ入るか？	ecl-batch-editorial
ecl.4.64.06863	中には灰しかない。	ecl-batch-editorial
ecl.4.64.06890	君たちが近づくと、スコットが地面の力場を切った。船に乗り込む。	ecl-batch-editorial
ecl.4.64.06960	彼はじれったそうに君たちの話を聞く。「いいか、RAMがここで何か企んでいるのは確かだ。何としても突き止めるぞ。」	ecl-batch-editorial
ecl.4.64.07043	「今ここを離れたら、戻ってくるのは危険かもしれない。」	ecl-batch-editorial
ecl.4.64.07081	発進するか？	ecl-batch-editorial
ecl.4.64.07108	装備を整え直して、再び出発する。	ecl-batch-editorial
ecl.4.64.07140	彼は君たちが戻ったことを喜ぶが、発見したことを話すと、	ecl-batch-editorial
ecl.4.64.07185	彼の返答	ecl-batch-editorial
ecl.4.64.07199	「時間がない。発進準備だ！」	ecl-batch-editorial
ecl.4.64.07279	断崖と袋小路の峡谷が入り組んだ迷路だ。	ecl-batch-editorial
ecl.4.64.07327	青い岩を見つけた。この星では珍しい。	ecl-batch-editorial
ecl.4.64.07376	タスコンとアーサが、ここで君たちを待っている。	ecl-batch-editorial
ecl.4.64.07414	アーサが包みを握っている。「この制服が役に立つかもしれない。」チームを変装させるか？	ecl-batch-editorial
ecl.4.64.07519	アーサは自分でやると言い張る。	ecl-batch-editorial
ecl.4.64.07539	ほどなく全員がRAMの装いに身を包んだ。	ecl-batch-editorial
ecl.4.64.07573	非常に本物らしく見える。	ecl-batch-editorial
ecl.4.64.07602	ゴーグルと日よけフードを着けると、タスコンでさえ戦闘改造人に見える。	ecl-batch-editorial
ecl.4.64.07657	アーサはタスコンをぎゅっと抱きしめ、去っていった。	ecl-batch-editorial
ecl.4.64.07693	彼はため息をつく。「君たちと共に戦うと決めた。行こう。」	ecl-batch-editorial
ecl.4.64.07753	険しい峡谷を進みながら、巨石を苦労して乗り越える。	ecl-batch-editorial
ecl.4.64.07801	不毛の平原へ下りる。	ecl-batch-editorial
ecl.4.64.07854	安全な距離から、村が炎に包まれて滅びるさまを目撃する。	ecl-batch-editorial
ecl.4.64.07937	アーサが割り込む。「	ecl-batch-editorial
ecl.4.64.07962	彼女は緑のカードを持っていて、切り刻んで装身具にするつもりだ。君たちは撃ち抜かれたカードと交換した。	ecl-batch-editorial
ecl.4.64.08031	「君たちは嘘をついている。もちろん、そうするだろう。それこそが、君たちがここにいる理由だ！」	ecl-batch-editorial
ecl.4.64.08092	固い黒曜石の湖の上へ踏み出す。足元でザクザクと音がする。	ecl-batch-editorial
ecl.4.64.08143	突然、テレビ電話がせわしなく鳴る。	ecl-batch-editorial
ecl.4.64.08192	空気中に煙と死の気配が漂っている。	ecl-batch-editorial
ecl.4.64.08220	地形が険しさを増し、行く手を拒む。	ecl-batch-editorial
ecl.4.64.08277	「RAMがグライダーを発進させている！村に警告するつもりなら急げ。」	ecl-batch-editorial
ecl.4.64.08346	「君たちに感謝する。	ecl-batch-editorial
ecl.4.64.08477	彼は緑のカードをくれた。「価値があるものだと思う。」	ecl-batch-editorial
ecl.4.64.08526	「RAMを探したいなら……」	ecl-batch-editorial
ecl.4.64.08551	「彼らは北の山中に隠された基地から来た。」	ecl-batch-editorial
ecl.4.64.08599	誰がやる？	ecl-batch-editorial
ecl.4.64.08622	その者には無理だ。	ecl-batch-editorial
ecl.4.65.00199	門にいたデザートランナーたちが、君たちを村の中心へ案内する。	ecl-batch-editorial
ecl.4.65.00272	説明を試みるが、無駄だった。ランナーたちは去っていく。	ecl-batch-editorial
ecl.4.65.00352	中に入ると、激しい戦いの音が聞こえてくる。門の周囲には遺体が散らばっている。	ecl-batch-editorial
ecl.4.65.00557	村を出るか？	ecl-batch-editorial
ecl.4.65.00993	RAM部隊が現れた！	ecl-batch-editorial
ecl.4.65.01072	デザートランナーたちが駆け寄る。死者を悼んで泣く者もいる……	ecl-batch-editorial
ecl.4.65.01116	他の者は倒れた敵の間で踊っている。	ecl-batch-editorial
ecl.4.65.01155	多くの者が君たちの武器と防具に見とれている。	ecl-batch-editorial
ecl.4.65.01192	襲撃について君たちが正しかったと、彼らは認める。	ecl-batch-editorial
ecl.4.65.01229	彼らはさらに敵を探しに走る。	ecl-batch-editorial
ecl.4.65.01364	君たちが足を踏み入れたのは、	ecl-batch-editorial
ecl.4.65.01383	デザートランナーの一団の中だ。	ecl-batch-editorial
ecl.4.65.01412	彼らは君たちに、共に戦うよう促す。	ecl-batch-editorial
ecl.4.65.01449	警戒しながら、彼らは君たちに武器を向ける。	ecl-batch-editorial
ecl.4.65.01524	君たちがRAMでないと知って彼らは安堵し、近くへ来るよう合図する。	ecl-batch-editorial
ecl.4.65.01583	君たちは武器を構える。驚いたランナーたちが発砲する。	ecl-batch-editorial
ecl.4.65.01652	応戦	ecl-batch-editorial
ecl.4.65.01724	君たちは前に進み出る。重大な過ちに気づいたときには、もう遅かった。	ecl-batch-editorial
ecl.4.65.01775	君たちは後ずさる。耳に嘲りの遠吠えが鳴り響く。	ecl-batch-editorial
ecl.4.65.01833	彼らに加わるか？	ecl-batch-editorial
ecl.4.65.01884	君たちは前に進み出る。	ecl-batch-editorial
ecl.4.65.01998	前方にデザートランナーたちが集結している。	ecl-batch-editorial
ecl.4.65.02052	険しい顔のランナーたちが前方に陣取る。	ecl-batch-editorial
ecl.4.65.02136	前方に遺体が転がっている。	ecl-batch-editorial
ecl.4.65.02243	ランナー戦士がここで待つ。	ecl-batch-editorial
ecl.4.65.02308	ランナーたちは左右に分かれ、君たちを通す。	ecl-batch-editorial
ecl.4.65.02368	デザートランナーたちは建物から避難している。数人が見張りに立っている。	ecl-batch-editorial
ecl.4.65.02487	君たちは彼らと共に敵を待つ。	ecl-batch-editorial
ecl.4.65.02550	ランナーたちがクロスボウを構える……	ecl-batch-editorial
ecl.4.65.02631	君たちは正門に向かい合う。	ecl-batch-editorial
ecl.4.65.02663	ここは共同の寝室だ。	ecl-batch-editorial
ecl.4.65.02718	台所では、	ecl-batch-editorial
ecl.4.65.02759	ここは作業室だ。	ecl-batch-editorial
ecl.4.65.02796	貯蔵室だ。	ecl-batch-editorial
ecl.4.65.02827	人々が荷物や子供たちを抱え、急いで地下貯蔵庫へ消えていく。	ecl-batch-editorial
ecl.4.65.02893	降りてみるか？	ecl-batch-editorial
ecl.4.65.03013	女の衛兵が鋭く言い放つ。「臆病者め！子供たちはまだ危険の中だ！遠吠えの合図があるまで戦え！」	ecl-batch-editorial
ecl.4.65.03084	彼女はドアをバタンと閉める。	ecl-batch-editorial
ecl.4.65.03118	ただの地下貯蔵庫だ。中に入るか？	ecl-batch-editorial
ecl.4.65.03155	脱出路になりそうなトンネルがある。	ecl-batch-editorial
ecl.4.65.03213	ランナーの歩哨が、ついて来いと手招きする。	ecl-batch-editorial
ecl.4.65.03273	通路には膨れ上がった遺体が詰まっている。君たちは嫌悪のあまりドアを閉める。	ecl-batch-editorial
ecl.4.65.03334	どう見ても屋外トイレだ。	ecl-batch-editorial
ecl.4.65.03361	育児室だ。	ecl-batch-editorial
ecl.4.65.03396	大広間だ。	ecl-batch-editorial
ecl.4.65.03526	RAMの増援が到着した！	ecl-batch-editorial
ecl.4.65.03673	伝令が駆け寄ってくる。RAM部隊は分散し、村中に押し寄せているらしい。	ecl-batch-editorial
ecl.4.65.03759	ランナーたちは小さな班に分かれ、敵を狩りに走り去る。	ecl-batch-editorial
ecl.4.65.03838	煙のにおいがする。	ecl-batch-editorial
ecl.4.65.03855	燃える建物から立ちのぼる濃い煙が、あたりに立ち込めている。	ecl-batch-editorial
ecl.4.65.03982	RAMの侵入者だ！	ecl-batch-editorial
ecl.4.65.04034	凄惨な殺戮だ。	ecl-batch-editorial
ecl.4.65.04079	RAMのロボットだ。	ecl-batch-editorial
ecl.4.65.04112	ここを守っていたランナーたちは全滅している。君たちは警戒しながら遺体の間を進む。	ecl-batch-editorial
ecl.4.65.04200	デザートランナーたちがRAM部隊と取っ組み合っている。手を貸すか？	ecl-batch-editorial
ecl.4.65.04293	RAM部隊が、この部屋にいた全員を殺した。	ecl-batch-editorial
ecl.4.65.04464	この建物の屋根が燃えている。	ecl-batch-editorial
ecl.4.65.04511	濃い煙が部屋に立ち込めている。	ecl-batch-editorial
ecl.4.65.04621	君たちが見つけたのは	ecl-batch-editorial
ecl.4.65.04635	人のデザートランナーだ。煙の中で動けずにいる彼らを、外へ運び出す。	ecl-batch-editorial
ecl.4.65.04690	彼らは安全な所へ逃げる。	ecl-batch-editorial
ecl.4.65.04738	煙と炎のほかは何も見えない。	ecl-batch-editorial
ecl.4.65.04779	燃える火の粉が雨のように降り続ける。	ecl-batch-editorial
ecl.4.65.04815	君たちは猛火の中へ踏み込もうとしている。飛び退くか？	ecl-batch-editorial
ecl.4.65.04874	煙と炎によるダメージ！	ecl-batch-editorial
ecl.4.65.04955	さらにRAMの工兵だ！彼らが向き直ると、村人たちは怒りを新たに攻撃する。	ecl-batch-editorial
ecl.4.65.05098	村人たちはRAMの工兵に苦戦している。	ecl-batch-editorial
ecl.4.65.05204	君たちの時機を得た加勢に、デザートランナーたちが歓声を上げる。	ecl-batch-editorial
ecl.4.65.05274	この部屋は放棄されたようだ。	ecl-batch-editorial
ecl.4.65.05396	四方八方で、ランナーたちが不気味な遠吠えを上げる！	ecl-batch-editorial
ecl.4.65.05560	猿に似たスカベンジャーの改造人たち。	ecl-batch-editorial
ecl.4.65.05613	君たちが近づくと、彼らは逃げ出す。	ecl-batch-editorial
ecl.4.65.05647	いきり立って、彼らは突撃してくる！	ecl-batch-editorial
ecl.4.65.05710	猿が一匹、興味深い緑色のカードを落とした。拾うか？	ecl-batch-editorial
ecl.4.65.05789	身を寄せ合った遺体と、穴だらけのロボットの残骸が、あたりに散乱している。	ecl-batch-editorial
ecl.4.65.05875	こぶし大の金属の球体も見つける。	ecl-batch-editorial
ecl.4.65.05974	それは爆発する！	ecl-batch-editorial
ecl.4.65.05993	は液体の炎の噴流を浴びる！	ecl-batch-editorial
ecl.4.65.06024	まとわりつく緑の炎にじわじわと焼かれているのは、	ecl-batch-editorial
ecl.4.65.06088	悲鳴を押し殺し、	ecl-batch-editorial
ecl.4.65.06109	は闇雲に走り去る。	ecl-batch-editorial
ecl.4.65.06131	君たちは猛烈な勢いで追いかける。	ecl-batch-editorial
ecl.4.65.06211	井戸にたどり着くと、	ecl-batch-editorial
ecl.4.65.06237	は姿を消していた。	ecl-batch-editorial
ecl.4.65.06253	それは爆発するが、何の害もない。	ecl-batch-editorial
ecl.4.65.06282	井戸をのぞき込んだ君たちが見たのは、	ecl-batch-editorial
ecl.4.65.06316	が苦痛のあまり飛び込んだ姿だった。	ecl-batch-editorial
ecl.4.65.06339	誰かが助けなければならないのは、	ecl-batch-editorial
ecl.4.65.06393	君たちは	ecl-batch-editorial
ecl.4.65.06407	に自力で助かってほしいか？	ecl-batch-editorial
ecl.4.65.06439	君たちのチームはロープを持っている。使うか？	ecl-batch-editorial
ecl.4.65.06489	は冷たい水の中へ滑り込む……	ecl-batch-editorial
ecl.4.65.06557	失敗だ。君たちはもう一度試す。	ecl-batch-editorial
ecl.4.65.06587	が救い出したのは、ずぶ濡れの	ecl-batch-editorial
ecl.4.65.06663	は溺れ死んだ。	ecl-batch-editorial
ecl.4.65.06677	君たちは息絶えた遺体を引き上げる。	ecl-batch-editorial
ecl.4.65.06711	仲間を置き去りにはできない！	ecl-batch-editorial
ecl.4.65.06754	戦場だ。まだ燃え続けている遺体もある。	ecl-batch-editorial
ecl.4.65.06813	ここでは遺体が半ば埋もれている。	ecl-batch-editorial
ecl.4.65.06880	砂イカの改造人たちが、遺体を砂の下へ引きずり込んでいる。	ecl-batch-editorial
ecl.4.65.06929	君たちが近づくと、彼らは姿を消す。	ecl-batch-editorial
ecl.4.65.06977	……だが、君たちの足元に再び現れる。	ecl-batch-editorial
ecl.4.65.07029	他の者たちが逃げるにつれ、地面に溝が走っていく。	ecl-batch-editorial
ecl.4.65.07110	RAM部隊が再集結した！	ecl-batch-editorial
ecl.4.65.07203	村の井戸だ。	ecl-batch-editorial
ecl.4.65.07220	君たちの警告は遅すぎた。	ecl-batch-editorial
ecl.4.65.07249	ここには誰もおらず、値打ちのある物はすべて持ち去られている。	ecl-batch-editorial
ecl.4.65.07295	ランナーたちは皆いなくなったようだ！	ecl-batch-editorial
ecl.4.65.07324	君たちがまたぎ越えるのは	ecl-batch-editorial
ecl.4.65.07342	人分の、殺されたデザートランナーの遺体だ。	ecl-batch-editorial
ecl.4.65.07372	ここの地面は血でぐっしょり濡れている。	ecl-batch-editorial
ecl.4.65.07404	ここの壁には、レーザーの掃射痕が刻まれている。	ecl-batch-editorial
ecl.4.65.07439	母親と子供たちが、ここで息絶えている。	ecl-batch-editorial
ecl.4.65.07471	ここで目にするのは、RAMのロボットによる残虐な仕業だ。	ecl-batch-editorial
ecl.4.65.07543	君たちが手に取ったのは、	ecl-batch-editorial
ecl.4.65.07610	人々は織りかけの布を放り出し、大切な道具をかき集めている。	ecl-batch-editorial
ecl.4.65.07670	大勢の土地の者たちが君たちの脇を押し分け、食料や家財を抱えて小さなドアへ急ぐ。	ecl-batch-editorial
ecl.4.65.07739	不安げな母親や父親たちが、子供たちを抱え上げている。	ecl-batch-editorial
ecl.4.65.07825	床は	ecl-batch-editorial
ecl.4.65.07842	ランナーの遺体で埋め尽くされている。	ecl-batch-editorial
ecl.4.65.07867	ここには焼け死んだ遺体がある。	ecl-batch-editorial
ecl.4.65.07909	前方にうずくまる人影が見える。おそらく敵だろう。	ecl-batch-editorial
ecl.4.65.08001	何かが君たちの目に留まる……	ecl-batch-editorial
ecl.4.65.08028	……その正体は、	ecl-batch-editorial
ecl.4.65.08069	ほとんど何もない。	ecl-batch-editorial
ecl.4.65.08108	ここでは遊牧の民が、わずかな家財を集めるのに忙しい。	ecl-batch-editorial
ecl.4.65.08162	死んだRAMの戦士の一人が、	ecl-batch-editorial
ecl.4.65.08196	首からカードを下げている。	ecl-batch-editorial
ecl.4.65.08217	それが欲しいか？	ecl-batch-editorial
ecl.4.65.08281	ついていない。流れ弾のレーザーが、それをきれいに撃ち抜いていた。	ecl-batch-editorial
ecl.4.65.08330	ランナーたちが興奮して叫ぶ！敵のグライダーが迫っている！	ecl-batch-editorial
ecl.4.65.08407	かさばる物はすべて置いてきた。	ecl-batch-editorial
ecl.4.65.08487	叫び声が上がる！RAMが今にも攻撃してくる！	ecl-batch-editorial
ecl.4.65.08577	村は荒らされ、炎に包まれている。あたりには死の臭いが漂う。	ecl-batch-editorial
ecl.4.65.08759	ランナーたちは、四方八方から敵が迫る気配を聞きつける。	ecl-batch-editorial
ecl.4.65.08799	行く手に何かある。	ecl-batch-editorial
ecl.4.65.08832	君たちは遅すぎた。	ecl-batch-editorial
ecl.4.65.08859	は足元の落とし戸に気づいた。開けるか？	ecl-batch-editorial
ecl.4.65.08909	前方の人影は戦場の煙に包まれ、敵か味方か見分けがつかない。	ecl-batch-editorial
ecl.4.65.09013	このアイテムが欲しいか？	ecl-batch-editorial
ecl.4.65.09036	誰が取る？	ecl-batch-editorial
ecl.4.65.09073	骨の彫り物	ecl-batch-editorial
ecl.4.65.09089	猿の牙の首飾り	ecl-batch-editorial
ecl.4.65.09109	木彫り	ecl-batch-editorial
ecl.4.65.09125	石英の塊	ecl-batch-editorial
ecl.4.65.09144	希少なRAM硬貨	ecl-batch-editorial
ecl.4.66.00168	見張り塔の先に不気味な建造物が見える——RAM基地、グラディウス山だ。	ecl-batch-editorial
ecl.4.66.00243	君たちは正門に近づく。	ecl-batch-editorial
ecl.4.66.00334	タスコンは、火星に水が豊かに流れていた太古に削り出された洞窟へ、君たちを導く。	ecl-batch-editorial
ecl.4.66.00486	「敵の検問所だ」と、タスコンが低くうなる。	ecl-batch-editorial
ecl.4.66.00707	鍵のかかった重厚なドアだ。開けるか？	ecl-batch-editorial
ecl.4.66.00924	装甲されたセキュリティゲートだ。左側にコントロールボックスがあり、そこに	ecl-batch-editorial
ecl.4.66.01035	爆薬	ecl-batch-editorial
ecl.4.66.01062	何色？	ecl-batch-editorial
ecl.4.66.01251	ドアが開く。	ecl-batch-editorial
ecl.4.66.01324	先へ進むか？	ecl-batch-editorial
ecl.4.66.01573	君たちの変装は見破られた。	ecl-batch-editorial
ecl.4.66.01601	君たちは持っていない。	ecl-batch-editorial
ecl.4.66.01620	このドアは頑丈すぎて、爆薬では破れない。	ecl-batch-editorial
ecl.4.66.01705	平板な声が告げる。「第	ecl-batch-editorial
ecl.4.66.01730	小隊。遅いぞ。損害は？」	ecl-batch-editorial
ecl.4.66.01760	「何人だ？」	ecl-batch-editorial
ecl.4.66.01832	「NEOのスパイが出たという報告がある。確認できるか？」	ecl-batch-editorial
ecl.4.66.01877	「第1層の正門へ出頭せよ。」	ecl-batch-editorial
ecl.4.66.01916	残りの者はどこだ？小隊全員を揃えて出直せ。	ecl-batch-editorial
ecl.4.66.01963	この余計な連中は誰だ？」	ecl-batch-editorial
ecl.4.66.02041	「第2層へ出頭し、任務報告を行え。」	ecl-batch-editorial
ecl.4.66.02088	声が言う。「警備兵が来る。待て。」待つか？	ecl-batch-editorial
ecl.4.66.02365	鍵のかかったドア。爆破するか？	ecl-batch-editorial
ecl.4.66.02399	ドアは熱で溶接されたように閉じている！	ecl-batch-editorial
ecl.4.66.02443	警告表示だらけの重厚なドアだ。先へ進むか？	ecl-batch-editorial
ecl.4.66.02500	声が告げる。「この区域は立入制限中。装備を収納箱に入れること。」箱がスライドして開く。	ecl-batch-editorial
ecl.4.66.02570	従うか？	ecl-batch-editorial
ecl.4.66.02610	箱がスライドして閉じる。	ecl-batch-editorial
ecl.4.66.02633	君たちが従う前に、火星人が進み出る。	ecl-batch-editorial
ecl.4.66.02673	「そんなものは放っておけ。いくつか質問に答えればいい。」	ecl-batch-editorial
ecl.4.66.02716	「スパイを何人見た？」	ecl-batch-editorial
ecl.4.66.02758	「何人か仕留めたか？	ecl-batch-editorial
ecl.4.66.02798	「全員仕留めたのか？」	ecl-batch-editorial
ecl.4.66.02820	「第1層の隊長のもとへ出頭せよ。」	ecl-batch-editorial
ecl.4.66.02870	現在いるのは第	ecl-batch-editorial
ecl.4.66.02889	層。君たちが持っているのは	ecl-batch-editorial
ecl.4.66.02919	枚の赤、1枚の緑、そして	ecl-batch-editorial
ecl.4.66.02940	枚の青の通行カードだ。	ecl-batch-editorial
ecl.4.66.02962	全員がRAMの制服を着ている。	ecl-batch-editorial
ecl.4.66.02993	君たちは丸腰だ！	ecl-batch-editorial
ecl.4.66.03015	警報灯が点滅する！	ecl-batch-editorial
ecl.4.66.03212	この道は砂漠へ通じている。先へ進むか？	ecl-batch-editorial
ecl.4.66.03307	殺風景な作業員用の寝台が並んでいる。	ecl-batch-editorial
ecl.4.66.03333	事務室だ。	ecl-batch-editorial
ecl.4.66.03357	書類を見つけた。	ecl-batch-editorial
ecl.4.66.03393	「マリポサ3号、水星」と押印されている。	ecl-batch-editorial
ecl.4.66.03433	武器ロッカーだ。開けるか？	ecl-batch-editorial
ecl.4.66.03502	南のドアには「金庫室」とある。	ecl-batch-editorial
ecl.4.66.03536	広大な製造区画だ。すべてが片付けられている。	ecl-batch-editorial
ecl.4.66.03609	犬が吠え立てる！「スパイだ！」	ecl-batch-editorial
ecl.4.66.03682	テクニキたちが作業中だ。	ecl-batch-editorial
ecl.4.66.03725	彼らは君たちを無視する。	ecl-batch-editorial
ecl.4.66.03772	彼らは君たちの武器を見て逃げ出す。	ecl-batch-editorial
ecl.4.66.03819	彼らは仰天する。「NEOのスパイだ！」	ecl-batch-editorial
ecl.4.66.03902	机の上に白い通行カードが置かれている。取るか？	ecl-batch-editorial
ecl.4.66.03949	金庫室は空のようだ……	ecl-batch-editorial
ecl.4.66.03983	だが、緊急脱出キットの中から青い通行カードを見つけた。	ecl-batch-editorial
ecl.4.66.04053	ここに収納箱がある！	ecl-batch-editorial
ecl.4.66.04113	猿の巣穴だ！	ecl-batch-editorial
ecl.4.66.04141	空の犬舎だ。	ecl-batch-editorial
ecl.4.66.04212	改造人番犬が襲いかかってくる！	ecl-batch-editorial
ecl.4.66.04262	ここの動力ユニットは放射性の光を放っている！	ecl-batch-editorial
ecl.4.66.04395	レーザーが発射される。	ecl-batch-editorial
ecl.4.66.04455	「基地から退避せよ！」	ecl-batch-editorial
ecl.4.66.04512	「侵入者警報！発見次第、各コンソールへ報告せよ。」	ecl-batch-editorial
ecl.4.66.04674	「出口は警備されている。第4層でレーザー試験を続行せよ。」	ecl-batch-editorial
ecl.4.66.04733	RAMのパトロール隊だ！	ecl-batch-editorial
ecl.4.66.04758	改造人犬だ！	ecl-batch-editorial
ecl.4.66.04805	引き返すか？	ecl-batch-editorial
ecl.4.66.04850	彼らは通り過ぎる。	ecl-batch-editorial
ecl.4.66.04882	声が単調に一覧を読み上げる。	ecl-batch-editorial
ecl.4.66.04912	どの層へ行く？	ecl-batch-editorial
ecl.4.66.05040	君たちは縦坑の縁に立っている！	ecl-batch-editorial
ecl.4.66.05153	頭上の吊りかごが行く手をふさいでいる。	ecl-batch-editorial
ecl.4.66.05331	は危うく落ちかけた！動揺しつつ、元の場所に戻る。	ecl-batch-editorial
ecl.4.66.05378	君たちは縦坑に入る。下から吊りかごが上がってくる音が聞こえる！	ecl-batch-editorial
ecl.4.66.05424	押しつぶされないよう、吊りかごに飛び乗る。	ecl-batch-editorial
ecl.4.66.05518	戦士が「来い」と手招きする。ついて行くか？	ecl-batch-editorial
ecl.4.66.05632	隊長が進み出る。「ふむ……」	ecl-batch-editorial
ecl.4.66.05659	「責任者は誰だ？」	ecl-batch-editorial
ecl.4.66.05677	誰が答える？	ecl-batch-editorial
ecl.4.66.05693	隊長は	ecl-batch-editorial
ecl.4.66.05715	を上から下まで眺め回す。	ecl-batch-editorial
ecl.4.66.05728	「ひどい目に遭ったようだな。宿舎で休め。」	ecl-batch-editorial
ecl.4.66.05804	声が叫ぶ。「止まれ！」	ecl-batch-editorial
ecl.4.66.05838	彼は去った。	ecl-batch-editorial
ecl.4.66.05861	エレベーターが低くうなる。	ecl-batch-editorial
ecl.4.66.05918	君たちは第4層に入る。	ecl-batch-editorial
ecl.4.66.05935	目に映る光景は、	ecl-batch-editorial
ecl.4.66.05947	レーザーのそばの技術者たちが目を見張る。一人がキーを叩くと、プラットフォームが上昇し始める。	ecl-batch-editorial
ecl.4.66.06040	君たちは前へ突進するが、	ecl-batch-editorial
ecl.4.66.06065	「警報。レーザー試験が妨害された。全ドアを封鎖せよ。」	ecl-batch-editorial
ecl.4.66.06119	技術者たちが上から君たちを撃ってくる。	ecl-batch-editorial
ecl.4.66.06151	撃ち返すか？	ecl-batch-editorial
ecl.4.66.06184	君たちは発砲する……	ecl-batch-editorial
ecl.4.66.06225	ここに小型のリフターがある。使うか？	ecl-batch-editorial
ecl.4.66.06259	誰が残って操縦する？	ecl-batch-editorial
ecl.4.66.06298	はコンソールにつき、残りの者はリフターに乗り込む。	ecl-batch-editorial
ecl.4.66.06332	君たちは兵器に向かって上昇していく……	ecl-batch-editorial
ecl.4.66.06378	待ち伏せだ！技術者たちが奇襲をかけたのは、	ecl-batch-editorial
ecl.4.66.06403	だ。他の者たちは上方で無力に漂っている。	ecl-batch-editorial
ecl.4.66.06480	技術者たちがリフターを止める。君たちは落ちていく……	ecl-batch-editorial
ecl.4.66.06537	こそこそ隠れていた技術者を数人、物陰から追い出した。	ecl-batch-editorial
ecl.4.66.06589	君たちがそれを調べていると、技術者たちが襲いかかってくる！	ecl-batch-editorial
ecl.4.66.06654	は君たちを乗せ、大きなプラットフォームまで飛ぶ。	ecl-batch-editorial
ecl.4.66.06687	君たちは一人ずつ飛び移る。	ecl-batch-editorial
ecl.4.66.06713	試験用の終末レーザーがここにあり、発射準備に入っている！	ecl-batch-editorial
ecl.4.66.06755	プラットフォームの操作盤の近くにいる技術者が、君たちを撃ってくる。	ecl-batch-editorial
ecl.4.66.06831	は身を翻して彼を撃つ。	ecl-batch-editorial
ecl.4.66.06853	技術者は制御パネルに叩きつけられる。火花が飛び散る中、その体はパネルに押しつけられたままひくひくと震える。パネルが爆発した！！！	ecl-batch-editorial
ecl.4.66.06945	プラットフォームが震え、落下し始める。	ecl-batch-editorial
ecl.4.66.07007	シャフトへ落ちていく中、	ecl-batch-editorial
ecl.4.66.07035	が飛び乗る！	ecl-batch-editorial
ecl.4.66.07047	プラットフォームが地面へ急降下……	ecl-batch-editorial
ecl.4.66.07189	レーザープラットフォームが墜落した！	ecl-batch-editorial
ecl.4.66.07217	君たちが体を起こすと、怯えた技術者が部屋から駆け出しながら叫ぶ。	ecl-batch-editorial
ecl.4.66.07282	「爆発するぞ！」	ecl-batch-editorial
ecl.4.66.07301	レーザーが甲高く唸り始める。	ecl-batch-editorial
ecl.4.66.07329	戦闘ロボットが部屋に入ってくる。	ecl-batch-editorial
ecl.4.66.07378	音がどんどん大きくなる。	ecl-batch-editorial
ecl.4.66.07427	コンソールを使うか？	ecl-batch-editorial
ecl.4.66.07472	は作業に取りかかる。	ecl-batch-editorial
ecl.4.66.07541	……基地運用か、データ運用か？」	ecl-batch-editorial
ecl.4.66.07593	ファイルが開いている。	ecl-batch-editorial
ecl.4.66.07609	誰がファイルを調べるか？	ecl-batch-editorial
ecl.4.66.07687	「基地警報。セキュリティロック。」解除するか？	ecl-batch-editorial
ecl.4.66.07746	警報を止めてみるか？	ecl-batch-editorial
ecl.4.66.07793	どんな偽の報告を、	ecl-batch-editorial
ecl.4.66.07818	がするか？「スパイは……」	ecl-batch-editorial
ecl.4.66.07863	誰の名で提出するか？	ecl-batch-editorial
ecl.4.66.07908	どの層？	ecl-batch-editorial
ecl.4.66.07932	が偽の報告を提出する……	ecl-batch-editorial
ecl.4.66.08054	警報が止まった。	ecl-batch-editorial
ecl.4.66.08183	さらに調べるか？	ecl-batch-editorial
ecl.4.66.08259	は新たな情報を得られなかった。	ecl-batch-editorial
ecl.4.66.08291	は制限付きファイルを見つけた。閲覧可：	ecl-batch-editorial
ecl.4.66.08334	まずい！	ecl-batch-editorial
ecl.4.66.08361	画面が点滅し、	ecl-batch-editorial
ecl.4.66.08379	恐ろしい文面が現れる。	ecl-batch-editorial
ecl.4.66.08397	意味は「直ちに破壊せよ」だ。	ecl-batch-editorial
ecl.4.66.08445	持ち物を回収した。	ecl-batch-editorial
ecl.4.66.08489	前方に、RAMの大部隊がいる！	ecl-batch-editorial
ecl.4.66.08532	警報が鳴り響く！「	ecl-batch-editorial
ecl.4.66.08581	ゲート突破！修理ロボットと	ecl-batch-editorial
ecl.4.66.08617	コンソール警報！	ecl-batch-editorial
ecl.4.66.08657	小隊が未帰還！	ecl-batch-editorial
ecl.4.66.08676	スパイ未発見！	ecl-batch-editorial
ecl.4.66.08691	全階層を捜索せよ。」	ecl-batch-editorial
ecl.4.66.08710	巡回隊、階層	ecl-batch-editorial
ecl.4.66.08759	はスキャンする。対象：	ecl-batch-editorial
ecl.4.66.08797	文字が浮かび、	ecl-batch-editorial
ecl.4.66.08893	効果はない。	ecl-batch-editorial
ecl.4.66.08906	「センサーの表示では、君たちから	ecl-batch-editorial
ecl.4.66.08924	の位置だ。」	ecl-batch-editorial
ecl.4.66.08937	つかまる所がない。	ecl-batch-editorial
ecl.4.66.08952	侵入者の位置：階層	ecl-batch-editorial
ecl.4.66.09107	プラットフォームはピラミッド頂上にあり、届かない。	ecl-batch-editorial
ecl.4.66.09150	君たちの銃撃がプラットフォームを掃射し、技術者が落下する。	ecl-batch-editorial
ecl.4.67.00562	RAM部隊が攻撃してくる。	ecl-batch-editorial
ecl.4.67.00606	ロボットが襲いかかる。	ecl-batch-editorial
ecl.4.67.00655	RAMが歓迎の一団を用意して、君たちを待ち構えている。	ecl-batch-editorial
ecl.4.67.00710	坑道に声が響く。「私はギルバート指揮官。報告どおり手強いようね。でも、ついに互角の相手に出会ったのよ。」	ecl-batch-editorial
ecl.4.67.00932	凶暴な砂漠猿の群れが、ロボットに追い立てられて押し寄せてくる。	ecl-batch-editorial
ecl.4.67.00996	ギルバートが笑う。「故郷からの贈り物よ。お探しの原始人はここにいないわ。」	ecl-batch-editorial
ecl.4.67.01183	指揮官は言う。「だいぶ近づいたわね。でも、外れよ。	ecl-batch-editorial
ecl.4.67.01291	君たちが入ると同時に、反対側のドアからRAMの戦士たちがなだれ込む。一人の指揮官が進み出て、書類を取り出し、読み上げ始める。「タロン、貴様の失態により、この基地は没収、命は召し上げとする。」	ecl-batch-editorial
ecl.4.67.01448	誰かが彼の耳元でささやく。彼は驚いた顔をする。「誰であろうと、どのみち殺すだけだ。」彼は背を向けて立ち去る。	ecl-batch-editorial
ecl.4.67.01577	君たちが入ると、指揮官は驚いた顔をする。「これは極めて異例だ。」彼は部下たちに向き直る。「なんとか奴らを始末しろ。私は宝を探さねばならん。」彼は立ち去る。	ecl-batch-editorial
ecl.4.67.01739	犬の改造人が襲いかかる。	ecl-batch-editorial
ecl.4.67.01788	この部屋にはかつて寝台があった。引き裂かれた寝具と壊れた骨組みが、あてもなく漂っている。	ecl-batch-editorial
ecl.4.67.01876	部屋はロボット整備用の機材でいっぱいだ。ロボットの姿は見当たらない。	ecl-batch-editorial
ecl.4.67.01958	ここは古い鉱山区画だ。古い鉱くずが空中に漂っている。	ecl-batch-editorial
ecl.4.67.02034	技術者たちが2枚のパネルで作業している。衛兵たちが振り向き、攻撃してくる。	ecl-batch-editorial
ecl.4.67.02169	は、このコンソールが近くの何かへ情報を中継していると気づく。目標の位置は特定できない。	ecl-batch-editorial
ecl.4.67.02339	は、この内部センサーシステムが右側のコンソールへ情報を送っていると気づく。	ecl-batch-editorial
ecl.4.67.02499	指揮官は奥のドアから慌てて逃げ出す。衛兵たちが攻撃してくる。	ecl-batch-editorial
ecl.4.67.02583	さらなる部隊が攻撃してくる。	ecl-batch-editorial
ecl.4.67.02634	指揮官が私兵を集結させる。	ecl-batch-editorial
ecl.4.67.02706	指揮官は奥のコンソールの下で縮こまっている。	ecl-batch-editorial
ecl.4.67.02764	コンソールから声が流れる。「敵どうしが戦うのを見られて嬉しいよ。宝はもうほとんど残っていないが、全部くれてやる！」彼は狂ったように笑う。	ecl-batch-editorial
ecl.4.67.02886	壁の隠しパネルが開き、ロボットが飛び出して指揮官を撃ち、灰にする。	ecl-batch-editorial
ecl.4.67.02988	「計測値が強い放射線を示している。ここは間違いなくラジウム鉱山だ。時間を無駄にするな！」	ecl-batch-editorial
ecl.4.67.03088	ロボットが抑揚のない声で告げる。「ここは立入禁止区域である。致死的な武力を行使する。」	ecl-batch-editorial
ecl.4.67.03177	警報が発せられた。ロボットが君たちのもとへ集まってくる。	ecl-batch-editorial
ecl.4.67.03255	壁には放射線の警告標識が目立つように貼られている。肌がちくちくする。	ecl-batch-editorial
ecl.4.67.03336	毛のない遺体が、乾いた空気の中でほとんどミイラ化している。	ecl-batch-editorial
ecl.4.67.03403	一人の男が2つの巨岩に挟まれて押し潰されている。彼は装備を持っている。	ecl-batch-editorial
ecl.4.67.03502	別のロボットが行く手を阻む。	ecl-batch-editorial
ecl.4.67.03577	この放射線モニターは致死域を大きく超えている。	ecl-batch-editorial
ecl.4.67.03632	このコンソールは内部防衛機構を制御している。君たちを受け入れるよう再プログラムするか？	ecl-batch-editorial
ecl.4.67.03759	は成功した。システムは君たちを味方と認識した。	ecl-batch-editorial
ecl.4.67.03816	失敗した。ロボットに気づかれた。	ecl-batch-editorial
ecl.4.67.03870	自動防衛システムが君たちをロックオンし、発砲してくる。	ecl-batch-editorial
ecl.4.67.03925	武器の猛攻に押し戻される。	ecl-batch-editorial
ecl.4.67.03965	武器は沈黙したままだ。	ecl-batch-editorial
ecl.4.67.04014	ここでジェイソン・デュペアを見つけた。彼はひどく衰弱している。かすれた声でささやく。「RAMが水星の上空で致命的な装置を造っている。NEOに警告してくれ。」そのまま気を失い、君たちは彼を連れて行く。	ecl-batch-editorial
ecl.4.67.04164	ここで、衰弱したもう一人の囚人を見つけた。彼は何度も礼を言う。	ecl-batch-editorial
ecl.4.67.04235	「侵入者警報！」粗末な基地に入ると、警報が鳴り響く。壁のパネルが開き、ロボットが現れる。	ecl-batch-editorial
ecl.4.67.04318	警報は鳴り続けている。	ecl-batch-editorial
ecl.4.67.04380	壁沿いに、檻に入れられた砂漠猿がずらりと並んでいる。調教師は檻を開け、逃げ出す。	ecl-batch-editorial
ecl.4.67.04489	金切り声の砂漠猿たちが、土と小石をつかんでチームに投げつけ、逃げていく。	ecl-batch-editorial
ecl.4.67.04587	砂漠猿たちが、小さく汚れた檻の中から哀れっぽく君たちを見つめている。檻を開けるか？	ecl-batch-editorial
ecl.4.67.04647	猿たちは檻から飛び出し、チームに襲いかかる！	ecl-batch-editorial
ecl.4.67.04713	この部屋は予備の通信機器でいっぱいだ。ロボットが守っている！	ecl-batch-editorial
ecl.4.67.04781	予備の機器を叩き壊した。	ecl-batch-editorial
ecl.4.67.04829	基地司令官を驚かせた。彼は奥のドアから退却し、衛兵たちに君たちの相手を任せる。	ecl-batch-editorial
ecl.4.67.04931	この副通信室の機器を叩き壊した。	ecl-batch-editorial
ecl.4.67.05002	制御パネルを使ってNEOと連絡を取り、この基地の状況を報告した。彼らは君たちを祝福し、過去の通信にセキュリティ上の漏洩がないか調べ始める。	ecl-batch-editorial
ecl.4.67.05123	通信を終えると、パネルを叩き壊した。	ecl-batch-editorial
ecl.4.67.05189	指揮官は急いで別のドアへ逃げ込む。警備ロボットが君たちの追跡を阻む。	ecl-batch-editorial
ecl.4.67.05259	さらに通信機器を叩き壊した。	ecl-batch-editorial
ecl.4.67.05313	指揮官はさらに別の部屋へ逃げ込む。衛兵の姿は見当たらない。君たちは部屋の機器を破壊した。	ecl-batch-editorial
ecl.4.67.05416	指揮官は最後の衛兵たちを呼び寄せる。準備の整っていない技術者の小集団だ。	ecl-batch-editorial
ecl.4.67.05508	指揮官は、最後に残った通信機器の陰に身を隠そうとする。	ecl-batch-editorial
ecl.4.67.05577	弾幕を浴びせ、彼も機器もろとも粉砕した。	ecl-batch-editorial
ecl.4.67.05651	砂イカが、小惑星に坑道を掘るよう調教されている。調教師たちは彼らをチームへけしかける。	ecl-batch-editorial
ecl.4.67.05782	隠された装備の蓄えを見つけた。	ecl-batch-editorial
ecl.4.67.05854	右から狙撃が飛んでくる。	ecl-batch-editorial
ecl.4.67.05928	狙撃手に追いついた。だが背後から、さらに敵が現れる。	ecl-batch-editorial
ecl.4.67.05995	指揮官の甘い声がささやく。「原始人一人を救うのに、ずいぶん骨を折ったものね。だからRAMが勝利するのよ。」	ecl-batch-editorial
ecl.4.67.06115	坑道の下からロボットが現れる。ギルバートが笑う。「だんだん近づいてきたかしら？」	ecl-batch-editorial
ecl.4.67.06219	地雷が爆発した！	ecl-batch-editorial
ecl.4.67.06258	戦闘改造人が襲いかかる。	ecl-batch-editorial
ecl.4.67.06288	「しぶといわね！しかも、だんだん近づいてくるじゃない！」面白がるような声が笑う。	ecl-batch-editorial
ecl.4.67.06371	ロボットが退路を断つ。	ecl-batch-editorial
ecl.4.67.06400	ギルバート指揮官が、アーサを捕らえてここにいる。二人の背後には、檻に入れられた砂漠猿が一匹いる。君たちが入るなり、ギルバートはアーサを檻へ放り込んで言う。「あなたたちの努力は全部無駄だったのよ！彼女が死ぬのを見て、RAMの力を思い知りなさい！」	ecl-batch-editorial
ecl.4.67.06560	君たちが反応するより早く、透明なシールドが指揮官の前に降りてくる。壁から銃が飛び出す。ギルバートはコントロールボックスを取り出した。「最後にもう一戦してもらうわ。次はあなたたちの番よ！」彼女の目が期待に輝く。	ecl-batch-editorial
ecl.4.67.06729	ロボットが入ってくる。	ecl-batch-editorial
ecl.4.67.06762	ギルバートは微笑み、指をボタンへ下ろしていく。突然、彼女の顔に戸惑いの色がよぎり、その場に崩れ落ちた。背後にはアーサが立ち、砂漠猿の折れた腕のスパイクを握っている。	ecl-batch-editorial
ecl.4.67.06908	彼女は微笑み、スパイクをもてあそぶ。「あの女は猿の力を過大評価していた。前哨基地まで行くのに、あなたたちの助けが必要だ。そこから先は、友人たちが私を火星へ連れ戻してくれる。」	ecl-batch-editorial
ecl.4.67.07030	基地に人影はない。強がってはいるが、アーサは重傷を負っており、君たちは彼女を支えて船へ連れて行かねばならない。彼女は渋々礼を言う。コントロールボックスがエアロックを開ける。	ecl-batch-editorial
ecl.4.67.07175	自分たちの船に戻るか？	ecl-batch-editorial
ecl.4.67.07224	エアロックは封鎖されている。開けるには制御装置を見つける必要がある。	ecl-batch-editorial
ecl.4.67.07285	これは停止中の	ecl-batch-editorial
ecl.5.80.00130	基地を出て、金星ジャングルへ足を踏み入れた。	ecl-batch-editorial
ecl.5.80.01232	RAMの戦士が君たちを見つけ、襲いかかってくる！	ecl-batch-editorial
ecl.5.80.01326	酸液ガエルが加勢に来た！	ecl-batch-editorial
ecl.5.80.01364	沼スズメバチの大群がチームに襲いかかる！	ecl-batch-editorial
ecl.5.80.01432	チームについてきた酸液ガエルが、巣を掘り当てる。	ecl-batch-editorial
ecl.5.80.01473	沼スズメバチの巣だ。たちまち激しい戦いになる。参戦するか？	ecl-batch-editorial
ecl.5.80.01528	沼スズメバチは、たちまち酸液ガエルに食い尽くされた。	ecl-batch-editorial
ecl.5.80.01592	君たちはウルサダーの巣穴に迷い込んだ！	ecl-batch-editorial
ecl.5.80.01662	巨大なウルサダーが君たちの前で身を起こし、シューシューと鳴き、	ecl-batch-editorial
ecl.5.80.01707	激しくうなる。その背後にはひしめく巣があり、中は	ecl-batch-editorial
ecl.5.80.01755	その子らでいっぱいだ。下がるか？	ecl-batch-editorial
ecl.5.80.01793	後退する君たちに、母親が襲いかかる！	ecl-batch-editorial
ecl.5.80.01824	ゆっくりと下がる。	ecl-batch-editorial
ecl.5.80.01857	RAMのグライダーが、はるか上空で演習中だ。	ecl-batch-editorial
ecl.5.80.01906	どこからか、酸液ガエルの群れが現れる。	ecl-batch-editorial
ecl.5.80.01959	酸液の湖の方角から、大きなゲコゲコという鳴き声が聞こえる。	ecl-batch-editorial
ecl.5.80.02011	中空の切り株に、刻んだ沼スズメバチと	ecl-batch-editorial
ecl.5.80.02059	沼ナメクジが入っている。周りに色鮮やかな光る石が並ぶ。	ecl-batch-editorial
ecl.5.80.02112	どうやら酸液ガエルをあがめる祭壇のようだ。	ecl-batch-editorial
ecl.5.80.02160	ここに急ごしらえのシェルターがある。調べるか？	ecl-batch-editorial
ecl.5.80.02244	シェルターから警備ロボットが次々に出てきて襲いかかる！	ecl-batch-editorial
ecl.5.80.02312	ローランダーの一団を驚かせてしまった。声をかける前に逃げられた。	ecl-batch-editorial
ecl.5.80.02373	虐殺されたローランダーの一団の遺体を見つけた。	ecl-batch-editorial
ecl.5.80.02474	君たちは山中にいる。	ecl-batch-editorial
ecl.5.80.02496	君たちは丘に囲まれている。	ecl-batch-editorial
ecl.5.80.02521	君たちは森の中にいる。	ecl-batch-editorial
ecl.5.80.02540	君たちは沼地を苦労して進んでいる。	ecl-batch-editorial
ecl.5.80.02588	君たちは金星に着陸し、船から降りた。稲妻が	ecl-batch-editorial
ecl.5.80.02628	近くに落ち、一瞬、金星の	ecl-batch-editorial
ecl.5.80.02670	ジャングルを照らす。君たちは巨大な花や木、そして	ecl-batch-editorial
ecl.5.80.02727	スコットの情報では、ローランダーの村が	ecl-batch-editorial
ecl.5.80.02766	酸液の沼のはるか先、北西にあるという。	ecl-batch-editorial
ecl.5.80.02815	君たちはローランダーの村の正門の前にいる。	ecl-batch-editorial
ecl.5.80.02855	ここのジャングルは静まり返り、探知しても	ecl-batch-editorial
ecl.5.80.02897	村の中に生命の気配はない。	ecl-batch-editorial
ecl.5.80.02919	それでも村に入るか？	ecl-batch-editorial
ecl.5.80.02947	君たちの前には、破壊されたローランダーの	ecl-batch-editorial
ecl.5.80.02988	村の入口がある。もう一度村に入るか？	ecl-batch-editorial
ecl.5.80.03026	君たちの船はここにあり、RAMの探知を	ecl-batch-editorial
ecl.5.80.03065	はるか上空の稲妻と木の葉が遮っている。君たちの	ecl-batch-editorial
ecl.5.80.03207	リアンダーが言う。「私は金星に残らねばならぬ。ローランダーの	ecl-batch-editorial
ecl.5.80.03250	抵抗勢力を組織し、RAMと戦う。さらば。」	ecl-batch-editorial
ecl.5.80.03288	リアンダーは去った。	ecl-batch-editorial
ecl.5.80.03396	ゼインは君たちの船におびえている。	ecl-batch-editorial
ecl.5.80.03425	ゼインは逃げ出し、沼の中に姿を消した。	ecl-batch-editorial
ecl.5.80.03473	ゼインは彼を追った。	ecl-batch-editorial
ecl.5.80.03516	ここには、よく踏まれた小道が、古いケーブルと	ecl-batch-editorial
ecl.5.80.03558	鉄骨の洞窟へ続く。	ecl-batch-editorial
ecl.5.80.03576	遺跡に入るか？	ecl-batch-editorial
ecl.5.80.03598	ここに遺跡がある。再び	ecl-batch-editorial
ecl.5.80.03637	遺跡に入るか？	ecl-batch-editorial
ecl.5.80.03677	二つの丘の間に、大半が	ecl-batch-editorial
ecl.5.80.03721	地下に埋もれた建物の上部が見える。入口はすぐ近くだ。	ecl-batch-editorial
ecl.5.80.03768	中に入るか？	ecl-batch-editorial
ecl.5.80.03790	君たちの前にあるのは、RAMの	ecl-batch-editorial
ecl.5.80.03828	金星作戦基地の正面入口だ。中に入るか？	ecl-batch-editorial
ecl.5.80.03864	どう接近するか？	ecl-batch-editorial
ecl.5.80.03898	影に隠れる	ecl-batch-editorial
ecl.5.80.03925	チームは影に隠れようとする。	ecl-batch-editorial
ecl.5.80.03991	RAMの重装警備ロボットが建物から現れ、	ecl-batch-editorial
ecl.5.80.04033	君たちを迎え撃つ。	ecl-batch-editorial
ecl.5.80.04074	今すぐ建物に入るか？	ecl-batch-editorial
ecl.5.80.04102	誰も君たちの接近に気づかない！	ecl-batch-editorial
ecl.5.80.04154	酸液の湖が周りで泡立ち、蒸気を立てている。君たちは	ecl-batch-editorial
ecl.5.80.04193	ふと気づく。無数のぎょろりとした目が	ecl-batch-editorial
ecl.5.80.04237	湖面すれすれから君たちを見つめている。	ecl-batch-editorial
ecl.5.80.04280	君たちは、人間ほどの大きさの蛍光色の酸液	ecl-batch-editorial
ecl.5.80.04319	ガエルに取り囲まれている。どうする？	ecl-batch-editorial
ecl.5.80.04356	カエルと親しむ	ecl-batch-editorial
ecl.5.80.04388	君たちは下がろうとするが、一番大きな酸液ガエルが	ecl-batch-editorial
ecl.5.80.04429	すぐ後ろにいる。	ecl-batch-editorial
ecl.5.80.04495	誰がカエルと親しむか？	ecl-batch-editorial
ecl.5.80.04548	君たちの行いが酸液ガエルを怒らせた。	ecl-batch-editorial
ecl.5.80.04587	酸液ガエルが親しげにすり寄ってくる。	ecl-batch-editorial
ecl.5.80.04626	君たちのそばを離れたくないようだ。	ecl-batch-editorial
ecl.5.80.04678	酸液ガエルは凶暴に鳴き、チームに襲いかかる！	ecl-batch-editorial
ecl.5.80.04756	君たちは酸液の湖を泳いでいる。酸液が	ecl-batch-editorial
ecl.5.80.04797	防具にしみ込んでいる。すぐに湖から出るべきだ。	ecl-batch-editorial
ecl.5.80.04858	君たちは酸液の湖の酸液に焼かれた。	ecl-batch-editorial
ecl.5.80.05027	南東から行進の足音が聞こえる。	ecl-batch-editorial
ecl.5.80.05075	南から行進の足音が聞こえる。	ecl-batch-editorial
ecl.5.80.05120	南西から行進の足音が聞こえる。	ecl-batch-editorial
ecl.5.80.05191	ローランダーの一団が飛び出し、	ecl-batch-editorial
ecl.5.80.05230	チームを取り囲む。背は低いが筋骨たくましい。うろこ状の緑の	ecl-batch-editorial
ecl.5.80.05276	皮膚は、どれほどの熱や酸液にも耐えられるようだ。	ecl-batch-editorial
ecl.5.80.05322	細長いあごのせいで、話し方がぎこちない。	ecl-batch-editorial
ecl.5.80.05361	「何者だ、おまえたちは？」と彼らは問いただす。武器は槍と	ecl-batch-editorial
ecl.5.80.05406	レーザーライフルだ。どうする？	ecl-batch-editorial
ecl.5.80.05454	逃げる	ecl-batch-editorial
ecl.5.80.05478	ローランダーがチームを囲んでいる。	ecl-batch-editorial
ecl.5.80.05514	とがった金属の頭飾りをつけた男が口を開く。	ecl-batch-editorial
ecl.5.80.05551	「逃げる気か？それは、おまえたちが	ecl-batch-editorial
ecl.5.80.05589	RAMの仲間だという証拠だ。」他の者もうなずいて同意する。	ecl-batch-editorial
ecl.5.80.05622	どう応じるか？	ecl-batch-editorial
ecl.5.80.05669	君たちはNEOの諜報員だと名乗るが、	ecl-batch-editorial
ecl.5.80.05707	ローランダーは鼻で笑う。「そんな話を信じろというのか？	ecl-batch-editorial
ecl.5.80.05748	前にもだまっされたことがある。武器を捨てて降伏しろ。」	ecl-batch-editorial
ecl.5.80.05792	従うか？	ecl-batch-editorial
ecl.5.80.05814	ローランダーの指導者がシューッと威嚇する。	ecl-batch-editorial
ecl.5.80.05850	「おまえたちは明らかにRAMの諜報員だ。死ぬ覚悟をしろ！」	ecl-batch-editorial
ecl.5.80.05891	事態がさらに悪化する前に、君たちと	ecl-batch-editorial
ecl.5.80.05931	ローランダーの双方が、RAMの待ち伏せに不意を突かれた！	ecl-batch-editorial
ecl.5.80.06011	ローランダーの指導者が頭を下げる。「私の名は	ecl-batch-editorial
ecl.5.80.06050	リアンダー。疑ったことを詫びる。どうか	ecl-batch-editorial
ecl.5.80.06098	私をチームに加え、戦いを助けさせてくれ。敵は	ecl-batch-editorial
ecl.5.80.06142	RAMだ。」	ecl-batch-editorial
ecl.5.80.06157	リアンダーをチームに加えるか？	ecl-batch-editorial
ecl.5.80.06214	「本当にいいのか？後で私の助けが要るぞ。」	ecl-batch-editorial
ecl.5.80.06252	リアンダーを加えるか？	ecl-batch-editorial
ecl.5.80.06346	荒野を駆け抜ける一人のローランダーに出会う。	ecl-batch-editorial
ecl.5.80.06394	彼は君たちのチームを見て凍りつく。「あなたたちはRAMの士官ですか？」と彼は尋ねる。	ecl-batch-editorial
ecl.5.80.06450	NEOの者だと名乗るか？	ecl-batch-editorial
ecl.5.80.06485	君たちは彼に、NEOの代表だと告げる。「どうか助けてください！」と彼は言う。	ecl-batch-editorial
ecl.5.80.06533	「家族が近くに隠れているのです。RAMがいつ見つけても	ecl-batch-editorial
ecl.5.80.06583	おかしくありません！助けてくれますか？」	ecl-batch-editorial
ecl.5.80.06613	彼に少し先へ案内されると、怯えきった	ecl-batch-editorial
ecl.5.80.06657	ローランダーたちがいた。質問する間もなく、RAM部隊が近づいてくる。	ecl-batch-editorial
ecl.5.80.06711	武器を構えている。「欲しいのはローランダーだけだ」と一人が君たちに言う。	ecl-batch-editorial
ecl.5.80.06759	「下がれ。」	ecl-batch-editorial
ecl.5.80.06780	下がる	ecl-batch-editorial
ecl.5.80.06808	ローランダーは逃げ出した。	ecl-batch-editorial
ecl.5.80.06844	遠くで銃声がする。そのローランダーは	ecl-batch-editorial
ecl.5.80.06889	責めるような目で君たちを見て、走り出す。向かうのは、戦いのある方角だ。	ecl-batch-editorial
ecl.5.80.06936	ついていくか？	ecl-batch-editorial
ecl.5.80.06967	君たちは下がった。	ecl-batch-editorial
ecl.5.80.06989	遠くで武器の発射音が聞こえ、やがて不吉な静寂が訪れる。	ecl-batch-editorial
ecl.5.80.07047	ローランダーを守りに駆けつける。	ecl-batch-editorial
ecl.5.80.07111	ローランダーの一家は何度も礼を言うが、渋る様子で	ecl-batch-editorial
ecl.5.80.07162	質問には答えようとしない。一家は別れを告げ、酸液の湖のほうへ去っていく。	ecl-batch-editorial
ecl.5.81.00160	この土地の者たちの町の地面には、	ecl-batch-editorial
ecl.5.81.00200	ローランダーの死体が散乱している。どれもレーザーの傷痕があるが、	ecl-batch-editorial
ecl.5.81.00245	ローランダーは誰も武装していなかった。	ecl-batch-editorial
ecl.5.81.00286	遠くで、ローランダーの赤ん坊が泣いている。	ecl-batch-editorial
ecl.5.81.00617	ローランダーの町の正門の前に来た。	ecl-batch-editorial
ecl.5.81.00663	遠くで赤ん坊の泣き声が聞こえる。	ecl-batch-editorial
ecl.5.81.00697	立ち去るか？	ecl-batch-editorial
ecl.5.81.00899	町のどこかで子供の泣き声が聞こえる。	ecl-batch-editorial
ecl.5.81.00935	一帯にローランダーの死体が散乱している。	ecl-batch-editorial
ecl.5.81.00977	ここでは沼スズメバチが死体を覆っている。君たちが近づくと、一斉に飛び散る。	ecl-batch-editorial
ecl.5.81.01033	ここの血だまりが、みるみる乾いていく。	ecl-batch-editorial
ecl.5.81.01067	何者かに見られている気配がする。	ecl-batch-editorial
ecl.5.81.01098	酸液ガエルがぎょろ目で君たちを見つめている。	ecl-batch-editorial
ecl.5.81.01130	ここには、巨大な酸液ガエルに押しつぶされた	ecl-batch-editorial
ecl.5.81.01171	RAMの戦士の死体だ。	ecl-batch-editorial
ecl.5.81.01183	RAMの襲撃チームが君たちを見つけ、攻撃してくる！	ecl-batch-editorial
ecl.5.81.01273	酸液ガエルが加勢に来た。	ecl-batch-editorial
ecl.5.81.01327	ここは酸液ガエルの飼育場だ。鉄格子越しに	ecl-batch-editorial
ecl.5.81.01367	少なくとも12体の改造人が、	ecl-batch-editorial
ecl.5.81.01406	黄色い泥の中を跳ね回るのが見える。カエルたちは戦いの	ecl-batch-editorial
ecl.5.81.01448	物音で狂乱している。	ecl-batch-editorial
ecl.5.81.01469	酸液ガエルを放してやるか？	ecl-batch-editorial
ecl.5.81.01553	酸液ガエルは君たちなど眼中になく、	ecl-batch-editorial
ecl.5.81.01590	チームの上に跳び乗り、すり抜けていく。	ecl-batch-editorial
ecl.5.81.01646	酸液ガエルは君たちを味方と認め、	ecl-batch-editorial
ecl.5.81.01684	チームの周りを暴れ回る。遠くから聞こえてくるのは、	ecl-batch-editorial
ecl.5.81.01726	隠れていたRAMの戦士たちの苦悶の叫びだ。カエルが	ecl-batch-editorial
ecl.5.81.01768	彼らを見つけ出し、襲っているのだ。	ecl-batch-editorial
ecl.5.81.01795	酸液ガエルは君たちが敵だと察し、その一部が	ecl-batch-editorial
ecl.5.81.01837	暴れ回るのをやめ、襲いかかってくる。	ecl-batch-editorial
ecl.5.81.01876	戦闘で狂った酸液ガエルが襲いかかる！	ecl-batch-editorial
ecl.5.81.01929	飼育場は空っぽだ。酸液ガエルは	ecl-batch-editorial
ecl.5.81.01964	町中に散らばっている。	ecl-batch-editorial
ecl.5.81.01993	遠く北のほうから子供の泣き声が聞こえる。	ecl-batch-editorial
ecl.5.81.02029	ここは補給用の物置小屋だ。	ecl-batch-editorial
ecl.5.81.02069	大きな帆布の袋を見つけた。	ecl-batch-editorial
ecl.5.81.02098	放置	ecl-batch-editorial
ecl.5.81.02106	開ける	ecl-batch-editorial
ecl.5.81.02114	取る	ecl-batch-editorial
ecl.5.81.02139	袋の中身を見て、吐き気を催す。	ecl-batch-editorial
ecl.5.81.02178	袋の中身は酸液ガエルの餌だと推測した。	ecl-batch-editorial
ecl.5.81.02223	袋をどうする？	ecl-batch-editorial
ecl.5.81.02254	拾う	ecl-batch-editorial
ecl.5.81.02272	味見	ecl-batch-editorial
ecl.5.81.02298	酸液ガエルの餌の袋を手に入れた。	ecl-batch-editorial
ecl.5.81.02335	全員が咳き込み、えずく！！	ecl-batch-editorial
ecl.5.81.02380	カエルの餌をどうする？	ecl-batch-editorial
ecl.5.81.02415	持っていく	ecl-batch-editorial
ecl.5.81.02426	置いていく	ecl-batch-editorial
ecl.5.81.02451	地下室へ続く金属の梯子を見つけた。	ecl-batch-editorial
ecl.5.81.02498	下から泣き声が聞こえる。	ecl-batch-editorial
ecl.5.81.02524	梯子を下りるか？	ecl-batch-editorial
ecl.5.81.02586	地下室から上へ続く梯子だ。	ecl-batch-editorial
ecl.5.81.02626	すぐ近くから泣き声が聞こえる。	ecl-batch-editorial
ecl.5.81.02658	梯子を上るか？	ecl-batch-editorial
ecl.5.81.02731	君たちに隠れ場所を見つけられた幼いローランダーは	ecl-batch-editorial
ecl.5.81.02770	泣きやみ、聞き覚えのない	ecl-batch-editorial
ecl.5.81.02803	言葉でぶつぶつ話し始める。	ecl-batch-editorial
ecl.5.81.02909	幼いローランダーが何を言っているのかは	ecl-batch-editorial
ecl.5.81.02950	わからないが、一緒に来たがっているのは明らかだ。	ecl-batch-editorial
ecl.5.81.02991	リアンダーは辛抱強く聞き、通訳する。	ecl-batch-editorial
ecl.5.81.03027	「あの子はっ、父親探しを手伝ってほしいそうだ。」	ecl-batch-editorial
ecl.5.81.03067	ローランダーの赤ん坊をチームに加えるか？	ecl-batch-editorial
ecl.5.81.03127	君たちの意思に反して、赤ん坊が後をついてくる。	ecl-batch-editorial
ecl.5.81.03169	どこへ行ってもついてくる。	ecl-batch-editorial
ecl.5.81.03234	ここはローランダーの町の倉庫だ。窓越しに	ecl-batch-editorial
ecl.5.81.03275	のぞくと、中に群がる沼	ecl-batch-editorial
ecl.5.81.03329	それでも倉庫を調べるか？	ecl-batch-editorial
ecl.5.81.03385	この倉庫のドアは踏み倒されて	ecl-batch-editorial
ecl.5.81.03438	沼スズメバチの代わりに、倉庫は今	ecl-batch-editorial
ecl.5.81.03479	腹をすかせて見える酸液ガエルだらけだ。	ecl-batch-editorial
ecl.5.81.03568	酸液ガエルが、かつて巣くっていた	ecl-batch-editorial
ecl.5.81.03610	倉庫の沼スズメバチを食い尽くした。室内の補給品はどれも	ecl-batch-editorial
ecl.5.81.03655	カエルの酸粘液にまみれている。	ecl-batch-editorial
ecl.5.81.03704	酸液ガエルは知らん顔だ。	ecl-batch-editorial
ecl.5.81.03728	酸液ガエルは君たちの餌の袋を見つめ、	ecl-batch-editorial
ecl.5.81.03765	期待にぎょろ目を輝かせている。	ecl-batch-editorial
ecl.5.81.03795	餌をカエルたちに与えるか？	ecl-batch-editorial
ecl.5.81.03828	酸液ガエルは餌をがつがつ平らげた。以後、1、2匹が	ecl-batch-editorial
ecl.5.81.03870	餌のおかわりを期待して、君たちにつきまとう。	ecl-batch-editorial
ecl.5.81.03936	倉庫は腹をすかせて見える酸液ガエルでいっぱいだ。	ecl-batch-editorial
ecl.5.81.04012	沼スズメバチが群れをなして押し寄せる！	ecl-batch-editorial
ecl.5.81.04063	倉庫を調べた。さまざまな	ecl-batch-editorial
ecl.5.81.04104	原始的な頭飾りや工芸品の陰に、	ecl-batch-editorial
ecl.5.81.04151	グラビトール製造用の科学機器を見つけた。	ecl-batch-editorial
ecl.5.81.04201	奥で、クレジットのぎっしり詰まった缶と、	ecl-batch-editorial
ecl.5.81.04244	爆薬が数個見つかった。	ecl-batch-editorial
ecl.5.81.04282	倉庫には、新たに見つかるものはなかった。	ecl-batch-editorial
ecl.5.81.04328	このドアは固く封鎖され、	ecl-batch-editorial
ecl.5.81.04367	壊して開ければ、小屋全体が倒壊しかねない。	ecl-batch-editorial
ecl.5.81.04411	殺されたローランダーの一家の遺体を見つけた。	ecl-batch-editorial
ecl.5.81.04451	立ち去ろうと振り向くと、ローランダーの男が	ecl-batch-editorial
ecl.5.81.04497	倒れた机の陰から飛び出し、震える手でレーザーライフルを	ecl-batch-editorial
ecl.5.81.04543	チームに向けた。「だっ、誰だ？」と彼は問い詰める。	ecl-batch-editorial
ecl.5.81.04603	NEOの諜報員だと名乗ると、彼はすぐに	ecl-batch-editorial
ecl.5.81.04646	銃を下ろした。「来てくれて嬉しいっ。役に立ちそうな	ecl-batch-editorial
ecl.5.81.04691	情報があるんだ」と彼は言う。	ecl-batch-editorial
ecl.5.81.04735	銃を構えたまま後ずさる。外に出るなり、	ecl-batch-editorial
ecl.5.81.04778	彼がドアを塞ぐ音が聞こえる。	ecl-batch-editorial
ecl.5.81.04852	彼はローランダーとRAMの裏取引について語った。	ecl-batch-editorial
ecl.5.81.04894	彼の話	ecl-batch-editorial
ecl.5.81.04908	「今すぐっ出ていってくれ。この家に人目を	ecl-batch-editorial
ecl.5.81.04956	引く前に」とローランダーは言い、君たちを外まで送った。	ecl-batch-editorial
ecl.5.81.05084	ローランダーの一団が見える。彼らは今にも	ecl-batch-editorial
ecl.5.81.05124	塀を越える構えだ。負傷した女性を担いでいる。	ecl-batch-editorial
ecl.5.81.05165	彼らのリーダーに、害意はないと請け合う。	ecl-batch-editorial
ecl.5.81.05204	「どうかっ助けてください」と彼女は言う。「私の医療	ecl-batch-editorial
ecl.5.81.05245	キットで、この人を救わなきゃ。でも医療物資庫の	ecl-batch-editorial
ecl.5.81.05289	鍵はRAMの士官に持っていかれたの。	ecl-batch-editorial
ecl.5.81.05342	町の西側の大きな小屋へ行って。」	ecl-batch-editorial
ecl.5.81.05381	彼女は声を落とす。「セキュリティコードは683。持って	ecl-batch-editorial
ecl.5.81.05436	彼女は武器と防具を渡してくれた。	ecl-batch-editorial
ecl.5.81.05493	南の大きな家から泣き声が聞こえる。	ecl-batch-editorial
ecl.5.81.05535	「鍵を持っているのね。お願い、キットを	ecl-batch-editorial
ecl.5.81.05547	鍵ね。お願い、キットを物資庫から持ってきて。お願い、鍵を見つけてそれを使って	ecl-batch-editorial
ecl.5.81.05577	物資庫から持ってきて。	ecl-batch-editorial
ecl.5.81.05601	お願い、鍵を見つけて、それを使って	ecl-batch-editorial
ecl.5.81.05641	物資庫に入って。	ecl-batch-editorial
ecl.5.81.05661	生存者たちは、君たちが	ecl-batch-editorial
ecl.5.81.05702	医療物資がないと知って落胆する。	ecl-batch-editorial
ecl.5.81.05797	生存者たちは感謝しつつ医療キットを	ecl-batch-editorial
ecl.5.81.05834	受け取り、塀を越えて逃げる。リーダーは残った。	ecl-batch-editorial
ecl.5.81.05880	「渡せるものは、もうわずかでっす」と彼女は言う。「でも、これは	ecl-batch-editorial
ecl.5.81.05926	お役に立つはずでっす。」	ecl-batch-editorial
ecl.5.81.05941	地図を受け取り、じっくり調べた。	ecl-batch-editorial
ecl.5.81.05982	「基地はずっと南の山の中に隠されていまっす。そして	ecl-batch-editorial
ecl.5.81.06030	東へ数歩でっす。幸運を祈っていまっす。」彼女は去った。	ecl-batch-editorial
ecl.5.81.06104	RAMの士官が机に足を乗せていびきをかいている。	ecl-batch-editorial
ecl.5.81.06145	少なくとも30本の鍵がついた鍵束が、	ecl-batch-editorial
ecl.5.81.06190	彼のポケットからはみ出している。どうする？	ecl-batch-editorial
ecl.5.81.06221	鍵を盗む	ecl-batch-editorial
ecl.5.81.06231	士官を殺す	ecl-batch-editorial
ecl.5.81.06267	忍び足で部屋を出た。	ecl-batch-editorial
ecl.5.81.06314	誰がポケットから抜き取る？	ecl-batch-editorial
ecl.5.81.06365	鍵束を手に入れた！	ecl-batch-editorial
ecl.5.81.06390	RAMの士官はまだ眠っている。	ecl-batch-editorial
ecl.5.81.06418	さて、どうする？	ecl-batch-editorial
ecl.5.81.06475	士官が目を覚ました！「死ね、愚か者ども！」と怒鳴り、	ecl-batch-editorial
ecl.5.81.06516	笛を吹く。部屋に警備ロボットがなだれ込んだ。	ecl-batch-editorial
ecl.5.81.06637	巨大な鍵束が、床の上の	ecl-batch-editorial
ecl.5.81.06679	士官の死体のそばに落ちている。それを拾い、自分のポケットに入れた。	ecl-batch-editorial
ecl.5.81.06728	鍵束を取った	ecl-batch-editorial
ecl.5.81.06801	この医療物資庫は、ローランダーの	ecl-batch-editorial
ecl.5.81.06843	見慣れない技術で施錠されている。入るには鍵と	ecl-batch-editorial
ecl.5.81.06886	セキュリティコードが必要だ。	ecl-batch-editorial
ecl.5.81.06918	医療物資庫のドアが開いている。	ecl-batch-editorial
ecl.5.81.06958	セキュリティコードを入力したが、それでも	ecl-batch-editorial
ecl.5.81.06999	鍵がなければこのドアは開けられない。	ecl-batch-editorial
ecl.5.81.07031	鍵束には30本の鍵がついているが、ついに	ecl-batch-editorial
ecl.5.81.07073	正しい一本を見つけ出した。しかし、まだ	ecl-batch-editorial
ecl.5.81.07118	開けるにはセキュリティコードが必要だ。	ecl-batch-editorial
ecl.5.81.07199	正しい一本を見つけ出した。セキュリティ	ecl-batch-editorial
ecl.5.81.07244	コードを入力すると、医療物資庫のドアが開いた。	ecl-batch-editorial
ecl.5.81.07297	ここの医療物資は大半がローランダー向けだが、	ecl-batch-editorial
ecl.5.81.07340	解毒剤がいくつか見つかった。それに上等な武器が2つ	ecl-batch-editorial
ecl.5.81.07388	奥に隠してある。	ecl-batch-editorial
ecl.5.81.07430	ローランダーの医療キットを手に入れた。	ecl-batch-editorial
ecl.5.81.07479	この大きな小屋は、かつて	ecl-batch-editorial
ecl.5.81.07520	村の政治の中心だったようだ。	ecl-batch-editorial
ecl.5.81.07553	北東から泣き声が聞こえる。	ecl-batch-editorial
ecl.5.81.07674	小屋の壁は、レーザーの焼け跡だらけだ。	ecl-batch-editorial
ecl.5.81.07707	ローランダー2人が、町を抜け出そうとしている。	ecl-batch-editorial
ecl.5.81.07749	彼らは君たちに、北東の隅で落ち合おうと促す。	ecl-batch-editorial
ecl.5.81.07793	この小さな小屋は無人だ。壁の一つに小さな字で	ecl-batch-editorial
ecl.5.81.07832	誰かが「北東隅」と刻みつけている。	ecl-batch-editorial
ecl.5.81.07863	小屋の主たちが、床で息絶えている。	ecl-batch-editorial
ecl.5.81.07905	床は血の海だ。	ecl-batch-editorial
ecl.5.81.07932	この小屋のローランダーたちは死んだが、	ecl-batch-editorial
ecl.5.81.07971	RAMの暗殺者4人を道連れにした。	ecl-batch-editorial
ecl.5.81.07997	ローランダーの赤子が揺り籠で死んでいる。RAMは	ecl-batch-editorial
ecl.5.81.08036	誰一人容赦しない。	ecl-batch-editorial
ecl.5.81.08051	あまりに凄惨で描写できない。RAMは	ecl-batch-editorial
ecl.5.81.08090	実に徹底していた。	ecl-batch-editorial
ecl.5.81.08118	ここは町で一番大きな小屋だ。比較的、無傷のようだ。	ecl-batch-editorial
ecl.5.81.08178	中から泣き声が聞こえる。	ecl-batch-editorial
ecl.5.82.00174	トンネルの突き当たりは、8人用兵舎の奥だ。	ecl-batch-editorial
ecl.5.82.00217	壁の中から活動のうなりが響く。ここは明らかに、先ほど	ecl-batch-editorial
ecl.5.82.00263	離れた基地よりずっと発達した、RAMの前哨基地だ。	ecl-batch-editorial
ecl.5.82.00368	両側の壁に、RAM記章が印刷されている。	ecl-batch-editorial
ecl.5.82.00413	床の格子が吸引を始め、君たちのブーツの	ecl-batch-editorial
ecl.5.82.00460	酸の泥がすっかり落ちた。	ecl-batch-editorial
ecl.5.82.00502	格納庫の爆発が、RAMに	ecl-batch-editorial
ecl.5.82.00542	君たちの存在を知らせた！待ち伏せだ！	ecl-batch-editorial
ecl.5.82.00574	RAMの襲撃チームが、ドアの内側で	ecl-batch-editorial
ecl.5.82.00617	君たちを待ち構えていた。待ち伏せだ！	ecl-batch-editorial
ecl.5.82.01205	ここは硫黄の臭いがする。	ecl-batch-editorial
ecl.5.82.01230	近くの床から、ブーツの靴音が聞こえる。	ecl-batch-editorial
ecl.5.82.01267	失敗した実験体が、這うように通り過ぎる。	ecl-batch-editorial
ecl.5.82.01298	壁にRAM記章が印刷されている。	ecl-batch-editorial
ecl.5.82.01348	腹がぐうぐう鳴っている。	ecl-batch-editorial
ecl.5.82.01378	もっとジャンクフードが食べたい。	ecl-batch-editorial
ecl.5.82.01401	遠くで大きな音がした。	ecl-batch-editorial
ecl.5.82.01430	近くの部屋からいびきが聞こえる。	ecl-batch-editorial
ecl.5.82.01472	すぐ近くで低い話し声がする。壁に耳を当てると、	ecl-batch-editorial
ecl.5.82.01511	囚人に関する話が、かすかに聞こえた。場所は	ecl-batch-editorial
ecl.5.82.01553	第3層だ。	ecl-batch-editorial
ecl.5.82.01573	誰かが、壁に印刷されたRAM記章に	ecl-batch-editorial
ecl.5.82.01611	口ひげを描き足している。	ecl-batch-editorial
ecl.5.82.01663	ジャンクフードの蓄えを見つけた。食べるか？	ecl-batch-editorial
ecl.5.82.01701	ジャンクフードをがつがつ食べた。	ecl-batch-editorial
ecl.5.82.01734	ジャンクフードを置いていった。	ecl-batch-editorial
ecl.5.82.01762	ジャンクフードの蓄えをまた見つけた！食べるか？	ecl-batch-editorial
ecl.5.82.01804	腹を壊した。	ecl-batch-editorial
ecl.5.82.01832	前方の廊下を、アシディシウムが滑っていく。	ecl-batch-editorial
ecl.5.82.01873	壁の落書きにはこうある：	ecl-batch-editorial
ecl.5.82.01898	「キルロイ参上。」	ecl-batch-editorial
ecl.5.82.01917	黄色い酸のかすにまみれたブーツを見つけた。	ecl-batch-editorial
ecl.5.82.01955	周囲でコンピューターがうなっている。	ecl-batch-editorial
ecl.5.82.01981	インターコムがブーンと鳴り、パチパチとはぜて静まった。	ecl-batch-editorial
ecl.5.82.02024	突然、危険の予感が胸をよぎった。	ecl-batch-editorial
ecl.5.82.02058	すぐ近くで警備ロボットの音が聞こえる！	ecl-batch-editorial
ecl.5.82.02147	RAMの戦士が君たちを見つけ、襲ってくる！	ecl-batch-editorial
ecl.5.82.02200	アシディシウムに気づかれた！襲ってくる！	ecl-batch-editorial
ecl.5.82.02253	警備ロボットに発見された！	ecl-batch-editorial
ecl.5.82.02319	エレベーターのボタンは4つ。番号は	ecl-batch-editorial
ecl.5.82.02358	1から4まで。壁に貼られたメモにはこうある：	ecl-batch-editorial
ecl.5.82.02416	どのボタンを押す？	ecl-batch-editorial
ecl.5.82.02484	録音された声が言う。「利用されない方は、	ecl-batch-editorial
ecl.5.82.02525	エレベーターを直ちにお降りください。」	ecl-batch-editorial
ecl.5.82.02563	録音された声が言う。「すでにその階におります。	ecl-batch-editorial
ecl.5.82.02608	別の階をお選びください。」	ecl-batch-editorial
ecl.5.82.02642	エレベーターがうなり、ほどなく着いたのは	ecl-batch-editorial
ecl.5.82.02682	1階だ。	ecl-batch-editorial
ecl.5.82.02783	2階だ。	ecl-batch-editorial
ecl.5.82.02885	3階だ。	ecl-batch-editorial
ecl.5.82.02946	エレベーターはガタつき、ようやく着いたのは	ecl-batch-editorial
ecl.5.82.02987	4階だ。	ecl-batch-editorial
ecl.5.82.03071	壁の銘板にはこうある：	ecl-batch-editorial
ecl.5.82.03097	「1階——研究所」	ecl-batch-editorial
ecl.5.82.03142	「2階——兵舎	ecl-batch-editorial
ecl.5.82.03162	関係者以外立入禁止」	ecl-batch-editorial
ecl.5.82.03213	「3階——管理事務室	ecl-batch-editorial
ecl.5.82.03269	壁に貼られたメモにはこうある：	ecl-batch-editorial
ecl.5.82.03298	「危険——工事中。」	ecl-batch-editorial
ecl.5.82.03371	壁のメモにはこうある：	ecl-batch-editorial
ecl.5.82.03396	アシディシウム化合物 →	ecl-batch-editorial
ecl.5.82.03421	← 戦闘ロボット（危険）」	ecl-batch-editorial
ecl.5.82.03474	← アシディシウム化合物	ecl-batch-editorial
ecl.5.82.03496	戦闘ロボット（危険）→」	ecl-batch-editorial
ecl.5.82.03526	ドアに貼られたメモにはこうある：	ecl-batch-editorial
ecl.5.82.03551	アシディシウム化合物	ecl-batch-editorial
ecl.5.82.03594	戦闘ロボット（危険）	ecl-batch-editorial
ecl.5.82.03626	アシディシウムが、ぬめった塊となって這い寄ってくる。	ecl-batch-editorial
ecl.5.82.03689	床には、泡立つ死体が散乱している。その正体は……	ecl-batch-editorial
ecl.5.82.03752	警備ロボットに捕捉された。	ecl-batch-editorial
ecl.5.82.03804	ロボットの破片が部屋中に散乱している。	ecl-batch-editorial
ecl.5.82.03904	このセキュリティドアは、正しい	ecl-batch-editorial
ecl.5.82.03946	鍵を鍵束の中に見つければ開く。	ecl-batch-editorial
ecl.5.82.03966	セキュリティドアの看板にはこうある：エレベーターへ	ecl-batch-editorial
ecl.5.82.04006	このセキュリティドアは爆薬でも破壊できない。	ecl-batch-editorial
ecl.5.82.04051	開かない。	ecl-batch-editorial
ecl.5.82.04073	ここは基地の主要な出口だ。上へ続く先は	ecl-batch-editorial
ecl.5.82.04115	金星ジャングルだ。基地を出るか？	ecl-batch-editorial
ecl.5.82.04161	扉の向こうは暗いトンネルで、滴り落ちているのは	ecl-batch-editorial
ecl.5.82.04202	酸だ。トンネルに入るか？	ecl-batch-editorial
ecl.5.82.04269	ローランダーの技術者たちは、君たちが	ecl-batch-editorial
ecl.5.82.04311	ランドンの伝言を届けるまで、ここに留まる。	ecl-batch-editorial
ecl.5.82.04342	ローランダーの科学者の一団が	ecl-batch-editorial
ecl.5.82.04381	この部屋に囚われている。君たちは彼らと話をし、	ecl-batch-editorial
ecl.5.82.04410	遭遇の経緯	ecl-batch-editorial
ecl.5.82.04432	ローランダーの技術者たちは、急いでランドンに会いに行く。	ecl-batch-editorial
ecl.5.82.04554	壁を叩いて、ローランダーの勝利の暗号を送る。	ecl-batch-editorial
ecl.5.82.04593	しばらくして、ランドンが慎重に近づいてくる。	ecl-batch-editorial
ecl.5.82.04652	「町へ行って、むっすこを助けてくだっさい。」ランドンはほかに	ecl-batch-editorial
ecl.5.82.04695	何も話そうとしない。	ecl-batch-editorial
ecl.5.82.04799	ランドンは幼いゼインを見て大喜びする。「わたしの	ecl-batch-editorial
ecl.5.82.04835	むっすこ！助けてくれて感謝しまっす。」	ecl-batch-editorial
ecl.5.82.04865	ゼインはチームを離れ、父親のもとに戻る。	ecl-batch-editorial
ecl.5.82.04913	「お礼に、	ecl-batch-editorial
ecl.5.82.04927	わたしが隠しておいた、RAMの	ecl-batch-editorial
ecl.5.82.04965	網膜開錠具の一つのありかを教えまっす。彼らには、とても大切なものでっす。」	ecl-batch-editorial
ecl.5.82.05008	彼は隠し場所を教える。開錠具は	ecl-batch-editorial
ecl.5.82.05048	研究所2号の床パネルの下にあるという。「手に入れたら、	ecl-batch-editorial
ecl.5.82.05093	戻ってきてくだっさい。秘密のトンネルを探しましょう。」	ecl-batch-editorial
ecl.5.82.05139	ランドンは息子のゼインを見たかと尋ねる。君たちが	ecl-batch-editorial
ecl.5.82.05181	ゼインの運命を話すと、彼は悲しみに打ちひしがれる。	ecl-batch-editorial
ecl.5.82.05225	「あの子を助けようとしてくれたのですね。」ようやく彼が言う。「あなた方には	ecl-batch-editorial
ecl.5.82.05272	お礼をすべきでっす。」	ecl-batch-editorial
ecl.5.82.05309	「網膜開錠具を手に入れてくだっさい。それから一緒に、秘密の	ecl-batch-editorial
ecl.5.82.05380	「この階のどこかに秘密の扉がありまっす。見つけて	ecl-batch-editorial
ecl.5.82.05423	ここで会いましょう。」	ecl-batch-editorial
ecl.5.82.05446	「秘密の扉を見つけたのですね！どうか、ほかの	ecl-batch-editorial
ecl.5.82.05490	技術者を連れてきてくだっさい。脱出できまっす！」	ecl-batch-editorial
ecl.5.82.05530	「ほかの技術者をここへ連れてきてくだっさい。」	ecl-batch-editorial
ecl.5.82.05570	ランドンが君たちの前に現れる。「わたしと他の者たちは	ecl-batch-editorial
ecl.5.82.05615	今から出発しまっす。申し訳ありませんが、トンネルの酸は	ecl-batch-editorial
ecl.5.82.05663	あなた方と装備には強すぎます。ご協力に感謝しまっす。」	ecl-batch-editorial
ecl.5.82.05804	リアンダーはチームの他の面々に話す。「わたしは今ここで、	ecl-batch-editorial
ecl.5.82.05849	あなた方と別れ、同胞のもとに残らねばなりまっせん。あなた方が	ecl-batch-editorial
ecl.5.82.05894	任務を果たせるよう祈っていまっす。」	ecl-batch-editorial
ecl.5.82.05925	スコットが無線で連絡してくる。「思うに、	ecl-batch-editorial
ecl.5.82.05964	金星でこれ以上できることはない。時間の余裕が	ecl-batch-editorial
ecl.5.82.06007	ない。船に戻れ。」	ecl-batch-editorial
ecl.5.82.06040	秘密の扉を見つけた！	ecl-batch-editorial
ecl.5.82.06104	床のパネルの下に、RAMの網膜	ecl-batch-editorial
ecl.5.82.06145	開錠具を見つけた！ランドンの手がかりなしでは見つからなかっただろう。	ecl-batch-editorial
ecl.5.82.06204	網膜開錠具を手に入れた。	ecl-batch-editorial
ecl.5.82.06236	床パネルの下の隠し収納は空だ。	ecl-batch-editorial
ecl.5.82.06307	この会議室は、RAMの士官と	ecl-batch-editorial
ecl.5.82.06345	戦士でいっぱいだ。入るなり、全員に武器を向けられる。君たちは	ecl-batch-editorial
ecl.5.82.06389	武器を出せと命じられる。	ecl-batch-editorial
ecl.5.82.06422	君たちはどうする？	ecl-batch-editorial
ecl.5.82.06479	君たちは堂々と武器を抜き、	ecl-batch-editorial
ecl.5.82.06518	彼らの中へ突っ込む。	ecl-batch-editorial
ecl.5.82.06555	部屋を調べたが、めぼしいものは何も見つからない。	ecl-batch-editorial
ecl.5.82.06601	君たちは背を向けて逃げ出す。彼らは背後から撃ち、警報を鳴らす！	ecl-batch-editorial
ecl.5.82.06701	室内の全員が、満場一致で君たちの	ecl-batch-editorial
ecl.5.82.06740	即時銃殺に賛成票を投じる。	ecl-batch-editorial
ecl.5.82.06799	アシディシウムがせっせと肉を	ecl-batch-editorial
ecl.5.82.06838	この部屋の死体からそぎ落としている。後には、くすぶる骸骨が残る。	ecl-batch-editorial
ecl.5.82.06901	ここはRAMの8人用兵舎だ。狭い寝台が	ecl-batch-editorial
ecl.5.82.06943	4段に積まれている。	ecl-batch-editorial
ecl.5.82.06983	RAMの士官数名の邪魔をしてしまった。	ecl-batch-editorial
ecl.5.82.07015	彼らが飛びかかってくる。	ecl-batch-editorial
ecl.5.82.07088	ここは小さな事務室だ。壁に掛かった肖像画は	ecl-batch-editorial
ecl.5.82.07123	ホルツァーハインのもので、机のちょうど真上にある。	ecl-batch-editorial
ecl.5.82.07174	RAMの暗殺者が数名、武器を抜いて突進してくる。	ecl-batch-editorial
ecl.5.82.07263	この部屋では、RAMの戦士3人が	ecl-batch-editorial
ecl.5.82.07304	長距離無線機に向かって話している。彼らは武器に手を伸ばすが、	ecl-batch-editorial
ecl.5.82.07348	君たちのチームの戦力を見きわめて、ためらう。	ecl-batch-editorial
ecl.5.82.07390	にらみ合いになった。	ecl-batch-editorial
ecl.5.82.07428	威嚇する	ecl-batch-editorial
ecl.5.82.07458	戦士たちは君たちの露骨な	ecl-batch-editorial
ecl.5.82.07494	怯えぶりに勢いづき、攻撃してくる！	ecl-batch-editorial
ecl.5.82.07530	戦士たちは狼狽し、逃れる手立てを探している……	ecl-batch-editorial
ecl.5.82.07614	スコットから連絡が入る。「君たちが戦っている間に、	ecl-batch-editorial
ecl.5.82.07653	RAMのメインフレームをスキャンした。見つかった記録は	ecl-batch-editorial
ecl.5.82.07695	水星のマリポサ3号にある終末装置に関するものだ。	ecl-batch-editorial
ecl.5.82.07738	深入りしていれば、ホルツァーハインに気づかれていた。」	ecl-batch-editorial
ecl.5.82.07826	戦士たちは、君たちの威嚇を面白がっている。	ecl-batch-editorial
ecl.5.82.07886	戦士たちは怖気づき、こう白状する。	ecl-batch-editorial
ecl.5.82.07926	終末装置は水星の	ecl-batch-editorial
ecl.5.82.07970	マリポサ3号にあり、金星のレンズも既に	ecl-batch-editorial
ecl.5.82.08009	そこにあるという。彼らは命乞いをする。	ecl-batch-editorial
ecl.5.82.08043	情けをかける	ecl-batch-editorial
ecl.5.82.08073	戦士たちは信用できない。君たちが去ればすぐに	ecl-batch-editorial
ecl.5.82.08112	警報を鳴らすだろう。君たちは攻撃した。	ecl-batch-editorial
ecl.5.82.08156	君たちは戦士たちを縛り、口をふさいで	ecl-batch-editorial
ecl.5.82.08195	収納庫に閉じ込める。	ecl-batch-editorial
ecl.5.82.08239	RAMの戦士2人が、縛られ口をふさがれた状態で	ecl-batch-editorial
ecl.5.82.08281	収納庫の床に転がっている。	ecl-batch-editorial
ecl.5.82.08301	殺す	ecl-batch-editorial
ecl.5.82.08329	彼らを皆殺しにした。	ecl-batch-editorial
ecl.5.82.08357	床にはRAMの戦士2人の死体が転がっている。	ecl-batch-editorial
ecl.5.82.08399	ドアの銘板にはこうある：	ecl-batch-editorial
ecl.5.82.08425	主研究所	ecl-batch-editorial
ecl.5.82.08462	研究所2号	ecl-batch-editorial
ecl.5.82.08497	研究所3号	ecl-batch-editorial
ecl.5.82.08506	割れたビーカーや機材の破片が散乱している……	ecl-batch-editorial
ecl.5.82.08581	コンピューター室1	ecl-batch-editorial
ecl.5.82.08623	コンピューター室2	ecl-batch-editorial
ecl.5.82.08650	ここは土の床で、とても深い酸の	ecl-batch-editorial
ecl.5.82.08690	水たまりがある。近くの酸ポンプはひどくひしゃげている。君たちは	ecl-batch-editorial
ecl.5.82.08736	酸の水面下で動くものに気づいた。調べるか？	ecl-batch-editorial
ecl.5.82.08781	ウルサダーが酸の中から飛び出し、君たちに襲いかかる！	ecl-batch-editorial
ecl.5.82.08845	ここには深い酸の池がある。酸は	ecl-batch-editorial
ecl.5.82.08884	殺されたウルサダーの血で赤く染まっている。	ecl-batch-editorial
ecl.5.82.08917	ここから、酸に満ちたトンネルがジャングルへ通じている。	ecl-batch-editorial
ecl.5.82.08956	この酸は強力すぎて、君たちの防具でも	ecl-batch-editorial
ecl.5.82.08995	身を守れない。たとえ生き延びても、装備は	ecl-batch-editorial
ecl.5.82.09036	すべて破壊される。	ecl-batch-editorial
ecl.5.82.09063	壁の看板にはこうある：	ecl-batch-editorial
ecl.5.82.09088	「エレベーターはこちら →」	ecl-batch-editorial
ecl.5.83.00207	スコットが姿を現す。君たちが入った洞窟は、	ecl-batch-editorial
ecl.5.83.00246	ねじれた鉄骨と朽ちかけたケーブルだらけだ。	ecl-batch-editorial
ecl.5.83.00278	「現在地は、金星の	ecl-batch-editorial
ecl.5.83.00320	宇宙エレベーターの残骸の一部だ。2285年にRAMに破壊された。その	ecl-batch-editorial
ecl.5.83.00366	残骸は低地全域に散らばっている。	ecl-batch-editorial
ecl.5.83.00404	残骸と地表の稲妻が、こちらの	ecl-batch-editorial
ecl.5.83.00444	センサーを混乱させている。用心しろ。ここは	ecl-batch-editorial
ecl.5.83.00488	RAMが機械や兵器を隠すのに最適だ。」	ecl-batch-editorial
ecl.5.83.00525	「町を調べておくのが賢明かもしれない。	ecl-batch-editorial
ecl.5.83.00565	まず北からだ。」	ecl-batch-editorial
ecl.5.83.00973	トンネルの先は、RAMの小さな前哨基地だ。	ecl-batch-editorial
ecl.5.83.01019	前哨基地は暗く、動物の鳴き声が	ecl-batch-editorial
ecl.5.83.01060	廊下に響いている。蔦が天井の割れ目から垂れ下がっている。	ecl-batch-editorial
ecl.5.83.01108	ここからジャングルへ登って戻れる。	ecl-batch-editorial
ecl.5.83.01147	廃墟から出るか？	ecl-batch-editorial
ecl.5.83.01180	はしごが、地下の開発区画へ通じている。	ecl-batch-editorial
ecl.5.83.01219	はしごを降りるか？	ecl-batch-editorial
ecl.5.83.01318	はしごの上は宇宙エレベーターの廃墟だ。	ecl-batch-editorial
ecl.5.83.01360	はしごを登るか？	ecl-batch-editorial
ecl.5.83.01445	ねじ曲がった宇宙エレベーターの廃墟が頭上にそびえる。	ecl-batch-editorial
ecl.5.83.01496	土の山と泥の水たまりが、	ecl-batch-editorial
ecl.5.83.01536	地下トンネルの入口の目印だ。足跡の多さから、	ecl-batch-editorial
ecl.5.83.01581	このトンネルはRAM兵がよく使っているようだ。	ecl-batch-editorial
ecl.5.83.01675	これは君たちが見たことのない型の	ecl-batch-editorial
ecl.5.83.01717	セキュリティドアだ。鍵がなければ通れない。	ecl-batch-editorial
ecl.5.83.01765	どんな火力でもこのドアは開かないが、君たちの	ecl-batch-editorial
ecl.5.83.01809	鍵なら簡単に開く。ドアを解錠した。	ecl-batch-editorial
ecl.5.83.01853	セキュリティドアは全開だ。	ecl-batch-editorial
ecl.5.83.01893	君たちの前に巨大なセキュリティドアがある。	ecl-batch-editorial
ecl.5.83.01935	こちら側からは絶対に開けられない。	ecl-batch-editorial
ecl.5.83.02099	足の下で沼ナメクジがぐちゃっと潰れる。	ecl-batch-editorial
ecl.5.83.02125	遠くで酸液ガエルの鳴き声が聞こえる。	ecl-batch-editorial
ecl.5.83.02163	足首まで沼のヘドロに浸かっている。	ecl-batch-editorial
ecl.5.83.02193	壁から酸がしたたっている。	ecl-batch-editorial
ecl.5.83.02222	頭上で廃墟がきしみ、壁が震える。	ecl-batch-editorial
ecl.5.83.02261	タバコの煙のにおいがする。	ecl-batch-editorial
ecl.5.83.02285	遠くでコンピューターが低くうなっている。	ecl-batch-editorial
ecl.5.83.02312	ここにいると、ひどく落ち着かない。	ecl-batch-editorial
ecl.5.83.02336	背後から足音が近づいてくる。	ecl-batch-editorial
ecl.5.83.02373	すぐ近くでひそひそ声がする。	ecl-batch-editorial
ecl.5.83.02439	RAM部隊が君たちに襲いかかる！	ecl-batch-editorial
ecl.5.83.02492	改造人が壊れた	ecl-batch-editorial
ecl.5.83.02534	ドームから前哨基地へ侵入、攻撃してくる！	ecl-batch-editorial
ecl.5.83.02635	変異した改造人が、はしごを伝って君たちに群がる。	ecl-batch-editorial
ecl.5.83.02674	シューッという音と歓喜の叫びとともに、襲いかかってくる。	ecl-batch-editorial
ecl.5.83.02729	はしごは廃墟に隠された	ecl-batch-editorial
ecl.5.83.02769	小さな巣穴に続いているようだ。調べるか？	ecl-batch-editorial
ecl.5.83.02802	酸で汚れた骨と蛇の抜け殻を見つけた。	ecl-batch-editorial
ecl.5.83.02842	ここは小さなコンピューター室だ。一人の	ecl-batch-editorial
ecl.5.83.02857	ここは小さなコンピューター室だ。ひとりきりのRAMの	ecl-batch-editorial
ecl.5.83.02892	技術者が端末の一つに向かって座っている。彼は	ecl-batch-editorial
ecl.5.83.02936	君たちを見て震え上がり、見逃してくれるなら、	ecl-batch-editorial
ecl.5.83.02981	居場所は誰にも言わないと約束する。	ecl-batch-editorial
ecl.5.83.03010	見逃す	ecl-batch-editorial
ecl.5.83.03020	尋問する	ecl-batch-editorial
ecl.5.83.03034	殺す	ecl-batch-editorial
ecl.5.83.03058	金星のナメクジが、湯気の立つ酸の跡を	ecl-batch-editorial
ecl.5.83.03099	放棄された端末に残している。ジャングルはすでに	ecl-batch-editorial
ecl.5.83.03144	この前哨基地を取り戻しつつある。	ecl-batch-editorial
ecl.5.83.03177	コンピューター室は放棄され、モニターが	ecl-batch-editorial
ecl.5.83.03214	むなしく点滅している。	ecl-batch-editorial
ecl.5.83.03238	「ありがとう！」技術者は君たちの脇をすり抜け、	ecl-batch-editorial
ecl.5.83.03281	廊下へ走る。直後に警報が鳴り、君たちは	ecl-batch-editorial
ecl.5.83.03323	RAMの戦士に襲われる。	ecl-batch-editorial
ecl.5.83.03354	「グライダーの修理だけです」と技術者は言う。「詳しい情報は	ecl-batch-editorial
ecl.5.83.03393	コンピューターを調べてください。これが	ecl-batch-editorial
ecl.5.83.03438	グライダー格納庫の鍵です……お願い、見逃して！」	ecl-batch-editorial
ecl.5.83.03481	彼は格納庫の鍵を渡した。	ecl-batch-editorial
ecl.5.83.03518	技術者をどうするか、決めなければならない。	ecl-batch-editorial
ecl.5.83.03579	縛り上げる	ecl-batch-editorial
ecl.5.83.03613	技術者を縛って口をふさぎ、近くの	ecl-batch-editorial
ecl.5.83.03654	備品収納庫に閉じ込めた。	ecl-batch-editorial
ecl.5.83.03678	RAMの従業員は信用できないと分かっている。	ecl-batch-editorial
ecl.5.83.03719	その場で彼を殺した。	ecl-batch-editorial
ecl.5.83.03749	君たちはスコットを呼び、このコンピューター	ecl-batch-editorial
ecl.5.83.03794	室の調査を手伝わせる。データベースを検索し、成果を得た：	ecl-batch-editorial
ecl.5.83.03851	彼の調査結果	ecl-batch-editorial
ecl.5.83.03883	引き出しの中に格納庫の鍵を見つけた。	ecl-batch-editorial
ecl.5.83.03945	起爆キーカードを見つけたが、使うには対応する	ecl-batch-editorial
ecl.5.83.03994	コントロールボックスが必要だ。	ecl-batch-editorial
ecl.5.83.04045	グライダー用の携帯式コントロールボックスを見つけた。その唯一の	ecl-batch-editorial
ecl.5.83.04092	機能は、捕獲された際にグライダーを自爆させることだ。	ecl-batch-editorial
ecl.5.83.04138	起爆キーカードがあれば、	ecl-batch-editorial
ecl.5.83.04186	グライダーを爆破できる。	ecl-batch-editorial
ecl.5.83.04225	起爆キーカードだ！	ecl-batch-editorial
ecl.5.83.04254	コントロールボックスだ！	ecl-batch-editorial
ecl.5.83.04296	爆裂手榴弾もいくつか見つけた。	ecl-batch-editorial
ecl.5.83.04345	これでコントロールボックスを起動し、グライダーを	ecl-batch-editorial
ecl.5.83.04394	自爆させられる。グライダーを破壊するか？	ecl-batch-editorial
ecl.5.83.04435	起爆キーカードでコントロールボックスを起動し、	ecl-batch-editorial
ecl.5.83.04485	各グライダーに周波数を合わせる。	ecl-batch-editorial
ecl.5.83.04512	グライダーが爆発する。轟音とともにドームが	ecl-batch-editorial
ecl.5.83.04553	砕け散る。不気味な地鳴りとともに廃墟が	ecl-batch-editorial
ecl.5.83.04556	……砕け散る。不気味な地鳴りとともに廃墟が沈み、沼の汚泥が君たちのチームの上に	ecl-batch-editorial
ecl.5.83.04595	沈み、沼の汚泥が君たちのチームの上に	ecl-batch-editorial
ecl.5.83.04643	天井の割れ目から滴り落ちる。	ecl-batch-editorial
ecl.5.83.04677	スコットが無線で連絡してくる。「おめでとう。	ecl-batch-editorial
ecl.5.83.04718	金星でこれ以上できることはなさそうだ。	ecl-batch-editorial
ecl.5.83.04761	できるだけ早く船に戻って合流しろ。」	ecl-batch-editorial
ecl.5.83.04815	ここはRAMのグライダーでいっぱいの格納庫だ。頭上には	ecl-batch-editorial
ecl.5.83.04857	沼の泥と茂みで偽装されたガラスドームがある。	ecl-batch-editorial
ecl.5.83.04901	ドームを開ける方法が見つからず、グライダーは役に立たない。	ecl-batch-editorial
ecl.5.83.04965	周囲はグライダー格納庫の残骸だ。	ecl-batch-editorial
ecl.5.83.05005	ねじ曲がったグライダーの破片が部屋中に散乱している。	ecl-batch-editorial
ecl.5.83.05050	正体不明の改造人が、砕けたドームから下をのぞき込んでいる。	ecl-batch-editorial
ecl.5.83.05216	頭上で換気用のケーブルがきしむ。	ecl-batch-editorial
ecl.5.83.05266	絡み合ったケーブルが、爆発で崩れ落ちている。	ecl-batch-editorial
ecl.5.83.05305	メンバー1人が試しに乗り越え、道を切り開ける。	ecl-batch-editorial
ecl.5.83.05351	誰がケーブルを乗り越える？	ecl-batch-editorial
ecl.5.83.05406	ケーブルを乗り越えようとすると、足元でそれが	ecl-batch-editorial
ecl.5.83.05448	ずれて、転落した。ただし、これで	ecl-batch-editorial
ecl.5.83.05490	残りのメンバーの道は開けた。	ecl-batch-editorial
ecl.5.83.05531	ケーブルを乗り越えた！チームは	ecl-batch-editorial
ecl.5.83.05573	先へ進める。	ecl-batch-editorial
ecl.5.83.05598	ここに瓦礫の山がある。	ecl-batch-editorial
ecl.5.83.05645	ここはRAMの会議室だ。タバコの吸い殻が床に	ecl-batch-editorial
ecl.5.83.05687	転がる。	ecl-batch-editorial
ecl.5.83.05699	金星の巨大な植物が、天井の	ecl-batch-editorial
ecl.5.83.05745	穴からこの部屋に落ちてきた。調べるか？	ecl-batch-editorial
ecl.5.83.05781	植物が君たちにとげのある胞子を浴びせる。	ecl-batch-editorial
ecl.5.83.05821	敏捷力が足りず、かわせなかったメンバーは全員	ecl-batch-editorial
ecl.5.83.05863	傷を負う。	ecl-batch-editorial
ecl.6.94.00026	マリポサ3号の位置を特定……	ecl-batch-editorial
ecl.6.94.00060	スコットが船の識別コードをマリポサに送信する。	ecl-batch-editorial
ecl.6.94.00099	「着陸を許可する。」	ecl-batch-editorial
ecl.6.94.00148	マリポサが通告する。	ecl-batch-editorial
ecl.6.94.00170	「適切な許可がない。着陸は認められない。」	ecl-batch-editorial
ecl.6.94.00248	マリポサが砲撃し、君たちは逃げる……	ecl-batch-editorial
ecl.6.94.00280	ここに防爆ドアがある。	ecl-batch-editorial
ecl.6.94.00348	それでも開かない。	ecl-batch-editorial
ecl.6.95.00098	デザートランナーは、長く目を合わせ続けると怒り出す。	ecl-batch-editorial
ecl.6.95.00145	酸液ガエルは簡単に飼い慣らせる。	ecl-batch-editorial
ecl.6.95.00179	金星のローランダーが生産する薬グラビトールがなければ、宇宙旅行は不可能だ。	ecl-batch-editorial
ecl.6.95.00258	RAMを動かしているのは、高度なデジタル人格ホルツァーハインだ。	ecl-batch-editorial
ecl.6.95.00316	ローランダーとデザートランナーが母星を離れることは、まずない。	ecl-batch-editorial
ecl.6.95.00374	小惑星帯の主な小惑星には、どれも宇宙ステーションがある。	ecl-batch-editorial
ecl.6.95.00432	太陽王たちが水星のマリポサ群を支配している。	ecl-batch-editorial
ecl.6.95.00469	RAMが造った改造人のうち、最も危険なのは実験型の戦闘改造人だ。	ecl-batch-editorial
ecl.6.95.00598	金星人が君たちに告げる。「外にRAMの重巡洋艦がいるぞ。ローランダーの囚人と貴重なグラビトールで満載だ。」	ecl-batch-editorial
ecl.6.95.00715	「デザートランナーは、まっすぐ目を見る相手を好む」とバーテンダーが言う。	ecl-batch-editorial
ecl.6.95.00802	「おれはいつも、ニードルガンを最低3丁は持ち歩いてるぜ」と傭兵が自慢する。	ecl-batch-editorial
ecl.6.95.00880	「酸液ガエルは動くものなら何でも襲ってくるぞ」と聞かされる。	ecl-batch-editorial
ecl.6.95.00951	老兵が忠告する。「戦闘ではチームを必ず散開させろ！それと、医師を守れ！」	ecl-batch-editorial
ecl.6.95.01049	若い海賊が言う。「タロンは口ばかりさ。本当は弱虫なんだ。」	ecl-batch-editorial
ecl.6.95.01127	小惑星の商人が、君たちにカエルの王の話をする。見る者を畏怖させる両生類だという。	ecl-batch-editorial
ecl.6.95.01219	酒場の常連が、バック・ロジャーズとウィルマ・ディアリングは密かに婚約していると言う。	ecl-batch-editorial
ecl.6.95.01345	「偵察巡洋艦がスキャナーで『ウーウー』という音を出したら、隠し武器を積んでいる証拠だ」とウェイターが警告する。	ecl-batch-editorial
ecl.6.95.01485	客の一人が叫ぶ。「おい！あんたら、シカゴーグを救った連中じゃないか？」君たちは喝采を浴び、夕食をごちそうされる。	ecl-batch-editorial
ecl.6.95.01593	傷だらけの戦士が君たちに、重装型の戦闘ロボットに爆裂手榴弾を投げつけられたと話す。	ecl-batch-editorial
ecl.6.95.01695	別のテーブルの話し声が聞こえる。小惑星帯最大の小惑星の近くにある基地の話だ。	ecl-batch-editorial
ecl.6.95.01794	裕福なパイロットが、RAMの重巡洋艦と戦って財を成したと言う。	ecl-batch-editorial
ecl.6.95.01881	盲目の物乞いが忠告する。金星では必ずゴーグルを着けること。さもないと、酸で目が焼けてしまうという。	ecl-batch-editorial
ecl.6.95.01982	男が頭をかきむしり、叫びながらレストランを駆け抜ける。客の一人が小声で言う。「脳寄生虫……」	ecl-batch-editorial
ecl.6.95.02089	RAM青年パトロール隊の一団が、レストランの前を行進していく。その一人が手を振る。	ecl-batch-editorial
ecl.6.95.02176	バック・ロジャーズはRAMの内通者で、NEOを内部から滅ぼそうと企んでいる、という噂を耳にする。	ecl-batch-editorial
ecl.6.95.02266	ジャスティンが棚をあさり、試作機を取り出す。そこへ突然、RAMの部隊が部屋になだれ込む。	ecl-batch-editorial
ecl.6.95.02347	一人の男が進み出る。「試作機を餌に残しておけば、NEOのスパイもまとめて捕まえられると踏んでいた！」ジャスティンは物陰に飛び込み、装置をかばう。	ecl-batch-editorial
ecl.6.95.02514	武器を抜く。	ecl-batch-editorial
ecl.6.95.02573	ジャスティンは無傷の装置を掲げる。「増援が来る前に、ここを出よう。」	ecl-batch-editorial
ecl.6.95.02644	船へ向かうが、搭乗チューブで待ち構えていた別の部隊と鉢合わせする。	ecl-batch-editorial
ecl.6.95.02828	捕らえられ、処刑された。	ecl-batch-editorial
ecl.6.95.02873	宇宙へ脱出したが、RAMの巡洋艦に行く手を阻まれる……	ecl-batch-editorial
ecl.6.96.00086	エアロックをどうにかすり抜け、マリポサに潜り込んだ。ここは乗船区画だ。テクニキの通行証があれば、前方の警備所を通れるはずだ。	ecl-batch-editorial
ecl.6.96.00302	格納庫の入口は、警備警報のため封鎖されている。中には入れない。	ecl-batch-editorial
ecl.6.96.00390	機械音声が告げる。「有効な通行カードのない者は入場禁止。」	ecl-batch-editorial
ecl.6.96.00480	外の人混みで、出るに出られない。	ecl-batch-editorial
ecl.6.96.00543	ドアが開くと、熱狂的なパレードの喧騒が押し寄せてくる。パレードに加わるか？	ecl-batch-editorial
ecl.6.96.00621	人波にのみ込まれた。	ecl-batch-editorial
ecl.6.96.00724	ここでは人々が行き交っている。左へ行くか、右へ行くか？	ecl-batch-editorial
ecl.6.96.00865	コア区画に入ろうとしている。先へ進むか？	ecl-batch-editorial
ecl.6.96.01080	ロボットが盗んだバッジを読み取り、ウィーンと唸ってから告げる。「通過を確認。水星へようこそ。良い一日を。」	ecl-batch-editorial
ecl.6.96.01161	何者かがロボットに破壊工作を仕掛けた。警備所は無人だ。	ecl-batch-editorial
ecl.6.96.01234	警備を通過した途端、ウィルマ・ディアリング大佐が歩み寄ってくる。彼女は小声で言う。「よく来てくれた。終末装置はマリポサの最上部にある。君たちのチームは、コア区画を抜けてそこへ到達してほしい。」	ecl-batch-editorial
ecl.6.96.01394	彼女は続けて言う。	ecl-batch-editorial
ecl.6.96.01408	彼女の指示	ecl-batch-editorial
ecl.6.96.01426	「通行証は預かる。私のチームがそのカードで、ここの警備の注意を引きつける。警備ゲートは避けろ。見張りのいない昇降路を探せ。幸運を祈る。」	ecl-batch-editorial
ecl.6.96.01569	男が慌ただしく通り過ぎ、ぼそりとつぶやく。	ecl-batch-editorial
ecl.6.96.01597	「陸なら一つ。」	ecl-batch-editorial
ecl.6.96.01656	男はそのまま歩き去り、人混みに消えた。	ecl-batch-editorial
ecl.6.96.01708	男は廊下の脇へ来るよう手で促し、小声で言う。「よく来てくれたな、ダンサーたち。コア区画への行き方を教えよう。」男は続けて言う。	ecl-batch-editorial
ecl.6.96.01815	彼の指示	ecl-batch-editorial
ecl.6.96.01832	彼は立ち去り、人混みに消えた。	ecl-batch-editorial
ecl.6.96.01867	彼は面と向かって笑い、身を振りほどいて人混みに消えた。	ecl-batch-editorial
ecl.6.96.01945	マラーのバザールへようこそ。不思議な品なら、望むものは何でも揃っている。	ecl-batch-editorial
ecl.6.96.02030	ここでは木の柱にオウムがとまり、けたたましく鳴いている。	ecl-batch-editorial
ecl.6.96.02123	お菓子のくずを取り出してオウムにやる。オウムは鳴きやみ、くずをのみ込んだ。	ecl-batch-editorial
ecl.6.96.02223	話してくれとおだてると、オウムは肩に飛び乗ってきた。	ecl-batch-editorial
ecl.6.96.02304	オウムは突然	ecl-batch-editorial
ecl.6.96.02339	が嫌になり、指をかんだ。	ecl-batch-editorial
ecl.6.96.02374	オウムがしゃべり続ける。「ダンサーはクラッカーがほしい……バスティーユを襲え……キスしてよ……ギャーッ！！！」オウムは飛び去った。	ecl-batch-editorial
ecl.6.96.02466	オウムとは友達になれたようだ。オウムは上機嫌でしゃべり出す。「合言葉はバスティーユ……バスティーユ……ダンサーがレーザーを奪う……レーザー。」	ecl-batch-editorial
ecl.6.96.02589	鳥は続ける。「ガビランの親RAM派に対抗せよ……地球が焼ける……火星を狙え……ギャーッ！！！」	ecl-batch-editorial
ecl.6.96.02659	オウムはしゃべり疲れ、羽ばたいて飛んでいった。	ecl-batch-editorial
ecl.6.96.02712	旧型のデスクコンピューターがある。古めかしいキーボードと単眼スキャナー付きだ。埃だらけのレンズをのぞくと、画面に文字が出始める。	ecl-batch-editorial
ecl.6.96.02830	「スコットだ。証券取引所のコンピューターの中にいる。動きが激しい。ガビランが地球の企業の株を大量に空売りしている。終末装置の発射が近いと見ていい。	ecl-batch-editorial
ecl.6.96.02944	「妙なことに、対立する太陽王たちの企業連合が、ガビラン自身の株も空売りしている。あいつがまもなく窮地に陥ると見ている者がいるらしい。もう行く。逆探知されている。気を抜くな。」	ecl-batch-editorial
ecl.6.96.03109	使われていないドアに、ロープの束が立てかけてある。ドアの埃越しに『リュ・ド・ソ……行き』と読み取れる。ロープを取るか？	ecl-batch-editorial
ecl.6.96.03256	左のドアから、騒ぐ声と音楽の低い響きが漏れてくる。	ecl-batch-editorial
ecl.6.96.03315	小さな広場に出た。目を見張る衣装の人々と大きな山車が一帯を埋め、宙に浮くステレオから音楽が鳴り響いている。	ecl-batch-editorial
ecl.6.96.03423	誰かが人をかき分けて近づき、喧騒に負けじと叫ぶ。「今日はガビランの誕生日だ！仮装してパレードに加われ！」仮装するか？	ecl-batch-editorial
ecl.6.96.03561	パレードが始まった！流れに引きずられて進む。	ecl-batch-editorial
ecl.6.96.03623	リュ・ド・ソルに入ると、騒音で耳がおかしくなりそうだ。目に飛び込んでくるのは色の洪水。人々がひしめき合い、誰もが楽しそうだ！	ecl-batch-editorial
ecl.6.96.03855	ホルスト広場の入口に着いた。パレードの大半は、ジョプリン広場のほうへ遠ざかっていく。人混みから抜け出すか？	ecl-batch-editorial
ecl.6.96.03998	パレードの進みが遅くなった。前方では厳重な警備が全員を検査している。ドアの上には対人用の銃が据え付けられている。引き返すのが賢明かもしれない。引き返すか？	ecl-batch-editorial
ecl.6.96.04148	警備員が例外なく全員の身体検査をしている。レーザー砲が人混みを追尾している。検査を受けるか、攻撃するか？	ecl-batch-editorial
ecl.6.96.04255	検査を受ける	ecl-batch-editorial
ecl.6.96.04286	レーザー砲が君たちのほうへ向き、兵士たちが銃を抜く。「降伏しろ、さもなくば死ね！」と拡声器ががなり立てる。	ecl-batch-editorial
ecl.6.96.04395	武器を抜くと、レーザー自動砲が一斉に火を噴いた！	ecl-batch-editorial
ecl.6.96.04470	部隊が突撃してくる。降伏するか？	ecl-batch-editorial
ecl.6.96.04526	レーザーが再び火を噴く。	ecl-batch-editorial
ecl.6.96.04561	封鎖されていないのはホルスト広場だけだ。そこへ滑り込む。	ecl-batch-editorial
ecl.6.96.04630	警備ゲート	ecl-batch-editorial
ecl.6.96.04703	入ると同時に警備警報が鳴り響く。衛兵たちが武器に手を伸ばす。	ecl-batch-editorial
ecl.6.96.04804	ドアの上の看板には、	ecl-batch-editorial
ecl.6.96.04831	「水星証券取引所」とある。	ecl-batch-editorial
ecl.6.96.04862	「これ以上進むな！中にテロリスト用の大きな罠がある。引き返して、右、次に左へ進め。急げ！」彼はすぐに消え失せた。	ecl-batch-editorial
ecl.6.96.04970	衛兵たちがあちこちから飛び出し、銃を乱射する。	ecl-batch-editorial
ecl.6.96.05038	押し戻された。	ecl-batch-editorial
ecl.6.96.05067	鋼板が部屋のコンピューターを守っている。	ecl-batch-editorial
ecl.6.96.05142	この廊下は埃だらけで、使われていない。	ecl-batch-editorial
ecl.6.96.05174	整備ロボットがずらりと並んでいる。	ecl-batch-editorial
ecl.6.96.05211	ジョージの磁気靴店	ecl-batch-editorial
ecl.6.96.05260	棚には様々な磁気ブーツが並んでいる。店には誰もいない。	ecl-batch-editorial
ecl.6.96.05325	ミケランジェロの模造大理石店	ecl-batch-editorial
ecl.6.96.05375	閉まった店内に、模造大理石のスプレー缶と小さな彫刻が散らばっている。	ecl-batch-editorial
ecl.6.96.05437	老舗防具店	ecl-batch-editorial
ecl.6.96.05482	閉まった店には、簡易整形手術キットが置いてある。エルビスそっくりになれる品が特売中だ。	ecl-batch-editorial
ecl.6.96.05556	U-R-Uホロ肖像館	ecl-batch-editorial
ecl.6.96.05602	入った途端、自分自身と鉢合わせする。ホログラムは店を出るまで、こちらの動きをすべて真似る。	ecl-batch-editorial
ecl.6.96.05714	古い黒板や痰つぼ2つ、『モナ・リザ』の複製まで混じった巨大なガラクタの山の下敷きになった。	ecl-batch-editorial
ecl.6.96.05817	この店は閉まっている。水星の風景の安物ホログラムを売っている。	ecl-batch-editorial
ecl.6.96.05892	部屋は暗い。カウンターに固くなったドーナツが並んでいる。	ecl-batch-editorial
ecl.6.96.05954	この事務所には興味深い記録がいくつかある。それらを持ち出した	ecl-batch-editorial
ecl.6.96.06077	突然の静けさに耳鳴りがする。広場にはほとんど人がいない。	ecl-batch-editorial
ecl.6.96.06148	再びパレードの流れにのみ込まれた。	ecl-batch-editorial
ecl.6.96.06199	部隊が広場になだれ込み、こちらへ駆けてくる。逃げるか？	ecl-batch-editorial
ecl.6.96.06286	さらに大勢が迫っている。逃げるか？	ecl-batch-editorial
ecl.6.96.06376	年代物のダマスク織りの絹の反物が、少し新しい卓上ビデオゲーム機の上に積まれている。	ecl-batch-editorial
ecl.6.96.06438	機械仕掛けの犬が首をかしげ、埃まみれの蓄音機に合わせて吠えている。	ecl-batch-editorial
ecl.6.96.06497	カビの生えたコンピューターのディスクの箱がある。読み取れるのは『……SI』の文字だけだ。	ecl-batch-editorial
ecl.6.96.06576	ドアの上にホログラムが浮かび上がる	ecl-batch-editorial
ecl.6.96.06646	目隠しをされ、手錠をかけられ、人混みの中を連行される。小突かれるうち、誰かが「陸なら一つ」と言うのが聞こえる。	ecl-batch-editorial
ecl.6.96.06789	重いドアが開く音が聞こえる。次の瞬間、大爆発に吹き飛ばされる。誰かが君たちを抱え上げて運び、手錠が切られて自由の身になった。	ecl-batch-editorial
ecl.6.96.06916	険しい顔のウィルマがここにいる。「覚えておいてくれ。注目を集めるのは我々で、君たちではない。コア区画の入口はすぐ先だ。急げ！NEOは君たちを頼りにしているはずだ。」彼女は去った。	ecl-batch-editorial
ecl.6.96.07078	レーザーが唸る中、誰かに腕をつかまれ、急かされて連れ去られる。手錠が切られ、見知らぬ男と目が合う。「うちのボスは、ダンサーたちに生きて自由でいてほしいそうだ。あのドアを抜けて、その人に会え。」男は去った。	ecl-batch-editorial
ecl.6.96.07377	警備チームが人混みをかき分けてくるが、君たちの前を素通りしていく。	ecl-batch-editorial
ecl.6.96.07442	警備チームが君たちを見つけ、人混みをかき分けて迫ってくる。	ecl-batch-editorial
ecl.6.96.07542	ここで銃撃戦をすれば、無関係な民間人が何百人も死に、大きな注目を集めるだろう。素手なら、彼らを静かに排除できる。	ecl-batch-editorial
ecl.6.96.07701	兵士たちは君たちが武器を抜くのを見て、一人が襟に向かって話しかける。天井からロボットが降りてくる。	ecl-batch-editorial
ecl.6.96.07798	増援が絶えず到着する。	ecl-batch-editorial
ecl.6.96.07833	兵士たちは間合いを詰めてくるが、抜いたのは単分子剣だけだ。	ecl-batch-editorial
ecl.6.96.07900	喧騒と人混みが戦いを覆い隠した。目撃者は誰も、警備を呼び寄せる気はないようだ。	ecl-batch-editorial
ecl.6.96.08038	人混みの奥へ紛れ込み、警備チームを振り切った。	ecl-batch-editorial
ecl.6.96.08090	警備の者たちが追いついた。	ecl-batch-editorial
ecl.6.96.08152	彼らは疑いの目で君たちを眺め回す。どんな態度で応じるか？	ecl-batch-editorial
ecl.6.96.08219	口八丁	ecl-batch-editorial
ecl.6.96.08252	太陽王の一人に仕えていると信じ込ませた。彼らは平謝りして後ずさる。	ecl-batch-editorial
ecl.6.96.08334	指揮官は戸惑い、部下たちと相談するために戻っていく。パレードが君たちを運び去る。	ecl-batch-editorial
ecl.6.96.08412	指揮官が詫びる。「失礼しました。テロ活動の報告がありまして、慎重を期さねばなりません。どうぞ楽しんでください。良い一日を。」彼らは去っていった。	ecl-batch-editorial
ecl.6.96.08534	ここに戸の閉まった店がある。望めば入ることができる。入るか？	ecl-batch-editorial
ecl.6.96.08637	酒場「海なら二つ」	ecl-batch-editorial
ecl.6.97.00375	この無重力のコア区画は、上から下まで	ecl-batch-editorial
ecl.6.97.00417	マリポサを貫いている。上にも下にも進める。	ecl-batch-editorial
ecl.6.97.00481	上へ進む	ecl-batch-editorial
ecl.6.97.00508	ここからコア区画を出ることもできる。	ecl-batch-editorial
ecl.6.97.00559	コア区画を出る	ecl-batch-editorial
ecl.6.97.00634	マリポサの最上部まで上昇した。	ecl-batch-editorial
ecl.6.97.00716	コア区画の側面に1と描かれている。	ecl-batch-editorial
ecl.6.97.00777	コア区画の側面に2と描かれている。	ecl-batch-editorial
ecl.6.97.00838	コア区画の側面に3と描かれている。	ecl-batch-editorial
ecl.6.97.00899	コア区画の側面に4と描かれている。	ecl-batch-editorial
ecl.6.97.00988	コア区画の側面に5と描かれている。	ecl-batch-editorial
ecl.6.97.01057	コア区画の側面に6と描かれている。	ecl-batch-editorial
ecl.6.97.01126	コア区画の側面に7と描かれている。	ecl-batch-editorial
ecl.6.97.01195	コア区画の側面に8と描かれている。	ecl-batch-editorial
ecl.6.97.01244	機械化されたレーザーピストルなどの武器が	ecl-batch-editorial
ecl.6.97.01283	コア区画の壁に据え付けられ、君たちのチームに狙いを定めて	ecl-batch-editorial
ecl.6.97.01329	発砲する。	ecl-batch-editorial
ecl.6.97.01395	コア区画の壁には、機械化された	ecl-batch-editorial
ecl.6.97.01433	武器だらけだが、センサーは君たちを捉えない。	ecl-batch-editorial
ecl.6.97.01500	多数のロボットが、完全武装でここに待ち構えている。	ecl-batch-editorial
ecl.6.97.01539	逃げるか？	ecl-batch-editorial
ecl.6.97.01575	さらに大勢のロボットが向かってくる！逃げるか？	ecl-batch-editorial
ecl.6.97.01615	苦労してコア区画を上へ戻った。	ecl-batch-editorial
ecl.6.97.01714	警備ロボットは君たちを侵入者と認識した！	ecl-batch-editorial
ecl.6.97.01811	君たちは謁見の間に入った	ecl-batch-editorial
ecl.6.97.01837	君たちが目にするもの	ecl-batch-editorial
ecl.6.97.01851	「フランス語は話せるか？」と太陽王が問いただす。	ecl-batch-editorial
ecl.6.97.01916	太陽王は冷笑した。「衛兵！この異教徒どもをつまみ出せ。」	ecl-batch-editorial
ecl.6.97.01971	謁見の間から連れ出された。	ecl-batch-editorial
ecl.6.97.02046	太陽王は破顔した。「よろしい！ここではフランス語が通じる。	ecl-batch-editorial
ecl.6.97.02091	さて、何をしに来た？そなたらが、あの『踊り手』か？」	ecl-batch-editorial
ecl.6.97.02158	「違うのか？ならば、そなたらは余の探す者ではない！だが、あるいは余は	ecl-batch-editorial
ecl.6.97.02200	それでもそなたらを使えよう。	ecl-batch-editorial
ecl.6.97.02228	「おお！我が『超人』よ！革命万歳！余はずっと	ecl-batch-editorial
ecl.6.97.02271	待っておったぞ。	ecl-batch-editorial
ecl.6.97.02287	そなたらはRAMの終末装置を奪い取り、	ecl-batch-editorial
ecl.6.97.02332	余に引き渡すのだ。よいな？」	ecl-batch-editorial
ecl.6.97.02380	「余の望みを拒むか？無礼者め！失せよ！」	ecl-batch-editorial
ecl.6.97.02421	よかろう。あの装置を我が手にすれば、余は	ecl-batch-editorial
ecl.6.97.02460	太陽系全体を統べるのだ！これぞ星々へ至る道……	ecl-batch-editorial
ecl.6.97.02504	余に永遠の命を！国王万歳！」	ecl-batch-editorial
ecl.6.97.02525	「余の民がコア区画のレーザーを停止させる。	ecl-batch-editorial
ecl.6.97.02564	彼らはそなたらに続くが、戦いの栄光は	ecl-batch-editorial
ecl.6.97.02606	すべてそなたらのものだ！武器を取れ！そなたらは偉大な戦士ではない	ecl-batch-editorial
ecl.6.97.02650	か？凱旋せよ！」	ecl-batch-editorial
ecl.6.97.02696	太陽王が君たちを見下ろして睨みつける。「そなたらは今、	ecl-batch-editorial
ecl.6.97.02737	異教徒のごとき振る舞いの許しを乞うがよい。余を喜ばせれば、	ecl-batch-editorial
ecl.6.97.02783	王は許すことを考えてやろう。」	ecl-batch-editorial
ecl.6.97.02843	「なんと恐ろしい！」	ecl-batch-editorial
ecl.6.97.02869	太陽王は上機嫌だ。「そなたらの過ちは許された。	ecl-batch-editorial
ecl.6.97.02917	余は、終末装置の制御を握るまで戻るなと言ったはずだ。	ecl-batch-editorial
ecl.6.97.02957	RAMはまだ上にいる。急げ！	ecl-batch-editorial
ecl.6.97.03050	ドアは固く施錠されている。衛兵たちはあざ笑い、	ecl-batch-editorial
ecl.6.97.03090	小さな格子窓から、ゴミを投げ捨ててくる。	ecl-batch-editorial
ecl.6.97.03127	ドアは閉まっている。衛兵が小さな格子窓越しに	ecl-batch-editorial
ecl.6.97.03167	君たちを見つめ、太陽王に謝罪する気があるか尋ねる。	ecl-batch-editorial
ecl.6.97.03224	ドアが開く。	ecl-batch-editorial
ecl.6.97.03240	ドアは施錠済みだ。衛兵たちは君たちに、	ecl-batch-editorial
ecl.6.97.03279	太陽王の命令を果たすまで戻るなと告げる。	ecl-batch-editorial
ecl.6.97.03326	目の前には、華麗だが頑丈なドアがある。衛兵が	ecl-batch-editorial
ecl.6.97.03367	小さな格子窓越しに君たちを見つめる。「革命万歳！お前たちは	ecl-batch-editorial
ecl.6.97.03414	太陽王への謁見を望むか？」	ecl-batch-editorial
ecl.6.97.03477	衛兵は硬貨を見た。「これらを	ecl-batch-editorial
ecl.6.97.03515	太陽王に献上しよう。ここで待っていろ。」君たちは硬貨を	ecl-batch-editorial
ecl.6.97.03563	格子窓から差し入れた。彼は去った。	ecl-batch-editorial
ecl.6.97.03581	君たちは待った。	ecl-batch-editorial
ecl.6.97.03593	ようやくドアの鍵が開いた。「太陽王は君たちに	ecl-batch-editorial
ecl.6.97.03635	謁見を許す。」	ecl-batch-editorial
ecl.6.97.03650	「それなら失せろ！」	ecl-batch-editorial
ecl.6.97.03672	衛兵は含み笑いをした。「少なくとも3つの	ecl-batch-editorial
ecl.6.97.03714	贈り物を持参せねば謁見できん。」	ecl-batch-editorial
ecl.6.97.03758	フクロウの像がチームのほうを向いている。その両眼は	ecl-batch-editorial
ecl.6.97.03797	ルビーで、翼は銀めっきだ。	ecl-batch-editorial
ecl.6.97.03850	目の前にワシの像がある。羽の一枚一枚が	ecl-batch-editorial
ecl.6.97.03889	金の糸で編まれ、翼にはびっしりと	ecl-batch-editorial
ecl.6.97.03959	頭上にタカの像がそびえている。その	ecl-batch-editorial
ecl.6.97.03995	銅めっきは最近磨かれたばかりだ。	ecl-batch-editorial
ecl.6.97.04045	ここに巨大な鳥の像がある。種類は	ecl-batch-editorial
ecl.6.97.04086	見分けがつかない。像は隅々まで	ecl-batch-editorial
ecl.6.97.04128	宝石だらけなのだ。	ecl-batch-editorial
ecl.6.97.04173	太陽王の従者の一人が、ここで休憩している。	ecl-batch-editorial
ecl.6.97.04218	アメリカ独立戦争風の礼装を着ている。「おい」と彼はささやく。	ecl-batch-editorial
ecl.6.97.04269	「太陽王をお探しか？	ecl-batch-editorial
ecl.6.97.04298	探すべきだ！コア区画の武器を止められるのは、あの方だけだ。」	ecl-batch-editorial
ecl.6.97.04349	「太陽	ecl-batch-editorial
ecl.6.97.04394	王と話したければ贈り物を持ってこい」と彼は警告する。「この下の各階層で、一つずつ探してみろ。」	ecl-batch-editorial
ecl.6.97.04455	アメリカ独立戦争風の礼装を着た従者がここにいる。	ecl-batch-editorial
ecl.6.97.04497	「私は、コア区画を上る君たちに同行するよう命じられた。	ecl-batch-editorial
ecl.6.97.04545	太陽王の利益を確実に守るためだ。	ecl-batch-editorial
ecl.6.97.04578	私の姿は見えないだろうが、近くにいる。」	ecl-batch-editorial
ecl.6.97.04626	ここにいる戦闘ロボットは、	ecl-batch-editorial
ecl.6.97.04662	メンテナンス作業用にプログラムされ、床を掃除している。その掃除機が	ecl-batch-editorial
ecl.6.97.04708	銅貨に近づいていく。どうする？	ecl-batch-editorial
ecl.6.97.04740	硬貨を奪う	ecl-batch-editorial
ecl.6.97.04749	ロボットと戦う	ecl-batch-editorial
ecl.6.97.04782	誰が硬貨を奪う？	ecl-batch-editorial
ecl.6.97.04832	取り損ねた！硬貨は掃除機に吸い込まれた。さらに悪いことに、	ecl-batch-editorial
ecl.6.97.04873	君たちの動きがロボットの注意を引き、	ecl-batch-editorial
ecl.6.97.04918	警報を鳴らした。	ecl-batch-editorial
ecl.6.97.04949	君たちが戦いに飛び込む寸前、硬貨は	ecl-batch-editorial
ecl.6.97.04994	掃除機に吸い込まれた。ロボットは君たちに気づき、警報を鳴らした！	ecl-batch-editorial
ecl.6.97.05053	警備ロボットが君たちに向かってくる！	ecl-batch-editorial
ecl.6.97.05100	床の残骸の中に、あの銅貨が見えた！	ecl-batch-editorial
ecl.6.97.05145	銅貨を手に入れた。	ecl-batch-editorial
ecl.6.97.05173	立ち去ろうとした君たちの目の前で、硬貨が	ecl-batch-editorial
ecl.6.97.05211	掃除機に吸い込まれた。ロボットは君たちへ向き直り、	ecl-batch-editorial
ecl.6.97.05254	警報を鳴らした！	ecl-batch-editorial
ecl.6.97.05285	君たちは硬貨をつかみ取った。ロボットは作業を終え、	ecl-batch-editorial
ecl.6.97.05327	壁の収納スペースへ引っ込んだ。	ecl-batch-editorial
ecl.6.97.05412	小物や雑貨が、この無重力の	ecl-batch-editorial
ecl.6.97.05456	収納区画に漂っている。紙の旗、磁器の燭台、それに	ecl-batch-editorial
ecl.6.97.05502	古い勲章などは、ほんの一例にすぎない。収納庫を調べるか？	ecl-batch-editorial
ecl.6.97.05549	軍用ラッパと麻のナプキンが見つかった。続けて	ecl-batch-editorial
ecl.6.97.05604	象牙の靴棚と、髪粉をふったかつら2つを見つけた。	ecl-batch-editorial
ecl.6.97.05646	続けて調べるか？	ecl-batch-editorial
ecl.6.97.05664	フクロウの刻印がある銀貨を見つけた！	ecl-batch-editorial
ecl.6.97.05705	硬貨をしまっておいた。	ecl-batch-editorial
ecl.6.97.05727	銀貨を手に入れた。	ecl-batch-editorial
ecl.6.97.05755	この収納庫に、もう価値のあるものはない。	ecl-batch-editorial
ecl.6.97.05803	この部屋には、停止したロボットが並んでいる。	ecl-batch-editorial
ecl.6.97.05845	壁の銘板に金貨が埋め込まれている。金貨には精巧な	ecl-batch-editorial
ecl.6.97.05888	ワシの図柄が浮き彫りにされている。	ecl-batch-editorial
ecl.6.97.05916	この金貨を取るか？	ecl-batch-editorial
ecl.6.97.05935	銘板の台座から警報線が突き出ている。	ecl-batch-editorial
ecl.6.97.05976	誰がセキュリティを解除する？	ecl-batch-editorial
ecl.6.97.06028	間違った線を引き抜いてしまい、部屋の	ecl-batch-editorial
ecl.6.97.06066	ロボットが起動した。「ただちに投降せよ」と命じたあと、	ecl-batch-editorial
ecl.6.97.06109	発砲を始める。	ecl-batch-editorial
ecl.6.97.06153	ロボットは君たちの周りで、煙を上げる	ecl-batch-editorial
ecl.6.97.06194	金属の山になって転がっている。銘板の金貨をこじって外した。	ecl-batch-editorial
ecl.6.97.06234	金貨を手に入れた。	ecl-batch-editorial
ecl.6.97.06260	セキュリティを遮断し、金貨を	ecl-batch-editorial
ecl.6.97.06301	銘板からこじって外した。	ecl-batch-editorial
ecl.6.97.06343	忍び足で部屋を出て、コア区画に戻った。	ecl-batch-editorial
ecl.6.97.06394	この寝室には、水晶と	ecl-batch-editorial
ecl.6.97.06433	真珠の連なりが垂れる。壁を覆うのは深い色の	ecl-batch-editorial
ecl.6.97.06477	絹とビロード。	ecl-batch-editorial
ecl.6.97.06502	ここは太陽王の衣装部屋だ。部屋を埋める軍服は	ecl-batch-editorial
ecl.6.97.06544	歴史上のフランス、アメリカ、ロシアのものだ。	ecl-batch-editorial
ecl.6.97.06604	チェス盤を見つけた。駒は	ecl-batch-editorial
ecl.6.97.06641	RAMの士官とフランス革命の兵士を模している。部屋にいる老いた	ecl-batch-editorial
ecl.6.97.06688	男が言う。「合言葉は？」君たちはどう答える？	ecl-batch-editorial
ecl.6.97.06760	老人は落胆した様子だが、もう君たちとは口をきいてくれない。	ecl-batch-editorial
ecl.6.97.06817	「チェスを一局、どうかね？」	ecl-batch-editorial
ecl.6.97.06857	老人は落胆した顔で、足を引きずって	ecl-batch-editorial
ecl.6.97.06896	部屋を出た。	ecl-batch-editorial
ecl.6.97.06916	老人とチェスを一局指した。彼が	ecl-batch-editorial
ecl.6.97.06958	僅差で勝った。去り際に、彼は君たちに	ecl-batch-editorial
ecl.6.97.06997	助言をくれた。「太陽王に会うなら」と、彼は言う。	ecl-batch-editorial
ecl.6.97.07041	「フランス語が話せると言いなさい。」	ecl-batch-editorial
ecl.6.97.07081	この部屋に足を踏み入れると、数十羽の鳥が飛び	ecl-batch-editorial
ecl.6.97.07120	立つ。さらに多くの鳥が、四方の	ecl-batch-editorial
ecl.6.97.07164	壁の止まり木から君たちを見つめている。ここは鳥舎だ。	ecl-batch-editorial
ecl.6.97.07192	散らかった部屋には、めぼしいものは何も見つからない。	ecl-batch-editorial
ecl.6.97.07246	部屋は複雑な機器で埋まっている。一台のコンソールには	ecl-batch-editorial
ecl.6.97.07285	こう記されている：「武器制御。関係者	ecl-batch-editorial
ecl.6.97.07326	以外立入禁止。」台上で赤ランプが点滅している。	ecl-batch-editorial
ecl.6.97.07363	コア区画の武器を無効化してみるか？	ecl-batch-editorial
ecl.6.97.07398	警告音が鳴り、機械音声が	ecl-batch-editorial
ecl.6.97.07438	告げる。「君たちにこのコンソールの使用権限はない。」	ecl-batch-editorial
ecl.6.97.07478	コア区画の武器の無効化を引き続き試みるか？	ecl-batch-editorial
ecl.6.97.07562	太陽王の承認手続き。」君たちは	ecl-batch-editorial
ecl.6.97.07606	電撃を浴びた。	ecl-batch-editorial
ecl.6.97.07644	コンソールから離れるか？	ecl-batch-editorial
ecl.6.97.07668	部屋は複雑な機器で埋まっている。コンソールの一台には	ecl-batch-editorial
ecl.6.97.07708	こう記されている：「武器制御——関係者	ecl-batch-editorial
ecl.6.97.07750	以外立入禁止。」台上で緑ランプが点滅している。	ecl-batch-editorial
ecl.6.97.07787	この部屋には、機械装置と巨大な	ecl-batch-editorial
ecl.6.97.07826	歯車が並ぶ。壁の情報画面にはこうある：	ecl-batch-editorial
ecl.6.97.07867	「運転状況、正常。」	ecl-batch-editorial
ecl.6.97.07902	ギリシャ風の柱と垂れ幕が、壁に沿って	ecl-batch-editorial
ecl.6.97.07941	この大広間を飾っている。銘板にはこうある：	ecl-batch-editorial
ecl.6.97.07973	「ここに入る者は、一切の望みを捨てよ。」	ecl-batch-editorial
ecl.6.97.08004	小さめの看板にはこうある：	ecl-batch-editorial
ecl.6.97.08027	フランス語通じます	ecl-batch-editorial
ecl.6.97.08139	近くのインターコムから、女性の声が聞こえる。	ecl-batch-editorial
ecl.6.97.08177	「ホルツァーハインが発射を許可。カウントダウンは	ecl-batch-editorial
ecl.6.97.08222	発射に向けて直ちに始まる。	ecl-batch-editorial
ecl.6.97.08279	秒後に発射。」	ecl-batch-editorial
ecl.6.97.08295	スコットのホログラムが君たちの前に現れる。「君たちは	ecl-batch-editorial
ecl.6.97.08337	遅すぎた！ウィルマは自分の船で、	ecl-batch-editorial
ecl.6.97.08379	上から終末兵器に突っ込んで破壊する気だ！」	ecl-batch-editorial
ecl.6.97.08416	遥か頭上から、金属が引き裂かれる甲高い音が聞こえる。	ecl-batch-editorial
ecl.6.97.08456	続いて爆発が	ecl-batch-editorial
ecl.6.97.08498	マリポサの最上部全体を炎で包み込む！	ecl-batch-editorial
ecl.6.98.00414	非常階段。	ecl-batch-editorial
ecl.6.98.00442	警報が鳴る。	ecl-batch-editorial
ecl.6.98.00460	それでも開けるか？	ecl-batch-editorial
ecl.6.98.00515	ドア上の赤ランプが点滅している。	ecl-batch-editorial
ecl.6.98.00642	近くのインターコムから、女性の声が聞こえる。	ecl-batch-editorial
ecl.6.98.00726	発射に向けて直ちに始まる。」	ecl-batch-editorial
ecl.6.98.00796	スコットのホログラムが君たちの前に現れる。「君たちは	ecl-batch-editorial
ecl.6.98.01130	秒後に自爆する。」	ecl-batch-editorial
ecl.6.98.01153	爆発が、	ecl-batch-editorial
ecl.6.98.01192	マリポサの上層階を引き裂く。だが、少なくとも終末装置は破壊された。	ecl-batch-editorial
ecl.6.98.01322	RAMの警備ロボットが君たちを侵入者と認識した。	ecl-batch-editorial
ecl.6.98.01417	太陽王の差し向けた戦士が君たちに襲いかかる！	ecl-batch-editorial
ecl.6.98.01455	「革命万歳！」と彼らは叫ぶ。	ecl-batch-editorial
ecl.6.98.01539	君たちは非常階段の最下部にいる。	ecl-batch-editorial
ecl.6.98.01578	階段を上るか？	ecl-batch-editorial
ecl.6.98.01597	階段を上った。	ecl-batch-editorial
ecl.6.98.01661	「脱出ポッド制御」	ecl-batch-editorial
ecl.6.98.01679	非常階段が上下に延びている。	ecl-batch-editorial
ecl.6.98.01718	階段を上る	ecl-batch-editorial
ecl.6.98.01729	階段を下りる	ecl-batch-editorial
ecl.6.98.01824	「武器制御」	ecl-batch-editorial
ecl.6.98.01846	階段を下りた。	ecl-batch-editorial
ecl.6.98.01924	君たちは非常階段の最上部にいる。	ecl-batch-editorial
ecl.6.98.01961	階段を下りるか？	ecl-batch-editorial
ecl.6.98.01982	階段を下りた。	ecl-batch-editorial
ecl.6.98.02030	このエレベーターには、ボタンが3つ付いたハイテクな	ecl-batch-editorial
ecl.6.98.02069	パネルがある。乗るか？	ecl-batch-editorial
ecl.6.98.02093	どのボタンを押す？	ecl-batch-editorial
ecl.6.98.02129	制御区画	ecl-batch-editorial
ecl.6.98.02207	警備区画に到着した。	ecl-batch-editorial
ecl.6.98.02290	脱出ポッド保管区画に到着した。	ecl-batch-editorial
ecl.6.98.02336	「アクセス拒否」	ecl-batch-editorial
ecl.6.98.02356	「すでにその区画にいる」	ecl-batch-editorial
ecl.6.98.02387	頭上の看板が点滅している。	ecl-batch-editorial
ecl.6.98.02414	エレベーター用の予備電源は確保されていない。	ecl-batch-editorial
ecl.6.98.02450	階段を使うこと。	ecl-batch-editorial
ecl.6.98.02471	パネルは真っ暗だ。録音された声が告げる。「エレベーターへのアクセス拒否。」	ecl-batch-editorial
ecl.6.98.02525	ここは終末	ecl-batch-editorial
ecl.6.98.02562	装置の観測室だ。防護ドーム越しに、装置	ecl-batch-editorial
ecl.6.98.02604	本体が見える。観測画面が現在のシステム状態を映し出している。	ecl-batch-editorial
ecl.6.98.02672	「照準——地球」	ecl-batch-editorial
ecl.6.98.02692	が観測画面で点滅している。	ecl-batch-editorial
ecl.6.98.02718	画面が警告を点滅させている：	ecl-batch-editorial
ecl.6.98.02751	危険。自爆シーケンス作動	ecl-batch-editorial
ecl.6.98.02782	画面は真っ暗だ。	ecl-batch-editorial
ecl.6.98.02802	ドアの看板にはこうある：	ecl-batch-editorial
ecl.6.98.02827	電力室——危険	ecl-batch-editorial
ecl.6.98.02857	この部屋は、電気ケーブルと配電	ecl-batch-editorial
ecl.6.98.02899	盤の迷路だ。終末	ecl-batch-editorial
ecl.6.98.02942	装置への電力を遮断することは可能だが、試すのは危険だ。	ecl-batch-editorial
ecl.6.98.02984	電力を切るか？	ecl-batch-editorial
ecl.6.98.03005	誰が試す？	ecl-batch-editorial
ecl.6.98.03048	配電盤から放電が走る。	ecl-batch-editorial
ecl.6.98.03102	配電盤がジジッと音を立てて暗くなる。天井の	ecl-batch-editorial
ecl.6.98.03144	照明が明滅する。壁のスピーカーが鳴り響く。「電源	ecl-batch-editorial
ecl.6.98.03189	喪失。予備電源使用中。カウントダウン一時中断。」	ecl-batch-editorial
ecl.6.98.03266	技術者の一団が、必死に	ecl-batch-editorial
ecl.6.98.03305	自爆システムを配線し直そうとしている。君たちに気づくと、襲いかかってくる！	ecl-batch-editorial
ecl.6.98.03388	このエレベーターを衛兵の大部隊が固めている。	ecl-batch-editorial
ecl.6.98.03434	彼らは君たちに降伏を命じる。	ecl-batch-editorial
ecl.6.98.03459	どうする？	ecl-batch-editorial
ecl.6.98.03516	部屋から逃げ出す君たちを、衛兵たちはあざ笑うが	ecl-batch-editorial
ecl.6.98.03562	持ち場を離れない。	ecl-batch-editorial
ecl.6.98.03628	インターコムから声が響く。「侵入者が	ecl-batch-editorial
ecl.6.98.03667	立入禁止区域に入った。全区画、厳戒態勢。」	ecl-batch-editorial
ecl.6.98.03719	君たちは衛兵に降伏する。手錠をかけられ、	ecl-batch-editorial
ecl.6.98.03758	狭い独房へ引きずられていく。	ecl-batch-editorial
ecl.6.98.03824	この独房から逃げ出す道はない。時間が過ぎていく。	ecl-batch-editorial
ecl.6.98.03865	「カウントダウン開始。10……	ecl-batch-editorial
ecl.6.98.03931	頭上から船のエンジンの甲高い唸りと、金属の	ecl-batch-editorial
ecl.6.98.03976	悲鳴、そして爆発の轟音が響く。君たちには	ecl-batch-editorial
ecl.6.98.04024	何が起きたのか考える暇もなく、火の嵐がマリポサを包み込む。	ecl-batch-editorial
ecl.6.98.04089	しばらくして、拡声器から放送が聞こえてくる。	ecl-batch-editorial
ecl.6.98.04134	「電源が完全に復旧した。」	ecl-batch-editorial
ecl.6.98.04163	君たちは攻撃した！	ecl-batch-editorial
ecl.6.98.04212	ここは無重力コア区画の最上部だ。どうする？	ecl-batch-editorial
ecl.6.98.04264	太陽王が、突破不能なレーザー	ecl-batch-editorial
ecl.6.98.04304	フィールドをコア区画全体に展開した。両側の武器は	ecl-batch-editorial
ecl.6.98.04349	最大火力設定で完全武装している。もはや	ecl-batch-editorial
ecl.6.98.04394	コア区画を降りる手段はない。	ecl-batch-editorial
ecl.6.98.04425	近くのスピーカーから、雑多な情報が流れ出す。	ecl-batch-editorial
ecl.6.98.04463	「兵器システム、武装完了……照準システムは	ecl-batch-editorial
ecl.6.98.04504	最終試験中……カウントダウンは	ecl-batch-editorial
ecl.6.98.04543	ホルツァーハインの承認後に開始……」	ecl-batch-editorial
ecl.6.98.04578	スコットが姿を現す。「ちょうど間に合ったな！連中は	ecl-batch-editorial
ecl.6.98.04622	レーザーの最終点検中だ。近くの小惑星に試射している。」	ecl-batch-editorial
ecl.6.98.04672	彼は試験中のレーザーのホログラムに切り替える。	ecl-batch-editorial
ecl.6.98.04719	「電力室は武器制御階層にある。見つけて	ecl-batch-editorial
ecl.6.98.04763	システムの電源を遮断しろ。そうすれば連中を足止めして、	ecl-batch-editorial
ecl.6.98.04808	兵器を破壊するのに十分な時間を稼げる。	ecl-batch-editorial
ecl.6.98.04844	非常階段を使え。警報は気にするな！」	ecl-batch-editorial
ecl.6.98.04900	ドアの大きな看板に、こう書かれている——	ecl-batch-editorial
ecl.6.98.04931	脱出ポッド1号	ecl-batch-editorial
ecl.6.98.04970	脱出ポッド2号	ecl-batch-editorial
ecl.6.98.05009	脱出ポッド3号	ecl-batch-editorial
ecl.6.98.05048	脱出ポッド4号	ecl-batch-editorial
ecl.6.98.05099	君たちが開けようとすると、警告灯が点滅する。	ecl-batch-editorial
ecl.6.98.05138	ドアの看板も点滅している——	ecl-batch-editorial
ecl.6.98.05161	「脱出ポッド格納庫は空」	ecl-batch-editorial
ecl.6.98.05227	センサー光線が君たちのチームを走査する。長い数秒が	ecl-batch-editorial
ecl.6.98.05268	過ぎ、ようやくドアが横に開く。「認可を受理した。」	ecl-batch-editorial
ecl.6.98.05322	この脱出ポッドのくすぶる残骸では、決して君たちを	ecl-batch-editorial
ecl.6.98.05364	マリポサから逃がせない。	ecl-batch-editorial
ecl.6.98.05390	看板が点滅する。「脱出ポッドへの入室は事前に	ecl-batch-editorial
ecl.6.98.05435	脱出ポッド制御センターの承認が必要。入室拒否。」	ecl-batch-editorial
ecl.6.98.05481	爆薬でドアを爆破するのは危険だが、可能だ。	ecl-batch-editorial
ecl.6.98.05527	試してみるか？	ecl-batch-editorial
ecl.6.98.05557	爆薬を持っていない。	ecl-batch-editorial
ecl.6.98.05594	誰がドアを爆破する？	ecl-batch-editorial
ecl.6.98.05701	爆発で君たちは一時的に失明する。やがて	ecl-batch-editorial
ecl.6.98.05745	煙が晴れると、脱出ポッドの大半が	ecl-batch-editorial
ecl.6.98.05793	ドアごと吹き飛んでいた。	ecl-batch-editorial
ecl.6.98.05838	制御装置は点灯しているが、君たちの	ecl-batch-editorial
ecl.6.98.05877	入力に反応しない。少しして、スコットの映像が	ecl-batch-editorial
ecl.6.98.05918	モニターの一つに映る。	ecl-batch-editorial
ecl.6.98.05943	「よくやった！制御装置は封鎖されているが、こちらで	ecl-batch-editorial
ecl.6.98.05949	「よくやった！制御装置は封鎖されているが、こちらで	ecl-batch-editorial
ecl.6.98.05988	数秒で認可を取ってやれる。」彼の映像は静止したまま	ecl-batch-editorial
ecl.6.98.06034	作業を続けている。	ecl-batch-editorial
ecl.6.98.06051	時間が飛ぶように過ぎる。スコットの映像がようやく動き出す。「まず	ecl-batch-editorial
ecl.6.98.06093	使える脱出ポッドを探してくれ。ウィルマが外で	ecl-batch-editorial
ecl.6.98.06135	船と共に待つ。急いでくれ！」	ecl-batch-editorial
ecl.6.98.06166	制御装置は暗いままだ。壁の看板にはこうある——	ecl-batch-editorial
ecl.6.98.06210	「この制御装置への給電は、ステーションが	ecl-batch-editorial
ecl.6.98.06254	非常事態にある間のみ行われる。」	ecl-batch-editorial
ecl.6.98.06282	ここは終末兵器の制御室だ。	ecl-batch-editorial
ecl.6.98.06323	壁沿いに制御端末が並び、RAMの技術者が操作している。	ecl-batch-editorial
ecl.6.98.06372	衛兵たちが飛びかかってくる。	ecl-batch-editorial
ecl.6.98.06429	部屋には君たちしかいない。しばらく探すと、	ecl-batch-editorial
ecl.6.98.06471	緊急自爆機構を見つけた。この機構は	ecl-batch-editorial
ecl.6.98.06513	終末装置を破壊できる。ほどなく、君たちは	ecl-batch-editorial
ecl.6.98.06557	起動に成功する。	ecl-batch-editorial
ecl.6.98.06589	「ステーションは非常事態に入った。	ecl-batch-editorial
ecl.6.98.06629	兵器の破壊をカウント65で開始する。シーケンスは	ecl-batch-editorial
ecl.6.98.06671	2分後に不可逆となる。」	ecl-batch-editorial
ecl.6.98.06709	RAMの戦士が部屋に駆け込む。狙いは	ecl-batch-editorial
ecl.6.98.06753	自爆の停止だ。	ecl-batch-editorial
ecl.6.98.06802	新手の戦士が襲いかかる！	ecl-batch-editorial
ecl.6.98.06843	「自爆シーケンスは不可逆となった。	ecl-batch-editorial
ecl.6.98.06885	終末兵器の破壊カウントダウン開始。」壁のスピーカーが告げる。	ecl-batch-editorial
ecl.6.98.06940	戦闘が終わると、太陽王の従者が	ecl-batch-editorial
ecl.6.98.06984	影の中からするりと現れる。「太陽王は終末	ecl-batch-editorial
ecl.6.98.07030	装置の破壊を望まれない！今すぐ止めろ！」	ecl-batch-editorial
ecl.6.98.07073	君たちが従わないので、彼はドアへ駆け出す。「	ecl-batch-editorial
ecl.6.98.07114	太陽王の怒りが君たちに降りかかるぞ！」と叫び、彼は姿を消す。	ecl-batch-editorial
ecl.6.98.07164	部屋中に赤い灯が点滅している。	ecl-batch-editorial
ecl.6.98.07208	自爆が始まった以上、止める方法はない。	ecl-batch-editorial
ecl.6.98.07260	爆薬でドアを爆破するのに成功し、	ecl-batch-editorial
ecl.6.98.07299	ポッド内へ！	ecl-batch-editorial
ecl.6.98.07309	君たちはポッドの操縦桿を握り、できる限り	ecl-batch-editorial
ecl.6.98.07349	マリポサから遠のく。	ecl-batch-editorial
ecl.6.98.07391	終末装置は、無音の	ecl-batch-editorial
ecl.6.98.07433	火の玉に飲み込まれる。残骸は渦を巻いて宇宙へ流れ去り、	ecl-batch-editorial
ecl.6.98.07475	宇宙のガラクタと化す。マリポサの上層の数階も	ecl-batch-editorial
ecl.6.98.07516	爆発するが、残りの部分は無傷のようだ。	ecl-batch-editorial
ecl.6.98.07563	脱出ポッドはすぐにウィルマに回収される。彼女は	ecl-batch-editorial
ecl.6.98.07605	君たちの船を操縦して救助に来ていた。スコットが	ecl-batch-editorial
ecl.6.98.07649	操縦を引き継ぎ、君たちはサルベーションへの帰路につく。	ecl-batch-editorial
ecl.6.98.07696	ウィルマは全員を抱きしめる。「君たちは	ecl-batch-editorial
ecl.6.98.07736	NEO史上最も重要な任務を成し遂げた」と彼女は言う。	ecl-batch-editorial
ecl.6.98.07778	君たちは地球を救い、RAMに大打撃を与えた。彼らは	ecl-batch-editorial
ecl.6.98.07823	同盟者も終末装置も失った。	ecl-batch-editorial
ecl.6.98.07862	もう誰も、彼らに騙されて信用することはない。	ecl-batch-editorial
ecl.6.98.07901	君たち全員がNEOの英雄だ。私は、君たちが	ecl-batch-editorial
ecl.6.98.07942	長く共にいてくれるよう願っている。任務は終わった。	ecl-batch-editorial
ecl.6.98.08017	ここはマリポサの上部区画を担当する	ecl-batch-editorial
ecl.6.98.08060	RAMの警備室だ。	ecl-batch-editorial
ecl.6.98.08085	警備の改造人が突進してくる。	ecl-batch-editorial
ecl.6.98.08168	警備モニターは、マリポサ上部の3つの	ecl-batch-editorial
ecl.6.98.08207	階層すべての状況を示す。主指令スクリーンには	ecl-batch-editorial
ecl.6.98.08252	こうある。「全システム正常、カウントダウンに沿って	ecl-batch-editorial
ecl.6.98.08297	地球殲滅へ進行中。」	ecl-batch-editorial
ecl.6.98.08316	この警備室のモニターのいくつかは	ecl-batch-editorial
ecl.6.98.08356	真っ暗だ。主指令スクリーンにはこうある。「電源遮断が	ecl-batch-editorial
ecl.6.98.08403	進行中。予備電源使用中。兵器は非作動状態。」	ecl-batch-editorial
ecl.6.98.08451	警備室は、点滅する赤い	ecl-batch-editorial
ecl.6.98.08489	警告灯だらけだ。主指令スクリーンが点滅する：	ecl-batch-editorial
ecl.6.98.08533	「兵器の自爆が作動した。マリポサ上部の区画から	ecl-batch-editorial
ecl.6.98.08577	直ちに退避せよ。」	ecl-batch-editorial
ecl.6.98.08596	ドアの上の表示にはこうある——	ecl-batch-editorial
ecl.6.98.08626	警備室	ecl-batch-editorial
ecl.6.98.08650	ドアの表示にはこうある——	ecl-batch-editorial
ecl.6.98.08677	武器制御	ecl-batch-editorial
ecl.6.98.08709	このドアは電子封鎖されている。爆破で	ecl-batch-editorial
ecl.6.98.08752	突破すれば致命的な大爆発が起きる。	ecl-batch-editorial
ecl.6.98.08809	電子ドアは、	ecl-batch-editorial
ecl.6.98.08850	電源遮断でショートしている。入れる。	ecl-batch-editorial
ecl.6.98.08889	この厳重なセキュリティドアは、網膜認証を使い	ecl-batch-editorial
ecl.6.98.08931	出入りを管理している。君たちが金星から持ってきた網膜開錠具が	ecl-batch-editorial
ecl.6.98.08976	素早く作動し、ドアが横に滑って開く。	ecl-batch-editorial
ecl.6.98.09013	ドアの上の大きな看板に、こう書かれている——	ecl-batch-editorial
ecl.6.98.09045	脱出ポッド制御センター	ecl-batch-editorial
ecl.6.98.09063	緊急時専用	ecl-batch-editorial
ecl.6.99.00621	君たちは	ecl-batch-editorial
ecl.6.99.00654	のルナ銀行支店にいる。	ecl-batch-editorial
ecl.6.99.00680	現在の残高：	ecl-batch-editorial
ecl.6.99.00761	高すぎる。	ecl-batch-editorial
ecl.6.99.00776	どれにする？	ecl-batch-editorial
ecl.6.99.00787	個人所持金：	ecl-batch-editorial
ecl.6.99.00865	銀行口座：	ecl-batch-editorial
ecl.6.99.00945	NEO口座：	ecl-batch-editorial
ecl.6.99.00969	回収口座に預けた金は、二度と引き出せない。	ecl-batch-editorial
ecl.6.99.01009	いくら預ける？	ecl-batch-editorial
ecl.6.99.01135	君たちは	ecl-batch-editorial
ecl.6.99.01194	どのメンバー？	ecl-batch-editorial
ecl.6.99.01371	は無傷だ。	ecl-batch-editorial
ecl.6.99.01415	金が足りない。	ecl-batch-editorial
ecl.6.99.01438	君たちはメインポート区画にいる。	ecl-batch-editorial
ecl.6.99.01568	「すべての準備が整った。発進を許可する。」	ecl-batch-editorial
ecl.6.99.02077	どのシステム？	ecl-batch-editorial
ecl.6.99.02204	船体は	ecl-batch-editorial
ecl.6.99.02265	センサーは	ecl-batch-editorial
ecl.6.99.02329	制御装置は	ecl-batch-editorial
ecl.6.99.02395	生命維持装置は	ecl-batch-editorial
ecl.6.99.02463	エンジンは	ecl-batch-editorial
ecl.6.99.02481	どの武器？	ecl-batch-editorial
ecl.6.99.02758	修理された。	ecl-batch-editorial
ecl.6.99.02778	このシステムに損傷はない。	ecl-batch-editorial
ecl.6.99.02807	このシステムの修理には金が足りない。	ecl-batch-editorial
ecl.6.99.02845	NEO口座：	ecl-batch-editorial
ecl.6.99.02871	燃料容量：450	ecl-batch-editorial
ecl.6.99.02889	現在の燃料：	ecl-batch-editorial
ecl.6.99.02909	費用：燃料1単位あたり20クレジット。	ecl-batch-editorial
ecl.6.99.02969	燃料タンクは満タンだ。	ecl-batch-editorial
ecl.6.99.03082	金が尽きた。	ecl-batch-editorial
ecl.6.99.03129	K型艦砲予備弾：	ecl-batch-editorial
ecl.6.99.03151	ミサイル予備弾：	ecl-batch-editorial
ecl.6.99.03174	補充費用：	ecl-batch-editorial
ecl.6.99.03188	K型艦砲：1500  ミサイル：300	ecl-batch-editorial
ecl.6.99.03380	現在の医療物資：	ecl-batch-editorial
ecl.6.99.03409	1単位あたり2000クレジット。	ecl-batch-editorial
ecl.6.99.03581	どのバーテンダーも入れてくれない。	ecl-batch-editorial
ecl.6.99.03692	食べすぎた。店を出るしかない。	ecl-batch-editorial
ecl.6.99.03801	飲み物を買った。	ecl-batch-editorial
ecl.6.99.03840	酔っ払った。バーテンダーに店から放り出された。	ecl-batch-editorial
ecl.6.99.04018	金が足りない。店から放り出された。	ecl-batch-editorial
ecl.6.99.04063	まず注文が必要だ。	ecl-batch-editorial
ecl.6.99.04199	酔っ払ったRAMの士官が二人、愚痴をこぼし合っている。一人が言う。「あのスペース・ラット、ジャスティン・ロベノにケレスで撒かれるとは思わなかったぜ。」	ecl-batch-editorial
ecl.6.99.04302	少なくとも警備部門は足取りをつかんでいる。フォルトゥナ行きの高速輸送船に、うまく乗り込んだそうだ。」	ecl-batch-editorial
ecl.6.99.04376	二人の会話は、あまり面白くない話題へ移っていく。	ecl-batch-editorial
ecl.6.99.04478	入るなり、屈強なRAMの戦士数人に押しのけられる。彼らは奥のテーブルへ向かう。そこでは技術者が、ぼんやりとホットココアをかき混ぜている。	ecl-batch-editorial
ecl.6.99.04634	戦士の一人が振り向き、うなる。「下がれ。」その手が武器のほうへぴくりと動く。	ecl-batch-editorial
ecl.6.99.04698	技術者は顔を上げ、すぐさまテーブルの下に飛び込む。戦士たちは武器を抜き、発砲の構えを取る。	ecl-batch-editorial
ecl.6.99.04822	ロケット弾が男を引き裂く。こだまが消えぬうちに、RAMの部隊はレストランを去った。ジャスティン・ロベノは、NEOにとって永遠に失われた。	ecl-batch-editorial
ecl.6.99.04924	RAMの戦士たちが武器を抜く。一人が厳かに告げる。「ジャスティン・ロベノ、貴様は反逆罪で有罪だ。」男は武器の撃鉄を起こす。	ecl-batch-editorial
ecl.6.99.05121	「私はジャスティン・ロベノ。君たちはNEOから来たのだろう。君たちに必要なものを持っている。パヴォニスからは持ち出せなかった。だから、そこの図書館へ取りに行こう。」ロベノがチームに加わった。	ecl-batch-editorial
ecl.6.99.05351	一人の女が君たちを手招きする。「私はウィルマ・ディアリング。君たちを待っていた。	ecl-batch-editorial
ecl.6.99.05406	「君たちの手を借りて、陽動を仕掛けたい。ある人物に会う必要があるが、RAMの諜報員が彼を見張っている。ついて来てくれ。」	ecl-batch-editorial
ecl.6.99.05503	ウィルマは君たちをモノレールの駅へ連れていく。彼女は専用の列車を指し、続いて近くの整備ロボットを指さす。	ecl-batch-editorial
ecl.6.99.05588	「RAMはあのロボットで列車を見張っている。偽装した戦闘ロボットだ。片付けてくれ。そうすれば、ランデブー地点へ向かえる。	ecl-batch-editorial
ecl.6.99.05731	ロボットを攻撃した。	ecl-batch-editorial
ecl.6.99.05772	ウィルマが誰にも気づかれず列車に滑り込むのが見える。物陰にいた男が彼女に包みを渡し、去っていく。	ecl-batch-editorial
ecl.6.99.05851	彼女は君たちのもとへ戻り、ニードラーを手渡す。「協力に感謝する。」彼女は去った。	ecl-batch-editorial
ecl.6.99.05956	ウィルマは人混みの中へ消えていく。どこか落胆した様子だ。	ecl-batch-editorial
ecl.6.99.06046	ギャリティがボックス席に突っ伏しているのを見つけた。酔いを覚まさせ、タロンの基地について問いただした。	ecl-batch-editorial
ecl.6.99.06119	「小惑星帯のどこかにあるんだが、場所まではわからねえ。あいつらのトランスポンダーを起動する合言葉なら知ってるが、高くつくぜ。」	ecl-batch-editorial
ecl.6.99.06212	酒を1本渡して、合言葉を手に入れた。	ecl-batch-editorial
ecl.6.99.06268	重要な情報がないかと、書架を探し回った。	ecl-batch-editorial
ecl.6.99.06350	道に迷い、出口を探すうちに午後を丸ごと無駄にした。	ecl-batch-editorial
ecl.6.99.06403	調べてみたが、目ぼしいものは何も見つからなかった。	ecl-batch-editorial
ecl.6.99.06496	が報告書に目を通していると、興味深い情報が見つかった。	ecl-batch-editorial
ecl.6.99.06738	タイタン刀剣店	ecl-batch-editorial
ecl.6.99.06775	ホットスポット武器店	ecl-batch-editorial
ecl.6.99.06837	新地球補給店	ecl-batch-editorial
ecl.6.99.06877	ヒガート金属店	ecl-batch-editorial
ecl.6.99.06890	テック武器店	ecl-batch-editorial
ecl.6.99.06927	ガンザらス	ecl-batch-editorial
ecl.6.99.06937	USEM手榴弾店	ecl-batch-editorial
ecl.6.99.07236	十分に補給済みだ。	ecl-batch-editorial
ecl.6.99.07287	どれだけ？	ecl-batch-editorial
ecl.6.99.07319	どの格式の店に行く？	ecl-batch-editorial
ecl.6.99.07368	地元のたまり場	ecl-batch-editorial
ecl.6.99.07380	ハイソサエティ	ecl-batch-editorial
ecl.6.99.07502	水星上空のイエロ軌道宇宙ステーション	ecl-batch-editorial
ecl.6.99.07542	金星のニュー・エリシウム宇宙港	ecl-batch-editorial
ecl.6.99.07575	月のティコ宇宙港	ecl-batch-editorial
ecl.6.99.07603	火星上空のパヴォニス宇宙港	ecl-batch-editorial
ecl.6.99.07634	宇宙港の所在地：	ecl-batch-editorial
ecl.6.99.07779	君たちは「	ecl-batch-editorial
ecl.6.99.07820	ボールド・ロケット船具店	ecl-batch-editorial
ecl.6.99.07839	酒場「隻眼の改造人」	ecl-batch-editorial
ecl.6.99.07861	酒場「吊るされた男」	ecl-batch-editorial
ecl.6.99.07882	一杯処	ecl-batch-editorial
ecl.6.99.07926	エリックの矢	ecl-batch-editorial
ecl.6.99.07945	ジンボのロケット・バー	ecl-batch-editorial
ecl.6.99.07969	パヴォニス・パブ	ecl-batch-editorial
ecl.6.99.07988	クラブ・ケレス	ecl-batch-editorial
ecl.6.99.08006	デビーのパブ	ecl-batch-editorial
ecl.6.99.08023	トッドの茶房	ecl-batch-editorial
ecl.6.99.08045	ハートの女王	ecl-batch-editorial
ecl.6.99.08071	ザックの酒場	ecl-batch-editorial
ecl.6.99.08090	リックのラウンジ	ecl-batch-editorial
ecl.6.99.08127	マークのジュースバー	ecl-batch-editorial
ecl.6.99.08225	シェ・ルナ	ecl-batch-editorial
ecl.6.99.08242	ロブのビュッフェ	ecl-batch-editorial
ecl.6.99.08282	デイヴの食堂	ecl-batch-editorial
ecl.6.99.08320	スコッツ・シーフード	ecl-batch-editorial
ecl.6.99.08360	ロンダのチョコ店	ecl-batch-editorial
ecl.6.99.08385	マジック・パン	ecl-batch-editorial
ecl.6.99.08406	ヴィック亭	ecl-batch-editorial
ecl.6.99.08428	デイジー	ecl-batch-editorial
ecl.6.99.08445	ハングリー・レパード	ecl-batch-editorial
ecl.6.99.08466	ウドゥのカフェ	ecl-batch-editorial
ecl.6.99.08612	誰が払う？	ecl-batch-editorial
ecl.6.99.08658	は金が足りない。ほかに払う者はいるか？	ecl-batch-editorial
ecl.2.32.01606	が襲いかかる。	ecl-batch-editorial
ecl.2.32.04435	下方	ecl-batch-editorial
ecl.2.32.03145	うわああああああああ！！！！！」	ecl-batch-editorial
ecl.2.32.06289	少女	ecl-batch-editorial
ecl.2.32.06316	彼	ecl-batch-editorial
ecl.2.32.05589	自身	ecl-batch-editorial
ecl.1.17.04742	発進……	ecl-batch-editorial
