event_key	original_length	original_sha256	sources
ecl.1.16.00135	161	616f454340509b29d99c7020a2e4ae42cbbd97dcf19d6fd3ac435376cf8a308a	ECL1:16:135
ecl.1.16.00260	144	a63fafb50d8ae1f2746cc5bb32e4abc29d6ae273af919b0f502b12eeb198db77	ECL1:16:260
ecl.1.16.00278	110	2dd0a5dce77ecc360dcf47904734f7ebcbba3d8205b83562513dc8ac0ad93a0e	ECL1:16:278
ecl.1.16.00372	144	77db7201a69738e00ac3fb052a0a8b7db6b674d2a992d959e96a9b545ed6eb20	ECL1:16:372
ecl.1.16.00487	192	6d56dc456eb3bb4db9652d1a1a48bfacb7a332caeb6b20db3a784ce95508a2db	ECL1:16:487
ecl.1.16.00635	168	6e9ec306ce66a83de32c85eb404278c4d672cc5a04a54289bcef57b6fc24de79	ECL1:16:635
ecl.1.16.00768	200	31911acc80e42878c44fb0ef80af7a40d482b73d22b803f7e3ba2d1d67f160cf	ECL1:16:768
ecl.1.16.00922	190	1c5f7d63d42597b4a0af6bc783d5234a7431c4952ba49215a080f6f9ef064764	ECL1:16:922
ecl.1.16.01069	130	84b8e428b21e5e65f8789ae2d97ff1b947ae9f96cc827ea75df6e87b8a19d1e5	ECL1:16:1069
ecl.1.16.01174	20	39a751ca9f384a77491b1e4399c0a72afb8b1ef146a77db2623394590ff1ca78	ECL1:16:1174
ecl.1.16.01280	192	83f47c8625e8c3a6676b77b5bbcdf0eef35f6019cb68d4422c6203fb17ac3b07	ECL1:16:1280
ecl.1.16.01431	129	825aac352d31844a47444cb37fa0df39397d8874e6f279d528932227d2d8ed28	ECL1:16:1431
ecl.1.16.01593	45	a8faeba052329d34dd6ef44de18cc78c6d3cb8cf3f10d96a7e47f7d1de8dd9e1	ECL1:16:1593
ecl.1.16.01661	43	ec56b2df1463ee4b67727afdb2fee78bb7ad323c2e14828d1691e5757a4d2d24	ECL1:16:1661
ecl.1.16.01842	164	b77c097410ea624cf3e9444f20a0a284f4600d1807536d1dc8be95ff04d03a5a	ECL1:16:1842
ecl.1.16.02105	57	08478fae2234b8461b741030ff2f2ad57c477911b2d0a63d66b53cda1d332f55	ECL1:16:2105
ecl.1.16.02166	29	40eccc583ab61286f4489b6fdbd0b2e1cd08cbcc24c3caf2ed8a8085dbbf2954	ECL1:16:2166
ecl.1.16.02279	69	863ae42be0f11011d16b7ca7d644165b1525ace4a328849290bceeb11193633d	ECL1:16:2279
ecl.1.16.02348	73	dccac2dcdf79b75abcb3849ecdd9a52b6ccbc6442c5905d35d590f73b5294040	ECL1:16:2348
ecl.1.16.02408	37	a3cab49aeb4453204bb7e5bc7a0c05e1f15ff8c7d0a72c089fa4e74b7b141f84	ECL1:16:2408
ecl.1.16.02486	167	925848436aaf00716a0f711205b3765613b2543c89c977e5b7a03b998958f8f1	ECL1:16:2486
ecl.1.16.02617	194	9b8d5e4ab9612f27e9b143d9a404def1284b15cf43ffab3544dc8621ef7aeded	ECL1:16:2617
ecl.1.16.02768	60	db33fe2b39070bca99b74293efce5363921a45fb5919eba58100b40b723a5c47	ECL1:16:2768
ecl.1.16.02832	90	d9458db3bb5d7d9032646a87210f47f6e01768e30f9c5c28965d00ac6c64e508	ECL1:16:2832
ecl.1.16.02982	99	9b9b49f90e6c04f8af56f074bd478949981c63a5566b73e48a762eb83b89360b	ECL1:16:2982
ecl.1.16.03062	10	416a91cb462eef23349616893e603cab6ea12f594b033f4fae7f4f3fcdf7a3b7	ECL1:16:3062
ecl.1.16.03080	12	1c9d863675a3dcbe422864bf9f6d23f85b9e479f4d7bcd0c739e89a1d8e22373	ECL1:16:3080
ecl.1.16.03119	91	9647520af16a283f19afb184f624d9acd516b67d9b25985a316fcab18ac2d486	ECL1:16:3119
ecl.1.16.03222	92	68378c915f7a96b91ac90356ff61c9ceca46d0ce01c1e7d407b9f81d535c5104	ECL1:16:3222
ecl.1.16.03331	174	68c261925ea5ef3596ed16fb5105791ea7a42a69c55f8a30607f5047b0a9ae2e	ECL1:16:3331
ecl.1.16.03346	114	4ec32462a1bc66a47d5ffd94ed72e85f6d47297ec5879b885adcd95563971461	ECL1:16:3346
ecl.1.16.03490	195	4bdae1d9337840d866e59b8f54d1fb34e734b1aa3169eb53ed09b79dc2578cb1	ECL1:16:3490
ecl.1.16.03641	210	085fe2a2ddd1f473c288680126b7e01d91d2f866605c7311789ea2818a4a35e2	ECL1:16:3641
ecl.1.16.03804	78	f9132c01d05497053e59cca3a784d85f88b274f560854f325f590eab3d979ae6	ECL1:16:3804
ecl.1.16.03897	170	bea36c42a78539d01bb21d74e75546d1f4a654997972c45e2b68ec6765c4a11b	ECL1:16:3897
ecl.1.16.04039	12	7058347859ce291119cc70d7fae5c0db89072994ba0e2c0205b6446e6009a7e3	ECL1:16:4039
ecl.1.16.04078	217	44bf2bc617df1e1741983c82960a3bb44a1da3647e15ac24bed1bbbb07c565e4	ECL1:16:4078
ecl.1.16.04266	137	be5959fb2b0b36c454dc66c2c7072ad0b8983959a76582b42ed690c330951146	ECL1:16:4266
ecl.1.16.04411	50	4877754e0c92a2dbc4fd56f929dd58fc0b7c992cba874c11cc2f9921400be4c4	ECL1:16:4411
ecl.1.16.04469	72	7b670fe004324ce7f86c0917b481f32e781d28e534c5bda8054db3a020553638	ECL1:16:4469
ecl.1.16.04528	25	63ebd128313312dc01f8b0ab32e02fe30d11aaf8bf919e4b07c85bcaaf4b2e03	ECL1:16:4528
ecl.1.16.04566	159	d3e1e2a41fbe1b927742983fb5637ce96ea3f44971b017608ff6b39b6bf97cdd	ECL1:16:4566
ecl.1.16.04723	185	4c444f311e643a7766a9224e759c9ef9792d46e817e5bd9e6c020d9c41e936c9	ECL1:16:4723
ecl.1.16.04732	104	40269d86bfaab8b49f441b218f6589429cd65c672a04637e4dab7b8184ab57a1	ECL1:16:4732
ecl.1.16.04883	10	8488bd3d99435643830005f2a76a3214832593b3fe6aa3cd99ae8836322d0b3e	ECL1:16:4883
ecl.1.16.04909	11	178a627447003b5d97def0a31f74a4cf602308ababebec4c513f95fadbca0f2c	ECL1:16:4909
ecl.1.16.04968	16	06f298544c7feebb7584af90bdf72671ec40e0827fe98d82702ae5ef1289eedd	ECL1:16:4968
ecl.1.16.04987	22	b7026150172abc0468f5b0f67cc66dd5b9223f6c81541264a56f214cfa067a01	ECL1:16:4987
ecl.1.16.05009	120	afbaed3a284a81fb054be129f7a89eb71768aff75d4bf3e10c88e13115e51713	ECL1:16:5009
ecl.1.16.05162	130	dc6ccdfa9b85d2405425ea9bdc52936a557f9c933793219c73bb6aeea15ccd1f	ECL1:16:5162
ecl.1.16.05271	203	0563915c7388f21b3ae16d50b7f9fa802bbe39203753e021d77321bdecb6d005	ECL1:16:5271
ecl.1.16.05428	98	e2e89df4f1dbef422f10db4c657ff76c8d6b45c355f4362d2414454968c52593	ECL1:16:5428
ecl.1.16.05507	30	0a0b374055dd8870019646ab49a63f09905c1cab164ab51d8406566ff953fa80	ECL1:16:5507
ecl.1.16.05555	157	70e448fda32586c860f5468255e2d1bf057a94d3951744aeb1ff1b45a9d23fa3	ECL1:16:5555
ecl.1.16.05677	114	20901584a838b93cedcd5dcfdf0a2fb1c7d837c1f4cf4f8ebc06bf05088b3a2e	ECL1:16:5677
ecl.1.16.05798	21	749edab8452be67aad50f321210b2c0f1666450848a7d504804d636065227e56	ECL1:16:5798
ecl.1.16.05872	157	3a6b1770b18553428b0ce46f5d7c6419f22ff9d023171638a38cd823cbe5205a	ECL1:16:5872
ecl.1.16.05875	110	a354dec050f8d0c7af26047878df66bb6289d12728e7d3d0934e380d631f27bf	ECL1:16:5875
ecl.1.16.05994	133	bdcef55cd5c774ff7d6772d7ac0444d211f4582629b6864ce0382a0afb3369f9	ECL1:16:5994
ecl.1.16.06160	47	913eb4eb8d4443938ca5c1efc85c6f400a1cdd621d9361fca2b7ce48c6ec86d2	ECL1:16:6160
ecl.1.16.06208	72	d3383e295ae990c361469e4f818a17655de9206b60f63cca4755b3005fe60069	ECL1:16:6208
ecl.1.16.06272	44	f607d1fbb4bb4294d486dfde35ff2cb790902dba329c74548078b166fdd37f3e	ECL1:16:6272
ecl.1.16.06389	46	57398f2ec35e12b04aaf10e20aaec1e9c4398c60af4f7d55bb111759391bfd17	ECL1:16:6389
ecl.1.16.06431	76	f806f80fe4deab14a1058b14e0a1b8fdd615ededa39d603e67b629891f6290e4	ECL1:16:6431
ecl.1.16.06530	15	6c057dff25d567119765c1acca9d8af4e9f2df33939f6231dfb2c8e751bb681f	ECL1:16:6530
ecl.1.16.06575	162	e15157bbfe402271b271d7b262c167f87c342523c27174a9bc4a643048de73b8	ECL1:16:6575
ecl.1.16.06714	60	e070a5f0b7a5e67663e6e86803738ee9b58ff4bdd4ac060f869d7217b282a4fc	ECL1:16:6714
ecl.1.16.06787	136	59c1f7f0c77570a73e269443094db5b2948d50be5e9c7ee0752dd03a59d5669d	ECL1:16:6787
ecl.1.16.06799	112	36fba2b88038c34941ca6e20ba63ac432ab84b813e48ae0cba28cafd0749d244	ECL1:16:6799
ecl.1.16.06894	53	09116ccdd03ed4e7dfac66898ad739441d370bfff32bbae37080e49201af0977	ECL1:16:6894
ecl.1.16.06939	12	86a9ab94485578e43f537877e95e3f8a04011db619f1e40885395833c75a7b53	ECL1:16:6939
ecl.1.16.06978	136	a81fa06889ca4584010f057c60424ebdf98bc4af77563658a501c38f156d4ff1	ECL1:16:6978
ecl.1.16.07105	129	c096c04a7379937f15131e7b83fb50b47c2698333019c26893df7f3eed8fc3a3	ECL1:16:7105
ecl.1.16.07227	131	1ba6169b78d4c2c09748c74f6eba753ace6b072469e0f0bacfbc0c4d9aaf7b2e	ECL1:16:7227
ecl.1.16.07351	109	d5c35d6899bd9440e07f2c8ab9e8bfe3f65ea23242e9dfbf3fbc436871bde9f2	ECL1:16:7351
ecl.1.16.07438	34	07d53f13b13945a1e19179c2aa31a8b491c2bf7ba684987ddf657bff3fb14d69	ECL1:16:7438
ecl.1.16.07468	26	f9313e4d8dfef2226da1fa5140bd5154fc6b901452c9de7173d892a8b50d4b19	ECL1:16:7468
ecl.1.16.07492	27	f8682f13f9d918226ee29615e4ee6bc98c4598d3e9b71f6d957ee6212c4beb87	ECL1:16:7492
ecl.1.16.07554	107	32271a5890323f46aada252ba16de91ff189452fa9cd34f95825893cebdb18ab	ECL1:16:7554
ecl.1.16.07639	111	b5b2a5a8cf3e3b78d53df622a138c84c96c630ff332139c328b75c115aa3c7c9	ECL1:16:7639
ecl.1.16.07727	33	4a1f3f93e4ddb6e9f1b8eba16ca1313b76d4325d1757bd8d6aa78a1f39af740d	ECL1:16:7727
ecl.1.16.07757	28	01061d68c88576d6c9a3ec128085a62764d53eb25bbf4cf9ac38e4eb2e3b4da7	ECL1:16:7757
ecl.1.17.00108	37	a084f682f25b7a8977f9ab867fb5c94085ec226666602573264394bad4824e16	ECL1:17:108
ecl.1.17.00143	47	61a8d5ccb47eff9324eda0d3c60d087e63e3676fa078215cba2f0b9563ac8f9f	ECL1:17:143
ecl.1.17.00182	10	39c0d5346c0f07734c05ba749aae54481fd32dcc76c0e7e4f7d9bc95e5726122	ECL1:17:182;ECL3:50:6873
ecl.1.17.00195	41	fd023da16873898f36715e225c79e5d7c12f12c7f93bcee8ce8fa84b39190875	ECL1:17:195
ecl.1.17.00327	64	173c268065e27be3238acf58777f71cfb11c4e39b6f97e255397ae53f94ce604	ECL1:17:327
ecl.1.17.00379	45	03d3ccdc8d0cd96cfa239fa392a17aa825a1f0878c5104fff8abbbba7a927835	ECL1:17:379
ecl.1.17.00417	165	b82bf4029e4e275a2b6c694c8738659be4e1cb5a73d481aad9040d76b1d2c2a2	ECL1:17:417
ecl.1.17.00545	115	5842737dabc3b766106c047a6454f9d35d3b24914c6adc2f7e56b19d2fac16bb	ECL1:17:545
ecl.1.17.00639	36	c580b681c9935d0e2e85d6867c47aeff081050a1a9a308ab466d8ec86265c62d	ECL1:17:639
ecl.1.17.00671	84	83ccf24a2b950d9b8b6e5ccc48a02cba619b3ef3c4e8416a595e3644b2968e3a	ECL1:17:671
ecl.1.17.00738	16	8a835c8824db21a3ffc81b023e11c07e11bdaff588afb7416ae7c169caf05ce8	ECL1:17:738
ecl.1.17.00761	79	ef6e88bf4ff7679f9be8123805dd9f779ab3fa0d133eff388a598a0d3348880a	ECL1:17:761
ecl.1.17.00825	69	d069204e233628c7485b739ba0184b8ce38f543b7ad7afd9a9bb6090ceb67354	ECL1:17:825
ecl.1.17.00881	60	9b48eb8c06e17291ffbdaeac6aa9ab9b3773bb98b2a2acd22a58434119ff4d4b	ECL1:17:881
ecl.1.17.00930	62	f26047955b21ca7190e94e0e4f550975ee3ec18732240cf1f3ca053aff74566b	ECL1:17:930
ecl.1.17.00981	85	cb571a2a7b77d32d266d32ef73d51f086ba5e55c514f8dead17e2c5002751813	ECL1:17:981
ecl.1.17.01049	112	bffc3691a5b70ca8963f10d636dd70a38966884eb48b16d562dfce178338d0c1	ECL1:17:1049
ecl.1.17.01147	104	118c3968ec132a11a3bdc86ac012820276ca37a4fc2503101a483621663de95e	ECL1:17:1147
ecl.1.17.01242	11	0a4a268a9b788b9f6e51c0a327864b01d039d4ddb2166882683328e3a204e1b5	ECL1:17:1242;ECL3:50:8374
ecl.1.17.01276	31	c2774c17c36b92d31498de79a0bc4bf82415ce1c4c4e99dfc5e532702377696a	ECL1:17:1276
ecl.1.17.01370	124	51969226c4597a5846c3408c1ce2f2e4d176aea923f7516f02d6a0156f766771	ECL1:17:1370
ecl.1.17.01467	99	8e36490c886c3ac0f907e1aa8d64eb93b74a097140da4bf5114e1a568b95e68c	ECL1:17:1467
ecl.1.17.01549	57	5f9578b7e994d97b58edf4ac77f53c4f1de4d033c008dc5905a8d60875154d67	ECL1:17:1549
ecl.1.17.01596	135	8d794c7179800ebc119835b13ba71ba010f60654606591579ccd6ec9863ad51b	ECL1:17:1596
ecl.1.17.01620	103	a1a1d8a4ab701676cf82c7b5b667b4afdfb025ae2325eb96fe51567df8e01cec	ECL1:17:1620
ecl.1.17.01702	56	69a9a1ac254ffa10ad1b7de96094758520474a4f9a4052bd6647fd8ea288655d	ECL1:17:1702
ecl.1.17.01809	74	2fad70f0acf2a4e72ef76d32ce2c5aacff7dbdaeccf94dbfa499721909ebeb5e	ECL1:17:1809
ecl.1.17.01869	102	e47120259c28e59a729df0c1a654b0245dab8c99d3822452ec4848fb3abd1341	ECL1:17:1869
ecl.1.17.01951	31	9bb4c83ec3c72cef4117b292854cfef49e0df6042cd4da483864b6127886df5d	ECL1:17:1951
ecl.1.17.02018	51	991c65e85dec38a43cd057d4e349abcb9714502160d27eb23ded99c1bcf0e6d0	ECL1:17:2018
ecl.1.17.02061	82	f5b71ce540f7249a7672be2ceaaf4998d8e2a3e4d70b6990043e0c873d2b90d1	ECL1:17:2061
ecl.1.17.02168	36	0af3603f69fc1bd90d07f9283ff023654321f48088be22093436ec9c7d116831	ECL1:17:2168
ecl.1.17.02208	24	5f82368960d8b00baea143a2d49b30d21c4d3dfab693d3edcbbefaa288c92575	ECL1:17:2208;ECL6:99:7257
ecl.1.17.02283	31	faf5007585e075d039c45436ba1d022e50f454c7b37cdbc3936f7d35126f044f	ECL1:17:2283
ecl.1.17.02317	9	d36b7b67307c52a0e6f65007c765aece1276e8bcf1fd3e6736194b9674bb5e4f	ECL1:17:2317;ECL6:99:3632
ecl.1.17.02326	10	0ead91dc84afc583b85531a45a11afd736f6dc5741feffb4f637152cfef38dd0	ECL1:17:2326;ECL6:99:3742
ecl.1.17.02373	32	b334c691aad916d715a542d86e4810cdf871e6f91e669ae383f910301fd8c3d5	ECL1:17:2373
ecl.1.17.02411	20	6fa6757113327d94797b35e9dfedf9e8196f71c6d0c7834ccb2a2fbb1314e11f	ECL1:17:2411
ecl.1.17.02430	16	0d04ffa4bc72be0466c46202d046aa115fcc363922bf5a6e36833913295fa9ba	ECL1:17:2430
ecl.1.17.02452	33	1973c6b70d7f40e450043aa28ba51f983e08db91dea6ac4b22af7ea86373afed	ECL1:17:2452
ecl.1.17.02507	17	a8866f37c97b8869b9c93eddf3447b00a9d359c0ed5c1cf84968a5e9f3b7b5e9	ECL1:17:2507
ecl.1.17.02530	20	601f00f96b32bcdcedda682677bb753b1339852f23661cd707301c2771197422	ECL1:17:2530;ECL6:99:3933
ecl.1.17.02561	9	6b1ef56760812596433c64e7421e8ab29c3751c0e42cb1b5f778080dddfeb14b	ECL1:17:2561;ECL6:99:3974
ecl.1.17.02575	16	ce563dc1aa242f76e809ddf55e6624c8b809c12bea3f9a8b4e2e490e09dd2ff5	ECL1:17:2575;ECL6:99:3998
ecl.1.17.02599	41	10d6206482f583df40593219691e52f6dc584359afb2a00a483a63ce3c744aa4	ECL1:17:2599
ecl.1.17.02726	97	046cd5d2fe0ea3ed49e5424eb246bb0fbd871f45e973bf89e23697a942efe7b2	ECL1:17:2726
ecl.1.17.02830	107	6dee1e3455abc026887a949836657a48e29f91272562e63a68f804cdb417dbbd	ECL1:17:2830
ecl.1.17.02942	108	b14f574379407671bc53c65f35b96186a4e7c4f8ad61587eba595a5b4c864c62	ECL1:17:2942
ecl.1.17.03054	110	c3abe794db26039829c525bc8da29e811bdfa60b296617a34f32fd6f2495ad28	ECL1:17:3054
ecl.1.17.03168	100	fdfae96faa171e87b00541daa0b0952c3006d444bf60b19cee9687ad778d6916	ECL1:17:3168
ecl.1.17.03274	103	b647fa9cacdfca7386e0a2e64dc86b29622af7ea9461d43271d76429a5c95216	ECL1:17:3274
ecl.1.17.03383	56	1f961554ea931019c60849504a28ae9c60b065160e86809de012c0ee1912fbe9	ECL1:17:3383
ecl.1.17.03456	104	6aa914831befbf72f7f1c17fb54f11366c14a64c1a1da77497df48b23ef62a79	ECL1:17:3456
ecl.1.17.03557	38	72b54348e6443d9054f70c73a27003c9eb89baf96421c61b256773db026f2480	ECL1:17:3557
ecl.1.17.03668	16	44026956e01d7038cd51038b30718f9d1b4ae4d3b8e4dff499adcb6da35e48eb	ECL1:17:3668;ECL2:34:319;ECL6:99:1394
ecl.1.17.03762	42	538f11a4fe24ccac4c74442327ded4e82ef58e729a6aaf38018eea382c5eca8c	ECL1:17:3762
ecl.1.17.03809	54	c9cd33f3ba14c18f110e583d1ccb4891ed36a8fc5adf675159acd99e744f5982	ECL1:17:3809
ecl.1.17.03865	53	2c5b30ed8696a921aeb574f8989c317a0ae153d9ed47d17ee711aea84ca7e88c	ECL1:17:3865
ecl.1.17.03920	74	76f980ebb95381d025dc0fb6a4aed526a92bedef3960f21a7a3d946e642f33db	ECL1:17:3920
ecl.1.17.03984	106	4806c8bbe4ec2d98720149c3ae8b2db78d1d6c49152caa6469ad588e49ab1c53	ECL1:17:3984
ecl.1.17.04068	51	dd21e5a58bcea1863d9f7a56bec89959597c511838e1bcfaccf0520b4052b248	ECL1:17:4068
ecl.1.17.04110	41	5c0339af3f48d9b9ae374905d8555bc9190f34cbbec449a28ba30a858f3b1501	ECL1:17:4110
ecl.1.17.04210	148	e5676520dba5637ff0b06c6bf40a80f448695b7ee61e449405a4ee5030d27eb9	ECL1:17:4210
ecl.1.17.04338	35	a5cea689bc3b426592fd0e8bdb0748d6e0d0ef7be34f4ba3c848e2f08dd68a45	ECL1:17:4338
ecl.1.17.04399	7	69a5f2bb972e06a9779a94313c6978bfa7d6b2f15a8c51d9c409f3c905c51487	ECL1:17:4399;ECL6:99:1495
ecl.1.17.04448	35	d1cb1881399ffcda8774676cc531eac9a1c02b1f80bd12586dae163d1c90036f	ECL1:17:4448;ECL6:99:1533
ecl.1.17.04483	59	8d7592b0246632d12682c25bcb0db35f39c468c2eded1e8a067d3ed6067cb21f	ECL1:17:4483
ecl.1.17.04547	71	307a4d241d51dc9a6b2ba0af472371f16d3d532d5ca44d9815aafba0c3273784	ECL1:17:4547
ecl.1.17.04606	42	b5c8abae4071223b50e8a2c89734b481d083c8e3e0611e69da63ea2db173476f	ECL1:17:4606
ecl.1.17.04646	67	212fc85ac7baa2bd4b83d75b5bef4d709a17a3a85778daa1361fac298c5adc01	ECL1:17:4646
ecl.1.17.04756	108	a0b2c23923390c31717448f4d6f3f46e334774889bf35197cceecb5eb6353b71	ECL1:17:4756
ecl.1.17.04841	126	55e4a71f63e895b96646245e299cde99e99a4087b2d60bc4aa8c77712440d9ce	ECL1:17:4841
ecl.1.17.04943	48	2d5a3412557c1cda4348d3cdec6a069134912e98151cc8caafe00d5fd2ec37bd	ECL1:17:4943
ecl.1.17.04986	62	3f631c39c2918ce8fb8e53783853c4df0cf8c750b6908118d40b921147a7dbb3	ECL1:17:4986
ecl.1.17.05042	64	e87284ab9a813073a351f0698177004f32e7a9e1afca25c6171424e8c9ffd0cb	ECL1:17:5042
ecl.1.17.05100	11	c6b2e09da697330d13f009ef1839ca27a97fed61d78ca077cf3f4f1ac82e380d	ECL1:17:5100
ecl.1.17.05111	14	babfe184162e13a1a541ed3bae20a109e3e9dd89192414d3855d681ebac7468a	ECL1:17:5111
ecl.1.17.05137	71	b1cf23bd1175e08deb995894eca77837a6295469f0242cb9ac73c27631477691	ECL1:17:5137
ecl.1.17.05214	92	46f80c25800d31df7ba66752b2881522e61fb8f3c56b06b533f0088910aa66db	ECL1:17:5214
ecl.1.17.05286	21	c798dd7db3509b5a4fa693dc93f84a97a00b227f6c8e6f96b9339f23dca9ec45	ECL1:17:5286
ecl.1.17.05306	42	54bf5850dd05de6d7ec2d731dec745ee2c3db037cc0a24bca894f50029dd7e2d	ECL1:17:5306
ecl.1.17.05342	48	399942f3abf30309321b0bb565a5ab9610edac192522781b789023abc82e73c7	ECL1:17:5342
ecl.1.17.05393	23	ef14eb715aa2875ff664a7bcd4be98848035e3f007a8aac7807719f86900a78b	ECL1:17:5393
ecl.1.17.05426	35	0ea69ba329cd838b0e379a84e1e5904ad028fde471d76e197ab79ef1afd6ef3d	ECL1:17:5426
ecl.1.17.05512	36	e126a7963db4030e10fecd2aedbdde5bc13fac3a14d2b8bb55cfe57b59bfae48	ECL1:17:5512
ecl.1.17.05553	64	a2ab434823962c4dd82bd93e5064e41ba3f35cbb9d622c9501ed588e83219afe	ECL1:17:5553
ecl.1.17.05655	13	d3b757b75e43cc917a92c440c36c379bb1ef85d37043c8a6f7720774d979b7ec	ECL1:17:5655;ECL2:34:4796;ECL6:99:1350
ecl.1.18.00135	167	7638d33ecc2a50de9d1c088edd006cee74f44ffbb543774083cf389ea5cd63bc	ECL1:18:135
ecl.1.18.00300	95	808d2bb25e5300e754b6f465e76be60434bd3a1ae4f7a9654d79adcf38af7168	ECL1:18:300
ecl.1.18.00402	71	3332ad7f17044848b27f7f00cbe72567c9f6e97b904b441ec0f37da2168b7179	ECL1:18:402
ecl.1.18.00498	59	d70c52895d9edb667f38f70dc22f6d6b2f641f5e5148a3d8cde89d5cf283fda2	ECL1:18:498
ecl.1.18.00557	117	098f3aba485396e0e5919c53b7568a8ac757e37cda10eef8ced36341bada2df2	ECL1:18:557
ecl.1.18.00659	58	73d5893d5f5f08e5b3cbc59f7ce5f57ae4ff8d010cd4aa1251ad6088ebce97a2	ECL1:18:659
ecl.1.18.00737	91	821e976a754cc2b1dd3e996bae0ba297109bda114d27f8ec1aa8c8c616bdf789	ECL1:18:737
ecl.1.18.00816	45	fbe109791727172a380634c758e7c2b55ee288766d08386d3e2be1dbcb1cfc08	ECL1:18:816
ecl.1.18.00859	59	666df1527e7a6d38261124438d889cc22f1ffa32ec1a4321fe52e545d540143f	ECL1:18:859
ecl.2.32.00116	129	a8cc83e7eafd880ccf4349a91f2343001842a2b7552597374873708996b052b0	ECL2:32:116
ecl.2.32.00228	193	87fa3b4e6a429c7e6f3e33f8ef0cb3ad094303fb410a5bbc8fc6b0cd416260bb	ECL2:32:228
ecl.2.32.00382	177	4e24b9d4c5cdc64efb677dc031cf372fbca69880c5ce1884e9c86dd047982131	ECL2:32:382
ecl.2.32.00522	70	c85b3a25b7675f497f96dd28dfe1d7ffa1bde923e14836c1f53feb7ec707733f	ECL2:32:522
ecl.2.32.00600	117	841ab3f835b04289c258b102ee40b7710fa34fd8eab966c3030ff6428d0fc73e	ECL2:32:600
ecl.2.32.00757	63	214e7621866e7a9c771d3fbf4518f1c147735a064697d43fc61e4bbdc3b62e7e	ECL2:32:757
ecl.2.32.00831	68	f4e422babd70f54aa6c89358c0cc3fc5c5049b6dfb8fff8f4bdf8c014d71370c	ECL2:32:831
ecl.2.32.01169	50	876ec17714a58b672aadf2b94e2f832b8f670a37782426bc8e93182d5a4a61a1	ECL2:32:1169
ecl.2.32.01250	51	ce2678a1b2f4877855a40bb7480669d87879924bd98f02ed4d811e8bae8e352b	ECL2:32:1250
ecl.2.32.01332	94	2e238017442ed9c64b105c0cd69665eada492109b33fc64082c3992d48c986e3	ECL2:32:1332
ecl.2.32.01446	51	c9699d1dd47b970d2ec852bce4e16f3c7515e1488ee6327cfb7e341e261d891f	ECL2:32:1446;ECL2:33:1408
ecl.2.32.01572	34	3f574f225edf1bd31b00b5e1d877af2b98ca12fc89b73563724ddba554e93073	ECL2:32:1572;ECL2:33:1526
ecl.2.32.01708	21	d98af0a10c4e7c9db2064bfff09e73274ae58830d8a29a1d60bbc5d536e79a3c	ECL2:32:1708;ECL2:33:1662
ecl.2.32.01748	27	a92a393e64a9aea19b1693d29f0df213a64c137580670d430010738187a4a1c1	ECL2:32:1748;ECL2:33:1702
ecl.2.32.01793	33	2c9cc49fc84f9881b880fef38b1c6f46887e5b5f64b2d737a091d557a62f8b5e	ECL2:32:1793;ECL2:33:1747
ecl.2.32.01850	27	103f876bb22906871f63d3678b4e907e7c539d97c734b1a3de020841df201751	ECL2:32:1850;ECL2:33:1804
ecl.2.32.02150	29	fff51d18d4d00559a3a37a608adbcafd0b859fba53f8e32e1bd906eacb728fcc	ECL2:32:2150
ecl.2.32.02194	148	115e5f8b1c77a641b486e0f01320e720e567a8ebec0f4aaa083cb90ad2c7dffc	ECL2:32:2194
ecl.2.32.02331	50	e8cda8fba7fdc5e56b7af75c0a927253c5fe1d353a2b9f81ee35111be600f4fd	ECL2:32:2331
ecl.2.32.02406	81	c58b46d18b08af699185cb35b74d27ae17765c27e23559b2fe3a456bdcc2af8f	ECL2:32:2406
ecl.2.32.02492	207	a1673c30cbcf9c99deacf65643f9ba10c66ec5e152795283882ccd9ab651d0b1	ECL2:32:2492
ecl.2.32.02652	143	4456cdf93363c63fb4ddb508ae45c524ab73c7795c24e2ac343c23094689f7b2	ECL2:32:2652
ecl.2.32.02764	70	d15178e37d8794b074ed2f522503adec65e5a9edbeea8cea41af1ed88f7ac4ec	ECL2:32:2764
ecl.2.32.02821	192	a27540fed9a5204d08698db31c3aafe3be1efb22a22578b57204f70a1b7f9aa1	ECL2:32:2821
ecl.2.32.02972	138	71cbb1c861a73cd92933ceac161e8baaade9998f4d7da203760ba12a456e18b1	ECL2:32:2972
ecl.2.32.03080	81	a7f106dc7fbe45465ed1a950f60e03f020301fa868fe5a9dd85b9e8e23d447f6	ECL2:32:3080
ecl.2.32.03170	84	906faabad55e0a5d3d111e51f41b2be8fad0ea773011c28f11f0503183139ea8	ECL2:32:3170
ecl.2.32.03237	16	7d0399be0954dcea0433729169ba927b749de8399740967ebb90c1391f71a61d	ECL2:32:3237;ECL2:33:4226
ecl.2.32.03542	13	cf8124146f435eaae5fb190688e65501d7af6f123903773da9c5944d11e1df92	ECL2:32:3542
ecl.2.32.03615	15	4b2ffa960d51290fc212c3f0336b2f7337b782f5b040aa7760e0f14b84122f4c	ECL2:32:3615
ecl.2.32.03773	54	5786c7053a02d8caf1032bbc552b2e2c331c7a6bf2adff8b66618f754298c925	ECL2:32:3773
ecl.2.32.03840	99	664120b3fa64bbd7ab0e1ed48850c68523cad2654141fde37123894536bd89f0	ECL2:32:3840;ECL2:33:2914
ecl.2.32.03918	13	02263213aef557583c3ff09674dfae8cd3a18123aa2ff7a6df9bd700ae382ec9	ECL2:32:3918;ECL2:33:2992
ecl.2.32.03956	46	ef7125cb0dc100677a7f81a9de43115097ccabb1cfa447a35440c12b82075a09	ECL2:32:3956
ecl.2.32.04275	43	6417ea6bacb570c8b6fd217138f2e8330ac606502864d109c32c5c756081888b	ECL2:32:4275
ecl.2.32.04324	44	e35cc0c6f3088048489ab12da40ea140f7ebc1a0cd550aa7b39492aa1a745657	ECL2:32:4324
ecl.2.32.04401	34	ff53a9dc21ad163b990772b403095a6079cbc8d1dbcaf2d15f76c9aa545b33f7	ECL2:32:4401
ecl.2.32.04629	72	4b1128eb0fb31e4cd782278096e442c59d0a30fa7e9d7b4c0a5e60e3963ef932	ECL2:32:4629
ecl.2.32.04714	36	e056c379a9c1a5339955ca391fea24bf55b5c5af9812fa47512eb5d476bb7256	ECL2:32:4714
ecl.2.32.04746	120	df64c9fe00d12eb5a90ac4da15a12f8c8b8c93416157c6275c84d2b90aaa9928	ECL2:32:4746
ecl.2.32.04884	53	409e3c78bf91772bc49197cbd09c2a6f8a2dd0d953e72cca11edf593ca3f065f	ECL2:32:4884
ecl.2.32.04949	100	f0d976c91454d1be68efa2d4b3b4b3be60f1e20ca10bea34b78649cf232630c7	ECL2:32:4949
ecl.2.32.05057	46	9341f0ea4c9fc19507a5ba232dd8610f8901d03d107c82ea7599d48396f1fca7	ECL2:32:5057
ecl.2.32.05120	200	27e737f754ee3f3fb189b92d9cc6044316b8c9d0a04650ee3a5ddca945680d29	ECL2:32:5120
ecl.2.32.05295	55	bc94eb3af38656adad3499c4f30f1be893d9c1d359a16bf8f11f926e31a651e1	ECL2:32:5295
ecl.2.32.05348	39	1ea55dd725265fcf3f7268cc4efff35cedee4efc5728de08b20e2747c816484b	ECL2:32:5348
ecl.2.32.05389	50	03d621c72ee44cd6e8e225bd28df36b27f607151d32ee39c988d6307df0546f7	ECL2:32:5389
ecl.2.32.05465	51	5624d50b076d6655fcaee2e824fa2553b91e08b9f74fcf9267c68255f064a4fb	ECL2:32:5465
ecl.2.32.05554	31	08a3bedaefab069f948a06c51edfdd2f223ba60d5d0b4fb8d462bf7db57b4231	ECL2:32:5554
ecl.2.32.05604	9	36cc5171aa592c437b66c983894e3ea9142d2cc7d451b56bc91122186058c521	ECL2:32:5604
ecl.2.32.05636	92	6780d1f65802026729a13b208000354ed9466e7a97f66351b8bcf9c05c24aaea	ECL2:32:5636
ecl.2.32.05716	47	0f52fbe06910a38ab3209bb43f192665f00610f494a7f3aa85ef4919f4bb8e54	ECL2:32:5716
ecl.2.32.05755	87	acb7b71a56adaffa6827759a952865116d8041eb1b2d08e0043774af7890b7ad	ECL2:32:5755
ecl.2.32.05840	166	e03081ece7193a18d3478bc6f1ed1ad7778962bbe7473de8d0b4eb4380139c62	ECL2:32:5840
ecl.2.32.05984	100	09004caba36b0ea2aa82353c5800bb76fd186c6e39d713cd6dcc2c8ebefa30fb	ECL2:32:5984
ecl.2.32.06062	9	fdbd7d627a51c2b8ae2ac60c0f739d7df4b23aba3867a000ad032d5d67035538	ECL2:32:6062
ecl.2.32.06080	105	ef59f9385e93065d6df1ecc9601ef94df913fccc1f843026afe5ad039c39f9af	ECL2:32:6080
ecl.2.32.06166	107	273e95304a477a34a4432249d2406db0dc410e5d9e518b111601ab758431745b	ECL2:32:6166
ecl.2.32.06254	14	4b70513fc73a81eadf30fc0112c81a96d3ed4b2ae80b2685f075d880aac6aa63	ECL2:32:6254
ecl.2.32.06377	27	1100ea7e1d087e3c3a599e2dcb116fcb25316b8dd2b204f2759c092883c1851b	ECL2:32:6377
ecl.2.32.06452	43	edb850e300dc5121795455b29b6468c1fce078f270962954dd82b5ecfd19676f	ECL2:32:6452
ecl.2.32.06510	60	d80c93838ecd39eee9cd08385be711396953874a2ecb05764fa0b43fa58bdbe2	ECL2:32:6510
ecl.2.32.06570	61	d9cf83f773b383b5f0053a72ef04867e832d8c3ad183de59d90c50ba127be5bb	ECL2:32:6570
ecl.2.32.06640	97	e57c647284407966294b392ecd06ef028175670823571401ac2aae195f5a06b5	ECL2:32:6640
ecl.2.32.06726	83	201fc57bfc2eb5cd7fd5db4301cac469577dd6cd94a2bd4d69e0a7fc48aa9cef	ECL2:32:6726
ecl.2.32.06794	31	b3d71e27fc61f132ca2f3448a9ebe4b9848194015bee7aef8c1887aa62f1d729	ECL2:32:6794
ecl.2.32.06822	196	73f787d0ec3494f9e156c3792dbe11d81b9abe38f4cd3271d393fe1342666653	ECL2:32:6822
ecl.2.32.06997	39	7ae164bf00039c85fb3a8f372a4b3dcb3eda3b41ec14796ac4ba0d212a27b1b8	ECL2:32:6997
ecl.2.32.07051	85	861c1526367945850041d5e6295188466b071090faebce43cc2530bca5bc7191	ECL2:32:7051
ecl.2.32.07119	166	30c651a4da2d89f514d3523f8974f1b030ded50bff96059f644bfb5553393bf1	ECL2:32:7119
ecl.2.32.07248	111	e62a5d5bb2ca32e0e7ebb551246d5f5a106af57b992a26725a808228f4255b1e	ECL2:32:7248
ecl.2.32.07364	118	53e294ab06829301261b20bdd0c29992ad9e7b976eae8480e25c3d17a24eaabe	ECL2:32:7364
ecl.2.32.07481	140	e95cba49e37fd52dbde134d24085b1eb9cc7646b905d51a2ba73d8ba1848d943	ECL2:32:7481
ecl.2.32.07621	34	c1295f7d8e45630b5f1d36c673d40194a5e65a597ea55e77ac6f031dd7e3e43d	ECL2:32:7621
ecl.2.32.07664	70	4fba633de809fafa72988354156c86ca785005296a2dc21eee80c08792ece0a3	ECL2:32:7664
ecl.2.32.07725	86	17a21e5a94d2b970a4a2d11e553757f2ff883db0e245e6186990d256367ddc27	ECL2:32:7725
ecl.2.32.07797	35	e0f41f717a39bc2d785e2d30a379f2b67322b3c64cebda3d322e430df3d30fa1	ECL2:32:7797
ecl.2.32.07855	123	628883911eecab7c86eb5a5406d16c087fab1f6b28340172dfd53b2669789333	ECL2:32:7855
ecl.2.32.07955	59	e08dde7733b7f24a98ac9e267ce2823239f8d71900be958e587c54591f27fcfe	ECL2:32:7955
ecl.2.32.08036	29	0c9f6332a83854bc22d21a3fe967f61b2821d85c5326d3dd483c4de7386ce37e	ECL2:32:8036
ecl.2.32.08065	42	59aeb50ad10fa7159aa6a8ccd8a245ab2b7650feb97b7073b21895219461f430	ECL2:32:8065
ecl.2.32.08102	64	be25a1563bedf8e6d1029c970b46dfbc28ecaaaf003f79ac3ceae571b234a273	ECL2:32:8102
ecl.2.32.08160	28	932481bfe536ff54e9b79bf74fce9029b1881524dd788166e533e7efc369972e	ECL2:32:8160
ecl.2.32.08185	99	99cb90df0e411f53b9ae644ce6045bcc9489c7f63d97441c727cedf6ab8dabcb	ECL2:32:8185
ecl.2.32.08271	189	87806ffe565967213ff9af1a897fa8ad71bb2dddaf2dfa773fbf2938d7059c3d	ECL2:32:8271
ecl.2.32.08420	118	279ba67be8d28d4b4680e6af992d1153cbc1cb380f6c2226cbe0eecb3df2c21b	ECL2:32:8420
ecl.2.32.08532	86	ea32d824f0dbd4921348b7f7c501d906648e858db8f25cb27e65a1523ab6fe56	ECL2:32:8532
ecl.2.32.08617	114	a1c9855cd783f578bf3b617cbada28ed9a9cef36a4fa9fd239361f18364dc7c7	ECL2:32:8617
ecl.2.32.08740	69	e69dd575bd6c87b45b1e7a1af51de2fe1c81566ae88899c3a1087160ae63d5a7	ECL2:32:8740
ecl.2.32.08796	93	3a23409ec888fbe56ab8b22c18349e4674466e2877de10ce9d7d201aa3880e6d	ECL2:32:8796
ecl.2.32.08883	16	1d3588c9c02bd2e3d5ea19354ad4a9397443470aaad12ecf44223ee7fef82464	ECL2:32:8883
ecl.2.32.08909	16	4cbdd356617c528e2c9bb1807cff4db7579acd89211af2bc2ba2ba54ad3f566f	ECL2:32:8909;ECL2:33:6087;ECL4:65:7521
ecl.2.32.08964	20	62dee462feae246c36375bba05140b4a07f3df845270b39da5a80c6308b26dd1	ECL2:32:8964;ECL2:33:8949
ecl.2.32.08983	17	2207ea020821909c46f41951b7e31e4669ea594b61305a1702ceb60e3c50ead1	ECL2:32:8983;ECL2:33:8968
ecl.2.32.09000	16	8118d4316ff41b8406023e0afe5abfd9ef1efd15bdd95af4022fcb727109fce4	ECL2:32:9000
ecl.2.32.09107	36	ee9d4fdda70cd19e1d1a00f08edcb0d528a24b7ea75966a2d53fbad31e154459	ECL2:32:9107;ECL2:33:9112
ecl.2.32.09153	14	824dfc9f53181ff3b0366c3245e7fec44431d6133650aea030a948e08ce9ba2e	ECL2:32:9153;ECL2:33:9158
ecl.2.33.00149	138	6dd2cad64688b8a2e1b0f891723bca666c6993a924b30fe080bfb11b01b2c910	ECL2:33:149
ecl.2.33.00271	43	540e2a80fe859a98277c78a3af8fd52e3175a4ed7994854d294aa7ab75275e2d	ECL2:33:271
ecl.2.33.00344	45	0833fca37e2bced0b809bc3ddb6285eeb12a5cfe499e6458d4c51d36a859181c	ECL2:33:344
ecl.2.33.00391	24	ec7efff18227721d333c7b1bfa7c43e8fc998d94a55ce18388de92ba21836e9b	ECL2:33:391
ecl.2.33.00413	67	46ce9875d33887528496af803fa2cbf2fcec43be45f70dec188e044966c8ef8b	ECL2:33:413
ecl.2.33.00513	35	e35782875f4a424cfcf2fde113d8a7fedee71313649adfaec966fcc5fd7d9602	ECL2:33:513
ecl.2.33.00594	137	b5217c798e6f1bfab46961bd0c2dd2c3f0756230e30c200ceff4b8ce7e7274f4	ECL2:33:594
ecl.2.33.00704	39	475389411af813783158b0d0d1b5c17ad8ef7af4e9d3463c6526d1c0e93cc58c	ECL2:33:704
ecl.2.33.00764	54	9793bf6f81a282413f03ced60b18e8a76ec2d8f7d8949ec0148d196f04781227	ECL2:33:764
ecl.2.33.01154	35	38c1dfe4c6fa32c211946c9a55c56257f03baa76f8aa809269317f82b46c620c	ECL2:33:1154
ecl.2.33.01224	44	d630c503d6f20b382e540f62c083b3e8290c21235f497fe3c0b76346442aebe7	ECL2:33:1224
ecl.2.33.01300	86	29df1c31b651dbc8fed3f98935fb05c537fbe33b272316c0c66b2b1d53f0401a	ECL2:33:1300
ecl.2.33.02578	78	0d5390e20a0bb83ff8a70268ce01f654d9c126d6442c78cca5b9d8dca71754df	ECL2:33:2578
ecl.2.33.02674	89	eb101ae63337b23fc039eddb01d6ad6e167d7560711f8c0cdebbf0c7055e2d33	ECL2:33:2674
ecl.2.33.02859	38	4045ddb2a15a261c3911fbace01117533b3a6101f2f0ae455d2a7315978d014f	ECL2:33:2859
ecl.2.33.03059	102	34cea850978909952369f8de2f71119b397b59863ecd3d57dfe8dc61a96ca48c	ECL2:33:3059
ecl.2.33.03149	78	d4be6458ad28f4a51a77a0daf279608686c2e2979e515932f0dda84e039f96bb	ECL2:33:3149
ecl.2.33.03244	158	8fce21d0ff8391bd1401ccae85730c87198c2874ab552611e7541c906490c951	ECL2:33:3244
ecl.2.33.03387	51	11a8c7a36cfe20976733249b726cfc0e357a77b2f4a01ffc4cee2bee7cdc55ab	ECL2:33:3387
ecl.2.33.03449	59	1d5d864bf59954d15b0b883a744fabb2b5572403d0e6573904258df66ec59f74	ECL2:33:3449
ecl.2.33.03499	57	d8432ce952b6bfca16f08abc03cca946cecd95ec715e496af89e3020dc5f433e	ECL2:33:3499
ecl.2.33.03567	74	66656744bc1dde4596b8ed3eb6dfe1c0d5acad475ab2625640117713dd8c0a47	ECL2:33:3567
ecl.2.33.03678	90	a0ba8a20bb303f48df421d214a186b085b502074bfa60db37a14ef642c6bd568	ECL2:33:3678
ecl.2.33.03788	57	4c125760cdf7f546ae951fe2da1cee6a3cc43aedad66353279ed0b231302cd45	ECL2:33:3788
ecl.2.33.03869	84	c7e729f52cf8f933873f0115d5dd02ed05494349098ca7d02cac09091762667a	ECL2:33:3869
ecl.2.33.03971	145	4a384bdc171899d58f65fd57a96a113f7cffff147a119065dc15b1714e40bb03	ECL2:33:3971
ecl.2.33.04084	179	70209852d224a64698a747797da6a4ae10b6213d2f67b55fbb3ad38545f1d98a	ECL2:33:4084
ecl.2.33.04248	172	7d3c6e6e5a0f18501fe25d1418c8c082fed3934766e2a0f3d363daa9b77b0fa2	ECL2:33:4248
ecl.2.33.04387	24	13b64e54302bcca89d9cdf23280f7dcc9b3989f93f146412849d6f405c56cc2e	ECL2:33:4387
ecl.2.33.04419	41	c111ed297e92d670684127bcafcdc3d08fa1bd7938ecf046178d18d1c43ed1a8	ECL2:33:4419
ecl.2.33.04473	163	ddc244ee3c8598d1bb11da3cf76e15040199fc3922ac5ca3d61f867071e5a040	ECL2:33:4473
ecl.2.33.04610	11	669c19eef9c0edfe44b47984d3fc06e0a92949f03ade591e5f75f61add4ff4d5	ECL2:33:4610
ecl.2.33.04646	23	b45c0409d59cc35ea2280ba0406058fc72f32e616c2ab26a6913d954ac35404c	ECL2:33:4646
ecl.2.33.04726	112	6c7e024252e414456d57192343598ab0b55f23e0c9b068ba911fecdb372ee181	ECL2:33:4726
ecl.2.33.04818	16	b402d57b1fb10ab4a36be669ebcdef7a9c400ce7cb8758621ad2053f354a59d6	ECL2:33:4818
ecl.2.33.04850	31	427fdbf5ab2ef59a428ab6a85092694f54c7264ac1698eb4aa99eb5174c2f5be	ECL2:33:4850
ecl.2.33.04895	82	7ba9f37f67b343902562c79b043d5281e372362000829c621effed401d248cfe	ECL2:33:4895
ecl.2.33.05013	34	3925b5a75b960a325d3aa4574f7ed5f72d8660793bda716867baa1960853ce5b	ECL2:33:5013
ecl.2.33.05072	36	8d05558d273027bbf7c7d0d5dbf88db19312ddbeb3b1912fee5d8dd9aa61337d	ECL2:33:5072
ecl.2.33.05124	41	f3c650804b5ca73e066cdc5bce6f4fa7d70a27ee10312901aba54f865118e96a	ECL2:33:5124
ecl.2.33.05163	19	67bac3450a9ba0383192abf315dca0698cac20e3b4cf48fb2f94656936114317	ECL2:33:5163
ecl.2.33.05192	22	78df9c59a44ed7794535b28d289e23c81ae2261fbe284dce691b929989c4a7bd	ECL2:33:5192
ecl.2.33.05253	32	36a080a4d5e2fdb9141bbe7934929cf871d312c0463b40152924a6e1b3964aa1	ECL2:33:5253
ecl.2.33.05299	86	04dd9a681ccdcdc8e163c2b9d383c2f41fc0c47678a145357985d08ff38e942a	ECL2:33:5299
ecl.2.33.05459	36	a84184a072e4b57d02aec35643b0713440f5b793b803ff13a8018d5a4ff5caf6	ECL2:33:5459
ecl.2.33.05496	30	8101cbb9bf8844ec7de099ecbec4a5122e6e86ce9273e421ab54a40d700bb986	ECL2:33:5496
ecl.2.33.05606	111	6885194afe9b39f00f352504dd6b3f8606adbffe82baa3a6105f93ee2c3ee8f7	ECL2:33:5606
ecl.2.33.05721	98	5e03db63cf77d7f90cf1a382a24bdf685d036b0e739b3ee77a0d48ca78762d87	ECL2:33:5721
ecl.2.33.05826	135	c648ece06dfab428ede276df3dd13bd0e568aae1d1453bd62a1bb154ee42c0f5	ECL2:33:5826
ecl.2.33.05947	35	c91549f2ff38afffd66efca94d0d49ab9852e39f931b2c072b784c08c535d68a	ECL2:33:5947
ecl.2.33.05988	80	d141ee4fc2bc654242f86138fec691312dc31a76a3002309c08957e66a7347a8	ECL2:33:5988
ecl.2.33.06063	13	5cfebedd3a03bf9bf736451b8c54a7d88a530c1a61d58e2aacb6893d16290658	ECL2:33:6063
ecl.2.33.06146	50	e35f236e7fb6afb8b7f2c5a1d209becc773d12a98b8aa4e556e940b3fbafcf8e	ECL2:33:6146
ecl.2.33.06198	25	8a5419b6afb4b949a2fd187cc9b30a44aa968649664b7cf53fb1b6288d3243f8	ECL2:33:6198
ecl.2.33.06243	16	a69403506845fc3f9493655670f2d0e7d60ea9c6e5429cd23166900722244848	ECL2:33:6243
ecl.2.33.06285	98	38cc2a606beb7982c096d4b02097f6b41cf87c959529074bc5f48028ce0367b2	ECL2:33:6285
ecl.2.33.06381	31	0ea08ec8032978bb7abb3a1d617ceda08f836b84d16c6829cd66a3a9a3fcb138	ECL2:33:6381
ecl.2.33.06428	104	872018e8e39c56ed71a70db8d160eb1179c453a27827fa45f1e70c2dbfa8faa8	ECL2:33:6428
ecl.2.33.06548	50	1a5cb29144cb25f5e9ae33c31875fd02f72bc72a93163f550ac5b5af8608a3f9	ECL2:33:6548
ecl.2.33.06609	52	2b27182d9b0c5018a7e4db09417c93c6f13161d11a6e4c654e7c79dc9779d4aa	ECL2:33:6609
ecl.2.33.06653	39	6d9525467457353703895426a02db5aac5a3a9222b1a4e3778a45c5f39aa2e87	ECL2:33:6653
ecl.2.33.06711	196	4ca2f74a05a170dc1b90df08f775ac85b1009dfb5b154760cfb3e52c0e0467d4	ECL2:33:6711
ecl.2.33.06862	12	a9a4a5b81739935300b32ba1667bfb1a783adfa41d6794956c302e2405920e35	ECL2:33:6862
ecl.2.33.06874	13	2b656515c07175aa6f3f9ae2a264504f487cd53ceb53ca33a933ab40878eefd9	ECL2:33:6874
ecl.2.33.06889	45	9cb2fd5a6716eb2a2f0379477e2b5f516ea059c1966978a039966815045579c5	ECL2:33:6889
ecl.2.33.06927	194	3fb5f60e9169d1b71c06c8892637d6a2ca894aa49d0b3fb6f65082b8afcfa1c3	ECL2:33:6927
ecl.2.33.07103	130	6eed0ae27fd9524eec750b40f5b11055eb6c8d5b311d4e35aa75fb6b35c2e26b	ECL2:33:7103
ecl.2.33.07215	51	1df272c6cf810cd5c682223bf64b348ca8e9b1b8b36fdd68d8d5ece183bb6e9b	ECL2:33:7215
ecl.2.33.07255	53	917ccb74957a189fffe57fa636058492a4e6983a3bb78cabad8cf640f98a58dc	ECL2:33:7255
ecl.2.33.07261	98	ca4cf309178edfe272296a2efd32c1bf93d788604726b76e7cabcff451dd7968	ECL2:33:7261
ecl.2.33.07339	176	066ed897db2e04a93a659103028edc4420146c24ad0595afba30f51b25437115	ECL2:33:7339
ecl.2.33.07475	60	d11f9352c25b62c694425586abfce9f4059e46c3ce71e495710b4ce89a704773	ECL2:33:7475
ecl.2.33.07537	109	bb4f7fb735ca686abbf39923ba820d33c4e7eda044a64f67f5f236552963ce47	ECL2:33:7537
ecl.2.33.07637	61	0b1a00ce05a17adea8c0fd8383251c7174b0f3d0bbb1bc551c56885a34d757db	ECL2:33:7637
ecl.2.33.07696	136	99a207caa54ee624c8866d375c6b9b05115b0ddc6572ba20f5fe78a2ed7decaa	ECL2:33:7696
ecl.2.33.07714	112	aecaa4e503b8b7fd8f5f07bcd8fb7ab0d25f1d936590afdc94333ad0d63df23a	ECL2:33:7714
ecl.2.33.07801	52	7f3e3faa8ebca195c1b86e04857f72428bc9a51ac27e9dc6381f9d530f2cb0ac	ECL2:33:7801
ecl.2.33.07848	159	152b2b43d201e55584eae20b76ab8efc5d8e7e237b46a0ddb82b4ebbe5c42ec4	ECL2:33:7848
ecl.2.33.08011	73	b19abc68323cb2462c473bf948b9e53c5993c5b3787a7a2ab72a6bb8da66eceb	ECL2:33:8011
ecl.2.33.08106	116	be6d79dd046858e5eaf99a6d2768929f5b9f5da50a415c81e0388ca3475a023a	ECL2:33:8106
ecl.2.33.08219	29	e06742f4404184f6e6a065b90ea574b3ed05e390b7ceabde930291f8e6b768cc	ECL2:33:8219
ecl.2.33.08254	57	4d631fe9ef5ee02bd814bab5016d983c3302ebd7c3d02de06c7dafd662a460f8	ECL2:33:8254
ecl.2.33.08317	78	25df8c30c6c0e0377c4363f1180cdbe1b66bbc7b34023bea3ce415e77364fae3	ECL2:33:8317
ecl.2.33.08384	8	bad4da26bd82ade3848f7c3236974937475ee0f415b31a4542fdf43b42c77acc	ECL2:33:8384
ecl.2.33.08410	190	02fdf6c5eb7f5cb955fd2575a3323d13f895ba66cb1b43b50b4cfd0b6a682de5	ECL2:33:8410
ecl.2.33.08563	142	b871c02c2cab12eeca24a1704922705e847e35c9ff588fb732e1b7576841189b	ECL2:33:8563
ecl.2.33.08680	58	d93b7c4ca5d14eb175384b6fdebaa346c319415334d708c3e5f39a5df2f03030	ECL2:33:8680
ecl.2.33.08749	36	cdf38784246c64b6f00b856bbd55e091c141b0ba20387265d808e8770572858f	ECL2:33:8749
ecl.2.33.08797	190	f5aa16a7bcd313f4b47da993bd0c3da5fe0ec2b60426dc73fb62a6acd86fb855	ECL2:33:8797
ecl.2.33.08985	42	77af8636a5c47abc2bc931f75fb88f9219dca3cdf166a08292ed30fdf0f4cb4f	ECL2:33:8985
ecl.2.34.00147	22	5196c092f9fc4f83f7abad2f70c84cdd84022e3c5e97a808aba7add8f280f108	ECL2:34:147
ecl.2.34.00170	30	115355107ae0c7c7a079aa72a80825ebd3eb321493df0a8665c4ee6f40b6690e	ECL2:34:170
ecl.2.34.00202	17	6d01e6a02b33b32ce5f906c172879c4b49679c0ddce21066dc26a9cb741d4ee9	ECL2:34:202
ecl.2.34.00272	39	91de08eda716f18156096a5fa66396d17d4ca72537a7619d37d395a2a0abba41	ECL2:34:272
ecl.2.34.00560	17	9c094fdf17377b9750afa60d5778ae53cdbcc214faad197c459203c6cea36d40	ECL2:34:560
ecl.2.34.00577	21	27f50e6ca8aec4423bbea878ab5aed9d2a9477d91a36a28c3bfce4b9064b58e5	ECL2:34:577
ecl.2.34.00623	23	8b980561946be64e3d618bad5204d0f1431845fbe16f4d3c122b1146617d3477	ECL2:34:623
ecl.2.34.00683	42	4934638400081431e0906c3ee68c4978507f7b6b422608aafcdce215e32370fb	ECL2:34:683
ecl.2.34.01279	14	2e57cfa2f1ce30f5f6d0a71be82a86033545897b15e675ea0273b207289db023	ECL2:34:1279
ecl.2.34.01321	11	7731f2944115cfa3a40df1ba2d36b7f824ed6d4156ec1dcd40b00946b0fe233c	ECL2:34:1321
ecl.2.34.01332	14	faafcccc61ffbc3caa71828c99deed208666d1c1207fa759ff4cfd3fe1eff9d0	ECL2:34:1332
ecl.2.34.01426	16	cab360771df6b98dc0b2f66c11703ac1eeba4de935c5b28cf1075b955707c825	ECL2:34:1426
ecl.2.34.01475	13	e9798569b3194fb30eabab1150c252b0d2f1b084384b56eb8bdb3ce01f644df7	ECL2:34:1475
ecl.2.34.01643	57	6b745324c882abdc16808250ff70f55f68e42d2d3328e6872a521f3c4cd78b1b	ECL2:34:1643
ecl.2.34.01898	52	2bb04985ad8bcf2161c052b73e1cb40fdcf2aab6b8657fcd15afe877c8e4fbcd	ECL2:34:1898
ecl.2.34.01941	57	c46a5e8961c715b27607d9b78fe7477b6f62dc788d8a66ea209629fe2755d4f9	ECL2:34:1941
ecl.2.34.01988	32	64c6ff6293531aad5849cd6992c0ce1917fcb7861040f6423afdbedc1f0028a2	ECL2:34:1988
ecl.2.34.02037	11	20de5ccb22699269c7d7f21d6b7f8d890665f94176b3d51544d8d11c1a4b8582	ECL2:34:2037
ecl.2.34.02111	54	b714dd461ff1f345419a878a437412204a1ff6a05441b16237c8f821e2aaecbd	ECL2:34:2111
ecl.2.34.02176	12	9ad34a4235842f96887ef442f7b85f4f4606749920b391c7ec198faa3f696a9c	ECL2:34:2176
ecl.2.34.02264	18	9dadc4ef2e5284254e47d691a6dd38917b8aa67425f2f31882b4b69e18e109bf	ECL2:34:2264
ecl.2.34.02417	40	dfdff16c79f93f0f921a18af163322590b3c04c142daa549d3dc1c7bdaf435f5	ECL2:34:2417
ecl.2.34.02451	35	7ad442893694f8ab9cbd334558c993121b7448bcd72cf9de7193667d286215a7	ECL2:34:2451
ecl.2.34.02524	57	55f1311698fa7d8d78624e85d6c7f11875973128b5b20be31dee5f08f3597036	ECL2:34:2524
ecl.2.34.02571	51	b250208f8f40b4d4ddf4a416960acb10a1bde5d7a6b095e5f1bedfd65c022d2f	ECL2:34:2571
ecl.2.34.02696	9	535a2d5e996820f4c1142d996fedcd85b2d42d43e9b6ec9ab4427efbadd2f731	ECL2:34:2696
ecl.2.34.02731	15	d14d6a1871d73a6bd72f194eee0818f13e785a9a92728c1a217b64593817ceef	ECL2:34:2731;ECL2:34:3074
ecl.2.34.02758	20	b688f37d98e6b200fcff2c66ec7be59b1824ba10719a64af52f951eb26ce441b	ECL2:34:2758
ecl.2.34.02777	64	75056753afd0b212629a57f1aca4ee3b60908ac51b090871d6415d2dfd1d135d	ECL2:34:2777
ecl.2.34.02829	48	45cec6b8b033af0cd785b1b6169e2e3c5423b455208d68a8d4c92bd02cb54589	ECL2:34:2829
ecl.2.34.02869	18	84689f97c5ed00c5187eb708492979822f90bc0c48dc53dd627f2ac688dfe19d	ECL2:34:2869
ecl.2.34.03042	33	ffe8efee2b8a10cebea5c629d5e5ea0c67905e0ba93d4db125546b03310c5abc	ECL2:34:3042
ecl.2.34.03110	17	9e493bb5fcbe70e110a32c6a436d92c03c5b87079d3a0c0e6a1beb050e631c8c	ECL2:34:3110
ecl.2.34.03147	31	cff614c6e11a94f07972a9f432322023abdaa0ff5b30edabac7304eb3bb7683a	ECL2:34:3147
ecl.2.34.03195	19	00dc4ca7fb56fd8fb2e671414297d45a22a24282f82b3061a217d729b15243c5	ECL2:34:3195
ecl.2.34.03337	19	e6752f9e3b372bfcf8e5a85b10309fe1b01fe085f59a3d0cbbf41410c0bc564e	ECL2:34:3337
ecl.2.34.03359	15	e286cc0312f3ad322ad00872152281a2d6f1fa2d1d97e5ea23528799bb6da08b	ECL2:34:3359
ecl.2.34.03442	19	4ba6df0160760ec16fe8a72480182c27ec7366c4abee0a66409271df2841fc25	ECL2:34:3442
ecl.2.34.03461	16	4b68f615fe302c0d9179ebae7adf150211069c66ef486c1bc36788ed71eaceed	ECL2:34:3461;ECL6:96:8612
ecl.2.34.03497	12	6d271f2f0275026c16bbf73611adc87677e22bb9bd84295f63d1a50976450165	ECL2:34:3497
ecl.2.34.03524	30	27304c15af07280342892f7891e2f6c5c77f3c7b0ee810dbbc60edc575bb1580	ECL2:34:3524
ecl.2.34.03592	45	c05ddb4a316262320bdfba86947a50abcc3af98f0027dcf4fd9ff7520eb6bc6b	ECL2:34:3592
ecl.2.34.03634	23	1a3423b173904a45f8849038fd728ae1703f8a0f5b87268b7e10da0307b3e1ec	ECL2:34:3634
ecl.2.34.03719	23	5f5b5ce0708abb822398a6f05598942ec497743e44bcfad48ac84b4f63287354	ECL2:34:3719
ecl.2.34.03745	17	288932d0f76a5fb0c6841df61bb45123f4c047cd091a33f598b1b2d428155524	ECL2:34:3745
ecl.2.34.03825	14	efa5011136a0c5bf3e311b4e12b5cd50b167065e392d6b2f45b46e7ca18916fe	ECL2:34:3825
ecl.2.34.03896	23	33fb54f09daf4ab108c59f4f352fdb3271ff21bc5f589761e7193761cbc65cd2	ECL2:34:3896
ecl.2.34.03968	24	e6f3547c0e7c895c2e5e047acaab42b588f08dd3db2aed76249088986a9d013a	ECL2:34:3968
ecl.2.34.04034	65	e4f917c7b3a1d218fd4935c116452dc09e2378b8977f78f57306786eb3b64713	ECL2:34:4034
ecl.2.34.04087	22	68cca6a328895fc99b06126621b819dcc312997982814dfaa330bfbe8bdeb019	ECL2:34:4087
ecl.2.34.04109	10	fc314ff41d502ec0bb68f55ba7fbfc5ee9ec0c288c0a82d77a985f4159390fb6	ECL2:34:4109
ecl.2.34.04177	13	81fd9599323b223808c7af2335c679a5261b441f0569b4d7f0a0f805786064aa	ECL2:34:4177
ecl.2.34.04229	9	a73ad97290b783d034d1904c35138c9839580291af54a0aeffc41f65658cf515	ECL2:34:4229
ecl.2.34.04246	8	abd1eec2d3afe1f12ff308e87e68e4fdba7206cc27b9f37e62895818f107c4dc	ECL2:34:4246
ecl.2.34.04262	8	a52812b2c2925d1feea1ef84f2ef03e4dba24b6c5b7b695425ac2216b13cf772	ECL2:34:4262
ecl.2.34.04278	9	0ddead60c3125f16e3b7423a980c3e05a374b829c5859a768d46ded3266531e7	ECL2:34:4278
ecl.2.34.04295	9	0ddd1874f014e2648654e4a4f35f4401d768470b0cd5923cc1a87b7bccd80fe7	ECL2:34:4295
ecl.2.34.04743	24	4f4732e9d31e398ebbbc4a6c541eaa92140edb59319aa07975b9647685189f8c	ECL2:34:4743
ecl.2.34.04834	17	720cbdfeb48835ea56977c4c15a89cac391f43e41d656eb019c4185469b93b1f	ECL2:34:4834
ecl.2.34.04851	55	6d2587bae1c68fd414be7e76a28067a359890edad1f8a9d227f1b87060d37b66	ECL2:34:4851
ecl.2.34.04897	50	8e13ccb6cd8ec8e3d1fe23225300d16e6c86515e64decb47ddd30901f8ea3fd6	ECL2:34:4897
ecl.2.35.00116	136	6671d2fa35ad9582400ab9f8d768f6c17df040f7a770845b5320f96427c567b9	ECL2:35:116
ecl.2.35.00243	38	b0e1f4a83d960f288e867fa616282dff6ab0c2e48221ecab0f6220421dccfaf0	ECL2:35:243
ecl.2.35.00301	57	afb19dc3ecea6956dacdf723440355634e9a27ef8fb97cc1e3236586b91c2831	ECL2:35:301
ecl.2.35.00457	31	6bb7fde1e2b1e155e2aee84e7dc586b2c6d3dc5eb6eb98459530d6a6c19915a6	ECL2:35:457
ecl.2.35.00549	32	b151fdd002ea81a10c3fee3b963a5b1c03dc2243ac8525ed9b5125d780398f66	ECL2:35:549
ecl.2.35.00623	111	d4e1d149d5ca612690bfd3960f7b6041213e7f2b4b2afe6ba22dd004679cf2c5	ECL2:35:623
ecl.2.35.00732	90	74ef46e2fc36455792f54df5ab55facd010841e1f3b54e4826cdea354e23284e	ECL2:35:732
ecl.2.35.00813	54	570757ff2961ca0b5e770b7c4878de4bc9bb243f190d9fac80fced4545343cf3	ECL2:35:813
ecl.2.35.00898	173	f8d5483f34c882ea44ee2f9486f10c8789e8da831722836969615d942bafd774	ECL2:35:898
ecl.2.35.01053	61	42bfdc78cc9f7a2a968673e5c31de2387a28df24d87cafcb5e8f23b6623ac5c5	ECL2:35:1053
ecl.2.35.01146	77	1495cec4e367ee4ae771265bfb85c7e2481cd9b7fc76692c5d467f2dc5b50054	ECL2:35:1146
ecl.2.35.01208	154	07d39bcf803bedd4fcf713e6d5177d862b75731e1a8a2dc048675b10cc7ea2f0	ECL2:35:1208
ecl.2.35.01358	100	dd1e6285615f0d94f091c410014ced81d254b6743d11aac033b8542bca5f456d	ECL2:35:1358
ecl.2.35.01496	97	3a2000fe0dc2ce5fb78ad86ee1e9522fc3e066c4c266dcde7ed32cf8216033c4	ECL2:35:1496
ecl.2.35.01605	76	eb137b38ec6c45647232ae46f2b18e39b30ab3de9fc8c79b1c5fef6dd973749b	ECL2:35:1605
ecl.2.35.01720	124	82114d160b97955a418cd3456525044fe66b58fcdbdfeb24e22cb3443aab8a4c	ECL2:35:1720
ecl.2.35.01840	71	fb1b72cf56e9a341a70bfa3762b16faa74f354ac8d0b45bd1b8057dca90d25b1	ECL2:35:1840
ecl.2.35.01908	35	50f27303dbd89d83896ed9c785dc2d0491bbda20032a81238beec2c1193ceb15	ECL2:35:1908
ecl.2.35.01950	64	3464b0b6bd68c35a12515d64a4ea5f2c51d1218e8da37d24f20a9e1327245de0	ECL2:35:1950
ecl.2.35.02034	33	7afbfd06e34f793b93d0de864a91ca9768f00108283af1e04761e6c7f80e8cdd	ECL2:35:2034
ecl.2.35.02134	40	c5eb6fcc6cbc678820f67a36f867f07e9767cd49abad61d6cc22b122a4ee8835	ECL2:35:2134
ecl.3.48.00505	18	e4bfcb74038f9b73461b55df77e86890b473a5c6e23b76b617328d9d292de12b	ECL3:48:505
ecl.3.48.00544	114	fb1b2056cc860a7af16fc9e8861724a10a8359e077feb84cc4521fdcd4a3d5b6	ECL3:48:544
ecl.3.48.00655	20	2d869d0f03529a754db2146e1eb273e0b5ce2fb2866f26b67ab7792e2d9ba101	ECL3:48:655
ecl.3.48.00683	24	febdc909e4c5362fd21f99083334f360e9905bf5d9a13ba8df4b4b2df6e3a1c6	ECL3:48:683
ecl.3.48.00714	33	0a5dc4aae6d7c26e91003e8620fa6e28a10e5b645fea415712485ce1ab89b4b4	ECL3:48:714
ecl.3.48.00752	24	6911c7f37c75aef8357dbb28e9e0e6d95db0c5da447b2202ef89cd7d53c8c664	ECL3:48:752
ecl.3.48.00773	24	ddfb583ffbc78c50728b70237a87ef92881a899f07a793d0dc31c086111583f3	ECL3:48:773
ecl.3.48.00845	77	80623e71c3919f17b3cc8aed0c07e324292c2b95b18fe5b225eb10b0ab560a80	ECL3:48:845
ecl.3.48.00914	20	fda0713255a76418554f3a8c6dea66bcebe992c8014a4de335d616204c5bd423	ECL3:48:914
ecl.3.48.00960	201	691dec9ef0a17633bced0ca5bdc56ce19de8b8ea7a1ceccb06602af8e116a0a3	ECL3:48:960
ecl.3.48.01017	101	7fb3bbbff9750696ca717a9cf4f01b7a7995c153c170a96943051b8765678d58	ECL3:48:1017
ecl.3.48.02182	23	5a691acfc4bf959c22499a989f1cd8a77379a0294a6c8d782da7c324d4a4d1d1	ECL3:48:2182
ecl.3.48.02205	23	222be9be36eef59d505f987985f4a95f661e67b1cd5fdbd6dc4d1ebb35c19718	ECL3:48:2205
ecl.3.48.02259	56	f3a2272d6348944a1f5a99e7b4bccf12591f5f3f4aaff81ba37f9f8522ff5b09	ECL3:48:2259
ecl.3.48.02308	24	14f9ee3b78e9ee0457ac2e476b3a156ac0c99f8dbfb343584198d074c2d729dc	ECL3:48:2308
ecl.3.48.02333	38	11fdcc4da26a4fb48fc750994df80661b28684c1772e70f60cb3f005860da40a	ECL3:48:2333
ecl.3.48.02431	28	03b1104e65c767f5ea01ea575e1bd4584a9dd66e0807fdde0a5076afe792feca	ECL3:48:2431
ecl.3.48.02465	34	8b6793eaa732fed5c542e4fbc0db867f55a59a179cda7f42cc616ece7ac62c33	ECL3:48:2465
ecl.3.48.02495	104	dd05c55450adb06a8383b8b12a7d6516f89f9bec3c4aeef97128e114647a71fe	ECL3:48:2495
ecl.3.48.02577	30	96490095a65a0d0222555fe8957b9183da7197d6a221ab535519aa2b9f71520b	ECL3:48:2577
ecl.3.48.02668	176	ed7de15593b469523ff7d1d36aaf3c952112bd9f4a122fd767d18c54d11b644b	ECL3:48:2668
ecl.3.48.02818	66	249125db670b4e29d2eb85603e4a9952ff580cfc38b7999da0592fc64e0ace2a	ECL3:48:2818
ecl.3.48.02921	24	bc45c1488725134d56ac3e6908d0582c59f1e34269cf607a021cb8d3d05acd32	ECL3:48:2921
ecl.3.48.02967	31	c2095465da30a74b467ee7e4d60de6016ebb23dc50218616064ba155c223b364	ECL3:48:2967
ecl.3.48.03030	197	b0e426d9539eb2aea6db7a76cf7e2b68b83d1d1056e21915e97d4601477296fe	ECL3:48:3030
ecl.3.48.03185	26	a9c9fe9095f98caac23b45a50b48078c35b44889286d917008e5a01be326ca70	ECL3:48:3185
ecl.3.48.03223	35	b9c3312c094216729ceac26f5c27fcec70c19b2956a8d21eaf56e38b96e72d88	ECL3:48:3223
ecl.3.48.03286	105	ca81ed336f2119fd2b2fa4d1287fd9b2c01b5ad379cd9ab562449b02a70a1d93	ECL3:48:3286
ecl.3.48.03383	41	ea06304016b542caef12f11c17c31f9b51bda4d072030b87b68c593e0d7e7613	ECL3:48:3383
ecl.3.48.03444	51	5c1c500dca5236e538666213954322d7f164d75cb485af6771412fabe3af0ea1	ECL3:48:3444
ecl.3.48.03528	29	b2628623707c36881942b9558e755bf66726fa38ff1092b26c6c15a0893f2773	ECL3:48:3528
ecl.3.48.03608	100	7314a5ebae09bfb2d8ec6a27ba516c00bf2dac1b5294dcfb52025993413a15ab	ECL3:48:3608
ecl.3.48.03687	149	52ae4b42791188b9ee772f7d654cc9a6b2e9aae7484f2608aaf8f070b2f86642	ECL3:48:3687
ecl.3.48.03817	52	4d904119bbb1e6dc84a5e48d1a9d62205164cce61984795dd9db11e5b8647b42	ECL3:48:3817
ecl.3.48.03883	57	8ad72eeae8b949015ba9c4c0c7a8c199871a09cd49fe2b83b7f5c1bf1e78183d	ECL3:48:3883
ecl.3.48.03962	60	30c4c62aa01bed6ea073a1a1c090ac80d9618de5c46f3b0d9534e89311217852	ECL3:48:3962
ecl.3.48.04038	74	718092504cf3df2f71bedc6d3c8bc434b44f31e339f4b184090de902bfe3228f	ECL3:48:4038
ecl.3.48.04166	42	98f02c6fe53ed1fecf5ba50ab4033f9adb19af0dc29be6fdb032aa3030c2e9d1	ECL3:48:4166
ecl.3.48.04229	79	8800068612a436fc3063732f43dac04019ae7796cc5e2a35b1e7189257cc6d27	ECL3:48:4229
ecl.3.48.04293	56	d6cd54c66428ddc4aa38d8080a64a4709095cd681648914160d7989d4baf983e	ECL3:48:4293
ecl.3.48.04362	45	9382dd8fbef8a04d7a85beba875ab563e39e7b132601dd8fb08c497ffb4a635e	ECL3:48:4362
ecl.3.48.04420	38	e8fe36dbdabf7e44452712395373fafad7fe25cbd1cddaa376a9578b85cbd4d2	ECL3:48:4420
ecl.3.48.04476	16	7317e559e7ea9b33b6389c088f0bfcd77453f5411a10a06195a01ed038fcb8b9	ECL3:48:4476
ecl.3.48.04515	38	02e64e146bfcc2109ba4a0229e29884740322bdc4da448b09b9bba2ac87c9a1c	ECL3:48:4515
ecl.3.48.04560	36	cec012acd68b872ca8afd347ca16471d9ae5f066d25e1a9f3cd3c3b98deec94c	ECL3:48:4560
ecl.3.48.04604	47	3fc03371152ad7844334f7ee66b49b91d57bd18391ae5e1ae9ce14b0db127e00	ECL3:48:4604
ecl.3.48.04650	9	43b07b85db2f23a6aaf5ab6f8ef5598cdb83a8405598eea4f2bd1384deb55559	ECL3:48:4650
ecl.3.48.04687	35	2f34d6a807ffd5aad1c591a4accc1b998bdf6b9d9e6437a10bfc7a72a2cbd665	ECL3:48:4687
ecl.3.48.04766	124	5fddab45323715ae5bf440341cc5558cfeac57ce3c857d0c55ba3a42e1b748c3	ECL3:48:4766
ecl.3.48.04903	43	35ef56e4342824038a22268fe4e48bab64b7dafe7b2ab9bfb1592ec17f813150	ECL3:48:4903
ecl.3.48.04963	31	9bb9bad5616951b2d18b42c4bfb1814032085f81f752bbc24f40c349498fe1d1	ECL3:48:4963
ecl.3.48.05032	28	f239916e2b7b8f1d07656573494a04e18559eb778a4b6afc523580dd76b27684	ECL3:48:5032
ecl.3.48.05109	143	71bc88858a945233fc526cba3c313a785ed6ae3909cd26ded9423dbcc27535a2	ECL3:48:5109
ecl.3.48.05275	48	04f9e4b60841710170d643dec674b5aeca65d7e65d0c118efb36e252198cbeaf	ECL3:48:5275
ecl.3.48.05343	39	0f5f771e8375246fb4678a0a87eed472f4eb8a277fd3c2cbfd1b7b573f02d8db	ECL3:48:5343
ecl.3.48.05390	71	35cf9c8540e62c90463f5dd6eeb188f9458c6bc311427d5723cf5408ff106be0	ECL3:48:5390
ecl.3.48.05454	40	3842e2437a47e6da3d76e77ab2c70d62f96d45e9628f2833c7cb7f23682967fa	ECL3:48:5454
ecl.3.48.05488	54	ab8a5d3f350ee9b17e36ea765afd7de24b4f2997bc802fbe23c1c0280922102b	ECL3:48:5488
ecl.3.48.05532	37	ba4c8183fb09cecc6a43113c0ca99cb96587a524fef2235f05eeb14b1e980785	ECL3:48:5532
ecl.3.48.05756	14	f4bc10706755ea3d43213085e1239a1a18cbaa137b301f962734d2b6d1bdbb8e	ECL3:48:5756
ecl.3.48.05777	14	e3cd802927371c0d95076b698820f43028cc429925b0149e5ee3fdaccee347e4	ECL3:48:5777
ecl.3.48.05807	49	e473cc0a28dc56c979281844e1800b80a1a0faa082dd17f8d3adbce8d3929cf7	ECL3:48:5807
ecl.3.48.05851	25	e87d29edc2ed4942359a4d512938b47a043f8706514308f7d592ccce8d96609a	ECL3:48:5851
ecl.3.48.06279	68	6e162ffddd26a47140a77fcc921aec0328af66f9ece715477d89b48c68f3824c	ECL3:48:6279
ecl.3.48.06385	181	e2e9134f150a44e46c3cbc153ec1d9c873108b0de526919f468055370148692c	ECL3:48:6385
ecl.3.48.06548	13	2b6da34277412ad880b9f3f4face3dc4900d110e13415110851db3aeeaa823c4	ECL3:48:6548
ecl.3.48.06646	17	0268c61ee3186b642d2ed6bcdb1d0b3b63676ab52e14f8b583611f83e990c530	ECL3:48:6646
ecl.3.48.06666	17	49ab9f0d340157e11169902164e9f0145a801cf7c3388808b30d21786e953e1b	ECL3:48:6666
ecl.3.48.06686	16	b60ff7a78755487b2cfc1ff85a21357411ac51922e272aae02aaba7eccff652b	ECL3:48:6686
ecl.3.48.06719	131	b79b6c163716008fba902bcb3a4576d4a023016e432d696e9debab98ab3c00d7	ECL3:48:6719
ecl.3.48.06868	134	2b131d6316750a4b4a3239cd2f7716eda70fa62602d9b5b0a82ead3b637f2b66	ECL3:48:6868
ecl.3.48.06986	13	7b6cdda4f2c9e81b243f4cac6e1fc8ad8463c850d1082a12cb6c8075a0fd16cd	ECL3:48:6986
ecl.3.48.07014	74	c0400502c114a5e177bcb50bbbc203ee9ca8b80b6fe6605d1f8b6174dcc3232f	ECL3:48:7014
ecl.3.48.07077	61	4d84d6ac79e67b1bea976a210c97e992c286ac3e9bc4014b510a400c350871dc	ECL3:48:7077
ecl.3.48.07164	115	af01e2b32dc43bda8fe9f73a020fc00952334cbdacc8f6e9755911b1521be855	ECL3:48:7164
ecl.3.48.07264	33	4c25ee4db7ac6531b9c37a430fc8c81a089900389aed953060350869ca26a3ff	ECL3:48:7264
ecl.3.48.07312	22	f8c3cac9d1a04f78bd16f15dbf1b2ef54e509cc4158616a522b941637ff63f79	ECL3:48:7312
ecl.3.48.07356	31	9046d1135790d9cfde1a6ff92c09e2d233714b9d14898df2474c068ac6ce7b32	ECL3:48:7356
ecl.3.48.07530	24	a58a38b317138d5bd4ba468b8b743f9a752e763964d8325764af1433bd057c87	ECL3:48:7530
ecl.3.48.07654	43	791dd5f529c087126a2b23f0a106f70997dd88c612447d2b10fb9a3db7f8be5f	ECL3:48:7654
ecl.3.48.07695	24	29ae92a6556152d10e5296bcf250d481f684ecc870e17e2ee8cb0e2b798c7bbb	ECL3:48:7695
ecl.3.48.07751	14	5d636db492491c5c9b4313fb8267e60606aeb23432de499357721205b382b496	ECL3:48:7751;ECL3:52:2390
ecl.3.48.07811	12	0c3b29217efc8ed6e4157ce9ff02f685e50727be8999286d56911c6b8cf4e4d8	ECL3:48:7811
ecl.3.48.07844	19	dd9afd1c61186783b0b088d811a881fa3b8450acbfcd46fee145ca95f2912f2d	ECL3:48:7844
ecl.3.48.07886	41	d85d3594b03f3da67a844620673a7bbf0b8a1cdc08191f97d2a0d977794725d9	ECL3:48:7886
ecl.3.48.07924	61	084b259ca50c29542f28f043e3b80de652491718741f028410fc00404584761e	ECL3:48:7924
ecl.3.48.07977	59	095c8190ab58be3ab88c9bad31f82bf6332aaea6f51a4237aa30207124e05284	ECL3:48:7977
ecl.3.48.08029	36	f0ba65891b5f0a8eb2972ab25c4a08b34069c6d7734c3bf01794f499003c6a0a	ECL3:48:8029
ecl.3.48.08063	44	56d9b381b82282f9dc4e2a448aa9a2bba2edb197ed7eb5ac56b4463b40fa7746	ECL3:48:8063
ecl.3.48.08103	33	ab50c7d7756af35360aa1f573aa0cd2227a3b4be13f0d3c99e129cbc451fb93e	ECL3:48:8103
ecl.3.48.08135	10	795928d1d454f7dff9a023ee37f5ebb3e2beae72a14f63f7c0e83cfd808533e7	ECL3:48:8135;ECL3:49:8433;ECL3:50:8005;ECL5:80:2201
ecl.3.48.08150	9	517c197956ab53405df8348157c95bbd1866cb88a54c6a21d9029f9589ef6938	ECL3:48:8150;ECL3:49:8448;ECL3:50:8020;ECL3:52:2412
ecl.3.48.08279	12	25bf579ba122a8e9bc63849b0749bb59fa8027e28859975b96b6415d08f7cd99	ECL3:48:8279;ECL3:49:8570;ECL3:50:8204;ECL3:52:2768;ECL5:82:7866
ecl.3.48.08481	25	dedc2f7f922197dd3f56e64bce3829e2071db2b7f533144a3f06fa0f3c38db05	ECL3:48:8481
ecl.3.48.08506	27	b3f510188e6a2fd4c096d1d36ae9fb442e5f8ac8af83686469bcd63f3eb9826c	ECL3:48:8506
ecl.3.49.01384	48	6599ada7d4664bb6a33c473c57aae67f97c80237292349796eedecdba2a7d90a	ECL3:49:1384
ecl.3.49.01449	60	4d81c5ce04bad90fcc539ba31de9b3c0c5798f748f918671338e172062f5dec0	ECL3:49:1449
ecl.3.49.01526	73	5a88b604191bf5d6bb1af101967cb812881203618bb994c6cc1759b09138b6a8	ECL3:49:1526
ecl.3.49.01585	47	7e64fd6e648d15913c3f3265897118b76bfaa27c8c235eb14c2719c425a78a4e	ECL3:49:1585
ecl.3.49.01672	97	32830e37907482371bf3341b6247765a113fc353878adf61f99fd8f789b9363c	ECL3:49:1672
ecl.3.49.01784	53	793ebfc5699f6826081e0f5d122e0c66586ecbee09d9a3a876ef54b4712c2501	ECL3:49:1784
ecl.3.49.01850	74	ba3e342383c8b8d64173459185588aa525d67906311b3af9b72bb6fc98409e45	ECL3:49:1850
ecl.3.49.01933	73	24de6c661b28294fc70aafde533eeb1cff7f43a4657940ede6e515a562c7302c	ECL3:49:1933
ecl.3.49.02019	52	eb6f1d6dfdf6ab6433931f594ca73876c1dd7036f6afa91ae76ba8413d9f428d	ECL3:49:2019
ecl.3.49.02124	77	716513057a4e6120b39d6cad0fc427229f13ccce71237106d982c542c1a99780	ECL3:49:2124
ecl.3.49.02189	36	e8a70940ded3d785e4984595e066e714f9cacb4f5eb9984c48adc18148c4ad74	ECL3:49:2189
ecl.3.49.02246	120	a3e44825d82754a1805da075f8e43da660d490cd6b9117d67def6ef8a2a39abd	ECL3:49:2246
ecl.3.49.02362	22	b11f55b5670e3b3db5f968afaf9239622e43cc87a72d514b339ad222b03824d8	ECL3:49:2362
ecl.3.49.02383	61	26d4e92a65fe4c8de336a791f80bf883f7025283f7ca422088744a6fc9fcef4c	ECL3:49:2383
ecl.3.49.02464	29	a5d6d6f36658e9f8eb7a9766e018a210e96c80567c4b8974c86bd90693063077	ECL3:49:2464
ecl.3.49.02516	25	3613c886ad563d68f854e2a55364a7b710a7ff90215639b55ddedace63a0772d	ECL3:49:2516
ecl.3.49.02561	50	6e9ed4f6fc95e56f97f6083ed286542fa0488174e5fe35fafc4368e28920d7e4	ECL3:49:2561
ecl.3.49.02603	69	d60726316d19e86972c4f665f268f384b466e241c6746df9d961c54730351816	ECL3:49:2603
ecl.3.49.02682	36	b898a577afdb66a098ecbaef378e5364adbe93a92ade1a4ae4430969b5909472	ECL3:49:2682
ecl.3.49.02739	160	58bef0de264538618fed31cc0d4a907ff4e93513e96dd3db308fa722d227af56	ECL3:49:2739
ecl.3.49.02880	58	58f59c6c743ccd101b3bab71e035a695a3b44f00b824b7cd95fedd4ec139e7c3	ECL3:49:2880
ecl.3.49.02928	29	40f53d8d695c6d7e733a6c479c6dd71faae4afdcb824d2e3c4389515b84e23b7	ECL3:49:2928
ecl.3.49.02954	30	083678a2faa91530bdff6baff5b50d24d5014fd174636c34250345d283311858	ECL3:49:2954
ecl.3.49.02981	29	876549e84719de98070c4ae53392fa70c71fd327c61ab8356fed994819e30250	ECL3:49:2981
ecl.3.49.03033	96	b0de437a827cbc159e682f2f96198ccc5d42d178d07513730cc3640300c327b6	ECL3:49:3033
ecl.3.49.03140	140	ecd2add237ffc534043619a05892e110d7dcc80f356e46e6dc9dffb614152cf2	ECL3:49:3140
ecl.3.49.03303	127	03ed46a5cdd516a6a5ea5ebbb8a56786cb6e17219b962d919fbe30c95567e2a8	ECL3:49:3303
ecl.3.49.03412	78	d37d604edba4a9d07f0e21ad3ec58f601e83157e67ae593bc86f11893e382ab7	ECL3:49:3412
ecl.3.49.03484	119	ec1f052bf2f44240896e7a64cda1fc813de994a8072a27be5385b3fa69587562	ECL3:49:3484
ecl.3.49.03617	62	308a306f9e8d729d47769e1ced4cc9ec325c0bff6fd0de49b9f7fae976815994	ECL3:49:3617
ecl.3.49.03756	103	1a7dfbc65f242ecd65292ffb4721a3a5b84924f25b276b86047be793d1390f24	ECL3:49:3756
ecl.3.49.03838	34	74657520236a4df009b4f3752dd36dce97f596964a29b35b04f504feeff559e3	ECL3:49:3838
ecl.3.49.03912	117	5f360d89d12478e9cd71579ffaefa1d3b01cbf1bd08e1a4d984cd920751e3d36	ECL3:49:3912
ecl.3.49.04004	60	ff4c9b488700f5f6926a49e810c0b4b1043131bbc782f878f774bc9cb675d402	ECL3:49:4004
ecl.3.49.04080	23	3fa91e579d2ee6191e677951356bee14abe735e82d6dc37900aeda629bb091ce	ECL3:49:4080
ecl.3.49.04170	79	c114a1c746cdb0f1c10bf113f6890a4fca3c42f240a8d1bf626cabe91bd1d45d	ECL3:49:4170
ecl.3.49.04234	39	6f913af58dbe8c78546f2abcff3bdcdf597718cfaed81d8ab9932a95a7354116	ECL3:49:4234
ecl.3.49.04268	47	4fa37bb0c481a06cebbc106cdc50afe1d27ba3d3c85af093047617d865e458da	ECL3:49:4268
ecl.3.49.04314	11	4270abb41131a07559c9037ff3da659372fe4d7f5011759735b7282220b530ad	ECL3:49:4314
ecl.3.49.04367	17	d01a49ca4b291e5cf8c350a041b92d38f7dd7641519547b602d7850418883b74	ECL3:49:4367
ecl.3.49.04425	44	9780461b137ea262f1e5fbd92fb80c2701bfd412dc3afc0e0188ed0ae59525c2	ECL3:49:4425
ecl.3.49.04463	19	9a2cd2aecd7a094f43c0bcfa3fc40b53a85768cbf9c491a4b28fa1ef14910eda	ECL3:49:4463
ecl.3.49.04492	26	02ec66a7bcd63d8b68caa0e811359fef386f44b1b3d581cdd3274179fbab7de2	ECL3:49:4492
ecl.3.49.04561	29	803c1a68ddb26d2cffbe503076cd4bcff6b62dc990dc775fcb845ec2b39437f6	ECL3:49:4561
ecl.3.49.04590	25	6cd55ae0ccdc0af74f934f2c8e31237df18fe5da0f48f46706999ac97cdae7c0	ECL3:49:4590
ecl.3.49.04616	91	fd5a1ee252724457e03c7eda9f0a5290df8418e4c2a539797614328d4f79430d	ECL3:49:4616
ecl.3.49.04688	11	211d7018404056e908b19880329453d3b59bf8016e7902f919f12b585febb387	ECL3:49:4688
ecl.3.49.04717	91	1564488edc3d5a229d16de6b833869e2946d18849148925d127b485fb4b3959e	ECL3:49:4717
ecl.3.49.04790	27	7b98d9afcb6acbd1095efa08d0eb76cf4d4c90667f0485a38decda225a5564fc	ECL3:49:4790
ecl.3.49.04852	115	36c35e5bace1d75708480e4c1593e56684d414d77bf316a49c39df8d789771fb	ECL3:49:4852
ecl.3.49.04969	64	dfdebb56b763c6423a83660487fe6b8d46669e07ca6dc004b41b0fb7af62664d	ECL3:49:4969
ecl.3.49.05049	133	d204dbc3bded9bd9ebf5fa34cf4eb3705f7980dee915c61e64b5ea05a097ab0e	ECL3:49:5049
ecl.3.49.05170	63	147f5a4037257760b23ce8eab6673db22733e1beb001b2160b1aa122410c9de0	ECL3:49:5170
ecl.3.49.05222	157	340f5d3a51f437f39b712975fb79dba74a2ba9a428ed2e36bd53a610a17094c6	ECL3:49:5222
ecl.3.49.05344	63	f17f4855f698b4fcf42b8bb4d8d7e5bb8cb0db4f710d6f27af3117f815cc2800	ECL3:49:5344
ecl.3.49.05437	100	2486af22927e0604491951a59c749d8ec98bf616c876c84f05486390b330b90f	ECL3:49:5437
ecl.3.49.05544	125	570469fed00e38160e4c10011ea393468dfe5ee90cf2cf81ebf4352288c3cf4d	ECL3:49:5544
ecl.3.49.05696	183	2f04801f045dd756a75520afe38ff5396e52667467f13a4d47cbf232d8b962b2	ECL3:49:5696
ecl.3.49.05838	175	3d34f8728dcfb055eda465d7a59d41e5f559c6a0e73c39a4e5da711dbf9fa35b	ECL3:49:5838
ecl.3.49.05974	41	27944587c3ebfe1770c9d64964fee38735462840e82d983ff3dd6b44b6edc46b	ECL3:49:5974
ecl.3.49.06012	15	211d91ae20f34a83e4b59d159972bcf3fd0bef1a82f7515776770087f272f110	ECL3:49:6012
ecl.3.49.06031	24	6510cc607efb8fa59587bdc37003b30029f1fd313e6dddb6aedba25469f02ed2	ECL3:49:6031
ecl.3.49.06075	24	f4a233b6a78666b0852d6c730b92eca9f99033e18b5e30f75592d03b6bf7b25d	ECL3:49:6075
ecl.3.49.06100	14	3582c90126ed93ccee312f692eeadd64e5408e57b4b2491a3aeafd1cd2d0d8ba	ECL3:49:6100
ecl.3.49.06122	28	6a671029d55ad97b33f212957c63d99ca7c1f588f5d863fbdc2e9c676faf3f07	ECL3:49:6122
ecl.3.49.06150	28	2a065e41f606471cf9d2f6c76702de65e8fdde3f67cc7112304f0cc403501016	ECL3:49:6150
ecl.3.49.06178	16	bfe3c4e40da8c1a362c8bc80538b25c1da001b5a0612920eca5fb4af57253184	ECL3:49:6178
ecl.3.49.06235	207	ef405b322e9002f6cef7f832fd117287901fb9c2a12009ae34e50fb5ad258b82	ECL3:49:6235
ecl.3.49.06412	119	dd98d894f7df87353788ef2a0b5302e93077cd31b262efb42bf7534efac85bdc	ECL3:49:6412
ecl.3.49.06528	24	2be48d9941d0e0bc9a7123af2a7d59cb1e5a824ccef3883250bf2a367379b974	ECL3:49:6528
ecl.3.49.06565	25	4cd6e49069857aa42395f3bbed2ebc6bf009fc06c5fe2f61a23c1fb0e2c1be6d	ECL3:49:6565;ECL3:50:8626
ecl.3.49.06621	138	921535e0c784852dd6af500f7c4220f1e1937a434153ffa3a51fb6a29a14c3b9	ECL3:49:6621
ecl.3.49.06729	188	3cb6ef7489b672489559e9d5ff1abe857cc6b5af220388ca3452ab702fcd5f28	ECL3:49:6729
ecl.3.49.06942	176	68e6f74482f4b6c46ad271125d9277009888ff5da761e790ef183f7e46b3972f	ECL3:49:6942
ecl.3.49.07132	84	97df730960cbff1d7d318f78ba35d27bbd80d2c34c199c01e0bf6a7ff18072d5	ECL3:49:7132
ecl.3.49.07253	102	d75a912a1e82e6f268210be8ff35d2143b4035535a047753c7d951333d821e5d	ECL3:49:7253
ecl.3.49.07544	24	b327bb6eb0e1087b616f1ce601bc24d5fb85698001fe7b6a3d809f2d63e9fe73	ECL3:49:7544
ecl.3.49.07734	47	76ce7d269f1901f26239a2e6c102c0ff02794fc8b2febe6493b5cf7c684f687a	ECL3:49:7734
ecl.3.49.07773	16	3d214e9a73e3fc144321136450301c68268ebaa3450eb40c4318edb5ae9e2574	ECL3:49:7773
ecl.3.49.07846	108	b513c6ff78b8d672532883d26e034d374dd161b418c3e47036d37d65e5f2b9ae	ECL3:49:7846
ecl.3.49.07934	70	1f3b9ddd254a30f81feb3205e9611fa97e4dce4d0eed68848dca5e072bb4e99a	ECL3:49:7934
ecl.3.49.07994	82	91ee0f26477c968a665028e3f950091e87f338859468933dc4172b8894a6a768	ECL3:49:7994
ecl.3.49.08063	82	d62e48f30d4a4407c32aee9d02f1773a29d80351b3c97ac3524a0e92676c0260	ECL3:49:8063
ecl.3.49.08132	90	c6534d0b217cdddd1a9ff332f978987da3bbc699b6e7190a67cc181184c51026	ECL3:49:8132
ecl.3.49.08207	71	8c57258a15c0e3b459dd520bd7e14cef834c2802def8ef5216e0ce47ec29c08d	ECL3:49:8207
ecl.3.49.08359	33	a7b39f20faaee9785e446d76e1e7b13d961e99f84d4ce28c885e9c58558b0fc4	ECL3:49:8359
ecl.3.49.08388	17	a2412e9142513c74902342e289f814a189170afc05ae85d630b7e8443809068d	ECL3:49:8388
ecl.3.49.08405	31	542d27965ec831ae70b6c3cb31bc26d094b60ff809c1b48503e7e0ecb0399fb2	ECL3:49:8405
ecl.3.49.08941	36	78fc15c57b7938f63444dd85139c5fa28e100a1f190a6df2da0123b7fa2c2e7a	ECL3:49:8941
ecl.3.49.09047	22	d34b19528945f89b05f2029ecbe407944f4cfa5eacca7d6a6c0f19f6b07e4e8b	ECL3:49:9047
ecl.3.50.00066	147	831f5cc419ea60d5627e2363501232f5bfc7a445e70acab3a77111990bddfc3e	ECL3:50:66
ecl.3.50.00184	68	76e11cd0706193a31725a4cacb7e220ec1fe4e75a5720aba76cd502a288d2385	ECL3:50:184
ecl.3.50.00260	12	7b539a10ff11dd4a21755c8c275eda59059d8c202c4392eb8e6fc18ee30320b0	ECL3:50:260
ecl.3.50.00272	79	a350f2a4009a117c3b0df46db1d29d71b996159888f1701a001a2e6176490394	ECL3:50:272
ecl.3.50.00336	50	3fe82eb3d0467d960463381a80db7a44c8b88bb4a76917fe6d012e6c47c1bafb	ECL3:50:336
ecl.3.50.00451	73	c2149b5b1cf4a55ed7c057ca9b48ad7bc3070b1cdfc67be364acf4f8a823b92a	ECL3:50:451
ecl.3.50.00513	90	004ecde5f9a585add84f36c36b832da7afc08f23c4eb6d86b1a634cda2d0bcec	ECL3:50:513
ecl.3.50.00588	44	c135f91b389c96fad22c2a19b9f49d05771d125fcbb6a2c57ba539e01b10d9a4	ECL3:50:588
ecl.3.50.00628	89	27f48fd5476e7cb044b9571c0b17710ba65a882889a5eb13f27e26aa4b7776ed	ECL3:50:628
ecl.3.50.00700	21	44a54753e1cdd11e0109dffedb081925903a4a3b947fd881a7efca57c6891ed2	ECL3:50:700
ecl.3.50.00720	55	6464d0c7663d9fd757595abe9e8d2c769bcfdefb7f284ae9cad47de63dd8f8b7	ECL3:50:720
ecl.3.50.00808	21	718c2cabfad751686858d870006750232149e18be15a5bd0dc7618dde025219e	ECL3:50:808
ecl.3.50.00921	45	296a199e6b01f45c9f5081161a733764f1d3effebad43627f30877bbd080ab7c	ECL3:50:921;ECL3:52:208;ECL6:95:2756
ecl.3.50.00985	46	3934c5705aa4112442166db5a93503530db40f7f0d8655b8f4a6bea019ebd764	ECL3:50:985
ecl.3.50.01114	49	7db4859ba5e88d7e2573a9b0459743769a6418e2c0551de02cdca5a5c4390234	ECL3:50:1114
ecl.3.50.01231	68	0492a12119a8967c734ee6497bf7d9cebd9bf741b2cffb26b2448023320f4a4c	ECL3:50:1231
ecl.3.50.01299	27	7867a89336ac7eaa65c616e817e4a8eb8df41651424a3735d4d8b174abfa4fd4	ECL3:50:1299
ecl.3.50.01332	73	035cf17e147d797ef4ecc7729f91253fbfb364141b8fe596e2cd99d64ef4aeb5	ECL3:50:1332
ecl.3.50.01391	31	8c07e77a2732869ebf99cdf7114db8209b7bb159842d2a69917aef1ba2304724	ECL3:50:1391
ecl.3.50.01451	22	eef0f751572ee6fa4975d6117632c89579d3a2051dfdff9172ffde825d532c41	ECL3:50:1451
ecl.3.50.01482	18	dc12fdad00595ae2242d55cf1b9b5cd81b22e27096c5cace57ce4d13fd3573f2	ECL3:50:1482
ecl.3.50.01500	20	8bbe5ef8c54b60097fe5a35635d5614843d0536a30be9fd58c2a06b5900305bd	ECL3:50:1500
ecl.3.50.01540	29	e283f3e661f13601b08d189cfe5d453ac5b99d3ed78334327277d7c0f6e027fc	ECL3:50:1540
ecl.3.50.01605	12	ec2aea87a758563b33e437178c744e70153789f203b54789a68113234d9a1d2f	ECL3:50:1605;ECL3:50:1786
ecl.3.50.01699	28	6eedb44866b7c8527f7ecf85e2ddf6df5d1982b87fe2516e2726798e88e7ff90	ECL3:50:1699
ecl.3.50.01853	24	aad59f52936315c6185c1447a7cc336abced68537d1a56931ef141faae8dae38	ECL3:50:1853
ecl.3.50.01965	70	c5de95cc2b6f81febd36fcd31b9211d4e8343319b4e1511e3d60e43fc7e86b4a	ECL3:50:1965
ecl.3.50.02087	27	0127c97ecb0428b1c7c871333dc1022b2a3d334043de77240147e7df3f181200	ECL3:50:2087
ecl.3.50.02125	85	62d6815067c5fde7b387bae089fcc73da376d6ab412c9ff0923f969e74fcafeb	ECL3:50:2125
ecl.3.50.02360	17	c642631dfe7f45a907ade6e8104133953ff88b63b38db879903875708b2d98cd	ECL3:50:2360;ECL4:66:5009
ecl.3.50.02630	38	2934936d1c0ea35374a8ff01f18f4fe12aceee78966f0cb2ac88bd76f3aebf7c	ECL3:50:2630
ecl.3.50.02663	20	05dfc93536e145a86c525a5a1657ecc652756ddf074ac8a1f31a57d9b6b8d972	ECL3:50:2663
ecl.3.50.02699	27	81ab9730af9d6eb0c9e870c67fc60c14981d2028d201ad1d952f1528661f285e	ECL3:50:2699
ecl.3.50.02727	132	0a59b4bff1856652f2ba6abc9a5fb1dc5ae03f825c1056ac103ac3c1ca99a3a0	ECL3:50:2727
ecl.3.50.02830	120	6305213ed5d5a05a0aec9588b0d64018c53a46b3b9fbe2b97d525eb24dcf9284	ECL3:50:2830
ecl.3.50.02947	39	ea0f4cb5de13ee6619b35bcde02afbd5c5d9f71d13d5ad1554be6ab3b03f93d3	ECL3:50:2947
ecl.3.50.02994	31	a36467c5735c3444b248304ae11ff4536cf8081c24af43c42c2d6f6056e95394	ECL3:50:2994
ecl.3.50.03054	28	b3651c55934b1f5571020d3a6a22ec64fc634b03be064258e7cdc0408f21a5eb	ECL3:50:3054
ecl.3.50.03109	23	3503ccd22c2d64b0f7c71e8097b7e03bd22b4c11dab019721d8bf68177a55a1b	ECL3:50:3109
ecl.3.50.03134	29	0c0f1d06979d55aff5ba92f01175c9314b7ca35ca6f2301b3b30399d8cae4843	ECL3:50:3134
ecl.3.50.03187	30	245ecdaa8e3a08d549844a327d9c0ea3defdf79a1d8a1b7e8917c3d47e168781	ECL3:50:3187
ecl.3.50.03241	73	8eb925619321153c5f7639b37cf2a4af141dc220fb7e2dd2ae32d61316e98e48	ECL3:50:3241
ecl.3.50.03309	58	e2ef51aea578de1e5b56f599e815bcd43eefb909d6f2e597b1d201e509109baf	ECL3:50:3309
ecl.3.50.03360	33	275b8afdaf0a467e11865bed5a280e7961bc115d0369153b17faeb63526a21b7	ECL3:50:3360
ecl.3.50.03469	90	ef1db4a420bf5635954f5c7e5618240cd7c906ccb8e8c5991c2c5875c1a8e044	ECL3:50:3469
ecl.3.50.03717	76	58a4d566ec720e57b0282c5ed3536d5e8d2dceb6e1f95d74b418bdeeabeff9d6	ECL3:50:3717
ecl.3.50.03784	25	225ad66ad1f78d471ce698ca75eb4db22e466129fc456b8fea91f4e6067376a8	ECL3:50:3784
ecl.3.50.03808	44	c233bb109cac5d92a8a96daed9503451a8c68f8ab76bdf4f4a22d858e0e0a26a	ECL3:50:3808
ecl.3.50.03894	113	83e81bb8d14fdad14cd57b133dc14ecaa4c00095e7ae7d1ffcbd8f032eadbb2e	ECL3:50:3894
ecl.3.50.04021	40	0bba2576084e81aadf7128982a826b794ef4d714a2403a237fd5b60d384d7afb	ECL3:50:4021
ecl.3.50.04054	14	30863d1a8293db36dfeacbf8c847ad1b759e33416a96c29c2f91ea441897a6ba	ECL3:50:4054
ecl.3.50.04074	108	f74849a42fe421899717662be023af90767166ba2b811b96b150633d3294cb9a	ECL3:50:4074
ecl.3.50.04159	90	e329bcc44d2fdc4cf12f28385b1bd0357f940a28887cdc4a73ad4e9a36afce1a	ECL3:50:4159
ecl.3.50.04266	84	8da2ca3782b43d707ddad2eb848bb0aa2d1d84108c76e8c896a8e8e43866e5b3	ECL3:50:4266
ecl.3.50.04390	84	4376a652e56667c78384a63d970a6a3f8827dc1d513935eb8a16949d4cfbe5b9	ECL3:50:4390
ecl.3.50.04499	29	93c902274fbf14437cd6973a39f94cdd39632b16b1fa42bc75f42180b36864ec	ECL3:50:4499
ecl.3.50.04534	22	cf755335112c08ab8c40f2965ea6cb6394b3d275459ef25bd845cd8ddda4299f	ECL3:50:4534
ecl.3.50.04568	49	6d677c582985841622f7eb74cda464c82498ef08b162e061d22c6756b5dd416e	ECL3:50:4568
ecl.3.50.04623	37	24ee2d6b044b77f25e032950c5bf9b48a72620c7f96365d14a7a0b3a77f4c024	ECL3:50:4623
ecl.3.50.04658	18	e351c944fae2bdac6f4fd976c09f28998001c63565d8c2414eaeabbae3dda382	ECL3:50:4658
ecl.3.50.04688	35	f4304f823058123fda66150b1d290b9896e23bfb8e67f1a1ddec20764baf6f69	ECL3:50:4688
ecl.3.50.04734	56	5c0d9b2827d49804b661645fc0b09379980ae80c7f6447339a978680b1e83726	ECL3:50:4734
ecl.3.50.04783	14	51dd909b451e634c2abc4af8c2ff537b03c792192b1566b36377122e2eb3372a	ECL3:50:4783
ecl.3.50.04801	34	a027cb6547d52f989d0d71d6bdc0be33a6691d645aa31b974109258d3031dd5f	ECL3:50:4801
ecl.3.50.04855	29	d6fadc6546823f1fb3fb6d13a87b8abf16ee83ed08e96d93e631fafd8a4b7d3a	ECL3:50:4855
ecl.3.50.04884	31	bb83431a297da8887cea0ed874d593bdb485c2c96c2cae27b33506b2c763364b	ECL3:50:4884
ecl.3.50.04915	39	72c50d510d28c8dfcc5ead81abbf9ba4d3efc02d2c8195fc1985a1e4e85879ee	ECL3:50:4915
ecl.3.50.04967	43	dd031ef74b19873aad8294528c7cb3587f70166630e2499053d9707181ef0887	ECL3:50:4967
ecl.3.50.05116	41	ce768f5ba924054cbbf1207f6a7253f1b26c67c8fd3bb7a6fc7d8f2cf3833a9d	ECL3:50:5116
ecl.3.50.05200	39	d92cd7a7f530b620d6a01759c1210e17a3ea22056470836d3e84b393e55eeacd	ECL3:50:5200
ecl.3.50.05286	51	69d341e4f2c48d8b3753795dc45e962348abcddd214ba7020310c03fc2dfe8e1	ECL3:50:5286
ecl.3.50.05368	20	2e7e9d418e445c7f384b270e183febcc368441338049713457f5f9d5b692d1cd	ECL3:50:5368
ecl.3.50.05388	28	c0877569fcd266bd269ad4b5e555aeff8f017aeff64a934630380e6f426823e5	ECL3:50:5388
ecl.3.50.05421	12	0ff5f9bb760b4cbc881e9d624a3bdbb7ae6d740deaccf5961d995441422cca99	ECL3:50:5421
ecl.3.50.05445	51	d8ca9c0742ae663bb76b99f0b0348a0a8157027bc458a1d27b2d155b4e3a2f83	ECL3:50:5445
ecl.3.50.05549	108	75c35887d97da2265230d56511b436ec0e024a59ec50045d0d2a0c25cb2c5a94	ECL3:50:5549
ecl.3.50.05668	48	d184de8354e80cbf58ebfc697801aac9317d0c04fd4c246b933ee5ee1668fdfb	ECL3:50:5668
ecl.3.50.05822	29	811a70dce2318a032a84e7197648b2c2c2f1d2d3f66fb5daddd8e32124be7f93	ECL3:50:5822
ecl.3.50.05849	31	f6915579c3b619e3e7f34d1b715e344bc7738b074d89e72ba987e34d8b207b14	ECL3:50:5849
ecl.3.50.05948	39	7392da0a8878303636367d7c2ce10766f905c41abed06b937a30354bd6a96751	ECL3:50:5948
ecl.3.50.06042	48	ad73afbf450d987b525b24f2718e607b7d0e824b3bd6b50299c3d551e0c27a29	ECL3:50:6042
ecl.3.50.06085	29	371e1d95cc748ea348437e8d2053c4dadcc40bddeea178c450b40058b73761c0	ECL3:50:6085
ecl.3.50.06114	53	b469ea874e01149add91c9793e739cc0b52f55cf735a8a4d1ae54c322ca1a1b2	ECL3:50:6114
ecl.3.50.06162	66	951ea09224aff9c61101de44f146b8ba1d2a12d66a77420a9e08b0501dd4381e	ECL3:50:6162
ecl.3.50.06219	26	f9b8eac4bfec25915a9c8dc5c02f437fd29a35b788fb1aec5cbe84e117695279	ECL3:50:6219
ecl.3.50.06247	71	aa13ce89f503fb867043c087e823f4b408714f2efeaa895da655cdbef4e901e5	ECL3:50:6247
ecl.3.50.06385	41	d48ceab7e6872efd8b2c717f36b7eb6f74e165aed3b2dbfe9cf0b92bc6a5c377	ECL3:50:6385
ecl.3.50.06424	103	a46354ddbe6df684ccee2f4d183ac7c35b45157d8472d1820e08805772f9933e	ECL3:50:6424
ecl.3.50.06506	44	913e0ef1784251b1ca7b881a032ad766880fbc4991e4d13cbca11518a8a99357	ECL3:50:6506
ecl.3.50.06544	25	91a60607115e166d1fff5dcb218b97a68681f105a2d5a97169446d808d603e56	ECL3:50:6544
ecl.3.50.06567	61	62646dc38e283353f8e768fa63b9ed13511d3fb5e32a349264b86ed0a701638c	ECL3:50:6567
ecl.3.50.06797	77	45c2da96e602bba26a73896cfba617f4a84eebf5e76592c8dabbe417cde00f63	ECL3:50:6797
ecl.3.50.06860	13	9943fbfeffc9d4469990d2c7f3492c2fb4f37dce9488f4cf9a035a9389422a48	ECL3:50:6860
ecl.3.50.06886	59	f530e0f73a0d4328cc2442847299709a70f40f225a210086115e6365ab7a021c	ECL3:50:6886
ecl.3.50.06968	14	fca1719eea8edc7fdaefd0dd59047c236345adf27dea1890735072586e9b7133	ECL3:50:6968
ecl.3.50.07034	13	987cea09afc649804a591f2055e37db174c3ff9d5ca96f4df0885387b6616ffd	ECL3:50:7034
ecl.3.50.07049	58	57769176799dd7b3b048dd6442a215ec695c45b2fe4dd3eea5d0f64be8357e6f	ECL3:50:7049
ecl.3.50.07103	92	b96834040fbc36efd00b782a1b66e102ac22c3295d64c08e624875b06553f84c	ECL3:50:7103
ecl.3.50.07188	26	f859e6af99e44c10cf88574c4e4f7cb69e400a3874e57fb4ed12cf97a26ff827	ECL3:50:7188
ecl.3.50.07217	56	bef7feaf25271d5e6476d20f2859699637028e48467bc15cf4fe76677e46813a	ECL3:50:7217
ecl.3.50.07264	31	a69b9a5dacbc1dc6a95337db6780c9a0a032a100848f6274e910c9a531813c7d	ECL3:50:7264
ecl.3.50.07296	35	84a994e519f65f18fd1265f83ab7df3494a5cbb6369bdad40799102af4d62bc3	ECL3:50:7296
ecl.3.50.07398	50	9f0ded2bde61b532794a1e082ca2f96650c6ad58565b965a785aa84006515d54	ECL3:50:7398
ecl.3.50.07444	92	7845af7b9ad0ea3a664bac3a3cc5d3f84a6c8223f9ab15c42f39ffe858056803	ECL3:50:7444
ecl.3.50.07521	35	e5940c6b6e2488551062005dfc5a03afc07aa862fb95440412a9a1389bad5f80	ECL3:50:7521
ecl.3.50.07591	41	ff025f217fef87f97b2078d09906b587670a597ddfac2065e31a58e6d5dd1162	ECL3:50:7591
ecl.3.50.07627	26	30094f426c4bfeaa3b1bb095108151fba5a1958ad75b24c5046acf316ad05c8f	ECL3:50:7627
ecl.3.50.07771	39	0ee06ee52626995c89e1c973bd4da17589cc0d2e6ca0fba1948235400a8d6804	ECL3:50:7771
ecl.3.50.07939	35	f8860a41cd41f98da38c955cc99022a71e614c6bbb621ab5558c1f2eaf45e502	ECL3:50:7939
ecl.3.50.07985	17	68a026ae85c56d925c6f0b60277a1394d2c086a7dd9dd90b2bfa01d4d510c8a1	ECL3:50:7985;ECL4:65:3419
ecl.3.50.08136	14	515ecc80caca1b891b859921b1ced73ba3f0cb497e1caccfa64f5668787c5f78	ECL3:50:8136
ecl.3.50.08583	38	1eb227555be104ab228a66bf071419c51129803cdf322d2cd9477d3f440dde0a	ECL3:50:8583
ecl.3.50.08663	18	26ea67ce8d96ae4bf9ea01e9499b243bded11c42bdb286e014b3bc741f615587	ECL3:50:8663
ecl.3.50.08718	21	2fa71831a511d89b595d738a7d07c84d5d6ee141dcf69fd8156909807c30309c	ECL3:50:8718;ECL3:52:354
ecl.3.50.08739	43	8bea202a1dc07c2ecc2879bb48f5d6574abb666b18bfb2d034559bb369791bba	ECL3:50:8739
ecl.3.50.08775	17	d661fb331bc07dedef2379ed7e3906ea8286812af6896dcbef5d9cffdc81ecab	ECL3:50:8775
ecl.3.50.08809	195	8aee137f6825fc81d31444f5ed64f6b5a54d8a45f8a6ca5dbdbd82f253408460	ECL3:50:8809
ecl.3.50.08960	162	06b534a2bb2abb9932162cf8bc9782f883ff9dedf0e625812c273b9e4a32789d	ECL3:50:8960
ecl.3.52.00394	24	e4ab2be141d3420713f110cbe940424e43bfa6b51bf1eb1c8ca4a3400d386f90	ECL3:52:394
ecl.3.52.00419	28	0e87d690840daca03545f678e39df8b32b3fd71bed49609c2421bd6803228938	ECL3:52:419
ecl.3.52.00517	11	291692234663a2ca98f2a0d47f03e11b625f511aa544d4b89d94932ce9418773	ECL3:52:517
ecl.3.52.00710	30	70b39bec8e9a1945d353b6319b09ecd9c9368e3432610df3a002b3d17372e38e	ECL3:52:710
ecl.3.52.00775	32	a3b824d43ddf3761950df06f736211298515f988977c4a8ca5a57f857a28223d	ECL3:52:775
ecl.3.52.00852	42	9ec9a59a5e0c629d9be360bd8492c7d92c2397e3c64ea07c15bf83e04525ad3c	ECL3:52:852
ecl.3.52.00905	47	2548b624b4d9d7820e34397ade99b4c567962548e8b3ce214aec63ac3b5d87c4	ECL3:52:905
ecl.3.52.01000	30	3c7990c46fad6cee74aa03719c4bace5d6d8ad08aaa570bf0882737e8eddaf95	ECL3:52:1000
ecl.3.52.01085	38	b8194f0b56aa665d82c915236d7305b22fb3b103270ec335cb665def44fe6514	ECL3:52:1085
ecl.3.52.01130	29	88621518020af6eb269a641a6db01a9256da298d946deb9e3187c27ada1153d8	ECL3:52:1130
ecl.3.52.01173	36	e2ec950986958e20eef60aa9c045b4655fc2640302cbbe764016f1dc643f7ca9	ECL3:52:1173
ecl.3.52.01259	24	fb4483a5f6c3263c4b2b12065cb32482bbaa658948fc0a4b231b20b2a6c51837	ECL3:52:1259
ecl.3.52.01333	50	9011abfc8158900970eb91482c1d6ba2dca703004af75bf7e79da9dbc0b6f904	ECL3:52:1333
ecl.3.52.01401	36	701b6bf309933f9894fb179666aae5a6b301cc5f765c056a4494b1f7fc77cdba	ECL3:52:1401
ecl.3.52.01458	35	96e2adf622295722efe083e5f4c8bf4619299a2d317cc22492311a27a5287f5c	ECL3:52:1458
ecl.3.52.01515	53	084965bb2aa5154af909dfc2ce39e10542d75a3ad4a84fed31fbbfcd073608f0	ECL3:52:1515
ecl.3.52.01576	45	ac4c2f873b0b4d90a3d6efd2a43956389f85a8f5e2de3b2ed7c177009a8b5ddb	ECL3:52:1576
ecl.3.52.01669	29	0819be3d4bd014f57eb819a0b7cb84d7c79ab434b691ee24bc41111d948bce82	ECL3:52:1669
ecl.3.52.01724	64	1b025b789c28371eb8b082846ec79d70c39cb46e6721a3fdaeb7131d8e0833c4	ECL3:52:1724
ecl.3.52.01784	19	2e1028f35c19550655549072b1ede03ae2276674950fc1f89f54dfebb46f8d50	ECL3:52:1784
ecl.3.52.01852	33	f0a9104ddb9c76cad32de8e1192a0ab97e76bfc1d323f9be5a4c357d9afb67ac	ECL3:52:1852
ecl.3.52.02035	30	169675723fbd3ec01d40fdec968129c2ef052713c6ea3a9e0d7093997e0a57fa	ECL3:52:2035
ecl.3.52.02072	29	1c1642e8ed82c17d9bc694300592b3b62f8e5ca0633932261a19bdd80e57e279	ECL3:52:2072
ecl.3.52.02245	24	385114783f82e044a7426f30e26e63caa327594a06eeefe270a501661a8873dd	ECL3:52:2245
ecl.4.64.00148	55	7aa3bcee692d3c8f1605826a981798d52f50a2f3142c22ec11c188a5a0d683ae	ECL4:64:148
ecl.4.64.00207	55	df367438c84a9378d1fe3d95f24729f637ce8c8c3a9ae5e5527bb54a9683f9ae	ECL4:64:207
ecl.4.64.00303	35	41eaa4bd39081875a07148c83f711aafbe38c6f09133907f20175f94f1c9be4f	ECL4:64:303
ecl.4.64.00333	12	df8d29fe6512b73d77b445c896a5fe9708c2e0f867e036673920cf5adcdf3cd6	ECL4:64:333
ecl.4.64.00350	19	45beb8dc3a081f9484212ffd247b83e79e8fa3478347f17701702dc2d57ec26c	ECL4:64:350
ecl.4.64.00381	88	28fcbfe78bef8557351ac6be96cf7e33bd407d6f3d2a6fc76c2f51eccff7c52c	ECL4:64:381
ecl.4.64.00538	27	5b2b59fb43519f6a33ee15ff30c97b8a1d4535104329261226bc69a8d784b98a	ECL4:64:538
ecl.4.64.00568	13	a8da01f4f4b64eba96f545abe96ae87c25602c9155cbd45b60b5541c3959d8a2	ECL4:64:568
ecl.4.64.00585	12	49c5a043374b783661f6b47d7e74b8f42928bd33d80667c341f8e68ff8a270b4	ECL4:64:585
ecl.4.64.00609	51	30c5a9962faa8d34258ab825789b527b42aa78c949bbbae1014b5a61c13fb0eb	ECL4:64:609
ecl.4.64.00708	46	9d98e4e24c67f66ae2ec9e3bec40c492d7551e7064c64ad42a6983d993c9b176	ECL4:64:708
ecl.4.64.00750	12	0c80016f3bda4a2b4aad7532ebcff1f5383527ab3fc219bbe25715227de89441	ECL4:64:750
ecl.4.64.00773	24	72b3ff35586311b68adc047a538ad793b4f07beab7563a8e3fbe4c9af325c5d1	ECL4:64:773
ecl.4.64.00795	45	9b955b0224e1ab7dc4ef77a20d42116ac1330bf80f85f6714b801de634a84e12	ECL4:64:795
ecl.4.64.00836	11	6a5532e2c98234b0e55bf0a96645efacdc8d2d952cf9d85b3c279fa3cd56a5e2	ECL4:64:836
ecl.4.64.00904	29	c2a33056ec52d0c9228bf061ececb7f3a8926bb1e08ded888857c8dfb3151010	ECL4:64:904
ecl.4.64.00933	14	c881a629ccccb5a1ae7e9de3ebe5348e2febedd5d40c4517296bbc909145e122	ECL4:64:933
ecl.4.64.00951	10	c20b5e97ab82c9ff529ffee8b46df2a97fa6fbc4fb9e2444be8e1199995d15f1	ECL4:64:951
ecl.4.64.00963	63	4a2b0673cd0ff3ba327598131103e994da71b8bd96e31d2cda0a16bb24252368	ECL4:64:963
ecl.4.64.01099	36	1a77a37c1941f2fea6d947786d06b740df79ab02113d96cecdb701cf4412ed92	ECL4:64:1099
ecl.4.64.01130	10	41905cfe3d9de250621d31df689fef3549a7e7193b96ef3b32750ef4bff0ab75	ECL4:64:1130
ecl.4.64.01154	40	898cc8eb60a09aed448c3e5a5a7ed91eba895ddda97e5d1a08683b3be3f1abb3	ECL4:64:1154
ecl.4.64.01199	30	5f201928e2669072f19c3d83c9bbef0f6ddec83970b29d15b4cee1f5a131e730	ECL4:64:1199
ecl.4.64.01226	38	6ad98f65735d7352024ee56958aa8827d18ac169e50c59de56ab513e32dc994c	ECL4:64:1226
ecl.4.64.01259	76	5f84cf250c2c02a07f1ad28e07d54c6cbc57900974953d5bb251ffe0c9659cc1	ECL4:64:1259
ecl.4.64.01321	18	23498b6cd5c9247290efc075de01ef22cfaaeb5d01e4b89f53e4d9f66622f3ef	ECL4:64:1321
ecl.4.64.01350	107	3b9d710feed1cc03bfb663ec271ad082f85542580cb5958407e2b3edb27c0268	ECL4:64:1350
ecl.4.64.01435	52	ed5c90be23d076b6a1556b7f43c3666f7899d3bd317f23559b5736101b4e0ab1	ECL4:64:1435
ecl.4.64.01479	33	2e6a65483883c2fc288d3f8074ae26bb0eda2e6d36e6da18f1dfb3d8191a7f3e	ECL4:64:1479
ecl.4.64.01511	81	be4091c81f0a56606a6234586411d9f806fc7c190349accb85177fd2a75ec29e	ECL4:64:1511
ecl.4.64.01580	59	b433a5b7978e53abce40862d0df37b7fabd18eb324023749aa97d4de2a28ceac	ECL4:64:1580
ecl.4.64.01775	67	104f95dcd693d21b649e005ffbe3418d60e0c5b0e4083e0faf5ffb947a9e23c1	ECL4:64:1775
ecl.4.64.01837	94	a972a5da27f6ff44b91601cded2a63edecf37bd9d6dd7306c6abd027100f6252	ECL4:64:1837
ecl.4.64.01917	25	26c32982efdff99b2ba04e0f069133557e5e6522b188ad180bb3fee7f12fc6d3	ECL4:64:1917
ecl.4.64.01953	66	65e0308a2f32e1bc662937b071d0b5e1efab774160c7adc40f23b953e72b6ba1	ECL4:64:1953
ecl.4.64.02008	55	ae12c9b3ca3cc8c279414a94643984bba5991938198372035449d1906d7f31b0	ECL4:64:2008
ecl.4.64.02055	16	9c4efc88993253ffa26bc17d752bad5509a28887fce168d5744d2a74ccc5882a	ECL4:64:2055
ecl.4.64.02096	32	88a9c30d1053fbe2371d51fee1ecfe4a5bc418406f2f1c65063cf775f463e816	ECL4:64:2096
ecl.4.64.02124	56	43a4a38d8fce0b8fcc6d41b3fc7da28cbd9b8561cd1b5b925b00c13de7b249d1	ECL4:64:2124
ecl.4.64.02170	13	0f88ed1acd9c3ed6ee49635482a2cb80288979dcca59e493c29156081acd0c82	ECL4:64:2170
ecl.4.64.02192	41	bc9d9bd2e238feea8c526a0370f115dff8d6223bd77e784ec67c6c49ff91191b	ECL4:64:2192
ecl.4.64.02228	10	51d003df6565ba00ea5df318b0eb2f05b721d6ca9786b5c2f6c6dffc23b7b8af	ECL4:64:2228
ecl.4.64.02279	53	c07768c57be1e561e1f5d3ae0554bece54c209143e9dc2331ca93f4bfcbc2d6e	ECL4:64:2279
ecl.4.64.02323	49	cde2a4c0df0b990900a122b63ccfaf8259a1a589eeee35be55e8f2b66d065404	ECL4:64:2323
ecl.4.64.02364	58	ba4ee6aa8dfbb3dc4007810e3344737b4672512a330fc64f1c30593deb46df43	ECL4:64:2364
ecl.4.64.02423	43	d4331d53696901413a236ff3fc0778311f287c63755412905f00f2934e06698f	ECL4:64:2423
ecl.4.64.02460	37	679907fa109b89092f8caaf27d6d09417d24267cb24d8be5b4b268335ab85bb1	ECL4:64:2460
ecl.4.64.02499	34	3b0d70044ff7e0846d0c18de1ab7d5a6e665e6bf876c65cda88ccd890ac47dbb	ECL4:64:2499
ecl.4.64.02530	58	03798262332d1d3a542e9677fb12274351927683bcddbcc9ff60d0df22a6c9ed	ECL4:64:2530
ecl.4.64.02597	25	ee4abea140ee887596aef58115123de2c9e742585aadf64b20e794594db939ac	ECL4:64:2597
ecl.4.64.02621	36	f894bc07fa04020b2305b750abd1849c15b696d06c530af20db3be081566455c	ECL4:64:2621
ecl.4.64.02652	124	e54f187d80b04531185ba00d04d1abdc8f6f187d76e3c24d7112da27966212f8	ECL4:64:2652
ecl.4.64.02759	21	61086da27a6fc126d8ad7d3714bab54e778041adc16479b78d90aca4e7a8f828	ECL4:64:2759
ecl.4.64.02779	18	df362bc0f609d1a02d82bcf802c77277d55016ecaadbba3c0cc7a46510154eeb	ECL4:64:2779
ecl.4.64.02860	26	71e9f67d2f36c12005ff86130ed8fb56fab5cb2176748907e289a4f88557462f	ECL4:64:2860
ecl.4.64.02883	89	1293df5811d795a08ef588e9ea620f57b81f6071999a3c11c282da21b25036be	ECL4:64:2883
ecl.4.64.02959	60	0f4a5f30ea71f744165e91f73692be5cbb31f4ad1f801a80f74a85abd97cadd3	ECL4:64:2959
ecl.4.64.03009	45	5da14fb5db7778a12a3a9dbecea714ce2fb72825abb1a5d7a640011600a4c5ed	ECL4:64:3009
ecl.4.64.03054	91	c6bc095627a5c18c5fe3473a99c32735565a7ef04bcfa893498a6cb3a6c4b2de	ECL4:64:3054
ecl.4.64.03127	40	92461eae285d5155f90d679335f19a8d83d430b96d7761f01a16ac2a024bfe14	ECL4:64:3127
ecl.4.64.03174	34	6e9389bffc6f3e1bee9f84a80263cc2b0f654b131be75a94f68d382754779e54	ECL4:64:3174
ecl.4.64.03204	30	96e8061481c48ac48427f1179b384fb819c072ac282f5437aa702b7a450e374d	ECL4:64:3204
ecl.4.64.03234	13	7fcaddc3bfb513112573c5fdfc23f1143c04500f30d3cbb99680b4628740b9c3	ECL4:64:3234
ecl.4.64.03248	67	b38b8d136a3f3cf5e71af7b5a26c7cbac524925e493d6a2e6513404c126bebc0	ECL4:64:3248
ecl.4.64.03310	20	8e13cf342e42133e36b105687d3bb6746b880177192d0c284c9ec2ff90bfd775	ECL4:64:3310
ecl.4.64.03337	88	4c54cded994f3106e8453e756a30f10d5143c1ce347d58f430448f0b48f3d122	ECL4:64:3337
ecl.4.64.03410	44	0a9f9ae4ce3fdbaa4d894fab92b73feb1d9de79c61c0f812e2563b54575c17b0	ECL4:64:3410
ecl.4.64.03454	72	5d3a968fc447414ac9fd29568fd8ae5d705ba5b346973d663e93dde7f35feade	ECL4:64:3454
ecl.4.64.03512	45	9789e5cd527d791fa926491fc541114fd796f2ee55ea2ebc8a3430109004de84	ECL4:64:3512
ecl.4.64.03551	14	c8ad03431a2a8037646b20d34c41b460b06045d7ab06c3efac00f5d51a7261f4	ECL4:64:3551
ecl.4.64.03567	54	d29237e7648546f687f22505342c51bc265603f7cd4dec8c1d8208b395aaccb8	ECL4:64:3567
ecl.4.64.03636	98	944fad78739e994c25a2c01225b53646cf7c2f928088d2967c967fbcb93cda04	ECL4:64:3636
ecl.4.64.03719	46	bedc85970273275e0f4232bb624cb3fe793ea2323cc7937711d808dd1a256059	ECL4:64:3719
ecl.4.64.03758	59	df2f7a7c977dc28357f9d1ed5b6261846b5358b456584cfa05116d189c36053b	ECL4:64:3758
ecl.4.64.03828	39	db4705a7972e7342755bac8cc8d2a52272219f8d4e15d1480538b42ee83907ab	ECL4:64:3828
ecl.4.64.03898	37	2585b08274fc3ece3177461811e6f7ea4c0e419c0145877980160113bfc60dc3	ECL4:64:3898
ecl.4.64.03933	15	db519df4130bf1c0832ed5cdddd1d02c5a1f4ca4319d40f7d6834c2ececf71c8	ECL4:64:3933
ecl.4.64.03968	23	bf8c3b3a61cae8e0f25dfd563075050690a63551992d1128a5507c41d25bff25	ECL4:64:3968
ecl.4.64.04014	46	2dd7617d9d3166200f499721d47bb47970846c35a6c49c6ee43bc247f732911d	ECL4:64:4014
ecl.4.64.04070	55	15f33587077bc90b1435c2c6b69149342c6d0b1aae0a70a070dbda840d0d9e54	ECL4:64:4070
ecl.4.64.04200	36	b79aee1d48354c65a22f966736fadbec52c4d2740974fae2cf51fe2c9798c230	ECL4:64:4200
ecl.4.64.04231	36	c64663a6142a28cae587df242886800710c57867d1c6c06a867e336c8dd4808e	ECL4:64:4231
ecl.4.64.04267	40	cfc4f56b19ce9c8aa694771128ede9f6c3c1618bd821807885151bffd0e266b3	ECL4:64:4267
ecl.4.64.04301	39	968a253b73ed05d81ce65d718646e9cf4f1be440e980e00dbc897bfd0244479a	ECL4:64:4301
ecl.4.64.04338	25	94fca5658ebb9a0f0ffdbecf8baa2521c88ab77a4e93f73eb5ff25db6dc6258c	ECL4:64:4338
ecl.4.64.04360	19	f864c9329679397625cb578dd3eba27dabebd48f471ab8f0417aa6dee8b27306	ECL4:64:4360
ecl.4.64.04380	35	eaf5c4433bc916241c3961b7565e6a8ef297d85c2cec993aa8a5ac1a896129fd	ECL4:64:4380
ecl.4.64.04868	120	2af961f881b82973dd0269b162b3c3b1d35380026b5187485076c938d9cc1820	ECL4:64:4868
ecl.4.64.04962	76	2dcda25188b45c9c3f638f9013916773d0d5f9a2cb7f2b1a555a8a4a1cc6e0f3	ECL4:64:4962
ecl.4.64.05024	56	5d64326ec5eae025cca70815ac883de8c5dec9b0f4a0933d04470decb27f3f74	ECL4:64:5024
ecl.4.64.05070	17	76a0798b57ea77b0866063b4fac1c2d840648246aa6bc263b3823287365ff2be	ECL4:64:5070
ecl.4.64.05176	17	fd7e5ed674a1935b23529ac5afb72582cc9366d870cf5d67adb2d5c2aba89add	ECL4:64:5176
ecl.4.64.05306	17	dde23f65cb347456be9a308443b08d3be5677a65ddd965a07dc917f556a7a103	ECL4:64:5306
ecl.4.64.05423	46	37eb12511bc52ce9c4f3b3bc64314de3ec07cb529ce7d4d137b714bd0056607f	ECL4:64:5423
ecl.4.64.05462	25	7f83574663a9310f5e719150e40c809c76db9017074d38373fa4eb075015fa52	ECL4:64:5462
ecl.4.64.05535	20	67b444d2daeb96649fe23d86c6bd84285776798c112f59575d2e4c03043177b3	ECL4:64:5535
ecl.4.64.05697	28	a0e818844ef685974d55cda552450cad9abdbda417b96bec3dc51007ad548307	ECL4:64:5697
ecl.4.64.05730	19	fedce7c85205b0c9367c72f34c09b9c94a2c7f53194a44df63f18014d3decc7e	ECL4:64:5730
ecl.4.64.05872	37	c440b84e67593cb7a8237c74277517d09b8d953adb45c687a923230f3dd25ac1	ECL4:64:5872
ecl.4.64.05975	21	2c3fee8adc66c85d3dbad11dcb84aef120e9082c2f11f9c32d9711f80f692b1b	ECL4:64:5975
ecl.4.64.06017	46	1b9145fd0005bf4c99e3c5aa6f76c04e0116a278994a31466a3df57eda3acdde	ECL4:64:6017
ecl.4.64.06129	19	b6ed68e6b3cf5c5ec57b82dadd7148df8fc7090542d0b0d3e5c66038870773b4	ECL4:64:6129
ecl.4.64.06202	37	674fe10b13b67260e66930c92ad2a0bfa3801281ce1b6e3c9138a60ee04205a7	ECL4:64:6202
ecl.4.64.06267	12	6e39c4a5bfc88bc16e1c30ac197d162612287a740d94b180f7026f3509b37d98	ECL4:64:6267
ecl.4.64.06357	34	11e673e4866b8a882d4a8ea951972e228dcce792444134b656308d9e80a9fed2	ECL4:64:6357
ecl.4.64.06404	28	e3e447fc35605fc5aa0fdaa5cc968f863ce8ea2007b7d843106f9c19f5919753	ECL4:64:6404
ecl.4.64.06439	11	5442c1a75296a07bf56c0e2a24c6a16664943ca1671e68d704fc9123972b34cf	ECL4:64:6439
ecl.4.64.06453	17	2c1e6bba9ab29d6b131811228d70ef2ab090d07bfe3ecfa92afe21b9a47a4b50	ECL4:64:6453
ecl.4.64.06523	48	3f4daf05ab62758af12682e647e34512b81c611d850905472122687e4988be69	ECL4:64:6523
ecl.4.64.06563	14	18d8e6420abbeb2474e44ed7f33c66a0424cc348b8a4bfd5642f6844539b6028	ECL4:64:6563
ecl.4.64.06593	37	700fdd7df9b5b5fb0be68062eb7bf032b87a9110b05186bfb95079888ff90880	ECL4:64:6593
ecl.4.64.06640	12	e41263ce24a619f957e9d4359362458c462727bb8381091e5a09e1005e1400e3	ECL4:64:6640
ecl.4.64.06771	67	1ebaa5aa23ccf6d0a0602f9ace28d4d896ef219a6a469227e449d2d21359bec6	ECL4:64:6771
ecl.4.64.06836	14	a3bf62b6da9839e3217fa53ebdf061a5e3d95784b668e12675b9cf3131855569	ECL4:64:6836
ecl.4.64.06863	20	d8139552c2f035b8c293dee126f76ac4ba140b9e4fed49cc29c819437d710229	ECL4:64:6863
ecl.4.64.06890	66	18b145ae7b76c5e5e896722690be6ff35e1176aaf0f6a19f6fcfaf1f91a1b446	ECL4:64:6890
ecl.4.64.06960	105	e2cab61db2cc06b4b01d952d32dcde6a35ca1290d227502b77e4946c7c917ee2	ECL4:64:6960
ecl.4.64.07043	45	d608757cbe9360f189ac83d318e0aa8a6e80b815f1d98ba352618f9f4631aa43	ECL4:64:7043
ecl.4.64.07081	17	090cd76a62b5837732e7e1bbc2c39ad18157471566590ec6cac5c75e1d7dffb0	ECL4:64:7081
ecl.4.64.07108	37	b3df8b7c54b8ccd3ce3ecaf9c9505b2cdbf63cfbb39e27f7af42fc2bd04e2bfb	ECL4:64:7108
ecl.4.64.07140	56	7d4a23a48e5ec7677c15f7b625c6ac4a78b53e7d19d4f9394e11c880eb2395dd	ECL4:64:7140
ecl.4.64.07185	12	97b3e8d3a39c23ed47361ae7699b283fccec936eeee46715250c6d5b4631711f	ECL4:64:7185
ecl.4.64.07199	40	501721517950ad2f2369dc63410cdc986b419dd7b56c942061c1cd3a9e904775	ECL4:64:7199
ecl.4.64.07279	41	bfd900a0faba0167a08a652bac238ec5b040df019f994cceae5e628c97f476da	ECL4:64:7279
ecl.4.64.07327	45	4289ee1246443c55086bda5e596def00c371d1c4a6d8fd9388cf0f4c210ab81d	ECL4:64:7327
ecl.4.64.07376	41	c2b75154e560eeded698b051eab8ae0045507db437e8f2ccc936edb0cd4240df	ECL4:64:7376
ecl.4.64.07414	67	335be97f26f4f925757e428bba394e39fde7b11cd80e09ec9c807e60589374cf	ECL4:64:7414
ecl.4.64.07519	21	681c9ae6af10b5ce62be8deb0341951b4ed10c2e0db2ec56bef4c643e4e8778d	ECL4:64:7519
ecl.4.64.07539	35	0efffea2fee2c41f1c60031be8165a30eee8bd043035a933c47d60966087bb17	ECL4:64:7539
ecl.4.64.07573	25	954602a8bc0c71fadba188c98ec8a4442c97f48b19b1c2f1aeea591b9950cfb0	ECL4:64:7573
ecl.4.64.07602	62	e3f216d797e9ea4421accc2e6e6d2555c3aa10d4a4338be42937b3b9254e5f10	ECL4:64:7602
ecl.4.64.07657	38	f5f6ed1a27f64e24f0dfd4b100225fcc5e199fe5ed07c1057023655879123d80	ECL4:64:7657
ecl.4.64.07693	55	ccfc107e7c671edf68e46e06aa3e8cd552a63a51524912d0898a8f26dc80b41e	ECL4:64:7693
ecl.4.64.07705	108	ea1ae8a145c7f6ea93106ddd604797cf2a1bb030d4d546a98123b6877a905e85	ECL4:64:7705
ecl.4.64.07753	58	b19e5bc399714517d58bc7352b33e8b0fa674a6d88744ff96d313785f6885285	ECL4:64:7753
ecl.4.64.07801	32	b9475680515c44efec6d2a83eecdb4efead9af74a25217ab55010f322465d9c5	ECL4:64:7801
ecl.4.64.07854	70	cfd5616763137ee3cec061cfdecd850a97423076408b9b4ee405f27c4f4e82ec	ECL4:64:7854
ecl.4.64.07937	18	1687ec6f6240e051e24654ee1c9623ed7b144ea29f46ad9701d76d57fb4686cb	ECL4:64:7937
ecl.4.64.07962	76	edf200371138dd0a04f5d16722b628d492918776be696c8604a3c7aa77eec886	ECL4:64:7962
ecl.4.64.08031	62	99816407522856084db29f4437c241fd05d589a87d8aa6a61848642082be9cca	ECL4:64:8031
ecl.4.64.08092	62	e8ac98b124b8b49ebd80b0c6ddda70ba8cb055e208b12be5a924d99209fb21b5	ECL4:64:8092
ecl.4.64.08143	40	3b0b1c8382842cebcbc7acaeba48a3a168badbcd4cd2792dafae599199641294	ECL4:64:8143
ecl.4.64.08192	32	de4f7a33fc2f512fcc88ae9926bd48a25c421bd73d843161947116c9baf68982	ECL4:64:8192
ecl.4.64.08220	44	0ede6bec3b27b33dcbd967ba3c84c46f5fb846a28304f5ba73f354ccd57f81eb	ECL4:64:8220
ecl.4.64.08277	70	47b9483b1de0383f283015a5d6e19c10c029ab228deac5d74aec0544b7cd6d5c	ECL4:64:8277
ecl.4.64.08346	15	a48c62e448e6ea3f1a53ed1800ddaef00f07d18a58f500557bf3f3ffe42e082a	ECL4:64:8346
ecl.4.64.08477	50	7d06855de885c8290c42e1edf398f87971fe8c055749d7ededc1ea9b5f47c618	ECL4:64:8477
ecl.4.64.08526	28	caaab46ff51212fcc69881f02de012881c21600fa7d6519074668b84a46c8aa1	ECL4:64:8526
ecl.4.64.08551	57	caf089b7f815f32b56f451f73f2e862bc1d339a0f2ea3309c54ced47d49e34d4	ECL4:64:8551
ecl.4.64.08599	15	3966d977e5f4082aa2e5b176e3c06d011a178facda6aa1aa92b3d5e9ff7c896c	ECL4:64:8599;ECL4:65:8981
ecl.4.64.08622	15	622f4f71e3c79a2576d776c812b478a0c6fc6e96186e16e468eb5f56b3d106e2	ECL4:64:8622
ecl.4.65.00199	58	55af199c6f83fdfafa509a73a3944902393ecc89f6ec31de9f0e75b1a459008b	ECL4:65:199
ecl.4.65.00272	55	cf9d035c99cdfb542ca757a24ccb20355e3981fbf6e7c619681746cd45a29c28	ECL4:65:272
ecl.4.65.00352	80	7cd117aea72ff3ce23591fba0197331e795a42e909ec4af2a69ab8311c85770c	ECL4:65:352
ecl.4.65.00557	33	e2841250c9cdd8098fb721aa138e5482ae92491d534ff8f82497399ad5d201b1	ECL4:65:557
ecl.4.65.00993	20	f1b28f2286d4883c00afe4b258dec9863842c81caacec2c15fa785db66a4a97d	ECL4:65:993
ecl.4.65.01072	51	15835cf99fdadaff9dedb17166dd56ef7fa26d266f473b2f917857cf0f6d2a8d	ECL4:65:1072
ecl.4.65.01116	38	899ed335dd3f15722992e7db794a9bded5742003e85213ace8e004435fba1874	ECL4:65:1116
ecl.4.65.01155	35	804472cc3ff72ce78bc9339b804daec022de45dc14efecbdc4897bcbad6e2003	ECL4:65:1155
ecl.4.65.01192	43	0a15ff5dc76837972f82ddc16aa6a658b1157f0aa3aff4d684fd5322fdc28fe1	ECL4:65:1192
ecl.4.65.01229	31	967ca3014df279b6c213c43d616c563c702e574fd42e9ec225d11e16e89ca315	ECL4:65:1229
ecl.4.65.01364	16	bda2aeaa22004ae103caffec07f380b0b1600e563720b7b1256f548b4054bed6	ECL4:65:1364
ecl.4.65.01383	25	478cf7393e2d6a52a85742d07c1ac3619af1553ae2bff93c1d4caaf584d0a730	ECL4:65:1383
ecl.4.65.01412	38	74159d4394ae3f9c8a18dd45bf3894229849607053f0e58e160af48e5edbb8b5	ECL4:65:1412
ecl.4.65.01449	42	f29998a73a0c68f9a099e3a1d29d2fed4550e1845c90fab2cf48fabe37dfd611	ECL4:65:1449
ecl.4.65.01524	68	48d713f9ff5546347b458522b7462b8be12313091c9db7952923e026752a78fd	ECL4:65:1524
ecl.4.65.01583	55	985ca6a2b1e7ffcbf7c5c7316100037c45743db7c9f4c739819cdedad75e9eb5	ECL4:65:1583
ecl.4.65.01652	11	e47dff317b55f631fc5494c19205db213963edf4f123b4b1e1bece73e0deab8f	ECL4:65:1652
ecl.4.65.01724	54	d199f7c068c16d58553f627feffd85acb9a2a39cfb1eba6b770c9f24df258fa2	ECL4:65:1724
ecl.4.65.01775	54	237a5ac002c25f205977ec1ad687e0d9f4ab68772238e4da7c895c0db740eb1f	ECL4:65:1775
ecl.4.65.01833	26	bd08007b82ca0cfcd7203e0320805c7b59411cb4a74633b28e0e37b6038946d9	ECL4:65:1833
ecl.4.65.01884	17	e7ca28e01547aa9ee978f7f22a76334de9ba793bd07c88a02d1173a1162027a8	ECL4:65:1884
ecl.4.65.01998	34	a96fc7412dc9fcd084fdbe1906ab4eeb263f944bd90235895d91a34fd30edb94	ECL4:65:1998
ecl.4.65.02052	41	c7a02f0b3d6ce8178eb901113080f8cf845b187595dbd251f44ba3e35915a638	ECL4:65:2052
ecl.4.65.02136	26	64c53706a174cd5b6dbcdb31bebf736a0cffd6db4edfc0375b20969a3a2c7226	ECL4:65:2136
ecl.4.65.02243	26	af0e833844624419fcd5fdd3ee472c77eae9e95173994692a67dfa3455c688c0	ECL4:65:2243
ecl.4.65.02308	36	dc3f4ed7077a2d719589f01669f165ec141f371ba1c137b55b963fec2b14d13a	ECL4:65:2308
ecl.4.65.02368	65	83072a724ca13192d1a9a57bd2ddedbb4ae300784c22a4dff03e2d7702da6a68	ECL4:65:2368
ecl.4.65.02487	32	abe79cc780f5f584aa7d36ea6628e5fdf066c193db0f2178e61b4729b197cbcb	ECL4:65:2487
ecl.4.65.02550	36	1e8d42b15be5184825b7eaf738673337db716536875aa3b3fbaa80354693c14a	ECL4:65:2550
ecl.4.65.02631	23	fd3bfe7c564680946ad402e47775a4d0117a3e396a7ecd2d6aa24df0c83ee630	ECL4:65:2631
ecl.4.65.02663	35	d30a027eff172d32eee149ccf4f15b2ef8f6fa4f9f3ad01566b19428ad187c53	ECL4:65:2663
ecl.4.65.02718	16	64021935b66b663b1045d8e64ab554e175d1fba5138311fe04271db208b4bcf6	ECL4:65:2718
ecl.4.65.02759	20	98740ae0d4e56fbbbc30865286173e4bf5dd9d1f32955567941b1755ecc2f4c6	ECL4:65:2759
ecl.4.65.02796	13	cb86fa5e9a1fcf6658107a40a52f831b55bdce05e2b4ad9fb48691ed03860ee9	ECL4:65:2796
ecl.4.65.02827	76	246dfc091637e7e1ccd94535f3a63abac85358fb2d3070a569cb0b5af4faa10f	ECL4:65:2827
ecl.4.65.02893	23	01e612a2e3328ec2b48d8b8df91e014fbb153531367528b321b60247d292dba6	ECL4:65:2893
ecl.4.65.03013	89	4e021d7a9d246732a192a3b0dc59ef605110f3a5151dd0ca888ca49f87601e49	ECL4:65:3013
ecl.4.65.03084	19	4ad76769d56f988817e4a4246c407e055be30bde383d74a638b831bc8c6cb1a8	ECL4:65:3084
ecl.4.65.03118	41	d7632d513cb807c79a910d515cf67715a308db0d16d3ca211875c5481cf4347a	ECL4:65:3118
ecl.4.65.03155	37	e7e95ad13ef6bc52ecd5fbbf0420efc9267bd116dcbaecc3864ab97dc1b9479d	ECL4:65:3155
ecl.4.65.03213	38	0fc58530df6df90ed5303ad699371dfd78a66600fb529fc555406da1e94c3f58	ECL4:65:3213
ecl.4.65.03273	75	d531b3f4f54a386eb16d98dd4a51f37218deec62732fad319fc93be47046e963	ECL4:65:3273
ecl.4.65.03334	22	879543dc168907a53577b0e83fb2c6a7a011b2e8f40ac0ac8b972dc7317837b1	ECL4:65:3334
ecl.4.65.03361	11	48b1211ce8fa1fdca22a901d975578d4866e80ea9bae029654875c27ba75e699	ECL4:65:3361
ecl.4.65.03396	15	047fb8c48ed2db303fcce373d2a56d0f6d4ee005161030e1dd182813e00e661e	ECL4:65:3396
ecl.4.65.03526	32	944087e7e7d55e46e1cc62de036db943848a164c80b373b7b92ffb7f228d29a8	ECL4:65:3526
ecl.4.65.03673	99	57f3735740b560ea9b8d1e2c5bcab6ad52416b425baade55c4186efbdde66e78	ECL4:65:3673
ecl.4.65.03759	75	707dc991a64c24188bee600d9ad0281ebbb82c71ec9f9dc801108ee86d01b01a	ECL4:65:3759
ecl.4.65.03838	16	99ad983de25a087bc0fca2d74e9807de7e878c24cd320f641d7cc07242aa59d4	ECL4:65:3838
ecl.4.65.03855	51	6ba47452a0c6eba3ad6cea4b139c140515b4c41d2e4a8a24c0b46266371ea8ee	ECL4:65:3855
ecl.4.65.03982	13	7964ed92b547e3fce909438c5c782561342028bbaddddb775b7ee6e9473f5276	ECL4:65:3982
ecl.4.65.04034	17	005a36c9353e82875c53a9ae36b527fda47b0218fbdd33bb172c73b8511f1faa	ECL4:65:4034
ecl.4.65.04079	12	2ce7d9b40ab451098b2bf0ee2332e9235b3968a314a7d67dffdc325fd0ace2dd	ECL4:65:4079
ecl.4.65.04112	76	a3d608aebec1484e8d0d017299f352e28d2ecba65f490b15e5f995757f177aa6	ECL4:65:4112
ecl.4.65.04200	61	a13253f26660e7f1e6d5a09206f4c3f910c8d681409a853de52a80456e6bda89	ECL4:65:4200
ecl.4.65.04293	46	5a1a2066edef7fb2aae1743df9fd022e0b85fd523903892fef1863617579de1b	ECL4:65:4293
ecl.4.65.04464	38	96b3f98739e56bffbd90d843afd371dd4614c19ffaac742fef59edca8e68474b	ECL4:65:4464
ecl.4.65.04511	33	91c6844279773edde97cabacfe0b0ac93a9bc83a4445c33fa8f8b6e78b97b450	ECL4:65:4511
ecl.4.65.04621	9	d033fb04bd7bc00d8a8b1196514faf10f56a247e3923b7b2cf77726a69087367	ECL4:65:4621
ecl.4.65.04635	62	2fb0a671de2ff92d55b12ebd0a64262e48d2816bb2b5b5efe67850225e69acf9	ECL4:65:4635
ecl.4.65.04690	19	5c3ed5cc8862d7cb28cfb6ebb53486fa94bd2148499dcf05698160ba319480fc	ECL4:65:4690
ecl.4.65.04738	45	f5e527ede1b684f8b47c6850e522718d800f2364b97075202963afca1e5e48b2	ECL4:65:4738
ecl.4.65.04779	38	d6558763df1f975eb21631b8a222b0d143d22c46f523ea9a549841f1f6bd06c5	ECL4:65:4779
ecl.4.65.04815	53	df1b8a2670f753501b5d2c72f4e96e4de4a041771c3e436f0ea21f0d43eda90a	ECL4:65:4815
ecl.4.65.04874	27	ea2858a269a2eb72ee8a48986f3f7ffaef33887e484580c2a912701b01862855	ECL4:65:4874
ecl.4.65.04955	71	e029b497d38d38c73f3a41e71327246e146aab8b0dce54ec39b2bd1cf3c1dda9	ECL4:65:4955
ecl.4.65.05098	39	3ca036305bdfd9b1c8617300b3939bc73bab81af64b4b3105e1933166ee6a00d	ECL4:65:5098
ecl.4.65.05204	54	2d71a8119335a9c12b02ac17371651350d6b50f5e5090aa30326d857297fdfbd	ECL4:65:5204
ecl.4.65.05274	26	f603ef465fcafb4fa8fb9fb6c1a3f080aaad1db0b3a17e01e389ec926db77a7c	ECL4:65:5274
ecl.4.65.05396	44	7b047d56da0ecaa4aebc9358b3e0d4052bbea672015e29355eb3dc1b4869945b	ECL4:65:5396
ecl.4.65.05560	26	bf98c77a0e7cb72a75c26ac609c8976c072e4236d1df995a32cdb7ae0a43b565	ECL4:65:5560
ecl.4.65.05613	27	e82502cc991cee2d5eabb4606c1b935d2099b35d4b51bb5c36252ff2b3c50a24	ECL4:65:5613
ecl.4.65.05647	22	37c98b53a61c95e4cfe4b1ced647257c6b9d83f8d6e4c0e27c7fd85e2db7ee04	ECL4:65:5647
ecl.4.65.05710	58	e744c62ddc5a9ec628559b2286c80a2cd0afde0e2e40bd87804204ed41cec709	ECL4:65:5710
ecl.4.65.05789	56	bd0d473c0f00c60702d6365508a127371ad903732bed1d270e5f81292c122f80	ECL4:65:5789
ecl.4.65.05875	40	a341b6877ee818de00c276ae828a3338929f5c722350c7802b4bcd42ac70978c	ECL4:65:5875
ecl.4.65.05974	13	c78a01ed5f068d90f195931f87ed2a2e6dd4931dddd3edeb089a466a136e5424	ECL4:65:5974
ecl.4.65.05993	35	a87ec1a1fe75e8791f3867e4de3ec2a99cdf75b4f2e3cd2678950e022025024a	ECL4:65:5993
ecl.4.65.06024	42	9614184f259d75017c085c5fe2eff284067e77a89c1abd8ad79651ed99343a3c	ECL4:65:6024
ecl.4.65.06088	18	bb42d7e5cabdc5e1ed6a1f48fd119d8e41256d99dd8b5b4349ca423550a1d5c0	ECL4:65:6088
ecl.4.65.06109	19	446ba1f2fbcb5a7e1f6f613b1c14aaf38348e1fdb74ae78d919f2eb29b66476c	ECL4:65:6109
ecl.4.65.06131	25	2bd1e7912b70c7ff64217accdb61179cbee7c6309ce8c6ffec4106ddf7b4f1d6	ECL4:65:6131
ecl.4.65.06211	25	83b8935630d81b9b1c80b2fa1e1ce40b47cb8e391a61fd2446323ecfc6d19b57	ECL4:65:6211
ecl.4.65.06237	14	3f34fb8326dd88cf7deaf4d8e53c99007490d4a010a1b7b2136b11cb4518107b	ECL4:65:6237
ecl.4.65.06253	23	ed32517591db859cb5fd674a327d9d8c6c404798a26ba7bcb131f3e3fa8913fa	ECL4:65:6253
ecl.4.65.06282	36	8d902da3d37d2f8280a2457aa543dcf435ee1e36ed9eeddc6d41558eb721a1eb	ECL4:65:6282
ecl.4.65.06316	25	931ef313e2a932974a47c5e59c8b28cfae9e1cf0b77f0b88c36599de643fce16	ECL4:65:6316
ecl.4.65.06339	25	6c5a81da85fc3e2a641b62316ad7ba367603dabf527385b677c2eb35e3611635	ECL4:65:6339
ecl.4.65.06393	9	f45b93db7474aec12b3e09c7081f0ac860659b242a7517a96c46318114d32556	ECL4:65:6393
ecl.4.65.06407	14	e0f5003e93ffeebfe985d7b84f337506a16207636ad2fbf819c390684b65e78c	ECL4:65:6407
ecl.4.65.06439	27	e1cf08542bb8b0de9d0f67deb6dafbebfc246eb5f78a600f72ad316e4096ae5f	ECL4:65:6439
ecl.4.65.06489	29	05dd76120ff31e89e8510da89dc6e1a0fddee6fe915a93e3cee2f1a3f2d3fc45	ECL4:65:6489
ecl.4.65.06557	23	9df5b6d97ceebd4c76b8988158e6a54fde4784a90a5e36785e0e3b97955aa024	ECL4:65:6557
ecl.4.65.06587	24	e62e9cd36b4e44f960d34d60774b0c90ebd650a75735dcb6dc45aa7f3f2d1dd8	ECL4:65:6587
ecl.4.65.06663	13	8fb61016bea4b953fd52fe1750af07fe7d0a2cde76316786f23e092843b298f1	ECL4:65:6663
ecl.4.65.06677	30	f40e981873d49a6c498437de91c94a3a32ffc9f64339bed5d55a602043baa9c0	ECL4:65:6677
ecl.4.65.06711	36	65b2bf9b24ec9cd7332fe67fd2321e29936989390c3fd85d1eeb1692feb9fab4	ECL4:65:6711
ecl.4.65.06754	46	b84cb528e0262e7426513f48f21cf1472e851356ba6a3f5dba0443ba74e54b72	ECL4:65:6754
ecl.4.65.06813	28	a9aa0810ad9fe0fab6f659d5418dd4ba8219b8de93603c0c6203c1946ce162d7	ECL4:65:6813
ecl.4.65.06880	60	2a914cbc7d76cff41c81d0f3b64601e6b37c1d3780b3f3b908f2e3adef26b809	ECL4:65:6880
ecl.4.65.06929	32	3ecf9e7d520ba698f674ad9d306878e52ad45cc70abcf1b488eee21f5ee7c98a	ECL4:65:6929
ecl.4.65.06977	29	6cdeb14e26fac39e83e83c4938008856c70ff6597c2309bd667c91eef38fd4e4	ECL4:65:6977
ecl.4.65.07029	34	c66b8e1125f5b78f04cbe72af4adc5370f6538bbfe73e22dacd4b6fa2df8db6a	ECL4:65:7029
ecl.4.65.07110	26	b4152005fa20c69c0824c2c1967243c97c5a252ff565684a4b5f944e4a8eefaf	ECL4:65:7110
ecl.4.65.07203	17	8e96e6d1b230dbb3fdf33fde60cbc29be94b2d53a59ebe8c16cd85a399006696	ECL4:65:7203
ecl.4.65.07220	32	8605b7864c9122698a038170783003c6a82d71e616c46a27cd01bc084d45ef0d	ECL4:65:7220
ecl.4.65.07249	56	d489ea3f10952fbfb43f21101c2f7538b889937e374ae6643ecb4dd4e343d6a2	ECL4:65:7249
ecl.4.65.07295	32	569c92cff855574f1584ec98864a2f72132cd7096fe1330e2d89e556657f2173	ECL4:65:7295
ecl.4.65.07324	14	7f0faa606ecc63dddd5527eadc75861363f1900333698de65827465e1545ac6b	ECL4:65:7324
ecl.4.65.07342	33	b9c83d278a1d8e0c258448ec087d2d2f3e8cca545157d00d504db1c62b5cf918	ECL4:65:7342
ecl.4.65.07372	35	d3357cb5b1f6011daae897bb6e0073df9eab9e5a6790a474ceb1add7e800a96a	ECL4:65:7372
ecl.4.65.07404	39	edaf4a7d2f309dbbeaa85d821f78d0e8a96d292fa4a0a551685d44cf19277a9c	ECL4:65:7404
ecl.4.65.07439	36	0f9152ad721f0cfa98b27704fe1cad50a991f4d44ac3a09a87822b397ef852c6	ECL4:65:7439
ecl.4.65.07471	41	792cdd9709c868e4e8b88fa9c7346de074d8f07112ee1cbd854626eefc1812e2	ECL4:65:7471
ecl.4.65.07543	13	827cb1243810057c4c943e653b397c2d8aa349dce139a81daf06b957595a7cdf	ECL4:65:7543
ecl.4.65.07610	69	c809f0954b7e2d8b8ac7883b5ef58f8c78d6f58eb475e917036d96c34e602d57	ECL4:65:7610
ecl.4.65.07670	86	127535f0775aa9c3d38efe8135cfc741719432a566ad4e7f0f0f63252c88ca75	ECL4:65:7670
ecl.4.65.07739	50	fc009f1ef062e66de88f7ff7044a403d5ab6dbcf5874399c45fdd8ed04e762c8	ECL4:65:7739
ecl.4.65.07825	13	9a68b3f847731aa1360bf55eb96a14a1398544fb7189e062ac0d35a98224447a	ECL4:65:7825
ecl.4.65.07842	22	ee89e6d814614a6075164b9a9795e7db4c5dece061a229ffc9bbae0a052f711a	ECL4:65:7842
ecl.4.65.07867	40	1b58289908327073a72f5d2189e51c7566a1b12a8a0dd4fe18e5a456ffd991ec	ECL4:65:7867
ecl.4.65.07909	45	24cd3d4da5293cf3c7da4a188c66c4e27a050a9f0d792d2367c58086ded8cb32	ECL4:65:7909
ecl.4.65.08001	30	72237b73f85739777cf13c204e5053a95e99777826ed6d8a087b5477392bfbd6	ECL4:65:8001
ecl.4.65.08028	24	b29f1ec77a156209996e8fef81cd2b823fa52b1a017efe30aaef824c0ac928f4	ECL4:65:8028
ecl.4.65.08069	15	34e8a41f48b56dcc8d5a91f7532ab91cc88a579cb84a04e8f6f8c269e239db6a	ECL4:65:8069
ecl.4.65.08108	61	88abf179545faf68776f5d1beadd89fbb3612ce2a81262df5e1ca071e5582183	ECL4:65:8108
ecl.4.65.08162	35	23957b4f3cdbac254736f5b02ada56f696e3305cfd810d64946bfe0c88d4db75	ECL4:65:8162
ecl.4.65.08196	21	8a84df653add2db4ccc48c4d2572edc6970e0cd575290c1814ceebf5e892f20c	ECL4:65:8196
ecl.4.65.08217	15	cd07332013b7bf2f827365995bb02c3ded368e2a18ff180775225a61e2c0d669	ECL4:65:8217
ecl.4.65.08281	50	616721ea5c4a8e40d5ddcc8600a9c1789cd04f589d29fb0f6792f0baac50a9c3	ECL4:65:8281
ecl.4.65.08330	58	6c46babe02cfab479175a3fbe5dd514887453b3175fd648d3f719d966ab3e562	ECL4:65:8330
ecl.4.65.08407	37	94a7d94b1c1fadcc1f410aad27fc2db10d2861a855a623338acf9bf48b2597a2	ECL4:65:8407
ecl.4.65.08487	37	f9d154d9a7910b07d2df56a9ec852dfa0aeb47cbbcd129c19bb6082cbb506df6	ECL4:65:8487
ecl.4.65.08577	63	ff58e24d75b75accfdd3c86d299579c662d1114941edf7f3d0879e9704bbc17c	ECL4:65:8577
ecl.4.65.08759	38	2decb3273f5b3ed991e93efeb0af368d48860c05445ca149ece65b006f626b3c	ECL4:65:8759
ecl.4.65.08799	28	3298427c1b75056bb9b5ef6161a4552f17dc5a44726f0f1fa61425dcc8b41ccb	ECL4:65:8799
ecl.4.65.08832	17	bc40e7e08e42c8b4f7c53a99f093ed3c9341f856ca369751346822632aa4db3f	ECL4:65:8832
ecl.4.65.08859	40	5cded107c4d0f579a15878064883b238a5108ea0776a03a0d7a0a7edf4b14a7c	ECL4:65:8859
ecl.4.65.08909	89	aed0bc5d3155b545e87c36279018003f9e006a91b339be9e35f29c5671124be2	ECL4:65:8909
ecl.4.65.09013	22	6c35bc38720b8ca5baaac5aa63a3bf2c65f212097f1622abf3a46eefa421ce9f	ECL4:65:9013
ecl.4.65.09036	17	2bb21bb5ca92925ded255050f86e9483be925558f6793a3a6ca458dd71a3794a	ECL4:65:9036
ecl.4.65.09073	11	4f8fa1e87f887e2b72d809ed23a53e97fa089e5112bdb4f9d30422a700e33c6d	ECL4:65:9073
ecl.4.65.09089	17	82745f8e4a6aa8256bfab6bc0ade3910b014cda596d8450dba13b361c329ca99	ECL4:65:9089
ecl.4.65.09109	12	703ac39b5b6086ae9f0cf7d29fc2bf85191281e77d93c1f8658fdd83756dd0a1	ECL4:65:9109
ecl.4.65.09125	15	6d4a677e67606e15298a6263a1621a8ebe32423cb0133430ed8866664224b416	ECL4:65:9125
ecl.4.65.09144	13	0bc388f6937cf680c1db29e817f6e0ff3ff5ff8261dc844bbfc4ad8373c19850	ECL4:65:9144
ecl.4.66.00168	79	134b4651621a3870145423cd17ca95835f1efefcb932c8c314f6353a880331c1	ECL4:66:168
ecl.4.66.00243	27	f64f4026e387f0e1456b16df9cb0f360a997a99b1411bb097aa54f77a2147fb4	ECL4:66:243
ecl.4.66.00334	78	c347eaefc53c30e5bf205b0be391f78a07156c4dfcd23f9941e9699a022a400c	ECL4:66:334
ecl.4.66.00486	34	84caf66aef02d042ff2cebf09025419e21ea20598ad43fd48a39aad8ded21113	ECL4:66:486
ecl.4.66.00707	29	f26f115d5223531ee843ec18a879bea2d79e9dafd1ca02bfba3262943b6c54e3	ECL4:66:707
ecl.4.66.00924	62	cec889986e52ea5b8d01155a359e183a1bd92abbdb439386b7f00af33a6f8116	ECL4:66:924
ecl.4.66.01035	11	122d89a0826c7df9582be2627d671759a306ed34353c7d9ac3019bbfc64b077a	ECL4:66:1035
ecl.4.66.01062	11	13312a381310de32725be0eb1115cbbdf3ae11d5ef60be2664a497fb1c2b453c	ECL4:66:1062
ecl.4.66.01251	15	c08da7a1c107522a975efdb6ce1e0be19288b837a6da5cc22a702aa5527b507c	ECL4:66:1251
ecl.4.66.01324	7	78442b055e4a86ce53c770e446c74c38e0075db9f8a43210002a6441aa7cfbe7	ECL4:66:1324
ecl.4.66.01573	24	d5e21ac7257bbab3cb2626793c30608aa4e4d48eb81acbcbe709e101623dd47b	ECL4:66:1573
ecl.4.66.01601	15	650b82f132d9821fc8be435f4e7bb3e5effe3f23a79ad124fad8f91b89cae528	ECL4:66:1601
ecl.4.66.01620	32	feefecf4982d24a5302436c5ff6504fb9867808640f90b5f12915abdbb75666e	ECL4:66:1620
ecl.4.66.01705	24	21492c3bff601a69d6c4a873b8259721d80a51415155f25028f3073acd21307c	ECL4:66:1705
ecl.4.66.01730	27	363ebc36651f4aa91588b42435d11e54574bb6e5e12412cdff4abbbc86d4090a	ECL4:66:1730
ecl.4.66.01760	11	b4a8e7ed53f14b56315e9a0a8a23e3d329a1a56742ace8306a2c0a41625120b7	ECL4:66:1760;ECL4:66:2771
ecl.4.66.01832	48	16a9eb618f9850f1afbdb41b493af45dee40a5eb201948449f99ef31f31734c6	ECL4:66:1832
ecl.4.66.01877	35	a9c1283e9309584ea58a62f4cafa37ac9933b721234062bafc379708a7dfe859	ECL4:66:1877
ecl.4.66.01916	46	d1c35e5693c864add06055a28d32d99556918e32ff9b5741af0c778558e972b6	ECL4:66:1916
ecl.4.66.01963	19	79db53695f0c43883013cd0c8fb931b5a38638e51bd22af919638ed6db1a7bc3	ECL4:66:1963
ecl.4.66.02041	35	922b49ab047a86c161e95e72a514fe762de8d9e28c7b9d1917da5b309c50544e	ECL4:66:2041
ecl.4.66.02088	54	d9628b48a9a12ff502c9346aa6a18e3f0663ba8ed7efbed2f7c4bcd43529f65f	ECL4:66:2088
ecl.4.66.02365	18	dbb7122f02bd892c41a9d71b808d72840fffd0d1dd900e51c2b6fd20a851e4ce	ECL4:66:2365
ecl.4.66.02399	37	26aa4ac4dbabdfafc198844cab609d72184c6943990403edb52f7a6536405b32	ECL4:66:2399
ecl.4.66.02443	45	3fc427149d6ba2d2db0ab7be58d6799931fcfb5d4651e21adf6a1c04c5330297	ECL4:66:2443
ecl.4.66.02500	88	6e988f018d6953eafc82dba0d9221ae01b5b769a9af83d522aafdad266ed4743	ECL4:66:2500
ecl.4.66.02570	14	4e498e444f64bd4e8a2f4ba8093eb6c310aca2f9ec8109f68aa2ad68d87919e9	ECL4:66:2570
ecl.4.66.02610	20	b6bd03f90c7b3aeba54a21efe25a7b5330c19ad0d8aa5ae9867d34171dceeb44	ECL4:66:2610
ecl.4.66.02633	35	e9883f9dbd4da5b142ff13f26bdfe29ef39700e64cdf0ee9a2949ee80560a7f0	ECL4:66:2633
ecl.4.66.02673	50	1852dace4b55aab98a3942519bbef8388a6c5ae047c369ce678e455b66983075	ECL4:66:2673
ecl.4.66.02716	29	0c15e70d937cc8f4b44b4d45bb1730825db5e08f1864e8b25eda19a0c01d9fa3	ECL4:66:2716
ecl.4.66.02758	10	08124b860d52bdfc938cf7627ff909da5f9303a6dce9cacfef4749923c1c75be	ECL4:66:2758
ecl.4.66.02798	22	a788d31da8a1fa84e3a7c3643ebe14c6d792308f156aa651831e73614a403155	ECL4:66:2798
ecl.4.66.02820	33	dea9ff49398e3441a4db2e0ae088f567a7436563f52e498b1ef6bf117b1e79f9	ECL4:66:2820
ecl.4.66.02870	16	9e6f139f96444602130041d074de59625e24a2601f109b2f3836896184f6fc38	ECL4:66:2870
ecl.4.66.02889	11	4c6a3e007e455d711def2227681b00a28039f1a0cf371c1d113711dcf0335861	ECL4:66:2889
ecl.4.66.02919	18	8926540b44c2049df4ce6356d0a0ad8da6a67b24b40b4bdc0575250e760a9405	ECL4:66:2919
ecl.4.66.02940	16	6b12b23b5fee88038f0dac942d5681828a5feeae2b6af483d67e4d214e891957	ECL4:66:2940
ecl.4.66.02962	27	c22bbf4395ca34d483134cf8cbed6966c65bcaf1245c3ad33de936bf86331094	ECL4:66:2962
ecl.4.66.02993	16	2aa1a16053f1c66f5d9cf5c645020960088572fc12b367425dd552cfbcbbeec5	ECL4:66:2993
ecl.4.66.03015	20	f71281702f5cbbd12a1f1e71e583c7d50c7cd0f98c66557655206e60bef521a2	ECL4:66:3015
ecl.4.66.03212	36	8c19167fbdb7c51dc09b25b266f480f37c5a5abcf522fb584c88c86b9ff680aa	ECL4:66:3212
ecl.4.66.03307	18	6e9c8537b43bef6300d1da5680743f077f268ab0fda46f86bd764f3805485562	ECL4:66:3307
ecl.4.66.03333	10	a27d4f187c868c50f1393c8e12160820de2b8bd15c5bc0ea279a8b616a3f2f86	ECL4:66:3333
ecl.4.66.03357	16	992c7f1aa6ceff5f1836506f273717c01c8dc3da80e0a6fe00817aadc26fb4d8	ECL4:66:3357
ecl.4.66.03393	35	3d4e76a6fdbc88da87452600cf3c957eec085a1c32af697bec4ea9944f16a8a5	ECL4:66:3393
ecl.4.66.03433	24	502ea92929d0dd1ff5f65d3820d36b12307e9b4bcb3180ac11f52968552d7acd	ECL4:66:3433
ecl.4.66.03502	29	237dbc01e0a0afd03e771f7a8d10d65629fccc9a315590e5b27c648ee7d1d226	ECL4:66:3502
ecl.4.66.03536	43	eae45864f7059349eb2f66cff52f4956f7a467d48c3f812aeea10ca0bd8bf01a	ECL4:66:3536
ecl.4.66.03609	19	bb601f3bb437cace14fd3a61f0aa34c6297fd012f668cea6f0e43e89b126829c	ECL4:66:3609
ecl.4.66.03682	22	de776d813fe6751a7d23021c1800385ae1977d41c055113d70b471350264603f	ECL4:66:3682
ecl.4.66.03725	17	c9e0f69c641c7aa09e0337efba9b0e8b3c82752e4a45850332eb997c145d59ac	ECL4:66:3725
ecl.4.66.03772	30	d51ac603bdded510e6501037516785302f83679ee748214026a4881ee14760f9	ECL4:66:3772
ecl.4.66.03819	28	f983f7f5053888abe636d2c6e333991abc29f182224fb5ae334fab6aab4be7d4	ECL4:66:3819
ecl.4.66.03902	41	e8a666b8566897976c89f27ccba016271aaf947627b4e887777e8ed07627064c	ECL4:66:3902
ecl.4.66.03949	24	da78935fe9a371c08b96e063e3d8c94658e4aa4e60e86a7c5906f6a601d275fc	ECL4:66:3949
ecl.4.66.03983	54	83022d6be5232a00a5544efee6eba6d6ef6ff9b40054ad3c3c1b02247b07eda1	ECL4:66:3983
ecl.4.66.04053	19	7ef49f1a3a8e066afb76c0884e8eca918b6d3e5eafc282078d4b06531b625454	ECL4:66:4053
ecl.4.66.04113	12	a6ef5ebf1537bc794668fde103ac587f9b20e646bb8e40d0daffcbf4e30ab06c	ECL4:66:4113
ecl.4.66.04141	16	3db5a62d77026b364bb698c1df168c65c3395e9033af7b78b0529f3c0658a460	ECL4:66:4141
ecl.4.66.04212	24	03ecf231dae93c6fcd044b04e48f83e519f2b5ff4eb4dfd296710a3b4fe2daf7	ECL4:66:4212
ecl.4.66.04262	37	e18b288c6656fd97eccb719ac2553047a33fb7c838fda156f946a847168c2b53	ECL4:66:4262
ecl.4.66.04395	16	e6a22ba8c24708f329aa996fbbd3f6aa53fcd8d9c0a1ae089c8ad54dcd8c8354	ECL4:66:4395
ecl.4.66.04455	20	488094388a61eca627d5e9c0d56e8157b6d359d2373348a8a09c03b5f34e17fd	ECL4:66:4455
ecl.4.66.04512	47	e988b080d4c65a069faacc8170629b8df70f2f6c2a7d1abc353be8dbd8ba4f9a	ECL4:66:4512
ecl.4.66.04674	52	8fd4af50a91943c94c0ea5cf5d4af7362b4f56aa7351750f3a400d7efb6d9feb	ECL4:66:4674
ecl.4.66.04733	11	d9b680970142d591bd7127b99fa9fb5fa99b4e3c7f923bf9df56fdb1327184f6	ECL4:66:4733
ecl.4.66.04758	12	90ca88abdbff7812a86af0a0d7e7aa46ae541fdefd4c73b6d6e48e0ca22dbe41	ECL4:66:4758
ecl.4.66.04805	9	37da8d1400fc892ce204db7f100b24642870cbed6afb0000b615ec365474a374	ECL4:66:4805
ecl.4.66.04850	13	68aa6b4eae30704f96d8d92497866b80479bbe9c7a3c9d42fe8b49ba2285c7a3	ECL4:66:4850
ecl.4.66.04882	26	5ebc3facd6fb0dcced51f02e048afed04036c87486f95a631b1c9913bf5168ce	ECL4:66:4882
ecl.4.66.04912	12	8dbd61db7860c6f90f1b6354d7fcbabce3b36d1442347748af7ec8249fab4df3	ECL4:66:4912
ecl.4.66.05040	40	1dc2c6e6e9507a038e9c61873e8d2cbd2124c55c616f1626302fd7c912d47f3a	ECL4:66:5040
ecl.4.66.05153	26	fcb51c66766f46c254a6401cb13fbc13909f2bbae8a2f1b87f5cbce45d15a4be	ECL4:66:5153
ecl.4.66.05331	52	18125fcdc45498c3dc4e5c1135702c3bbe0e6940bb101f4c8d7f51c7dc9c97cb	ECL4:66:5331
ecl.4.66.05378	56	895ebc63f02b8bc7171519efac4f8b6ab9a96bc5b9c49e736c90c0164e77c8b1	ECL4:66:5378
ecl.4.66.05424	40	22a5fd1b5e32d6e1f61f374d25fe9f0d5ddde453d7392764e5431fcdb8dfe8ac	ECL4:66:5424
ecl.4.66.05518	38	3193a2c1afd501a5eae28d972cb347954d26a6bb3d3807fdf3d86af580667f8b	ECL4:66:5518
ecl.4.66.05632	29	559e774da877a3ca91faf101f1811c34ede66a5dfc9f873e97ef03777a40e4f9	ECL4:66:5632
ecl.4.66.05659	18	df3fe0535577d02ce4ffb9f5e5923ed6da38e646054f8ce199ffa643bd81b8b7	ECL4:66:5659
ecl.4.66.05677	12	b3dd215d2370f55cbb893880001a86b96174e89a7e7ce72168219d4ecb0bf0b2	ECL4:66:5677
ecl.4.66.05693	18	9102b4e6425dc0a8082b94de5ece5e4fde2f53428ff52cf6eca23e244cacef12	ECL4:66:5693
ecl.4.66.05715	12	7c5fe796b51266d7a812e68ed7eec6742c50b3780ca4635040e1108566415188	ECL4:66:5715
ecl.4.66.05728	43	b27bce733f62b24b2253bf10845d1d56315d0ccd63a832989f05ac92b3116f91	ECL4:66:5728
ecl.4.66.05804	22	9e51b94b95684c9268200889db81c785a14738d3d9877b0aa567891eee39f2c7	ECL4:66:5804
ecl.4.66.05838	8	a631d85bc46a97a81479d3b705eba4d67f55dd9b6a192104c9de66bf4ec1eea5	ECL4:66:5838
ecl.4.66.05861	17	a1b4ee302ca34062f8257c35e965506d61ba0bf3b05bc749bcfd3c6c5fee9317	ECL4:66:5861
ecl.4.66.05918	18	452c60556a2dc1321586106d41dc813e300499362d85d5ea944bed8c6c0b60d4	ECL4:66:5918
ecl.4.66.05935	9	5574f7dcd3dcd14b9f6ee7a6ee4935c8afa3080a4fa805a4b54a21373410666c	ECL4:66:5935
ecl.4.66.05947	75	d9ac648fc217553eed720ee170950eb82539d1c8f6ef4e56b2c11ff5d144462f	ECL4:66:5947
ecl.4.66.06040	22	d097f3e5dc447997168e9d85979224fff267d31f6265b24a4088f70ae17f9c35	ECL4:66:6040
ecl.4.66.06065	46	dfbd578f243e45305f30d7c8215bd8044f5f3792475cce2121d78c27df3024d5	ECL4:66:6065
ecl.4.66.06119	24	c2ef84a52b7f93f7e29e0f7c8d41174e6f76850492dda88e9f872f691d4f5e07	ECL4:66:6119
ecl.4.66.06151	10	ff6e16c40104e4ed97542341548f2e3f58df4ea8d73a298ec505e8a6d66d3086	ECL4:66:6151
ecl.4.66.06184	11	5812a153422ecdea065a6b1bd426392cc663cad32dd6b02a9873cb35539d4256	ECL4:66:6184
ecl.4.66.06225	33	8a91cb7a3e79f3b105c06c84d4459908faf46b97d1a8d3f81c9069d8e37cff77	ECL4:66:6225
ecl.4.66.06259	27	3deec5c590c3911c043b2cde8a8a572b9526b3cb7ea5ee0c4fa905800e05f69a	ECL4:66:6259
ecl.4.66.06298	39	663b55d56ccbbf73f52516b66c44f974b562b7094a51a3c3d7db3b2134348679	ECL4:66:6298
ecl.4.66.06332	29	bf2f7fefa72ae7f603e0f6075e17f537d776613af07767f1410e9d35a4aeeaf4	ECL4:66:6332
ecl.4.66.06378	23	1aeccee10d127a5c184b369d8a967e11ca2ac0fbb3cc47fd683abbc4e6e3f7fd	ECL4:66:6378
ecl.4.66.06403	41	53ed89d41a98a45c5a2dea8f089f41f162cb7f972e9ff790bacbe47d9232d6d9	ECL4:66:6403
ecl.4.66.06480	43	3b32acc6bd26129fbaa989169851d7f1cc7606424516696414780284e92b48e5	ECL4:66:6480
ecl.4.66.06537	30	63bab9ae373d06c0b5913c68045b480c7cf5265b8166ac9684bbc6af813dd6e9	ECL4:66:6537
ecl.4.66.06589	30	0b5f22ed5b8b735db3e5cf1ecb57728b5bdc3d17cf861409d2926eb9f8ea1f44	ECL4:66:6589
ecl.4.66.06654	34	4e28abc1eb3b63ad7878aa93160848074064ac776f6c6236731d5a952745bb5d	ECL4:66:6654
ecl.4.66.06687	25	4d9a0b2979ebe2eaeee2124a7a325b034158f11a07a88266820d95b4877a434c	ECL4:66:6687
ecl.4.66.06713	50	738fa6bd01df8460b5928abf7beba2480dbfa1cd4c6efb40753e45bdc0e82fff	ECL4:66:6713
ecl.4.66.06755	48	c34922dd653dcf040a438f60972c9af8073a125dbb72dc569fc2c1b61523c45a	ECL4:66:6755
ecl.4.66.06831	23	d28012f147aae3a6570ec217717c222f3e53e13096f26c77f439c02a02426f7e	ECL4:66:6831
ecl.4.66.06853	117	e519478bcf8777151c9c82af6370cbe271975659f4fc5b903a8dd0bffd54f1b4	ECL4:66:6853
ecl.4.66.06945	41	2c83c13b65e270c5420858b36fcd48c1d19c378c0e83b23c8951054979c4f36a	ECL4:66:6945
ecl.4.66.07007	28	824b4219df740992038797e82c431392b43a533a887d2aa10ac3af394d2bbf5c	ECL4:66:7007
ecl.4.66.07035	10	25138970d8f78597c159bc8d92490fd2680a8417f8034f3b7b79b51b028b9ac5	ECL4:66:7035
ecl.4.66.07047	41	417196e9e0d55558d0e90a1f1aeb38be46f67801bbaa0a5ea96c39e4d1ab14ab	ECL4:66:7047
ecl.4.66.07189	27	e3478aa13afcf6322546222875fbe32f8d28131c228580d65f096fdb16fa691d	ECL4:66:7189
ecl.4.66.07217	79	29b4243f35f96d4ed71309038620842e3a9aaa9a309a9a83d63b5c50657a49c6	ECL4:66:7217
ecl.4.66.07282	19	156229cb6c1ec3faba9eeba8163569276144810e3ee31358c8238ef6840673c7	ECL4:66:7282
ecl.4.66.07301	26	069d65d43220ba88568360f332d1c425d25e5f43f120b0d7d58a2b83900e6ecd	ECL4:66:7301
ecl.4.66.07329	29	6301390dbd0824c3766604d1bd8ddc3912f741d36bb60df84064a898336d50bf	ECL4:66:7329
ecl.4.66.07378	39	eb84fe7ef2e8039753e2a227f2ed42f7cfe69f7ddaa75132425a42026b9699ed	ECL4:66:7378
ecl.4.66.07427	12	2f4a502354ab4e3bdcbead137944150469162afcb4be6d04362eacc21641c1f1	ECL4:66:7427
ecl.4.66.07472	14	f953446bd6106ad9a38378a357805364dded69cc8e1e4de031cf02c78f4fced4	ECL4:66:7472
ecl.4.66.07541	20	6845dd4a107652af0dd1f7b5e26ae7fe1b860b2289daf84b856d2859a0b4cbc9	ECL4:66:7541
ecl.4.66.07593	15	e9bd0bd258f19c89706b082bf371eca4644a672cf2949032e98b36db460fe0d0	ECL4:66:7593
ecl.4.66.07609	21	821226d79d5b853fce4a732a981bd2d194d6b59db2b7a55f86f0a2c239154e53	ECL4:66:7609
ecl.4.66.07687	36	ce4fef942e11a4dc443ffc48910742baa2579a2a2ab4eafe3e515a5f7c76370e	ECL4:66:7687
ecl.4.66.07746	22	46cb7e1f7661e684d8ee5c52765c624d0f30bcf5bca67d83f9ef7e4b83d9b883	ECL4:66:7746
ecl.4.66.07793	23	1133f72e310225231eb1e746b11f2defa139763a7bf6a36d3c14b8b19f27542f	ECL4:66:7793
ecl.4.66.07818	21	02ced13bb9b75cd438f689ff7c2aa72fd5d76b50a5a0a9a506f0705a2ab16147	ECL4:66:7818
ecl.4.66.07863	20	a8e1f3e88bfbaf5a0b2b18c9c6de47ce539d25494b3494d95f6816d4a232f953	ECL4:66:7863
ecl.4.66.07908	14	5478dc236c5dfca61a19cf5b3929d83dbd66abddaeae3321f6452d459041e412	ECL4:66:7908
ecl.4.66.07932	27	5d30b3aeba330a41f10a4329ec744c23a3472251faeaabf434d8c6fed1e833a5	ECL4:66:7932
ecl.4.66.08054	16	f92e711bf0ff5f0fd5ea5649e86458487af027ce8675fa411ba312d36ce5e9cb	ECL4:66:8054
ecl.4.66.08183	13	3d7c732953689299da03f7d515c2c28f375f7ec5cb8a3dfcdaee4e389bbd1c61	ECL4:66:8183
ecl.4.66.08259	20	8167f233ea55b921add629521bc32d49a4d75618acc4781100b886f25d3cff0e	ECL4:66:8259
ecl.4.66.08291	23	f8dce02db62dc3b2b6ca7723901982863659a139e47b614c1b1f70c221c6c1bc	ECL4:66:8291
ecl.4.66.08334	6	1a4bd0e6b713249b7a487897131ee905055e14a30885f69ebe4c802f4c6f2d3f	ECL4:66:8334
ecl.4.66.08361	19	3c0102abc20e54d273b61e727ee12f3b10e67ffd13554477fc22dc5c2d801111	ECL4:66:8361
ecl.4.66.08379	17	462e2e17f5e8cce6ecbd8ef1c971ba355fb41edddbc8e9e7ca06ad5d9d9f77fb	ECL4:66:8379
ecl.4.66.08397	27	59c500fac644892d8caa600d034cc9a60bb23df25633544745f83b4ce126bb28	ECL4:66:8397
ecl.4.66.08445	20	187f3e422da671019fdefc161c5c12febdb847d000922b3d64c22d25e5b58958	ECL4:66:8445
ecl.4.66.08489	24	2eddb8ba62beb88eed4f0768e3cc2ed19970018303edb8f1bbe00557fce5333c	ECL4:66:8489
ecl.4.66.08532	14	47bbd40b3ed7b6b493732ef20ef85b1116388963fc1bad2d0bc15485a8987cb3	ECL4:66:8532
ecl.4.66.08581	27	0ac48ffb927bd7e354dea6c6104598bc01732cb400da7b5dd0ba0378deebca40	ECL4:66:8581
ecl.4.66.08617	14	f2f5d7f9fa0eba2f0ef10d1d5145f1165027d1f2a5542f044c661bbf260578f6	ECL4:66:8617
ecl.4.66.08657	14	01f21537c5c53ac5bb7851335d0ae3968f4261bd849b287640307fd671187bf1	ECL4:66:8657
ecl.4.66.08676	16	80dc1b46ebd15d660192c71b2a827e4f8861b54b7d6f0977aa22749196e69ed3	ECL4:66:8676
ecl.4.66.08691	20	6f7e926b8c992bf915ecdf1fbfc28b3bdb3910571ad7e4dd7b833a023d1eb858	ECL4:66:8691
ecl.4.66.08710	18	f98d4680ba3b589b6ab9aa7890be1d4c62af104eb3639dd4d70799e8af9d5646	ECL4:66:8710
ecl.4.66.08759	11	6054771d1f999d21f2b786be0148cf1a4ee07cb1573a24bc1c0c7eb11d938582	ECL4:66:8759
ecl.4.66.08797	14	f0957c3ab47e6d286e9036563dceb79856432de2225664369cd07b310bf620c8	ECL4:66:8797
ecl.4.66.08893	10	fbf130053dce8f0e995a573eaf722c9177adb4b6a54c73fbce633adb9546ee1c	ECL4:66:8893
ecl.4.66.08906	14	afc2deec95df5f13ae933c0f57ee81261aec0619694dc6de3c64a764cacd74bc	ECL4:66:8906
ecl.4.66.08924	9	f0ba924e486bf8a7fb86a67349faa1ebe24af6a7223f973a124be0d433c5dc3d	ECL4:66:8924
ecl.4.66.08937	14	e5c3482b4dd791f42f238da4cb6977f42a5d86bd1c1aa2657add31fda492e6bf	ECL4:66:8937
ecl.4.66.08952	19	d751f89362f648f73c63e6e99f0ff431dd533880f70e8b4d8d19993c23bec66e	ECL4:66:8952
ecl.4.66.09107	51	9a2d8dd1fa1af36fb50153eae7d21d9e6157024984d1a44e327a3743abf48d61	ECL4:66:9107
ecl.4.66.09150	43	7478a13aa10c8c22e5c653bae16024f4b1052947797deaa56c9d58db12871386	ECL4:66:9150
ecl.4.67.00562	18	053caf052d1331a5087b4b21373c835e4f9fa5f4fb42b98c4776540184e8b0fc	ECL4:67:562;ECL4:67:848
ecl.4.67.00606	16	4542f1ac0ed23e02884eae435e1250a7f62835909178461791c3aa42e0ffabd9	ECL4:67:606
ecl.4.67.00655	46	3d12ac7f67395ead12ba282ebce00ee354afda24269538ee8036e3373d7f1a18	ECL4:67:655
ecl.4.67.00710	138	9300c3d6810520c198c854460b2a704ef023636ebe6816226f3d1ef88715b18a	ECL4:67:710
ecl.4.67.00932	58	9a1e0959a09ace95d11dcbb5449a66888ff591537656b329646347006309100c	ECL4:67:932
ecl.4.67.00996	74	9826c368176d7ae86112c590c2348ba66758a2b366c5f0e9fd12fa64eb79530d	ECL4:67:996
ecl.4.67.01183	47	102d6b5aac9f84229d38591fd880ccb41eca5851b8d82b5dcfb18368eb5d6763	ECL4:67:1183
ecl.4.67.01291	204	2d23a3bc6095e2abeddbef0c9bfbfea53d2ba24250011805221f50767c1d699e	ECL4:67:1291
ecl.4.67.01448	105	48117e67b3400b0df014ae7a33ea769dca8207444a3551d3b780b6984194f0a0	ECL4:67:1448
ecl.4.67.01577	167	20c64d84e729928561cd6b303ec65038dfa9e92410c1041c47f62017e4203d8f	ECL4:67:1577
ecl.4.67.01739	19	6f9e5798ed6cad428760aeaef94cb12bc2b0b2b4aa51cd34b59b14d950e6d593	ECL4:67:1739
ecl.4.67.01788	83	065cc343baeb5bb8c9f07eb1988b0e3b153f2192b434a132f1ef8a215162414d	ECL4:67:1788
ecl.4.67.01876	75	a1e2cf808ad5d810f2e42ca5dbb556750e47f84caa230409b739e550bab274af	ECL4:67:1876
ecl.4.67.01958	56	1c6c17d29fa06e3829b8c4be7e9697c5971b262a5ab17e19c9deeb447b1cf7b3	ECL4:67:1958
ecl.4.67.02034	62	6290849b9ecf099c668d1a479a5b81f23dfb0e74d5322ca10542a83f4dc54d01	ECL4:67:2034
ecl.4.67.02169	104	0cdea5bce71652a1e02ed0e7e3c68fd2f850d39e4a303f35ee4b2a4ac8d70ced	ECL4:67:2169
ecl.4.67.02339	91	8e82a628aa1541d73233988e7c2ffe7f81819104c6354efcafb0cacdc9ee02f6	ECL4:67:2339
ecl.4.67.02499	63	419cef34a7dca61766716e6b07538f7ef6b6454930176562dc786e7a5b194f15	ECL4:67:2499
ecl.4.67.02583	19	55f6bc6b491e928f338a77e4a62e596c262d1e6f627f550d1a688e0c7cf0c553	ECL4:67:2583
ecl.4.67.02634	43	c8bcf33e7f30abd34af2b7a4e42c20356396071a92d2daa97784baf5d08827e3	ECL4:67:2634
ecl.4.67.02706	43	010c56167f83484ff22654efdbc108336bfd956cc0e7baf10951ad76fbf434c4	ECL4:67:2706
ecl.4.67.02764	145	d33238fe9d119092a7bdaca7f55fc51dcaf1c5cd6a10a4d24c11ab12efed7883	ECL4:67:2764
ecl.4.67.02886	86	7bf522aa628a518c850e7b27687e0df297d3bd88ab092766050195c26b34d540	ECL4:67:2886
ecl.4.67.02988	87	0b4448c36229836c3d52bae80aa5b3fcb8157b55b37846931ad875ba4a3ccd87	ECL4:67:2988
ecl.4.67.03088	70	9cc336edd57102d3d843bb97e1ee4288212e5ace8884d87ceb3c23b9e165572a	ECL4:67:3088
ecl.4.67.03177	49	060ac360f3c97a3e7369c443510cda987199d37c6b337a5be333238d9b995e07	ECL4:67:3177
ecl.4.67.03255	74	b0c52d43f95ac627d9e80b769dedb84730cef1370dd9d387a93853986e9f3b0b	ECL4:67:3255
ecl.4.67.03336	55	b181726dbcc9daaa274be8b04b4e391e139faa2ea4cc1fb27c6ccf5acb969702	ECL4:67:3336
ecl.4.67.03403	61	d1c057191354bd0d5411226692b0d934873dfdf97ed0da9818f0d18d011340df	ECL4:67:3403
ecl.4.67.03502	31	9ad17070a62f69924976941d7c5333a0cd2c2a6ff634a0b5134ce8fa74bbab09	ECL4:67:3502
ecl.4.67.03577	52	f0b3d643f8bffedb6a7a98c46aa3083c1de83a353923ce6749e11b1c1bec9ad6	ECL4:67:3577
ecl.4.67.03632	95	627edd43314ce34e95d05c02da1f58ea214c5cfe8856a234a523c64ff38121e0	ECL4:67:3632
ecl.4.67.03759	49	de643ed5094bda1d9021288d76cb4b0710db91cd63afe4099e6568db54d1cb94	ECL4:67:3759
ecl.4.67.03816	43	473ff0d51fd1f3b794567335012de8c6a2241fe64d6260344687b8229e6a8565	ECL4:67:3816
ecl.4.67.03870	53	eff9830402cfcedd20e880589655dec48e2401f98361d6ba23d1da5c7369b662	ECL4:67:3870
ecl.4.67.03925	27	3ecc741940eb09a6a969e741636b8df4e21294fe7e7878fd752bae1cd6816335	ECL4:67:3925
ecl.4.67.03965	28	8fbed94bed4bfa1baebb51c844a37166937bcfbbf9702dd9fa555ce7a0c2962e	ECL4:67:3965
ecl.4.67.04014	166	2d0216d3c6f345e2add1678e816cc5dc7d5b5a570a2a9e89e27649a108fce044	ECL4:67:4014
ecl.4.67.04164	61	10679e1909a7730b710cdf50623a55151c20f05afc3d871c9cb6ec939035d972	ECL4:67:4164
ecl.4.67.04235	100	4f1fa33e6bf36db07dbd49dbbacdfd794ef2123a01ef55262604e8fdab0534c9	ECL4:67:4235
ecl.4.67.04318	25	716ca8f1d1299b5b4543642bff0f3648022b1a72989845a37c057ca1765a0b0d	ECL4:67:4318
ecl.4.67.04380	88	8a9b1633f712924ba6e4ee4f4f7dfa92388daa8ee426478286e7af8af4801f63	ECL4:67:4380
ecl.4.67.04489	84	400cdf9bf2b58c1987d936e478f3752a263349eae6a40cc2dce73f4c28e56c3c	ECL4:67:4489
ecl.4.67.04587	71	5751a4e67e887f0fcc5750f836aa6ec350ffd8962d7328de59b7759392c3ceb2	ECL4:67:4587
ecl.4.67.04647	51	86973e0b71eaa577dd1a9466ed3d39e85aa4ed74e9d611a819f0b8186671d920	ECL4:67:4647
ecl.4.67.04713	79	a87ca1f0d090e1cfe3cc61c28c7666062e6ca9cfaaaf9048807346856cf10c19	ECL4:67:4713
ecl.4.67.04781	31	761488406bdf78bf399ac2f4f5829a8392e584b57c92c228de12aa18807b510d	ECL4:67:4781
ecl.4.67.04829	98	555ef6f1c09fe983600a69a0269d9288b946c83eba902657edf36013c0c41ee1	ECL4:67:4829
ecl.4.67.04931	62	61f1416e2c83de7c25b86b7b0419d8b7cb6d1650cd86915b0665fcde9b506232	ECL4:67:4931
ecl.4.67.05002	155	0d5955a843b28010f28b66e06dd88ab18f2ad808c8fb99c3e48b3f711c2f5e66	ECL4:67:5002
ecl.4.67.05123	56	e67e7d1a0cfc235e54bddc9a088ae4fd1cdd23135bed7684568c8d7ff937eb48	ECL4:67:5123
ecl.4.67.05189	82	c6e790b5eb5d5187e0a354608da35c4bc89bff39a6d87e0106dd399f6ff0c844	ECL4:67:5189
ecl.4.67.05259	40	3a5e3d58161038ce0e72e3de8f6207fddd4d3270c430287a29da0f7e26440a2d	ECL4:67:5259
ecl.4.67.05313	105	eb0e54cbb518c3bdbe49c6a17d6aacabe82e6fe4a3542da1ca0f76cd6d23fdc5	ECL4:67:5313
ecl.4.67.05416	86	50b9a96b82133d2fe795b289c1f195f6a1e3cceb5424bfbba79ab48db784e8be	ECL4:67:5416
ecl.4.67.05508	86	a4d4eb003ff48bbd1d300548a4ed839e83f57173a670d4a4526c77a6b5c698bd	ECL4:67:5508
ecl.4.67.05577	58	c5eb00c5efa99a0b80bf5dfdb18a057af2f7d7998f675ea29018c750f529d796	ECL4:67:5577
ecl.4.67.05651	108	3964335e5838fcdb2bdb5de82d30948f2fd3377ea5432c0bb44810ac38900a5d	ECL4:67:5651
ecl.4.67.05782	37	da1a6ef247e05d67c81f281ae5aea2a1aad0e55cf47b2fe614f7b45b63290477	ECL4:67:5782
ecl.4.67.05854	34	9a747a8ad8dfdc8cfecfc25e136d9ab16dd14d18bd125d04512ae110c87430dd	ECL4:67:5854
ecl.4.67.05928	62	dabff2e569dfc3506af40878873ac8b591263a658f6730d1138bb7795bd8eb4b	ECL4:67:5928
ecl.4.67.05995	114	ccc3368941b937f2b765b3806407d3780330e9345eef348b3c99bf5f2df8e1b7	ECL4:67:5995
ecl.4.67.06115	83	fb01a4dd2d6224722c0d8dbac5a97a85000b91ed7492034961351c0c15f2ec6b	ECL4:67:6115
ecl.4.67.06219	16	6261b8d3c70b7e0eeabfa3f23f5f3c0bf7c8e714c65239cf66f20d08f106a72b	ECL4:67:6219
ecl.4.67.06258	22	28cebfc742cd18f0162314588a8ab555ad0a6b37b7e2cbe8266895d1ae81adb5	ECL4:67:6258
ecl.4.67.06288	65	9857a7f2f2f4230cc91fc90f18c9ab2e57011c4baa3b132b3988303dbb274593	ECL4:67:6288
ecl.4.67.06371	29	52f63e3626e45f5d163b64e3e2302b65bfdb28e034352c0d1cf69c84463407d8	ECL4:67:6371
ecl.4.67.06400	208	a7c9f8f202f5d0a65ea85e99fb024a4b648dd225359f5f387f5341fdcce57526	ECL4:67:6400
ecl.4.67.06560	207	5b7995f20900833b1dc3d8493e8cd7a30e0c6cc5c19802cc907e09fc3b714a83	ECL4:67:6560
ecl.4.67.06729	15	41376071bc2e94a3bcdfa6d4adf2f525819f04dc3157d8be10a16630225f9360	ECL4:67:6729
ecl.4.67.06762	185	8d14698fd95fdf1048d6340e2df715eb1eb5fac378ce9f045be6f6ead6e35ae0	ECL4:67:6762
ecl.4.67.06908	157	0893cca8b33e449cd060cc391d52815664773e0d23371c576b5b27f3eac1deaa	ECL4:67:6908
ecl.4.67.07030	154	4cb2867aa28c869be094dbb8079deb37ee37f642f866f84288bcc1caa18a7e1a	ECL4:67:7030
ecl.4.67.07175	35	f8b36f491baa793499c4419eef09718b82291850594b9b7277958f38cf70fd62	ECL4:67:7175;ECL6:96:243
ecl.4.67.07224	66	b4a086ebc2691c4ac7edecf9624b060f6b9c3878b222aa8fd444ce20e3b89cd8	ECL4:67:7224
ecl.4.67.07285	20	61d1b855f6fc846cd4c85f1ac551acbe05f8fd784daaf5bba6a75a5a48ee7554	ECL4:67:7285
ecl.5.80.00130	50	c2eaa7701b3a28687ad03deb3d607d6469ee6b2cb8b93441135830fbe4826b10	ECL5:80:130
ecl.5.80.01232	33	58fdbe8638e073381833e335e79bbeed5ecfaa4e5f1465a414914f02935f2f83	ECL5:80:1232
ecl.5.80.01326	28	2403be8506ef58654be5adb1de534e5b45dc4073f829ee73e77d44c5afa320a8	ECL5:80:1326
ecl.5.80.01364	42	8c92cc02187abb047065a3358b4e8a9bf933d0a0d8757402a7efea350af102f8	ECL5:80:1364
ecl.5.80.01432	50	596963ea11327383919155bb59cb974546629730687b5bcbbf07380534683687	ECL5:80:1432
ecl.5.80.01473	61	753c0948c3a1888ba619c38499a51aa421ba1c597acf56f7aa63c9e34ac5b33f	ECL5:80:1473
ecl.5.80.01528	57	aaef80371049a8c4f11acccaff691c6ee3529346d8adca8535eead145071f36f	ECL5:80:1528
ecl.5.80.01592	40	9fa4c3d64ef5e189d61b7d214e802451f3f21a6421ee851f916fa17b476ae758	ECL5:80:1592
ecl.5.80.01662	55	93887389c43583058e31a6591d5bf40e1cfa608a1de665b7f368d8b5f8641623	ECL5:80:1662
ecl.5.80.01707	60	1e5c602833fcbe3e5cc43b16132ae3ea9edc9f15bc4836b2e7757e5d1d444792	ECL5:80:1707
ecl.5.80.01755	21	f1eeac9edded4dab63042370034f010dbac3d4ce6f025a1225eeb0b96bdab943	ECL5:80:1755
ecl.5.80.01793	30	f468adbc25ff596987c7b428b5ae7fb8ae3a78ceaa083741e304339a0ac4df85	ECL5:80:1793
ecl.5.80.01824	21	e4064fee8644c9554983f59f7d45e9321d495eea0dd4a42a7eb3a026d7970f35	ECL5:80:1824
ecl.5.80.01857	44	a382385764fc84683bbfa82958bcf2901628f87df5fefdf3f3d0770415d9aab2	ECL5:80:1857
ecl.5.80.01906	48	bb044fe112b44eb663c0d7695d3ed5911cefc913c9e4286c40763fe9bb8d649e	ECL5:80:1906
ecl.5.80.01959	59	3a8a3a917524d4fee6dd843b185ca1c7d056e16057da9bec42f3aaca56a9f63e	ECL5:80:1959
ecl.5.80.02011	60	13e1547b119d2c6bc508de74774775831e4b207d2e46fbcb02a19766c66b21b0	ECL5:80:2011
ecl.5.80.02059	66	4e78030fd2015296fb03c53cc92a685fc8a7157c5dc897185e3e88547a97ff3d	ECL5:80:2059
ecl.5.80.02112	57	0835f1cc858cd4693ec6db7cb089999c11bed60fa81811ded152c8011f0de8c0	ECL5:80:2112
ecl.5.80.02160	47	1f67c50728f3a63c93ba0e69e0c2f36ddc7f1f4c993d40299b77f822a0367ff1	ECL5:80:2160
ecl.5.80.02244	51	c6e84e8b94c9d33744f1f7f1062073f878b5142a94fa6b749b883961151ac2f8	ECL5:80:2244
ecl.5.80.02312	74	898fdefc630fe12153bef403e89dd23cb2fc148aca9916f3ff587a4b6fd210fa	ECL5:80:2312
ecl.5.80.02373	57	6e0832b440266b904b75f7e958e963e0c7d380658525a2a496c4c207f4436895	ECL5:80:2373
ecl.5.80.02474	24	7966018b2a6bb19244f77ace433335acabbb3e963018fb8f006140644c748f40	ECL5:80:2474
ecl.5.80.02496	27	534bee1d4221dc877ac6c8d46788c91b68821074bdb1ff54de6f5b69b14ea939	ECL5:80:2496
ecl.5.80.02521	19	0d7ff3c9cb678522eef3b3b662b4a1c10cc77e6d4793eaabaf475afa9d88081d	ECL5:80:2521
ecl.5.80.02540	32	31764714f3e41a8fc21a5cce640ed039b9efb94239e79f96c64f1d1d032a6b42	ECL5:80:2540
ecl.5.80.02588	49	d0ebcc6855f777763c4594dd5a68287bb5333f509d840baee1c741beef484226	ECL5:80:2588
ecl.5.80.02628	52	dec4719b8257b319ec11dc37e507283575f20878ba6ff6e7290db3a6a5465b93	ECL5:80:2628
ecl.5.80.02670	55	b425356ec81bc9e21bc8c1ddef7a50a82757df167ade82e1246570b281ec180a	ECL5:80:2670
ecl.5.80.02727	48	ea163af2e25e0c4052d0014f8a38041d277c73ee942fc2d36edb9e77840e70dd	ECL5:80:2727
ecl.5.80.02766	43	768bdfad496e86ec3bf54bc1978bf889e593c4f91634035f206f4f821f04dd90	ECL5:80:2766
ecl.5.80.02815	49	06617af3843709e234a9d1da28846e17898cf09db6e28bf3c884c2c2b6191b9a	ECL5:80:2815
ecl.5.80.02855	52	b2302fed4eb4754b79af241acc181cc121e8ccabb20c2a4c4752db94af36c9cb	ECL5:80:2855
ecl.5.80.02897	24	fce0071b3ee95fed80951598f3ecbb16ccab779dc505472057abf148312c53a9	ECL5:80:2897
ecl.5.80.02919	25	5a0db8c2ab55a85562c569ae6766d81eb362167922ccf8922882caf0ba8ba7a1	ECL5:80:2919
ecl.5.80.02947	50	962f51547c459fcb3dea3d8ed4a14e3c8b54f03629ac827ceddbfab63babc900	ECL5:80:2947
ecl.5.80.02988	38	b8d1855068ced57087118c054d78037dce920d3299392693855f8a9560af1855	ECL5:80:2988
ecl.5.80.03026	48	1a2394991f087f9ebc88420461b3266c02d16641de23b81b3d2b36491cbc0009	ECL5:80:3026
ecl.5.80.03065	51	c29906a730c938413d4086e2aa89a32e16751a5adc0f4819c35b8cde139a0cb1	ECL5:80:3065
ecl.5.80.03207	53	bc137c4d150445ff3c0fe262582b3db036a4f334cb21241241c4f6af2517cfd6	ECL5:80:3207
ecl.5.80.03250	43	6ee79fb444893b74e220475c09c8d5d4580e6e6dd589fe1b75a5c65988b90382	ECL5:80:3250
ecl.5.80.03288	15	5162600389f4252e907087c434999313ad3c5b14a40c5003b516e1ce8ffe10ac	ECL5:80:3288;ECL5:80:6278
ecl.5.80.03396	32	5bd927fdf2075e261f78f8355761d17dc3cec257aef1a0dccef2193f3bfb2c6b	ECL5:80:3396
ecl.5.80.03425	40	a9f162c0ba937688c8bf82f753f6faf075567791eef1e9d91fa4834ba9334b3b	ECL5:80:3425
ecl.5.80.03473	18	27bf73aead58a4dd20f8b395cf639775f280165d2ac278c815e13b391571068f	ECL5:80:3473
ecl.5.80.03516	51	92d72e12a901e3df45c721df3b449ed04c419799368a3fc8c4a1692320238040	ECL5:80:3516
ecl.5.80.03558	17	c285dc59da64cf55155c1e218997e8053ecf2ce42b2c47ebb7e9c05f374bcbe8	ECL5:80:3558
ecl.5.80.03576	16	a4310b89f438cbebbf976302694ded7386c5859b464957bfe24c90f5c673bb84	ECL5:80:3576
ecl.5.80.03598	47	082b972610680e3ca27c41b08befc6787a93372dd4294535981cc74ae38b4458	ECL5:80:3598
ecl.5.80.03637	10	7df33a766771e621cd2b43cdc055a1234a55a7da1386b451023239843cc463d9	ECL5:80:3637
ecl.5.80.03677	54	2d0773e405739bb730d1df34868749c65f3ef8f16ae4ea698a089d1c7c94f9f9	ECL5:80:3677
ecl.5.80.03721	56	8101c89ff278da1a3940ffcbe472759454cb53dd73660d483d0e83a582098afa	ECL5:80:3721
ecl.5.80.03768	15	b533a5610a0b71692dd205f2035728660de787b3dcf7dec64a3f65257e0cf193	ECL5:80:3768;ECL5:83:1626
ecl.5.80.03790	46	b6d45bb4ce190bb8e681f5881327759c3289b7eb859ea657812cf7ac9b296bff	ECL5:80:3790
ecl.5.80.03828	36	a348b409d357b50c0d059f6f112bce3cf68cb75e3da36ddfe495aacb3578ca6f	ECL5:80:3828
ecl.5.80.03864	23	81c487b6342cd2d92e55efa4757cb803f94b22960d3964a7a3e9c9c2aac433be	ECL5:80:3864
ecl.5.80.03898	15	dde9f956ac6f66730afacf26f679ddcda78124351fa6a8946528bd24ceb26431	ECL5:80:3898
ecl.5.80.03925	40	eea18b954213b5e70e614e6da47628f590b88bf325c6bca7db5afd87b4dc8c4b	ECL5:80:3925
ecl.5.80.03991	52	4318a571d9440d6cc98c91f506e5dcbcd1c92e9d2e63e927b6d328bfcd80b9e5	ECL5:80:3991
ecl.5.80.04033	17	23e8cd10f28119d77093596f9745deb526a3f7aa4bc36c1db7ce2633b6f835ef	ECL5:80:4033
ecl.5.80.04074	25	83a164871017f4f26b217056e24545c7571fe6d6052f685a78c7622342a291a5	ECL5:80:4074
ecl.5.80.04102	29	03e7415b9027779ed5a0aba910a70e2e1e818c9affc7eb9d611552cb16c30825	ECL5:80:4102
ecl.5.80.04154	48	298e375fedfb815e69b19c280e8ca280335ba238a819dea148a18c0361e1f2ce	ECL5:80:4154
ecl.5.80.04193	54	d476d32a2052e68ec792238d4b6daeb0549d105c3f415dad6929d7d80e4502d0	ECL5:80:4193
ecl.5.80.04237	52	457a0ff4223c88a0487dbcef45d82923c8aca0c2b237f45c0935cab295222b9e	ECL5:80:4237
ecl.5.80.04280	48	ab77f9fb8dc30545e8c175ff27e1b70d300ef199ee46cfecc9c24f350349ddb5	ECL5:80:4280
ecl.5.80.04319	22	3402d654f264fef30eb844b5030c034b8a4a125ab1792072a39fb98b9c832852	ECL5:80:4319
ecl.5.80.04356	18	a23d2d16a08e5c36b504caff77fbfc6acde4ca2005c6a558bcf8308debf8892a	ECL5:80:4356;ECL5:80:4466
ecl.5.80.04388	50	359be88bedba05c3c3b3cfe3c2f9650e16076120f55b303a3e2d276de70e0073	ECL5:80:4388
ecl.5.80.04429	30	b0d5b161160295cccf917172cec34a42c49056107960c5d002b7ea43adc07b14	ECL5:80:4429
ecl.5.80.04495	24	61f82a610492cfbfb7266e689404e7cf675bd8e45e0a25ad593d7e126d977ad5	ECL5:80:4495
ecl.5.80.04548	41	aa987b2d6626f096f4fa55cb9c4eb8467a511a5c67d16fb44b63f7554590b4e4	ECL5:80:4548
ecl.5.80.04587	47	8c06a1d6356929fd825af43cfbf9575a2a0ff9043d08ddec57bec9cd01a264a1	ECL5:80:4587
ecl.5.80.04626	39	d9fd736e4919466618522bf4befb8d49ddbfc17320d7001476909654f27c8b8c	ECL5:80:4626
ecl.5.80.04678	51	90b11222dcc6a84f77269f46857bb875c95a680c491185d4d2314f9ade224a60	ECL5:80:4678
ecl.5.80.04756	50	ea71834c49e25148fa269143ab61a204a3cf5230f6fec8ad704c20f9019ac4de	ECL5:80:4756
ecl.5.80.04797	60	d6ca7c1c61ae00279b1b5035a4aea3a1cee3dc86ba62f9193578e39390ea260b	ECL5:80:4797
ecl.5.80.04858	44	1bee6b4f33f9f1e6fe0e55dabdc91353dce3a745a0a0816f08f8972b9f59f85f	ECL5:80:4858
ecl.5.80.05027	35	30cb1b083babd47f6677f5a77e2082d22c67accbf52368382f9ac070666b835e	ECL5:80:5027
ecl.5.80.05075	31	9baa09ef72a607465a396f158cf9f9c3755c2b8c8946d3abd3b2fb02b6651275	ECL5:80:5075
ecl.5.80.05120	35	2e29a913a93c25dece46dbb52f88ce5f9feedcce833040c1c6a205be0bdf79d9	ECL5:80:5120
ecl.5.80.05191	48	ab1653ab2fc806cee12d9218e42f0a732ec38401a58c9d552d16df5a7fa1e9f9	ECL5:80:5191
ecl.5.80.05230	57	dd90a80c84ddc2e4de086ee3b97bf3cd3a7307b7813040152618754e811f2ffe	ECL5:80:5230
ecl.5.80.05276	56	6f4c4dfa09a23db738aedde4f419f4f9239bd8929727f317800f23e116715af9	ECL5:80:5276
ecl.5.80.05322	48	86e079022e025c0a920e64a9e0f23e109c4e3567f27090363db0740a4f0e7f87	ECL5:80:5322
ecl.5.80.05361	55	17a30c69bc0e0bca026e5e281d249db30d11628582b91bac61ee8feda6111647	ECL5:80:5361
ecl.5.80.05406	35	6d1b11f6f1e98eecab1a94c55eaa592a96bd3250e4dc5dc33130ffb2868099c2	ECL5:80:5406
ecl.5.80.05454	8	f32a5b3bbae95bf98749d286d4152b43398bb32be4afd1645d98e7c9e0da20c9	ECL5:80:5454
ecl.5.80.05478	43	4a81c55c688c45b9dfab58285c015e5e4e157500add0382b660e3da217dc086f	ECL5:80:5478
ecl.5.80.05514	45	a3cb8532e2414ace0c576166feda536a0add95a5b513b84e443effb1a36c3d8b	ECL5:80:5514
ecl.5.80.05551	46	823cb5f2eedce1ab2cc7508872dbd48f9c02b59c04c1b97d5e386a4c2725ae3e	ECL5:80:5551
ecl.5.80.05589	38	08c86d56e93fd5624444fc6c18d20909ffc17bf3fc7ca8f3c97b26cd5477c763	ECL5:80:5589
ecl.5.80.05622	19	33276b2cdc73ff71b2923c6055686030c18bbcbe73ee4c21763a1cc3827cdc05	ECL5:80:5622
ecl.5.80.05669	46	247858eb2de144845d4736d6d2937462853e07cbbae6b454d79b7f2cb7a685e9	ECL5:80:5669
ecl.5.80.05707	50	5a16f6da8cdea6235100793cc0d29530dca185c8b801237bb440d7d67c45ad3d	ECL5:80:5707
ecl.5.80.05748	53	be64306ec027319a0747c6b0e1685da653e5a3d688f37c3c98e45c8c125a987b	ECL5:80:5748
ecl.5.80.05792	12	c9e5c0b9a0b5074511ee107d7d023580209edc48ef29039e3b8047cca348ef73	ECL5:80:5792
ecl.5.80.05814	44	e959af789fe572276c846b9288bfb0be0df34cd36bcb641c254fea5366091f02	ECL5:80:5814
ecl.5.80.05850	49	dfcbac3e3a63daaa3b7219e91babd3b706535e0649c91fabd2b23dad943530c9	ECL5:80:5850
ecl.5.80.05891	49	671512c8231b00aa2dd42fe8370fd1c21473e0ff8d5c5ff355a84319bff8cc24	ECL5:80:5891
ecl.5.80.05931	45	46521cb37447df2d644cb5ab1a8264f2b86bbd2f5c8471a81b282bbdc4968846	ECL5:80:5931
ecl.5.80.06011	48	e23f41fa8a75a4e9a5e59a21acf44cf0bd92b49a7b26799e851d74afaa35b49f	ECL5:80:6011
ecl.5.80.06050	59	63b0adfcb328bbd6165aff00a50802657b9385aeb5347a8cc95403799d73a840	ECL5:80:6050
ecl.5.80.06098	54	7af6fd5512744d8e5fce3675a744121e234a1713691c5695d702f4c8643fabed	ECL5:80:6098
ecl.5.80.06142	14	7aa065b2d2e7441ff63906563ef52d4f2b9274de72ff97fe841f6927384a49c5	ECL5:80:6142
ecl.5.80.06157	33	6aa1aa116224b2d0e166389285fddfd0a6cefd2f99222729a1c04a838471c328	ECL5:80:6157
ecl.5.80.06214	46	70582ae7bf9727dece97460b1aaea6c98a5a4940e0dddefb0cde16f1b5220c2e	ECL5:80:6214
ecl.5.80.06252	22	772f4bb068fe4a4a6a495a3ef4968b99d29ea2ab3a1665239feda41f6127ed9c	ECL5:80:6252
ecl.5.80.06346	59	619b13c734992aa8c0c348d1c2149b2b7719cb32273fa7e80b5ec5bd5fa17888	ECL5:80:6346
ecl.5.80.06394	68	65909c85b4f87533b71ac472ec6e4b4f877f3d88b22fb9da24f4ab2a718d3f22	ECL5:80:6394
ecl.5.80.06450	34	d3e7a6c1ae52f1daec54bb99e95cc05f839117bfd5485e2b76362d864eb7c539	ECL5:80:6450
ecl.5.80.06485	60	741e1501725099127c46c47378ab2bb1ffdd97333d855033c37c81b6399c86a6	ECL5:80:6485
ecl.5.80.06533	62	24ee38ce71381784ac629c53ddae9d191bb50abea1e057d771df99aca056cfb1	ECL5:80:6533
ecl.5.80.06583	28	04c03e694ca8f0d6e983579719bcde9ca433b31a4d23c0866983b2606e5c5761	ECL5:80:6583
ecl.5.80.06613	54	88dc5a0ee2dd5987d703e0bdae8397e0068c6babed1a63e6995563c8b46cd7c5	ECL5:80:6613
ecl.5.80.06657	67	c445a26d6b4c4eccd023435168f8f93a5c43b2b6699f10fbefe62d88354ac4d7	ECL5:80:6657
ecl.5.80.06711	60	c800d883351b93c253266c50ac4105351afb80be962581e69d2fdb845178c65a	ECL5:80:6711
ecl.5.80.06759	17	eed706d380eeb7887a13de2ac095f6dbf4ea996671a31f29b5f7fee0e8fbe9e4	ECL5:80:6759
ecl.5.80.06780	9	f59d08f6fa626d94b231a5dcf7ddff9a6dc7279684f40181f54482e5590383c1	ECL5:80:6780;ECL5:81:4576
ecl.5.80.06808	24	2305aabe179fff73a816d64b73768debc6e0c3ff412fa40c4dd4d17502a23fe2	ECL5:80:6808
ecl.5.80.06844	55	ac5d0a2e510b953927768582ead74b6edc435b23f27554598df8221567c41840	ECL5:80:6844
ecl.5.80.06889	58	24394b89d5331bc90605a4057c18c1dba0bd82162a25411a82d5f21e67d90a9c	ECL5:80:6889
ecl.5.80.06936	23	20e5a82174bde3a50ba889125263eb6b49e589da90057c2b9a6cb5ef2d2c30b8	ECL5:80:6936
ecl.5.80.06967	15	48d8b92ba18e149dc2bb679d6b1aab43be0d0a47ea702311b7067f3d57babf51	ECL5:80:6967
ecl.5.80.06989	62	1e6a738f5a53d645464704ae71fd60fa61a9d5b6f59bb136ff8bf88b96cce13f	ECL5:80:6989
ecl.5.80.07047	42	f61d001bf7fdab566ed519373efa45473cecb4b94c2b50eecb6aff3897054b41	ECL5:80:7047
ecl.5.80.07111	64	7657e3ead8e04658b2949cf4ed511aa53de58ade34351efc8d5548ef48677f58	ECL5:80:7111
ecl.5.80.07162	75	a623135e1d0b26899dd8dd990d9017231e99a6e78158bd81acf2916ac4738127	ECL5:80:7162
ecl.5.81.00160	49	19480c1f037ae3d286e79f88e0b2d40f2a58fb9eb42a124c495a5cd8621dd83e	ECL5:81:160
ecl.5.81.00200	55	aa4dc4574af7f065dea37ed8d78f8a1cebd28d0947f8ab44ba097aaf879ad13b	ECL5:81:200
ecl.5.81.00245	35	5e8037a8b0eded746519a0ee3e7f587e1499bafa82d22bae4d8def207cc14157	ECL5:81:245
ecl.5.81.00286	43	6c996e74f5a26c597aeb94653cd0b5e0371457b328e942c23947c916404d29b9	ECL5:81:286
ecl.5.81.00617	47	d1c284fef7a21d17f34d9110d37966db58ee44f96d5cb23cdd7ead0db2ffe1eb	ECL5:81:617
ecl.5.81.00663	39	a0f9c37046de53ab1ac67c3654d4f90c32f2092e05128a96e8b69920e7c43012	ECL5:81:663
ecl.5.81.00697	21	c9ff6587f03a5038ea79a54443943e01eeb1e0e8a5c0412cd2604723957a5691	ECL5:81:697
ecl.5.81.00899	42	afe6a7dedf176224a524bdcd77e8b572d64bbdb5a595cdee98decfe798be0eac	ECL5:81:899
ecl.5.81.00935	50	82865bdd647195af6e1192175ed10cb2521c3adf8bcc5a9009955bcbe845f13b	ECL5:81:935
ecl.5.81.00977	69	c1862808b3c7d5593b9ff145d63022218020c8f511930f1fe79bbe08bc7018e0	ECL5:81:977
ecl.5.81.01033	39	02fa87e8b58b75a41dce839bea0542b4f98f92522f08e483fc64b36c08a2c675	ECL5:81:1033
ecl.5.81.01067	36	43f73f7dbfca5ce6f48e3bde8e28e25e8c64d4c756af0504abc4a3284601e0b8	ECL5:81:1067
ecl.5.81.01098	37	f0c5558b5ff83cc84f21d880fa7856a71a8519f6a88f9b98446eb9be2ea85593	ECL5:81:1098
ecl.5.81.01130	50	64984a4cfee3b7755e0c92dc89c7cca9e126502b467703dedcbdda5adf4f837a	ECL5:81:1130
ecl.5.81.01171	10	81eb9253aa0e01a593e535e78df0b66b49fec9f8dc6a9725b3835d12efa95e59	ECL5:81:1171
ecl.5.81.01183	37	efccece6a544d07c3d7420a71b53068eb360504fd2767214c82469a403ee4cca	ECL5:81:1183
ecl.5.81.01273	28	4564386d3c78458da5a9b9403ae3524e5b1f21babbd355808792c99dec3bc4a6	ECL5:81:1273;ECL5:81:6590
ecl.5.81.01327	49	0a6277cd268cbe4b1b2754572f12f84e9dc3fbb9352f084d3d9fd8a162aff0c3	ECL5:81:1327
ecl.5.81.01367	48	edf003b4d0d644f3aa02f3fa5de9db63eb1e660b3ef1e06746a39843d9cf43d3	ECL5:81:1367
ecl.5.81.01406	51	791f1bfe05ae3f4233eb92dca835f02bdb92b409488dd562bca9e553b49a390d	ECL5:81:1406
ecl.5.81.01448	22	070023e53563a51a09613f2cc2a0c2a3095831f91a010e4e8f2cf52ae0c467f5	ECL5:81:1448
ecl.5.81.01469	29	2c4968ec2da8264bc6ccf41f0ee665eb86067267d8e042784550bf40767cdea3	ECL5:81:1469
ecl.5.81.01553	45	6cbfffaa7ef8b3694e2ae0c73ea279e45619a2a158e316e934cf4258a1b4bbdf	ECL5:81:1553
ecl.5.81.01590	37	d9bb3764662fed47cf45a0c6aaea845b5009c4fa7ef62be3aaa098bea741d943	ECL5:81:1590
ecl.5.81.01646	46	3db0562d4ca43488f2877a8d42a6cefc2a5a403497d39203c861033c4b78bb47	ECL5:81:1646
ecl.5.81.01684	51	2ad1097167be98ee28ff8164da33354cf457764e628cc1123c8c51aecddcee30	ECL5:81:1684
ecl.5.81.01726	52	f04ead4634f00265605bae319453f79bf0748354fbd999a26bb39e4b74724e31	ECL5:81:1726
ecl.5.81.01768	25	514778e3043bd58005727ebc3722b3c53666b09f18736497850c075d9a6bb9bf	ECL5:81:1768
ecl.5.81.01795	52	e396c90f2d8f91ca9efd50c999df1365749e293d23b832d2ceef73f7bd4d4db1	ECL5:81:1795
ecl.5.81.01837	46	89bd989242f6cc28b99796df013c91143e204f173f6d0b1185ccede49414ccd1	ECL5:81:1837
ecl.5.81.01876	32	011f33d0e2dc9378279fc2cb9d1909457cffae031c9c33b6250de1be776c5e12	ECL5:81:1876
ecl.5.81.01929	42	855899f9122e1cebf5ebccaf5990952cae2d732f21c81cf26344e9376250335f	ECL5:81:1929
ecl.5.81.01964	25	2fa1ce293043d094b35959e45e2fdbe809b58b476c0dc55c598287d36629f51a	ECL5:81:1964
ecl.5.81.01993	41	70cf54a8a77872a9af32942a49d6d9518462901b86598076d1b1833a8e5c3913	ECL5:81:1993
ecl.5.81.02029	23	55e8077a66e9036afaa7df09c1d610d7d41aced8386f52e035738b0c8d131890	ECL5:81:2029
ecl.5.81.02069	28	ca1559b46111b4f2b948c30d04ab59aac77a1641d92041e72dc5a44828ea4bda	ECL5:81:2069
ecl.5.81.02098	8	255f66a7b3404039f048b30afb37dd60db310b1e5bd4c4c4cdf6527fc1db7b51	ECL5:81:2098;ECL5:81:2264
ecl.5.81.02106	7	8e8b57f40112ab73d5f0b016f6fc1344472c8a526b986643b12fe4ce1fbc6369	ECL5:81:2106
ecl.5.81.02114	7	e241f290d41436d8f643cb8d074b2d6c45e15762bb9d216db0937c74b08b90ae	ECL5:81:2114
ecl.5.81.02139	47	c8403c2fe65b8ee33dab3cd40a74b723c198215a7a812f55bc9caa7d668602fd	ECL5:81:2139
ecl.5.81.02178	55	eff2b050b443aa784509b43a84da7f5600dfa6bc54ead8c6beff0a9a60b7fb59	ECL5:81:2178
ecl.5.81.02223	30	be529de9b7027b2748efa595c800abe2c2a325e1d6a48b186326cbfb370abd9c	ECL5:81:2223
ecl.5.81.02254	10	9708639fd47cabe3393b70ac5b60f32f8738208bee47524ba6de1c8b94dbd304	ECL5:81:2254
ecl.5.81.02272	10	81d28f28ad042260ab34b7382c7efe3176fa1604eff64d606104361e876eb5fd	ECL5:81:2272
ecl.5.81.02298	35	7655a57957b9a73c80ae4399fba4f1e045fd44d0043928d58136413ac26816d0	ECL5:81:2298
ecl.5.81.02335	26	6e8e558427b23d0e8f2d8dcea5aa95499e5d3144a12128914082bf2ef2f21046	ECL5:81:2335
ecl.5.81.02380	35	6c7e790323f6979a492970792ca385409d46b7dfa2190117788d13fa9226a902	ECL5:81:2380
ecl.5.81.02415	12	539e23b52e1b184f315fe5767456da8dcbaebe61612ceb1e9d7f407da53d0a75	ECL5:81:2415
ecl.5.81.02426	13	81ba27a08ecf96483544ffcd94c19752b7a103235af7f39143a12c7568e921f3	ECL5:81:2426
ecl.5.81.02451	49	34a4da5832fcad482ec2ee25af1aa57ec2eeb558ca9fa496f3fa13d6bfd9ae46	ECL5:81:2451
ecl.5.81.02498	27	56da01ec6be6936498d3075e76d43d3574fad323f31349d78203b0a89f8f0779	ECL5:81:2498
ecl.5.81.02524	19	3f2b596153c0c407b4e2960258f19175d00f1480be512a244956681b906d3590	ECL5:81:2524
ecl.5.81.02586	40	7ae50059e8da11a708b5840f97ba258fcffcd955d725eba3e4907ca8eeb2abbe	ECL5:81:2586
ecl.5.81.02626	36	215e022846819e998070d6ccc8574fa923d3446c62f6c8fedb6a052817844437	ECL5:81:2626
ecl.5.81.02658	17	d4ddf441d3b26b6528dcc108aad4c46a2cdd9d9efa32a3c4b7df6b7068d646df	ECL5:81:2658
ecl.5.81.02731	48	98ba9e3c34e898d73b8ecd85151ce97dead3fd7eebf1bd821c577ea688b2c95a	ECL5:81:2731
ecl.5.81.02770	39	c54be192b593726172f748f729468944e389de61a7c9587a5ed9fc624db2d085	ECL5:81:2770
ecl.5.81.02803	29	1811c1c80f976dc033388fa7cdc17418432d33cbbc5dcecd144b583fc2ce5b92	ECL5:81:2803
ecl.5.81.02909	50	85cc618d3206c7ba87d765bfce514e496e9bd60a83bdfdc0183902d2d82e5564	ECL5:81:2909
ecl.5.81.02950	43	9328b4815c804170e2e10faf04258e30b3476a0f22548772d55d71f0f951289b	ECL5:81:2950
ecl.5.81.02991	44	fe0506b3c22cf34a3feca087c67e09b405af425f0c9b40bf9e37abc7c4e2c30d	ECL5:81:2991
ecl.5.81.03027	48	39da9e370c4400875aa1ac8334b15d000c6f50af4be5d6d2c22d1d0463d36532	ECL5:81:3027
ecl.5.81.03067	48	eaf58dcdc0a2086db7222a32f276e4cedb956763b9569d4df3b5718ed53e4e99	ECL5:81:3067
ecl.5.81.03127	52	bf4abcaf0ad64d52f8aa29dd36fb0b12f32bcd76962ab1be655fa93de64dd4f6	ECL5:81:3127
ecl.5.81.03169	30	6b0915d71b3ddaeba770baad5e868bde59e1f0c5e1f916a205cb23cf3de408e7	ECL5:81:3169
ecl.5.81.03234	50	c6871f71bc7b44434b2a1ec3edfa2061af506286b979b6c75db28e9c236fb5e5	ECL5:81:3234
ecl.5.81.03275	52	fec0e36f9254888054132303b8529bdcfec5ee36b95da1d6a13a529a0d79b027	ECL5:81:3275
ecl.5.81.03329	33	bb04d6a7a5c7812cd1e67f65c3eccd1427b90e79f7bcb229789886cc58c2883f	ECL5:81:3329
ecl.5.81.03385	52	1ad6981eff493d7c83b6bb6a9a5069fd4340322e785d1d40671792a751c1a937	ECL5:81:3385
ecl.5.81.03438	50	68615b91e3ec463f76c9f4bae68070c66045952251832c729bdb62ae9599e4ad	ECL5:81:3438
ecl.5.81.03479	31	bcb5ae7dbb713adde4c4954e4ddab427526c4bfd5295865bde4f358945759774	ECL5:81:3479
ecl.5.81.03568	52	78d76d28ccc10c8dae854270ba0101733b3d19f063e15e2dadb2ba25f5968a63	ECL5:81:3568
ecl.5.81.03610	55	1e5e7bbe52045737c79344eb1f9ede8e026930a975c304a92b223c4020c3bd65	ECL5:81:3610
ecl.5.81.03655	32	8cfed4102ee94282fb21c6169055e273e96296345264cefe427d4fbdfa886d07	ECL5:81:3655
ecl.5.81.03704	26	88acea35a77e402fb870429d6823f4768bca73aa0e7f408c59a13edf49ec4f87	ECL5:81:3704
ecl.5.81.03728	45	9dd31bdc3c673c4e98a780952d5b43ad0f16f4290f963540182047d7235b4aac	ECL5:81:3728
ecl.5.81.03765	33	cb2d2c07899cc45098b68073c1bfe85ee4cdf4d944e0c89308ec2800210273f4	ECL5:81:3765
ecl.5.81.03795	36	8b382b659194f30cad8488641c020acb4788fa7433ecfdf9779cb79ba81d4e0e	ECL5:81:3795
ecl.5.81.03828	52	db2284f95e15a698b5522869fa37bbef66907ac7be787d979cf493e9d4c61c99	ECL5:81:3828
ecl.5.81.03870	57	63fb52cbc25748c490bed68596747862f4bf49f528951c3f9b6fb2550789c205	ECL5:81:3870
ecl.5.81.03936	51	27705655d2a1b367bf45a47aed2491a7b574d0943e74142a57c97d6f328d8e43	ECL5:81:3936
ecl.5.81.04012	32	4564efed6d1a7c5880f03b54a2ac9219d7bc2b1cdb0d58c9571ffb38e836244e	ECL5:81:4012
ecl.5.81.04063	50	f009b483168f25c02241a8acd34bb91d8d1df6342f686813c663760322e1fd56	ECL5:81:4063
ecl.5.81.04104	58	d215242e43dd0687e94b5fb52a79081dd852ec77df1d6e525384a9d08328ae37	ECL5:81:4104
ecl.5.81.04151	44	984be1f7513e6c16d8c569cd63712531bb2dca4f8e161f90ac1453e08f963877	ECL5:81:4151
ecl.5.81.04201	53	44b78400a614d23884b581e0a7ba9be09d8ac24c52137f45784814df33d693ab	ECL5:81:4201
ecl.5.81.04244	19	a7a161c9f6ae8e52a96bf8fe07692df055dfa8d074a7509c1ddb7a82b086105a	ECL5:81:4244
ecl.5.81.04282	38	fa1fa9fa9aa4ba6a9ee3ec7cf0e806481558ca1bccb118fe819e0255aca8998d	ECL5:81:4282
ecl.5.81.04328	47	fbba4c7fe788a04ac8c0d454c913c8da65e86ea03193c09fc76af629ebb81724	ECL5:81:4328
ecl.5.81.04367	45	806877cecfddafb5182e14ed53afc80233fad98f2b8621fe6921e4b3f66842a1	ECL5:81:4367
ecl.5.81.04411	49	5f52fdcd07b76b76fe4b50f457b3dda7f5943685432658596005eadff4e7388e	ECL5:81:4411
ecl.5.81.04451	57	b99e5995fbc098cb7d54c5145fe7bffbf0a6d1b07901d2806a189ce94825cf1c	ECL5:81:4451
ecl.5.81.04497	57	ee4cbfde325dab9ba71234e631550643169a5ec0a7a4619eb4b95a91eb4beb86	ECL5:81:4497
ecl.5.81.04543	33	86b6ef184786984c83ccbceae4ff624133c4be6b1cb908ae997121b9dc5dfd3f	ECL5:81:4543
ecl.5.81.04603	53	7249662ddeee3ed0966f6efd2879ec2f59bbfeda26d41e517d475c66380ab7b4	ECL5:81:4603
ecl.5.81.04646	55	95405a9c6e736f21ae0529d3afd6a7da425c670528d4a65cedd2f47f74baa2ab	ECL5:81:4646
ecl.5.81.04691	39	d396b8b1e99c4c3203e01fcf6ef0f90a1429baf7fa5714a3758c4041f10e2a54	ECL5:81:4691
ecl.5.81.04735	53	2615db50cf6341e2f25a5e1d05798aa0d3434755f9d824ade478c8308fbe4e84	ECL5:81:4735
ecl.5.81.04778	44	26a45fcc75b7d9b207d8ebd7039554df5f66d0570204e49b0caf5ce057d02d39	ECL5:81:4778
ecl.5.81.04852	52	8f9e28a63ac9e31f014dd9b795256a3d8f2cd20e5a691d98a17196468e688c53	ECL5:81:4852
ecl.5.81.04894	12	1b0d6618a0beeab6a3acdcbfdab169fc7a70a6f1c6aaf0a1160cf18bd138a786	ECL5:81:4894
ecl.5.81.04908	60	ecbd9e39a1083e33d79663fe1d8de9c810114e5a94e66edbd957d119b6ef763a	ECL5:81:4908
ecl.5.81.04956	54	53395028dc1f6a366d2b2209cb19e5704f4e065dbaa03665b1ed9cb8deee9c84	ECL5:81:4956
ecl.5.81.05084	49	e4b130a73aec51a950c95815e4fa0023541f59f2a7aefae05970f277a7382358	ECL5:81:5084
ecl.5.81.05124	50	4f6dfe51c547d7454919ae014e883c5a316250aca7b95253a08b60315f34b973	ECL5:81:5124
ecl.5.81.05165	46	02d2b91b6a1922adfd11bcb5ce64c2211af727b98f42f2989d221dce234f3332	ECL5:81:5165
ecl.5.81.05204	50	073cc9a8691d9b824fe4da762fcf5fb9b9345a9fddce74b3def86435a83f59e0	ECL5:81:5204
ecl.5.81.05245	54	cbaac81e48a347fddd3f86e75044251c330a37031c3c6fe8b8dda27749277a3b	ECL5:81:5245
ecl.5.81.05289	44	114370e0111defdcc911b4acb2dde16eeeee004627b61240aed797967af17f29	ECL5:81:5289
ecl.5.81.05342	48	ca8bbc4d46c1229cee41752c295aac9c95cdf6973fd54830f1bc5cf029f18c3a	ECL5:81:5342
ecl.5.81.05381	55	ec2de3c2790fba036223c296a7ef668dd6a16d70cda4a483386a719646065c69	ECL5:81:5381
ecl.5.81.05436	38	8337e1997d99fc0b1f9b569b2184e8bc82715f6b4330736a4462af107a4e6c27	ECL5:81:5436
ecl.5.81.05493	50	3c004bad8a42be30299f06fd24580f7fd80bf2dfe11c38663551d74b53272665	ECL5:81:5493;ECL5:81:5752
ecl.5.81.05535	51	c0ea2893e9763242aeea5908338b6b96a8259a4192a623c603cdb03e8df34058	ECL5:81:5535
ecl.5.81.05547	110	65d38de8dfb9f786435756ca66be271199a6416d470ce17e39a3755f2ebdfd5b	ECL5:81:5547
ecl.5.81.05577	26	725767805b702f98cefe85bf4881debc84b691e1dcb7d9a8bd532f277fe04434	ECL5:81:5577
ecl.5.81.05601	49	1bbf023f74e5d58f40cc3a96c6805d277003be61a2ceae4aa9bfd52f9a90fc0c	ECL5:81:5601
ecl.5.81.05641	21	3bf8871d952a0580c7a2f0c69a4b810b01e8b8592648db959aa13ea45b6d433c	ECL5:81:5641
ecl.5.81.05661	50	6349123b5a7e791cde9b2967dc24d29800d235e6408e47038471fbe3189b41a2	ECL5:81:5661
ecl.5.81.05702	50	8530a4eb32ad19baf6f7951ae375f589bcc60ba7f3e1f4091d9104ffc6bff48b	ECL5:81:5702
ecl.5.81.05797	45	f61c8b9f267f462ec3f954b0812276f1780adfb92f3921007aec1dd93a31603d	ECL5:81:5797
ecl.5.81.05834	57	953efa8dcc15c35585bcf960fc8d2be2f2282489bf515b6b2f3c4622f037ff8c	ECL5:81:5834
ecl.5.81.05880	57	5f5ebbe6e9157647b3426476359c45179b7d24c6bc4febddf48f40ac985ce009	ECL5:81:5880
ecl.5.81.05926	14	0ba434f1f1fb76171d4a1d6e5f27eb651785a63bc1a5ab2c00edee6cd9b0f56c	ECL5:81:5926
ecl.5.81.05941	41	804e4fc1f6312c1ae743ffb847077095f8338da2751611fe334169049490caa6	ECL5:81:5941
ecl.5.81.05982	59	4c15b5b61e9a33e1e4c3f3b6878894c986a355f84c4e95cc1e9b946374ae19e6	ECL5:81:5982
ecl.5.81.06030	43	d2df66847ab15955c7d7e72af3ae7e931a403e6cd3a31924f3b1c3d7e189bf64	ECL5:81:6030
ecl.5.81.06104	50	fbe6d3102603d4bfa87e35d0cc5a7cefb10927773d58d0146da79b62a21bf1ab	ECL5:81:6104
ecl.5.81.06145	55	eb1161b0ac316ec9fc0787dba07d65c3ede0bc9e47e3a62ac69d3fa0feeff0cd	ECL5:81:6145
ecl.5.81.06190	30	94e1529c952daa11caee2716a04e791098fe003abd8d2bc460499426312262b3	ECL5:81:6190
ecl.5.81.06221	10	308f3ec3b44abb4a3fc6cb46b143b63c337b467e1793b87905a9d7ca9902481d	ECL5:81:6221
ecl.5.81.06231	16	b9a8e0f70180012080081bddca9b68b8a99200e2408bbe821d1490947dd76801	ECL5:81:6231;ECL5:81:6448
ecl.5.81.06267	27	e08affcfe33604df74e91d3dcddc0cf6224279d19ecc7b5cf58799485ec52ce7	ECL5:81:6267
ecl.5.81.06314	21	8aeeb1da6dd2bda0bd6da3769826167c829b70f8dec693b8bd4dc18b54dd7f07	ECL5:81:6314
ecl.5.81.06365	20	301ecf2f22d050546e4a137d6bfcb18d802c2be67903c785835841bc160b2e74	ECL5:81:6365
ecl.5.81.06390	32	122fd913c002ed30b27617cedca72443812452f440a5d5c6014d74028f3c9a39	ECL5:81:6390
ecl.5.81.06418	21	8b1f33694c2057527f41610bb3964e84a0bd1697150c04707bd18021f98d378f	ECL5:81:6418
ecl.5.81.06475	50	2990c37d4825092b8b1aa97a13171216c2b5613a03bfb16e731e27f9a8e88dbb	ECL5:81:6475
ecl.5.81.06516	53	308fba17805978d93ad7cd71e749455ab188224d6fcac150ef60d2b59f1b932b	ECL5:81:6516
ecl.5.81.06637	51	252451bba6300d6b801ebd2bfdc211143198794a164786e5e67825a0f257f99a	ECL5:81:6637
ecl.5.81.06679	59	a61785751fd1479342317d2282f2370d96516335bb0baaed4fbdcb6e8671d7f5	ECL5:81:6679
ecl.5.81.06728	18	ac41a0e914dc722c5361283726d589c3ff791b3481a5ef9015aa50bbe58f4343	ECL5:81:6728
ecl.5.81.06801	52	cae2e26624105319aef1e4d88f0008d623c2f9c328c004dbef1f5d57c1e12ec8	ECL5:81:6801
ecl.5.81.06843	53	34c574e61a55ae13fed5f7a746d32efb465504a9e66953ea8637df892c0e12c2	ECL5:81:6843
ecl.5.81.06886	24	dc7f2d990d84ad8a38bbd0b4d8d92cdb94e51d872f423903af6d629c560778af	ECL5:81:6886
ecl.5.81.06918	46	78ba4cba94191f7926ce15dbf7c7dc7297de56abe8e6c1be8197aabe8fccb501	ECL5:81:6918
ecl.5.81.06958	50	bb89183d11019c659e431e71683ecdae18234d888b14993d39b6e23fb6b8eb1c	ECL5:81:6958
ecl.5.81.06999	29	a5163b304f14fda246dd7c3ece261f457648c96d0605339d1e4b9bcd84a3a3e9	ECL5:81:6999
ecl.5.81.07031	52	681d064c4898e8b56a08b140eac84066aedda1a0daadab8c0bac5698ebb1753c	ECL5:81:7031;ECL5:81:7157
ecl.5.81.07073	56	cc21bec9b087773955e8455b0576519e7730c344744e365935d6464b19db3021	ECL5:81:7073
ecl.5.81.07118	32	2e4e92e9db7db77e516fa4dd42bf314a860d5beca141a8a2fa8878412de44374	ECL5:81:7118
ecl.5.81.07199	55	0645ff9b39807b3f16fed8da2a8323a373bca2dd49e8f4ee3cd0a39c9b220af9	ECL5:81:7199
ecl.5.81.07244	53	037d8c244abbdd9a93b5c085dd145f01071995adaac2cc50211f73fc78a01b88	ECL5:81:7244
ecl.5.81.07297	53	dfd8c337dc9967eaf8cb78f8701df497d17a46ad64c5477a391e3655c39e52ce	ECL5:81:7297
ecl.5.81.07340	60	2d4001ce81b9b884fd578adf8404308bc0929a4bdfe6fceb782b151924706974	ECL5:81:7340
ecl.5.81.07388	28	a89dfe45af46ef16897bdde041f8677ef9bd193d0d6eccdd30cf6f702c3b4d7a	ECL5:81:7388
ecl.5.81.07430	40	a8235d58e964e18d149e505e5ca2ffe33a678a927cbe7b50b55eec83f25631e2	ECL5:81:7430
ecl.5.81.07479	50	8328a4055250a0df09ca8f18e6c72aa8246f807557582632f8ead8a7cc5c3dc3	ECL5:81:7479
ecl.5.81.07520	27	ae056333541ee09ca0c7ceb54e21fefe78c11a61558b462ae63e3c8834bcf7b6	ECL5:81:7520
ecl.5.81.07553	33	938a23c20fc99c989fb90651a6ea110d5263da4bb837304f5dc0cd6ed98a88be	ECL5:81:7553
ecl.5.81.07674	38	75bb6e6f943c8096c0bf75d44bfc8645fdccdb155aed841ea68bcb2138ccc1fd	ECL5:81:7674
ecl.5.81.07707	51	486d52ea84b8eba2015f9b3546484bde602bbc973f0217f9a12c82b3be784db6	ECL5:81:7707
ecl.5.81.07749	51	f4b399ed3bc62cf526167723c54f0ea4001fea67931a8338fed066dac4e56d6f	ECL5:81:7749
ecl.5.81.07793	48	a12b874b24b53fc18dd13300ef1efd0dc66b10a301c4033f9a4d53b74167cd69	ECL5:81:7793
ecl.5.81.07832	36	2c5bc12510d49053a7e41c0e7a18f22f981eccaf55cb450aea5e08b9755c91c5	ECL5:81:7832
ecl.5.81.07863	50	0e1f791b7e15f46403c4911b0c9117090ea5ddb81feef23ac738cb4506583861	ECL5:81:7863
ecl.5.81.07905	30	56de21bf99e07b77e939f551c254fc98fc74575736d123ad6426f2ae9159e08e	ECL5:81:7905
ecl.5.81.07932	47	1aac095636807d21c47bfae91c96f8bda89a3c567abaaac83271a664bbb45a92	ECL5:81:7932
ecl.5.81.07971	29	a32e336e2d2e406098c5f443afd4229d7d11712d740a0ea7ab4ea752429504a5	ECL5:81:7971
ecl.5.81.07997	48	df8e952cc8523855f70945494dcf72f00c3203d71d9a9b09ea08aaee36f0b2d3	ECL5:81:7997
ecl.5.81.08036	14	85c623d67fcd652a55af626a2c719090c6ae2ebe8963db1d4943e210ae6829f6	ECL5:81:8036
ecl.5.81.08051	48	9362c281fbb36ccc99432feec856409eae1185efd31ff1e94c30a30a12ebebab	ECL5:81:8051
ecl.5.81.08090	20	6fb0fbc16ffdaa17a25dc4b334c269787d2c07a7cc893f2fe3be84ec8b76930b	ECL5:81:8090
ecl.5.81.08118	66	67e435f88b75bff224fa3fa3acb1a653ced51bd945a2f5747af5e361131cdc39	ECL5:81:8118
ecl.5.81.08178	28	7205feaeb3396bdd40926745beba3b155fe703e3139e4854bc9c304e72d65f74	ECL5:81:8178
ecl.5.82.00174	53	9672c6f6a8c77135c9b48842dba6c316579512428f9df66a765c1588e17feddd	ECL5:82:174
ecl.5.82.00217	57	aea28d112eee288be92cc4de931341c345885b0078a63b0b7e30b14f413aa921	ECL5:82:217
ecl.5.82.00263	49	d94ab92c091d0a3cb0e829754f3147f1ffe6110d59394484d8533ff758048f6e	ECL5:82:263
ecl.5.82.00368	55	80e26e31acc4849fa3c9ae9d63a0e9d3fa89cbe6608e5cc038ec5356a3af33eb	ECL5:82:368
ecl.5.82.00413	58	a84869ee39358261765087eb9a0a8f8d7e87f68f81c45f48e7b288bbcd0451e1	ECL5:82:413
ecl.5.82.00460	28	b1286c7714ff7a35ee86a0e9379a7bb1138397a1773f3a0fd5d61b259d411699	ECL5:82:460
ecl.5.82.00502	49	c6f5454b65c18023a15369f1ebc7f9c078544cd606027a12067dcf8706531f06	ECL5:82:502
ecl.5.82.00542	32	bab61adc9240be7eb5a224ee57b969532a12f924a66a4f699d0267002f14ea45	ECL5:82:542
ecl.5.82.00574	53	a0f94c0b86f03e49a97a3f027552d4efdaff1afacb556e16ed5813fd9057ea47	ECL5:82:574
ecl.5.82.00617	28	b533293c038751d5fb18e1f0208c2e6be35d319556805770036d9e38a4162662	ECL5:82:617
ecl.5.82.01205	27	f6d5c6bce3ca53767a1c69027c3a8074663b9a4fa0f2d98998698851945f71f3	ECL5:82:1205
ecl.5.82.01230	44	c7d717b04dfa1b8d479e6badc54ab7243beb6c516f3acfc50d168eac922609a1	ECL5:82:1230
ecl.5.82.01267	36	7ffb73c0f12bf7a8a8dd917cc682fbd318bba024be7dfb0e099faeb3e2c2d1bc	ECL5:82:1267
ecl.5.82.01298	40	1a8a9821dd4195a077c0f3b99c37e66b9edf614bac0e9c15adf22c1e33d99c7b	ECL5:82:1298
ecl.5.82.01348	26	7852af286d9b866858f15a5e3aa67acfd00d95e8f96352474ce1efe40bb3c076	ECL5:82:1348
ecl.5.82.01378	25	94a68ab8070811e1220b4488d1afa22d3f285ad84710ea758957ab13da1b56ef	ECL5:82:1378
ecl.5.82.01401	33	4b663f720099da37ed7013844d9eeb56a79d095f328eca9e22b0ec6cfb983e50	ECL5:82:1401
ecl.5.82.01430	36	f96a71edabae524d54d9cd291dd3a5ccbea347bbbb1315912ecdfbf4c865e552	ECL5:82:1430
ecl.5.82.01472	48	9479163e4f47eb883cd62a839d0b1bf5ff43da2cc0520c8f51c19988c4210bb1	ECL5:82:1472
ecl.5.82.01511	51	3eb2ce2c48b176d15b489c7676911ee507712d1b79fec4e61b7c1dd93b365e5d	ECL5:82:1511
ecl.5.82.01553	12	dcb5873d943cd37cba72a37b6fddfe99eb10550ba79e338a696e593f92b1ef04	ECL5:82:1553
ecl.5.82.01573	46	75fb9ffbe850c727494b8c03919de7cad5ec587b15c7c2b401c1fa58cb970ddb	ECL5:82:1573
ecl.5.82.01611	20	457d2724c7a64a4efb90aba6d7a83abc124f9958e5a3d995b0e4ed3a88c230e1	ECL5:82:1611
ecl.5.82.01663	38	0bfaf9c2a48bbf55fe4f530b1b91910be9b3d7cb259ba7c3bd7ee092d49b91b2	ECL5:82:1663
ecl.5.82.01701	30	1677763c3fb1a171e8637118b3202077fa6423a7268611a1932eb3fcf72b3a65	ECL5:82:1701
ecl.5.82.01734	31	d2bdfe631cbcf89f2727c12b935f410d081eb96033be00822f3a0ff43a8479a4	ECL5:82:1734
ecl.5.82.01762	44	c6195f6d351665f6743f733460b0456928a5ca2da46381c81a000768f3d7637a	ECL5:82:1762
ecl.5.82.01804	23	56586d0399c7ca5ed5403e842d10c8c4ab4a0307eb67b950f07c9c50d75e75d8	ECL5:82:1804
ecl.5.82.01832	49	1314d1d446d140797c3e814b24b647521dc039e7d0e1bdd1041ac4bc55b6ec98	ECL5:82:1832
ecl.5.82.01873	28	30e2ae6e9a2de68da4cbcd50e22c3e78b3c2db8fbad2631abf0f781fd51b94ea	ECL5:82:1873
ecl.5.82.01898	20	ee6ab49b0853545b29ffaa73d250965d9fb364d80fa17adbdeea8911eee0036f	ECL5:82:1898
ecl.5.82.01917	45	d746c792ce5adbbd1202a4922a02c3687e7ca9f30dffc683e207837721444c19	ECL5:82:1917
ecl.5.82.01955	29	66fdff67b8704502e30c083acbcb136192abb5ea16bdfdd536abcc8836752015	ECL5:82:1955
ecl.5.82.01981	51	e77087f82691ffa23af22762115bcbe5b04e7e8792ca384e3d1d032ccd31be47	ECL5:82:1981
ecl.5.82.02024	40	79665f50c2049c1d6c88e4759d46b047448945f5f7f5a80ea81c4794b79f71da	ECL5:82:2024
ecl.5.82.02058	40	446266e0e532843fe0256933a5c0372dccd966a6d3f62d0a078ac38304e28447	ECL5:82:2058
ecl.5.82.02147	32	44e75843df2e456cb6eb1e47ad248fa0327aacab725ac8cc519fc39952449ace	ECL5:82:2147
ecl.5.82.02200	31	d14ca8cccaa16d2d7c11beb8af3be558a3fdec0b2c3ffcf16afae45a55f32fb3	ECL5:82:2200
ecl.5.82.02253	36	f5f7c4b26488d39eee39112a8e08c4e648c3f146421221b8f699f388d3717678	ECL5:82:2253
ecl.5.82.02319	48	668bb733fdc68e4c8f9150ff3faeb0200ffb482d6d30532b5dc6b66acc2f2ab6	ECL5:82:2319
ecl.5.82.02358	49	f1677daef8d608d2e881a08f6474e5e133ac837baafe00735b6702ec7a0dadf9	ECL5:82:2358
ecl.5.82.02416	27	a44c45a4f593b7f7c0bc3791944e3b6b60e00ba6210309b1d08f3e1b15f096ce	ECL5:82:2416
ecl.5.82.02484	50	b808a3a9f8e69996dde95fa5c053fed492921038b751e49085a61f30cb548e70	ECL5:82:2484
ecl.5.82.02525	45	8cbd6426586a1049efaf0a68f6ee7cbd62abed7ef90540debb0f897ce0f42332	ECL5:82:2525
ecl.5.82.02563	55	68b3d2912fd9330a3fe40fdfdb8e90d0e18e0adcef90536de3e6b496738989ce	ECL5:82:2563
ecl.5.82.02608	21	ac134e40b2f5eedc38b5d551b2ef094e51590d9a4700e942e5f92df7180ca482	ECL5:82:2608
ecl.5.82.02642	49	addf2fbad3583749d03548062288b06ace8197b7710ebfb90edd497b9ae8f7c8	ECL5:82:2642;ECL5:82:2743;ECL5:82:2845
ecl.5.82.02682	16	422e785560021d382a55f647d00939f0dae1899e7780f2f1dfdaa194add3a0b1	ECL5:82:2682
ecl.5.82.02783	17	290ef0670b0774cb7912bafd0d8df58a5eb1dcb76f11c44295e6fa3d9d675825	ECL5:82:2783
ecl.5.82.02885	16	62b250c379ead96718d29da91488878866019fb116e9e23ad2629e1abe991e5d	ECL5:82:2885
ecl.5.82.02946	50	ae83ffc4e82756621e410126e39cfdeb76ad8575b9bf07f078b104e19bfdddaf	ECL5:82:2946
ecl.5.82.02987	17	fb372d16fc650e4c316d67b2eabaaeb9dd8a890ab6aecab7ede8e7f362533f43	ECL5:82:2987
ecl.5.82.03071	28	061588a53752aeb64299598a3e85d12698b4c08131d74a359829215f4573bc6a	ECL5:82:3071;ECL5:82:3116;ECL5:82:3187
ecl.5.82.03097	19	55323535095e793ef4e756bc1a0191a7af68fab88a01fb294b0555a590a67032	ECL5:82:3097
ecl.5.82.03142	21	76525692afa92b5b3f6caac0638a9260e02a9980307412cb6c4cab6093d8d953	ECL5:82:3142
ecl.5.82.03162	28	ac6368859681362a5cb4cec69bdf6ab7d3c105e161cd88d4bfb1272ddebeb86b	ECL5:82:3162;ECL5:82:3244
ecl.5.82.03213	35	fd794f26b1dd8446c17e3ef12638a10e9ce31884d8b69f12aeddc8c1020ceb19	ECL5:82:3213
ecl.5.82.03269	32	15551dc33fef8cae3615effe5973674be5d20321950d66727ae8c0cd233b45c6	ECL5:82:3269
ecl.5.82.03298	32	3d6719e736cb50e9ecbeb3448ec2ba1f8d57e2a6b2e3c6ba1c3fa396d9fc3477	ECL5:82:3298
ecl.5.82.03371	26	dce370ad2e690f1f50d0a3b7b8a57f883aeda067fb86dfdcf87d459f0dfad55d	ECL5:82:3371;ECL5:82:3449
ecl.5.82.03396	28	117104d282870138872799fcc97a30ac07c48fcb456593eeff860109a827c3e5	ECL5:82:3396
ecl.5.82.03421	31	dc021b2d253ef4a27a24391357513e178e27c0cee43f682dc00a4e6bb4b64167	ECL5:82:3421
ecl.5.82.03474	24	771682d988121eb433a0e976fe4556ed2fb6237556ef4a0a478655afc38a5d79	ECL5:82:3474
ecl.5.82.03496	34	b4ec8b20a76f72c4eba07c91f7f8987e5a3e46127219bae499e41a052b49195a	ECL5:82:3496
ecl.5.82.03526	26	ef5ceae22f32df6358e15838d85bc6848b7a1bed4d4bcb081f124e7a3ad94411	ECL5:82:3526;ECL5:82:3569
ecl.5.82.03551	18	c56de57b4be4d5aa67a27f111db959074f6b2c1af7a4ae4dd8b47f442df7d153	ECL5:82:3551
ecl.5.82.03594	22	d2defa8f8354938e52374c1a63aac846dd438c70e7e7e896f8a39f406510745a	ECL5:82:3594
ecl.5.82.03626	43	9e8caa2c1dc90ba75f900af1385453927f00edee179525d253d9c9ca81181772	ECL5:82:3626
ecl.5.82.03689	47	c8fd7e432030c093aa5df67af6b0424aed08aa8107389a722d0d053b979f6884	ECL5:82:3689
ecl.5.82.03752	29	3eb9278e55f9153f3f947ee40a23da574e0cac08e7e15fdd1c5d2808265f5a4d	ECL5:82:3752
ecl.5.82.03804	43	86c5ec81e2938661b67ef9f3880470f0cb3fc02e97ca641a1710933212b33d84	ECL5:82:3804
ecl.5.82.03904	51	117d0ce92f0f22f36a40732c20b3a2aeda1ce5f651e3d14e8ee3dee70b95b661	ECL5:82:3904
ecl.5.82.03946	20	48b41e83d38790b40f644048be93d1630982383a02cb64d9a003e3c25b37b7e5	ECL5:82:3946
ecl.5.82.03966	46	9159ad19c6e5b623644422dc27d3eacb8a72f59d567169ddb5c6b73b81d8e404	ECL5:82:3966
ecl.5.82.04006	55	10f5c1c82e0c0c571b267ac98553ef53341a56724e126e263c200ee1ade168e1	ECL5:82:4006
ecl.5.82.04051	14	46acfe6474d4d0a74953632d4e4ed14e093ad5385170e8649bfcc249c01dfe3e	ECL5:82:4051;ECL6:94:305
ecl.5.82.04073	51	a67ef925225976214194e4432ced2b193ee9950c450c88d9618023957113a079	ECL5:82:4073
ecl.5.82.04115	45	5d29a2f6f5435b5e913d3f05956ad3eca22c1e4846b7d49de8f71168af79ca11	ECL5:82:4115
ecl.5.82.04161	50	e2b5e6a8768533dd2d09aedd100fe39079a6ed8a79f19964851fde821c4b8b95	ECL5:82:4161
ecl.5.82.04202	23	755734e818007b94317f13995c3a2195ee7ebd854ff4085f4c385330f95475b0	ECL5:82:4202
ecl.5.82.04269	51	e0dc624fb165914c2e10583a4cde0b03b8a883a14f4646f4b7baf938afef23ee	ECL5:82:4269
ecl.5.82.04311	31	b804197c23a7efd76cd4fdc4ccd7eee87a4188c80c376900332189526776834e	ECL5:82:4311
ecl.5.82.04342	47	47bc1e2638fc397bede0d441d9da1de53ba1bcd0a7ef1bfccbb789d4c3da5a13	ECL5:82:4342
ecl.5.82.04381	34	58772d838c82e416919a4771750f689a26932182f7f7b85f0095bb1186f6ddc3	ECL5:82:4381
ecl.5.82.04410	13	5ba0bc741fd54a80344b116d0da001bfb7ce9fa66c06135b1b0c95cd3265bb39	ECL5:82:4410
ecl.5.82.04432	47	9a34f428af6fe3c137b2f61242f1bb3c8a102d932701977bb09a0a38df48fc12	ECL5:82:4432
ecl.5.82.04554	48	00fea0f0a065f340c9cf59b4d5278a9512e80ef1da331986c5b30ea4a490bfea	ECL5:82:4554
ecl.5.82.04593	49	8c3cf5b1e2cb702f28f75f85ae6bf5d3e4d67f2f0d309354e21b3eb116edb88b	ECL5:82:4593
ecl.5.82.04652	53	1512c701a60218bd6101176ed34bb460b5845590d8080dce8a722c2a4dcc3bbe	ECL5:82:4652
ecl.5.82.04695	24	477f9d82c7f5d200ef46489fa005f2c2a4edb4d9da2621236d748e3821268226	ECL5:82:4695
ecl.5.82.04799	44	a102880a0bc39b1cde47f3c19b2d2c2ad7aab52d20a39615a0abdab20a50b396	ECL5:82:4799
ecl.5.82.04835	33	b5bd7c29df49eff9ecb246ba70fc076faf22f09463595970c81099c523200da5	ECL5:82:4835
ecl.5.82.04865	42	d43c45919d91797f4f17d7bb3689e0244f142b557f92b2f76d5e8c13a449edab	ECL5:82:4865
ecl.5.82.04913	14	03de5e8d460bf80aa7a777c94b30f2c2daaa8b66bd3e19fe8ef6ffd8f62539db	ECL5:82:4913
ecl.5.82.04927	46	e5657f185942280783cee680051fa154b2fafb8faa46c7fbb7f9fcfda6dc597a	ECL5:82:4927
ecl.5.82.04965	52	d1587fcbe365a8a8bf6c0572f16af1ef98422abd24016c494ed9950d4b8bd934	ECL5:82:4965
ecl.5.82.05008	49	b2d787fd6a0a914ce22e854c5e51a3bf6f209ec9264fe1ad89ff5b571fc98004	ECL5:82:5008
ecl.5.82.05048	55	a388d6aecb01d1f675f06a5bb6a03d04276ec0d38678681877274248ee19b28b	ECL5:82:5048
ecl.5.82.05093	41	5f0ff14151302e43013f994e46d944b2d56f7b0e112709cd1653016cad13f793	ECL5:82:5093
ecl.5.82.05139	51	1aac413205b3a76d588da75351c53b58d7aa5d4a9b3ba74759776cc088e596cf	ECL5:82:5139
ecl.5.82.05181	54	77110f29e804bdc5cea43bac6cc95444e5991f6aa97a0198e67ae0a0f228d7ba	ECL5:82:5181
ecl.5.82.05225	58	34daf35397c9e56f936b6715e1e159f7567527e81c5d9541bdd19f89858d2a13	ECL5:82:5225
ecl.5.82.05272	21	bcefce1eed9bfea7cb16cdc9c9756f56fdfc20f672ab4c4726a315663e645793	ECL5:82:5272
ecl.5.82.05309	56	ebaef2eddbaacafb84111b20ea30d76af1694bfd741396b15cfc71063af3c052	ECL5:82:5309
ecl.5.82.05380	53	c5e48870eb0a83d96a688c8537265a3053d35101f0f8071e05724a8dabbed27e	ECL5:82:5380
ecl.5.82.05423	19	d511856f6d181acf8ded3be0fb0936dbe1417b501faed119f92986f611b47e42	ECL5:82:5423
ecl.5.82.05446	54	bfe46da6df6ca04f008d3c62cc2e66471fbcca95f5b66b8e91c8d666996c4ea5	ECL5:82:5446
ecl.5.82.05490	34	520748893b76e68033984f8cbce9e24590b418a0a8db0a6303d32d25a22bd6b1	ECL5:82:5490
ecl.5.82.05530	47	27bed668c8237a0ed3fab0a31a1a06c5379a1cd86a173fd067ed26b377835eda	ECL5:82:5530
ecl.5.82.05570	55	9458fed0ccb44d0527d7192b5f6aa90fc0a3f0b07a076cf683d37eafc2112982	ECL5:82:5570
ecl.5.82.05615	60	e2bf21ef97993b344cd3f15397ac3bf3e19bf50f5a836df969fb22bd1e4c3194	ECL5:82:5615
ecl.5.82.05663	63	9d87be57a340eabade3dfbd850c7a157ca3087f39bca4fe2c70e0c2deb308995	ECL5:82:5663
ecl.5.82.05804	55	fc827a71f68edbead5e6667e16ae6e388362c59e523db972c53da26003184250	ECL5:82:5804
ecl.5.82.05849	56	826a28e31208446e02018d646e463435752f8eb4ec294c913ddeb819dd925e0b	ECL5:82:5849
ecl.5.82.05894	18	6282fa9c14ad7c22e2c249e94d1fbadeb5d21e788f7e414f59d140ecdcd41907	ECL5:82:5894
ecl.5.82.05925	47	6cae54eb832efa88bd410d84d85c81abc60fbe12c7e0a225858e2e1897645624	ECL5:82:5925
ecl.5.82.05964	53	323143a7aa921f3eb8a55a98a053af5bc7c5ff6f044de5149d5f08275a461f5a	ECL5:82:5964
ecl.5.82.06007	37	3c124f7485da3bf0593284fca30c852dc1a9333b92564553771a45797dd6332e	ECL5:82:6007
ecl.5.82.06040	24	caa13bed52a89fff76cf4a0f48da192a9154ef5f36b1dfd2732e9731acdd67ce	ECL5:82:6040
ecl.5.82.06104	50	efacafb0940b07467863cc84b9d845ba91b42b03052db649c679ca5f59f9874f	ECL5:82:6104
ecl.5.82.06145	57	507cb3f8dd633eddc02bc23d034c000b0072d2cc0dc7ef00a4b24cb92e6defd2	ECL5:82:6145
ecl.5.82.06204	28	87e30c3262cd36769202bfcd58599c2a3ffda1f4691a46efc0f3fc1cfe4a7eb6	ECL5:82:6204
ecl.5.82.06236	56	b9087c6eef9ddb6bf25a98b16e29cb2db8e6a6c7962430db4f0d8c737915d2f2	ECL5:82:6236
ecl.5.82.06307	46	6765be88c0b1fd393a8eda6cb510d725ef5b849334abf4c101b5aab54548b6c2	ECL5:82:6307
ecl.5.82.06345	54	76d11d218447d2d1c354ef174ea9be6273c16db6ca071445161b9071e3863c5b	ECL5:82:6345
ecl.5.82.06389	39	2efb3d9c524347c0256be5c435bd4534eab6ced7ad02a624d613c043f82139d8	ECL5:82:6389
ecl.5.82.06422	17	5b6dc0766f97b5f7b1767fdff0d1c6b62da1a846afed3496633e2be3b1988b80	ECL5:82:6422
ecl.5.82.06479	48	6ecce41d888686bf408bd5a0ade2aaaa59bdee910980a8355c86697cefa8273a	ECL5:82:6479
ecl.5.82.06518	12	9ee309dc3d200e8fe01edee8d6e84b27ed94c531b53415a882714fb53893eacf	ECL5:82:6518
ecl.5.82.06555	54	ca99ff4004006de489daac918df70c9402d8124294e31f59eb6171e579e1d421	ECL5:82:6555
ecl.5.82.06601	58	e7fc0b87baea383d1873898489cb5b736cf915d1e17432299814c9394a2aeb75	ECL5:82:6601
ecl.5.82.06701	48	f7d10017af11e11186ee5bface8c8b98b1400ccac1bdd1a717fb73b320ce78e7	ECL5:82:6701
ecl.5.82.06740	45	62afcb58d14464556420a4066b23aca78c2144a368afa0706595580d9e526f1f	ECL5:82:6740
ecl.5.82.06799	48	1f5575a69a0a181e8b00d358fd4bb5310545415ef7d3d5b4f026b86071debb1c	ECL5:82:6799
ecl.5.82.06838	60	179bb0244b8f9db4c802ffd77e944bcb8a78d30be63eac6ffa6bf68c7a18c796	ECL5:82:6838
ecl.5.82.06901	51	ffcaa1229b907e38424673942fd2d78dded9e049294036b7460518271da61bb2	ECL5:82:6901
ecl.5.82.06943	23	2d16707dbe24a4bd11c3bde47837a8d2ffbccf32d2cfc1c7518edc32bc3cb7ff	ECL5:82:6943
ecl.5.82.06983	38	810e2e85c260e816e39b8eb60877f9fb373b8871462ef18bc6533dc3111a9059	ECL5:82:6983
ecl.5.82.07015	23	0e97b9e957f6477b3d56489801fec4b76ca6104597e8970ec1fca91da197f5e7	ECL5:82:7015
ecl.5.82.07088	42	0bcc6aeb52b197509b2efbd1a3f01fc58cbe97b29101819a19c47ed57623c4aa	ECL5:82:7088
ecl.5.82.07123	39	d21a79ca5a5742c13055d0ea8e73126dceac9e7177b5e7ceaeadca23940a9dd9	ECL5:82:7123
ecl.5.82.07174	55	f702a80a06098080903acc7282f43472c60bfca0158625b1d845f9d1e33d1708	ECL5:82:7174
ecl.5.82.07263	50	4b96d092f22d146e6c216457e1eb1bb909f822846fd54f728ac67acbac09ffac	ECL5:82:7263
ecl.5.82.07304	54	2e1bc77e58481fd8d8b216c3a3144973f385a292dec0bcfead73286749b702e5	ECL5:82:7304
ecl.5.82.07348	52	10c4f03f998565f405c416e22b12b2856dbad2dce1f804115846da8a5dd97e00	ECL5:82:7348
ecl.5.82.07390	22	32cb3bf46e4ea5e4ff6e359cca348e0fe873eaf3cd391e542ced5c61526e0cb8	ECL5:82:7390
ecl.5.82.07428	15	05ce4400daf378229eee3e19710175e66925045a4e65d95b998af85ae07aa549	ECL5:82:7428
ecl.5.82.07458	44	79fae7cac288f3137a3b6011be05adbfa9d724f254776cba53a8b00946871e13	ECL5:82:7458
ecl.5.82.07494	31	357954423a56465851374d0f42a23c94b052e1278df9f59b3f6c0e4182e90e7b	ECL5:82:7494
ecl.5.82.07530	47	a236454a111f359a3586474f7e63c3f062bb6f4fa31dddd8f462ebaad2066c94	ECL5:82:7530
ecl.5.82.07614	48	3d7ed2daa194006db535fc9420506f3e3eb900d51e0ea832f7224c06740a2f0d	ECL5:82:7614
ecl.5.82.07653	51	cff513b5827b65b90665eddc59ce671b5268fdfdb284b8750a9a278860147682	ECL5:82:7653
ecl.5.82.07695	53	e246f79b78a6dfc5bf16c26c7693a3065f414aa59228ceb53d0a117168d4f8ba	ECL5:82:7695
ecl.5.82.07738	50	add232f5342073732a9e0427b557e3e09e7329c1c93f8e88e224e9fa18cd5001	ECL5:82:7738
ecl.5.82.07826	49	38d0da9149f173b042520975d566bf69e7036939467fb933089ad6346dad307b	ECL5:82:7826
ecl.5.82.07886	49	236e93b2dba229bdc1219a2a9803b4ec41cce63c5461661799b6f8837cae26bf	ECL5:82:7886
ecl.5.82.07926	54	5be129df85d27883330846f5ffd788141669e108668fd5b73719c999ec6847cc	ECL5:82:7926
ecl.5.82.07970	48	08487b1981d15b7c6b48dcf9b4fbc6d5847f64df4c3825e16e41c84e6304a52b	ECL5:82:7970
ecl.5.82.08009	26	2d7681820d6572543bbd6637fd5d0e24eaf9339608c48f5722edd4c93b7e498d	ECL5:82:8009
ecl.5.82.08043	10	e66470cefb936620fcb85bbb67e6b6ff82dcc6dfeb646024defb7c73a42bc12f	ECL5:82:8043
ecl.5.82.08073	48	26526db729b4fbe7d968b8ffe28e3bd79dcf9e2e3b2faa43c46517e80e8a061c	ECL5:82:8073
ecl.5.82.08112	39	ea6ee5363df6774677606ad23ef376c0aab1820fa5592c31d850d9111131c27e	ECL5:82:8112
ecl.5.82.08156	47	e3f752fb7b51388ad7582e18d396e605ae550b81ccbb6b035cef7ba1a38cfe3f	ECL5:82:8156
ecl.5.82.08195	11	307e35495d450dd4fd135765009d5365619790c5f949c8f36b9c6e18c5eda9f8	ECL5:82:8195
ecl.5.82.08239	51	095d3e34b1b841b947820b9953e5134d1640a93f4652c5e32541323ce8bb38f3	ECL5:82:8239
ecl.5.82.08281	15	911993915dfe884e5f14a3ac86b5b2217ea75d0d0b0ac186afe8faabf11098fd	ECL5:82:8281
ecl.5.82.08301	9	1c790676fa144e13c89b93dc235386b4a224f924cc330981e945c764944df176	ECL5:82:8301
ecl.5.82.08329	19	0396e63932432aa9d9e176a7e8a905efa39c5e9ffd02c38f1c867fbcc481cd16	ECL5:82:8329
ecl.5.82.08357	39	7265b2a82c759627b4c9ff498387666ec42bfa91372736a2a84f1826c37abfc8	ECL5:82:8357
ecl.5.82.08399	28	7fa833febe0e5f415fdc355e7803b0e5440a53b113a387f797aab1c6779d2e17	ECL5:82:8399;ECL5:82:8436;ECL5:82:8471;ECL5:82:8555;ECL5:82:8597
ecl.5.82.08425	9	72253fe1ac5f1986748d3ac92cd685f5becd309f3f4eef83e92a701df907cac2	ECL5:82:8425
ecl.5.82.08462	6	27916b5bcf1faf7d9cf60d53012a4c0fe7baa11234e63728014f53fc644b2336	ECL5:82:8462
ecl.5.82.08497	6	2f189bcd2143d7369501597e126ae694a72bba06f8e6a5c23c5cf349041324d6	ECL5:82:8497
ecl.5.82.08506	48	f3e5fd96cda830af03dca17f3c037cef003388b817903cfdee6df07df9628680	ECL5:82:8506
ecl.5.82.08581	16	a0a7cb1c183fb879fc6c14ca6361588653ceec2c71f166d5ef2aa2e681d0631e	ECL5:82:8581
ecl.5.82.08623	16	8806c4f5c60ecc64c85406849b5824366ed46f8b2c80c60e103b12f20fd1a045	ECL5:82:8623
ecl.5.82.08650	49	8b7ff5d62471184eb5c708da48f846452b059225c255c05fe9c7b46e8a7e5362	ECL5:82:8650
ecl.5.82.08690	57	8f014a7b443d014c7948350dc34bd2ac5186794526702062ba89de8a22fbf7cb	ECL5:82:8690
ecl.5.82.08736	52	e8f6738ae0f1f05faea1a77f2bd44793561c925a4555b7bf3ee405b706fd7a4c	ECL5:82:8736
ecl.5.82.08781	45	89a9fda2200da4b4a24e66c352e0afd9bedbb4a42c1b3f479a116a4574d5381b	ECL5:82:8781
ecl.5.82.08845	47	83f349f514cd375652cf6f5c6d38e7af7c4bd33dbf13bc1604914a5a1d0c2304	ECL5:82:8845
ecl.5.82.08884	38	87850ae36eaf8b15799df1d86f7d58d684d840fe4be39701a5bdbb670143d325	ECL5:82:8884
ecl.5.82.08917	48	ecab65202229c19b265609631452444c34d867fc80ccc772bd02ba07f4d60f5d	ECL5:82:8917
ecl.5.82.08956	47	2de903d19dccf1979d90deabec96023d4c7936d3129871afd20f5dd32a2c111a	ECL5:82:8956
ecl.5.82.08995	50	ef1943467651b99a3585a601d0f178750a7a851ffd8482086e02ad6a1445e69d	ECL5:82:8995
ecl.5.82.09036	19	ecb879b3d8f1954b866b45c27ee97e37d727eb161673c6aa4a66de6bfc14cb4a	ECL5:82:9036
ecl.5.82.09063	26	cb05268dfbc93bac41b11d9b2429d708115cf3f47fabf88752d60f6a7762279a	ECL5:82:9063
ecl.5.82.09088	27	5a68707f44695eea4c239354f39cec1d3bcca482d75bd7ab73984043c85c2fba	ECL5:82:9088
ecl.5.83.00207	47	84672cc2738f2b2207af7410f88f33ead3fd10c35228355c6ea4dea675c08d46	ECL5:83:207
ecl.5.83.00246	37	4163a85bece7718fdfe58ed98b62da7b7071883266fc2a16202f0da748252cc7	ECL5:83:246
ecl.5.83.00278	52	8d80b1fe6646270b2583cf036bda050d5a0e3b1057912bdd2bb10d855b26aa16	ECL5:83:278
ecl.5.83.00320	57	58ad946f6b6a10ce00052a349de47187a84717e8423a64236fe697d454051ed3	ECL5:83:320
ecl.5.83.00366	45	def32299c9d7a477f7e44ca3b47a668d72d80d1eca0b86cbc927029a347a1fbb	ECL5:83:366
ecl.5.83.00404	49	8095a5a33367e108824d9a483cfce7d7126ffd4d6af8e2cd859ff78e5619ee73	ECL5:83:404
ecl.5.83.00444	54	8ec96c5a919e9f8150fa1d9edc81b3bf2a424db739136a923c6a0103e52a132e	ECL5:83:444
ecl.5.83.00488	34	bad0a5d2e55c2d563b161856d1aad4d28ce5179e3e84411028edae7262d30fac	ECL5:83:488
ecl.5.83.00525	48	5158aa573c268d0c211950009e67ab63d41ba76646e159058b3c1be8cd426beb	ECL5:83:525
ecl.5.83.00565	20	52585ab4f5e14997bfdb5e73104a1a60df24c9498861ca1413e16530b18edb6c	ECL5:83:565
ecl.5.83.00973	39	e417d1d7e987267ee4e9d865c480c7b18bd19ab0c8d4bb01ab31dd4336c144a5	ECL5:83:973
ecl.5.83.01019	50	40691c8cc442ec75b4efc4357eea651b938e34675628486a2bf09779794708ed	ECL5:83:1019
ecl.5.83.01060	57	1ec6ee8961c378a796a69db8371da92de19cd628035cf6d379a55268560a9aaa	ECL5:83:1060
ecl.5.83.01108	47	18eca1d69ae62b49aa8b7964f85acc4d408b15a5d46c108dd85c6f7d88a9f2f4	ECL5:83:1108
ecl.5.83.01147	31	ac09292ca15cbd9845198b696ee958781a615bd9c59e339c8c568abb93ed0b78	ECL5:83:1147
ecl.5.83.01180	48	2973411a423a4d4b0c8aba6c271dcfefd18eb0f3ef99d9de2cfa5da20165f5df	ECL5:83:1180
ecl.5.83.01219	28	ab5477b64da309eebe7a3f9be2fc171051852c1cf7fca9114767384d6b51dc2b	ECL5:83:1219
ecl.5.83.01318	52	b0a2326d94a95736909a1e7055abb055d835ad90985de74cde482081f267551a	ECL5:83:1318
ecl.5.83.01360	26	2cd0bcd01fe21037fe52db1bacb50677ddeb9b46eee65fbe286efb082c2d2911	ECL5:83:1360
ecl.5.83.01445	52	6d0b302733f39d0c87d9333907c52e4fab0fc2911af3781d59355de6ae833120	ECL5:83:1445
ecl.5.83.01496	49	edd4777c902ca7bb5c0764512fef63f52ea3414daf35e7bab5b8c576c18059cf	ECL5:83:1496
ecl.5.83.01536	55	5f54275eea400e05ac91cc3600f91616d3ebe270f92ca82ad400ac90f33c8f4a	ECL5:83:1536
ecl.5.83.01581	56	91b73ffba848db6fb42b453c26448eab0a8281777432752ddd57891a662181c0	ECL5:83:1581
ecl.5.83.01675	52	9434a459e471e847e3cc9fb3da8b12d7ca2afd2c20ae1f4f1207e1f5525956a4	ECL5:83:1675
ecl.5.83.01717	53	315c96c409dd9a6fb66b5d4f604bf2ea11c458d51dd1f36b72cd359905588c33	ECL5:83:1717
ecl.5.83.01765	54	800763ce2498086594ab4fce1c71b4a6594598f42c4b945ba8a74a2355c4e7c7	ECL5:83:1765
ecl.5.83.01809	38	74708f8ab7a71a5700dd4953bb669a76fc730f602469752e264585b485706b29	ECL5:83:1809
ecl.5.83.01853	31	d78c276c91027c3f5fcafe0e6fc19f4373ffe695691389b1346da9828d5b582c	ECL5:83:1853
ecl.5.83.01893	52	64e2adbc0544e37f1ee781027518a8ba309d5f0fdb49612719d982ea46738035	ECL5:83:1893
ecl.5.83.01935	26	908a1fd8ff7098172a527406bd99a0033e113fd7d1b0e34fba5d89fb19a1af25	ECL5:83:1935
ecl.5.83.02099	29	28d53f379bfe4fde85da700adbaf795a7330f53977877700501f1482d055be3a	ECL5:83:2099
ecl.5.83.02125	45	e5ec96c05c0257df478fd7d29252ee95458a6bb522d52c4296c3d60660f766ac	ECL5:83:2125
ecl.5.83.02163	34	dcb108382929790280aa80e0f0ea2d9b827d86aa75dc55a95b1fced5d94ea045	ECL5:83:2163
ecl.5.83.02193	33	75204723e6112cbcb3cb303945ed9a3e75ed9ed8253201fc08be7c973a3b0f6e	ECL5:83:2193
ecl.5.83.02222	46	860d73e57cc7b1e42341fb61e4ba80f61d0a5e86eb4674451634a8489195ecb1	ECL5:83:2222
ecl.5.83.02261	26	0d901b6921b75654d79cb8761cbc0d04f98707f65f7194f9c916e5a421a9d8ef	ECL5:83:2261
ecl.5.83.02285	30	dc5bc04011fda992ca7fd04d060293bffe96e513bf2461ea0e41863554f2918c	ECL5:83:2285
ecl.5.83.02312	26	ebf1181d517064ea45897e470c7809ecadea7588fc9ae1d5727fdfad395f2c76	ECL5:83:2312
ecl.5.83.02336	43	da0f89d212f6a6ebf6a0a066763cf6d09dab0b12bbec49d7e552551b685d94c3	ECL5:83:2336
ecl.5.83.02373	34	ae99153872118cd0ab3816abeb2fbf1ba097c4f603ee1866661f6ee43cfc52ee	ECL5:83:2373
ecl.5.83.02439	26	9bb419275b16571a09b341348b210a694b80ce57b9a1d5355e41922e553b973a	ECL5:83:2439
ecl.5.83.02492	52	969ee59ea1e68e6e94d576acb8c2d614ac818394a2df40bb646266660d60f639	ECL5:83:2492
ecl.5.83.02534	18	00009a12b2cddfece89023278493cd8f957db3d130299eb107287b541e467ce6	ECL5:83:2534
ecl.5.83.02635	47	739b70be9092f29630b296455108359b05721e7f56d9785a96e168b308033ecf	ECL5:83:2635
ecl.5.83.02674	43	4cc1d13106c7f3d5c261325ee3fa364215afde0e9b6ff8a61883a3152b48e2a1	ECL5:83:2674
ecl.5.83.02729	49	ddba45c716d4eaef5cb7fdd724832d371a195b78a4cc0c6df69e5969313934d8	ECL5:83:2729
ecl.5.83.02769	35	6645e13acf33d6e6c825de49c87255afad63e2495f0bd8074f212619c3ef760b	ECL5:83:2769
ecl.5.83.02802	51	730e1052f97e54a4b9df49feac532c65f217f1f79663f670c8c2df01d55332c2	ECL5:83:2802
ecl.5.83.02842	50	c8168728a1a4b100f4916d97d7aad4985e39d3869331d3dbe8e7798557a641b7	ECL5:83:2842
ecl.5.83.02857	42	82cf61e997656f348249867c737900797ff5b4b793b0399586e24d98e10643c8	ECL5:83:2857
ecl.5.83.02892	54	6a256917894a415adbca70d5e407461771a4dc69e36c30631e4ba5a1558e98a9	ECL5:83:2892
ecl.5.83.02936	55	315e01b3f9421ce80c93105cf27af721883a79a536578ac7047caba86695bcd0	ECL5:83:2936
ecl.5.83.02981	27	3a144636527a1a80bad0c482ef732291d478e99ff91b1dba00ed2fefbc2b5d37	ECL5:83:2981
ecl.5.83.03010	10	09466da13f37a6a6997ca264dcfd1a855feaf711396bdcb82061bacb71432d93	ECL5:83:3010;ECL5:83:3569
ecl.5.83.03020	15	318b86019c465da270657bd8be0545aab9702c5b6370ccb43ab09319feba1e31	ECL5:83:3020
ecl.5.83.03034	8	384253ece3aa75daacf466150ebfbdb54cda78c6f948a3a1241e118283908815	ECL5:83:3034;ECL5:83:3589
ecl.5.83.03058	50	2f5ed3ca3b22374e96a63775daf15fea9916ed118bf2163766b07cc2a5bd0356	ECL5:83:3058
ecl.5.83.03099	56	3ef342ce2630a9c703deb28b3f5dcada53a521c2b2d64d7b75ccbe8e03282662	ECL5:83:3099
ecl.5.83.03144	24	f3138ba95acde2791578c710629d4f607728c431fb31e8a88fe82f4432baa99d	ECL5:83:3144
ecl.5.83.03177	45	8f3bd3b50e6c797f1f31d7a9e86581e81c37f75476781cab8c09a5e4d3a79e99	ECL5:83:3177
ecl.5.83.03214	18	2f9c283e7f76a989d52cac2d7538a0c1ab0258f58d5e4682b530c5be779681a5	ECL5:83:3214
ecl.5.83.03238	53	3c69ae3574a68ff02011e311179041e6ae0653c5035be74e42690b1bf8373a2f	ECL5:83:3238
ecl.5.83.03281	51	8d2f5da3bca2cc007c3951961ee9ffcd5efa07eeb4ebd5acaac8c8d83a4acba0	ECL5:83:3281
ecl.5.83.03323	25	95a1927f4e36e309d9a6abed999e53e132c65575c143bf765d6199a77b7ff2ac	ECL5:83:3323
ecl.5.83.03354	48	4bcbf1f233b539880a787ce26dcdaef3a85d3ca776184772adff14c9de732c37	ECL5:83:3354
ecl.5.83.03393	55	44397be52d403f3aced5b92492aaf871e215f2cacb90b19bfa15eaf973d1601d	ECL5:83:3393
ecl.5.83.03438	51	2e8ebd88181f2c40649a80c7476283093ea3b6f0d9229bf046a298490ae03930	ECL5:83:3438
ecl.5.83.03481	27	c5ead77c386b9864b35bd1f229908dd84c42144efa09910d93dca30ccdc55d55	ECL5:83:3481
ecl.5.83.03518	57	857558753b540b2f95aa5614d782902feed3d162ffd0513a53c6608197039b4c	ECL5:83:3518
ecl.5.83.03579	10	f012dc1a2205719d7176ec206e037974c829fc1c356e029fe39f1bacbf108f9e	ECL5:83:3579
ecl.5.83.03613	50	6ff6b0014a672c940e2606192253460e13f7a8ceeaa5016aa0e4613d2d2d5bfc	ECL5:83:3613
ecl.5.83.03654	21	fd12451deb2afc384d65f632ea137af412abb6dda149cb5eb372b2a70304efb8	ECL5:83:3654
ecl.5.83.03678	50	5d74bfcedde10afc13d729c4ed0ad488546ba4238f1d0a5eb934cc442c2db392	ECL5:83:3678
ecl.5.83.03719	21	4bc7b5d4df54dc90f6cea7c44789b895734aca941928dbd8724dcfe28cab9142	ECL5:83:3719
ecl.5.83.03749	55	cfb93a504fb9f26b53b17ec5ea7cc9b3faaba6c5bb13b59381a334db6f4caa45	ECL5:83:3749
ecl.5.83.03794	55	d2efe635e35fbbc81929f7ca674df1379d5a4943792d0269888daeb94373c4eb	ECL5:83:3794
ecl.5.83.03851	13	3ed5c55fbbfd07a22b949db375eab2ddc64512ddf45196b7c9e89ac58dc35a7a	ECL5:83:3851
ecl.5.83.03883	34	6c35cc7aea4cbd90c29fa61cfb3c2ed7e0a1419d9d6d385c11b5ef9f41a95b98	ECL5:83:3883
ecl.5.83.03945	61	26db2ead6a156cc531250a8b8954575e5a4ff8741a4525efa913511503c6fd8e	ECL5:83:3945
ecl.5.83.03994	35	8a5ae61a7f16c5a1500d9e4ee6382d632f77c9b1de104b264432d12b7875e635	ECL5:83:3994
ecl.5.83.04045	58	af99611080e79f95fd67b3759d15b0a05257dc6eda50dab567fc216b6689926b	ECL5:83:4045
ecl.5.83.04092	57	8edee6777f5ba34cfd80b09ea4c034bb5fcbae499b29558aee02e114b2eeac7d	ECL5:83:4092
ecl.5.83.04138	60	a750bcd5c31fcf0d11fb1539f982ccb424c92024f4758935590bc222453adc87	ECL5:83:4138
ecl.5.83.04186	31	69918f4e51e596df772e33d84c47cd30d599f160825abeb8c52f1c66b866ddd1	ECL5:83:4186
ecl.5.83.04225	27	c4af1354eb98011d0857bd1f3a65e2a07e01a1699f107242d14ea4a23b1097ed	ECL5:83:4225
ecl.5.83.04254	21	d6f1a7a78c1d5b64235d62f939ceaae630ce508d40d56409f9b1b10d70b0ee45	ECL5:83:4254
ecl.5.83.04296	38	0c037a740094e9857ac9b3efaf8f8dea3089728d9c8c73fe30a816df92d3f63b	ECL5:83:4296
ecl.5.83.04345	61	7af44fb57052af72d0ee66cb17bbac61e8e9191d602768e7a02568e85c649f72	ECL5:83:4345
ecl.5.83.04394	30	eca3cde7187a0781bdf2cb2fd57e682cfb7ab4736a497cf845e8a8f4abe77c0e	ECL5:83:4394
ecl.5.83.04435	62	1bb4eb7210174401cab2a202311bd0d10099a9eb2cdf675a99d9c5449d1bb231	ECL5:83:4435
ecl.5.83.04485	26	097e09db8c23fad0ed4413868725e8c9930000e8a051406f52ba16e3995e7584	ECL5:83:4485
ecl.5.83.04512	50	c4a3c6ede9a2e2b64f3f7493e67942d1e2caf2feb7e9b034ac112a8e19f234ab	ECL5:83:4512
ecl.5.83.04553	52	a3bd6e5fb6eac1e335a3d05ef545e61b87700a615c3f9785f06e6f5d3febf365	ECL5:83:4553
ecl.5.83.04556	110	353cd47a77034f6303a7456c9d7dfe457f895471242d01f7ae0464c32231f278	ECL5:83:4556
ecl.5.83.04595	59	99254d0d8b2250d09baaaec1a9e5ef35f444b14b5c94f96af92a86561eaa02c7	ECL5:83:4595
ecl.5.83.04643	15	c62395df661335ab0a616e98039e8e7d20f5ddebc834bf4ec836c41a75842597	ECL5:83:4643
ecl.5.83.04677	50	db112bffe499853bd09621c843ef5c9237a4f37e04eb43836330dc4ef76b0d8a	ECL5:83:4677
ecl.5.83.04718	53	2e16b222a27d5fe6acdc8434beb62fd9037851ad5ce643f7e72db3bfc868569d	ECL5:83:4718
ecl.5.83.04761	55	82df3fc344a6e331bb03f28a73187d5e6659650edc2908f71f2c97476b1d0a91	ECL5:83:4761
ecl.5.83.04815	51	d417e1ba3378765facdf35a1281a95062158925a05600f77628c8fb2cae9ec35	ECL5:83:4815
ecl.5.83.04857	54	04cd3ff1a2f07d852a83ab620a15a960cfed7fe2b94920e519cb29f1f32c8cc0	ECL5:83:4857
ecl.5.83.04901	61	3762ab1b1f5041b362ce1f4fa373767bd3d738e9cc3897e8581dd769f60094bb	ECL5:83:4901
ecl.5.83.04965	49	ee522c233fb355a278d58d7b78f730fdbe53d51eecd47f909125108086cf99cc	ECL5:83:4965
ecl.5.83.05005	55	cc6b70c3fb45005ba31a6a59974e92b06f0aa5095e5cbcd031dda5afd4f1bca2	ECL5:83:5005
ecl.5.83.05050	60	d2dc63ef473299b6d59ff9a2a7ad02f9c4670969e39da296624fbb1acef796bc	ECL5:83:5050
ecl.5.83.05216	35	1497af3c7bf30c37ce5459ffdc4ef02d0051c5e9fdf22f2a2eeeccf4a57141cf	ECL5:83:5216
ecl.5.83.05266	47	c2e43628c610da4f14d97db4207c6ef26acc596ab08cdf5c975b2d3129d13e2b	ECL5:83:5266
ecl.5.83.05305	56	78a6aaa3bfe49ebd8556e4465644c969e341c79f1e9a32f609fba3d987713a11	ECL5:83:5305
ecl.5.83.05351	26	535bb516ba17272de5a5f840caa8963e06832d27acbb61e7e3593b3c0ac6163c	ECL5:83:5351
ecl.5.83.05406	52	be00ccb9dae25f70a10015065a058cf923e9397cf2054797b49959cb3879f740	ECL5:83:5406
ecl.5.83.05448	52	77a33c2a46399ee8d8d0c35ae6349c69e9b8d229336c80ea605c24f2efc3162d	ECL5:83:5448
ecl.5.83.05490	21	fa234509fc547896cb1a3eee5a697d10eb7301d5127c0608b5ef6f0c0cad6550	ECL5:83:5490
ecl.5.83.05531	51	5ace109320a0c786abbbb33c805ede2acb6c369cbfc95cb8c19486214f8cba35	ECL5:83:5531
ecl.5.83.05573	20	d56eb312db227b144151d989e727e8b90b09fdfafc94ca60cd5984a40f4ba500	ECL5:83:5573
ecl.5.83.05598	30	434d1798f6bff22088fd161d7a8d5840a61490333ca102d406782efb4d204d9f	ECL5:83:5598
ecl.5.83.05645	51	0eb3ebb5bb7d7b4f95b29877a3d7e4d07d1c20cb48ce1c95a6eb1eab6d5d6c22	ECL5:83:5645
ecl.5.83.05687	10	2205939476bdc3e7321f479b8e2a0710e6928e212a7d8f6ee4525f65c4daa1c7	ECL5:83:5687
ecl.5.83.05699	57	48956dd53fef457965324f7d7ab8dac27ecd9204d140f02a9710094f60562132	ECL5:83:5699
ecl.5.83.05745	36	a1aa477f9505e0f2aa856d159a08d52b5ce0388b7b94029b363ab053f86d1538	ECL5:83:5745
ecl.5.83.05781	49	6e65d4e0f96594960772fd31f280d6862490a43ce671c505e5e26eb6d4791aeb	ECL5:83:5781
ecl.5.83.05821	52	4ca240291faed918099c317d817e07a2e597abc1a2590b535c4224c9dff2c42f	ECL5:83:5821
ecl.5.83.05863	9	0673d4a51b672cb4dbf7e55290a7875ee15780405b60b51d27997a97dd0ce03d	ECL5:83:5863
ecl.6.94.00026	25	2856d4b3c1217b9bc00bcb2a31f0e48d3df78d7ce887cf2e7619bd51d7da660e	ECL6:94:26
ecl.6.94.00060	46	7cff9110324688c7286af2551afaadda75b39f86eb12414a6762712bea460c2e	ECL6:94:60
ecl.6.94.00099	26	d6c70dc8a158c62101a3a8676c967ada7455259c2194446e4407bdf1f267767c	ECL6:94:99
ecl.6.94.00148	24	aa281be9591485d3dee85048da1bca9e2613c89f80f4624b6ccd69c004599b6e	ECL6:94:148
ecl.6.94.00170	56	57c41d2d15df07db66f7a52901e7ab4f8feec4818da99244b2b584675269eb7e	ECL6:94:170
ecl.6.94.00248	33	dc4771a40420d38cb92ecdacfe494df8a65e298f343ee59db3d32b046548976b	ECL6:94:248
ecl.6.94.00280	27	37840798ac460bd811f18000030dcc3fd940207430c89a18a9e834f9b13a9a2f	ECL6:94:280
ecl.6.94.00348	20	2fda708f89a0c4c63b2cf2f9c63b815800d9823bdd22540d647a5aa1a99f29aa	ECL6:94:348
ecl.6.95.00098	53	0e78aeff7ab673a587b115cce11feca78f3097cbb64385ef9320136852b26776	ECL6:95:98
ecl.6.95.00145	35	3e7f00bdec2ea59b71f4e712272d99e8fb6b0998ed3ee9217325df46761764bb	ECL6:95:145
ecl.6.95.00179	96	bf5ac9d935bc742895ecef3f6d53499a17189aa9d4eea650d54dde161c6a549c	ECL6:95:179
ecl.6.95.00258	67	1aaf93fe98505aeae74bfeaf0a56a6c7af49fc5a7bec7e4d3672eefca03e0fbf	ECL6:95:258
ecl.6.95.00316	67	f8ceb9d2819f46feb122a00f8a7449dcae651d159ac8d0ac0dda1d951ab5fa91	ECL6:95:316
ecl.6.95.00374	68	65d14b4136841f20bd5a37b57370ce2b79524dc6058d1eabe7996182f2f2c12b	ECL6:95:374
ecl.6.95.00432	39	b57042233803f63abb810c7bc594de19aa252d1f59d4be51c870960e441941d1	ECL6:95:432
ecl.6.95.00469	75	7902669804128142c7f543be5f3cddfbbb64e53ff754a732809ffc9321a7aa11	ECL6:95:469
ecl.6.95.00598	115	d25d663fbd730489d3c138d1b61386c90d20a2d088e0d428c7537671081f43a6	ECL6:95:598
ecl.6.95.00715	76	b33d953cc177fc8536a4b501895fe8aca9b895a08eafd73705fc1bf0354f127b	ECL6:95:715
ecl.6.95.00802	64	9385fdcba9558faf6ee9cc48baf2c9cbb7d699b05068150ed5ab0ffa8e4e9493	ECL6:95:802
ecl.6.95.00880	54	16164f9caf3dd996dbf4fc8c94be244893fa31d4b09c5b6442ce003fffdf2b01	ECL6:95:880
ecl.6.95.00951	90	ff853daaa49ffb7f9e69afa727e6d13dcdf127d8af0a3fb4e499493d69113a8c	ECL6:95:951
ecl.6.95.01049	64	90e0b7db66d7942610ad59ae4b5e96460a8ca14addd8dfd8c6ae9aae01449e36	ECL6:95:1049
ecl.6.95.01127	82	1738273de1ec894e9f75a8183b040d41e45a5fe402d587284042653d39cd4510	ECL6:95:1127
ecl.6.95.01219	72	3e01413f4b5c59a36bca16fc568a0a8459b7410abcc6eba9aa2f7be2f3466cc5	ECL6:95:1219
ecl.6.95.01345	111	3c83fb2942427598f7d951487c64757b3f9f8267b936f97da7130e615a421fe2	ECL6:95:1345
ecl.6.95.01485	102	b07eef61c7905ac46074743cf5f7cc9f61af7be37b8783e210a1d1dee8f7deb1	ECL6:95:1485
ecl.6.95.01593	96	539a0463f84de726fac1676891c31ed7ea757608490f568463135282da389091	ECL6:95:1593
ecl.6.95.01695	92	d67cfddc872a5873738b26fdc902b0e17d04b1a7abbe027805e639fb5bece2d0	ECL6:95:1695
ecl.6.95.01794	76	e756bfa4d68c76036c05cb88c2905fb1ae2e48bc1a26abb7a2a999ea45f0bbb2	ECL6:95:1794
ecl.6.95.01881	94	e170c0239ee313a861db310cb8833f560d799f050e42c947a8fef138226f3562	ECL6:95:1881
ecl.6.95.01982	102	751a09a9c97edaf74b877e590758f313ff43050227dc2a7d1f5249a3813554e1	ECL6:95:1982
ecl.6.95.02089	76	5829b5ced969efcf28bd9c6e2ef2a19818eacb3353854df98fd4e3540705c4c2	ECL6:95:2089
ecl.6.95.02176	93	b36c70e65e1204caf2033a8c87ec806044509b282670ee8313815a80e77c83fc	ECL6:95:2176
ecl.6.95.02266	102	b170dfc2856afb4f2f61213458ef67082673130ca23c6c3e5facfaf9e0d1f3a3	ECL6:95:2266
ecl.6.95.02347	149	f960e2b2cba584a17de2310cbd95fed96778a6af60bf22b0c9a45a2eed722360	ECL6:95:2347
ecl.6.95.02514	22	227e130a9d92fc21dba56d1230d6f0fec8b1d8682c61bc0e701c7ddf7ee6e56a	ECL6:95:2514
ecl.6.95.02573	89	06032f80ba4ba654916a11db3cfcc272380c61de852d01162fc68fb0437f39b2	ECL6:95:2573
ecl.6.95.02644	75	e6fb43a4d840d806e7507e9b66293e40cbc7318bfa58c2271efdb31fd3d04f6e	ECL6:95:2644
ecl.6.95.02828	30	44e6e80451a326498b11ca9a0977f0125e9df086d52d2810f78b1c3b253c9df4	ECL6:95:2828
ecl.6.95.02873	56	19929de12c263a3395abb5e88c7d4d393c5d47f18999257f73ac1b99f1a99987	ECL6:95:2873
ecl.6.96.00086	166	aeac9e7fc435904b8133eb47d6c17abd34d517488ceb760bb137f338d614ada4	ECL6:96:86
ecl.6.96.00302	89	98fbeb242067993f4894e03c5a297e977a4fbf166a4c89ee8bc73af654947813	ECL6:96:302
ecl.6.96.00390	61	43763fbd226017ebe5eb720254bba15cdb80c66244673cc153e32739edc8fcc7	ECL6:96:390
ecl.6.96.00480	46	4935734b25f7b7530d213bdbe9cd187919d2883c3a065cc6f7eca8a55e2b8d29	ECL6:96:480
ecl.6.96.00543	91	d49d868150ffecd82b3f8df9890f255558f901c2ef6139a382d2f148f24a6ff2	ECL6:96:543
ecl.6.96.00621	30	a2650619aa7f3782fdfb16dac8e93250a01ba1730a07f8af5a52c1613a4b6456	ECL6:96:621
ecl.6.96.00724	79	f4cb28b3e78acb8407f100fe770a736ed40fb51dd3e126bc52889c8c2161f701	ECL6:96:724
ecl.6.96.00865	49	3ae0abf70a3ff71d98fe0e1038e17042912e311705ab8ff39ec1c3a316f3a44c	ECL6:96:865
ecl.6.96.01080	101	d84a7d64577faa871486360be935d19ecf5805fa2d130f7f7c5b53e50c03466f	ECL6:96:1080
ecl.6.96.01161	59	e14070b240078d3ae04a96683bf89c6c762b9b0ac02320b1325fe55a8e36b362	ECL6:96:1161
ecl.6.96.01234	207	37e669be8123521f04eaefde42e9fca9b82dc79a705033534c73ac702ea0f0ab	ECL6:96:1234
ecl.6.96.01394	14	776a1781e842409d64f5dabc50a715a8934e83855228d1a1da8687fc113ecd87	ECL6:96:1394
ecl.6.96.01408	16	669ca9d758f6be1b7ee79270241b922bb2bf94d4cb9de57340b9fd8469565e1c	ECL6:96:1408
ecl.6.96.01426	157	4a832e0f75fbf38f7789268c300ab80d716ee184abbba60ddd4a809ab64c82c0	ECL6:96:1426
ecl.6.96.01569	32	f56416607c3f8434e676886dd3b631e9ddf828bdd2816cbd50b5bf677877dfab	ECL6:96:1569
ecl.6.96.01597	17	dc0fb9f25438d8da8210251c356b3c9614585f52059f90443beff3e863615354	ECL6:96:1597
ecl.6.96.01656	50	c1f67b8be25139e35c74e958a462f0cb6b587a585a8f62ea4fa9946e614e15ab	ECL6:96:1656
ecl.6.96.01708	138	79105a7a982a7f45f0cb7c7f1270df264392d00c851b2e8b15e928c1e2fde2c2	ECL6:96:1708
ecl.6.96.01815	16	be824fce41af59ae7dc2eb25edfe2d801ae1df989f63a0cf3c8d9c58d2cfb194	ECL6:96:1815
ecl.6.96.01832	40	1a7e27524f3a827cab9b66c58bb6d9c03fa350057e9a11625dbb6d4d9253a2eb	ECL6:96:1832
ecl.6.96.01867	66	e618c56d23010a0e82bfadf8207a6f361f67fca0c0f003766af93a4094aa3882	ECL6:96:1867
ecl.6.96.01945	80	75e13ebae82c872b058c15c494876e26f20a8a96e141693da4cef989e2edfda5	ECL6:96:1945
ecl.6.96.02030	61	d119736f7b5216f55f2dadf0c11fae7ad0eb57ffc881583b31a452e18d15b944	ECL6:96:2030
ecl.6.96.02123	114	585ed21cce501bf0200c0d6dbfed226e670a5ff5137c90607cfb3a9a6be4bc9f	ECL6:96:2123
ecl.6.96.02223	53	cb004d7879cb306ddf66587c1e8f73d3f1d622ad8e568252454155e0b7be2565	ECL6:96:2223
ecl.6.96.02304	37	4ebd30c6c0050bf00fcab03e9260a7c01d8c5aa8140025036c31ab9eabf3a4dd	ECL6:96:2304
ecl.6.96.02339	19	6474d0e51bf433540287e88ec15a476cb4ed8cb68160cd1662a8d7222e729413	ECL6:96:2339
ecl.6.96.02374	115	5ada3207a5ef86faa00433c75ec3143fecf2adb91cae8d41ef029f2184374948	ECL6:96:2374
ecl.6.96.02466	144	b78ff816e6249d869d1178cff87b1492b2a0552518bc7328cd6811c6a8706913	ECL6:96:2466
ecl.6.96.02589	87	be1f227b09b907f6acf50ffee1d8ef2179c3dae56d06d97f56972714d07e81a8	ECL6:96:2589
ecl.6.96.02659	37	3465eff11417b9327056a0e4c0266d63b0e3195c09c905577ad9e19eb9b6df88	ECL6:96:2659
ecl.6.96.02712	151	8dfbda83511615cc860eb99f25a6c1fe43d4c98e3f87649a5410b2f3cf028f01	ECL6:96:2712
ecl.6.96.02830	146	38ef4459db66a6407630c3611772831585fab5decf368bb56057f1401678c503	ECL6:96:2830
ecl.6.96.02944	198	797f5f7efb5810a4edb57313de3c787c99785929dcacf39bcf758975a6a4e498	ECL6:96:2944
ecl.6.96.03109	136	5788be8975f6e93e8f9d859051f4bfb8f595b7851aae2ff00290b71df0eda279	ECL6:96:3109
ecl.6.96.03256	72	82fa0a44ca418ccb63e3e3323ca1b6772aa804af231f1eab6c7541e9a355142b	ECL6:96:3256
ecl.6.96.03315	138	f780964da0aee665eadf2787212335dfbb27b79338563d92c6764949f559c04d	ECL6:96:3315
ecl.6.96.03423	134	281ce76a3bf6fda7878f7079bed8c207d2ebd056d996469812ba01bfb0cf65ee	ECL6:96:3423
ecl.6.96.03561	48	337111c137b246a698a519e8a1aacc37a08eed22cf868234f013cf0464ddb1de	ECL6:96:3561
ecl.6.96.03623	154	3924bc55aa3f91cb5b5a103874390a5217e175ef8fe0bc18410fbc06ed934a00	ECL6:96:3623
ecl.6.96.03855	126	f5d9392f2922ecc4d21209ae9351bae9dd6db6482c16e1aad1fe866f3e8d5b1f	ECL6:96:3855
ecl.6.96.03998	165	204d61fb8b0b772e87ffd1e199aaf1058295ccf49796542419fd90919af9a289	ECL6:96:3998
ecl.6.96.04148	131	55c0842ccc4eab2dfe2800f733b75a0da52389e60cb54bfbb72ec98a80d71491	ECL6:96:4148
ecl.6.96.04255	11	1a917d6ac8acd34ecf7b166e4fabc55716b6f334fed3d6e5d299151d914a85d1	ECL6:96:4255
ecl.6.96.04286	96	91c136209403d3838fe68199a8f06bda24eba5678c4c95e6efb3cc5d528e38dc	ECL6:96:4286
ecl.6.96.04395	63	afe25a11babe67e428fe1a7d7b0ed233a7498f12ad00d170feef74aca00c3fa8	ECL6:96:4395
ecl.6.96.04470	32	0c8ffd9a303ee1c1f2e65cce11b6057b6bcbffb1bc661aa110b5466ab10f1a12	ECL6:96:4470
ecl.6.96.04526	22	12728c47175b9d312f92386dde9ea80bebb3c5b87b55fd64dd8daf8fa197c47e	ECL6:96:4526
ecl.6.96.04561	63	38776f1d772ce809ff7d86b30b13a384b571ce090a56e0853c998164f12c4dd6	ECL6:96:4561
ecl.6.96.04630	13	7721a1e68b99509a317b27c87a89893510907f7c9c0fb54f095efa79ff666165	ECL6:96:4630
ecl.6.96.04703	75	f5a1a68e429991cc7e7d85ac31bc2cb3ceddf42d9893aafd90f0f168954b908c	ECL6:96:4703
ecl.6.96.04804	30	b91e7d69ef3085900e5dca90718da97e0b39fb13adedc8aa37e2611e1d94634d	ECL6:96:4804
ecl.6.96.04831	32	b75ea0eb0db5dce23fa5baf20c2858db674e56ac8c3bfb5aa5a924ab981a75d8	ECL6:96:4831
ecl.6.96.04862	125	28a566564df1a4eb87012311be0d53a380e326d9a3b8367651a0fe15096107b3	ECL6:96:4862
ecl.6.96.04970	46	7558cb205c893c80d42b68ae38cc35e90d49f26ee4ae24d01d3583245c29926a	ECL6:96:4970
ecl.6.96.05038	20	932fdff8246cc48dca850b534dbb37f8f1b9543046adcaa354d6e7b2afb32383	ECL6:96:5038
ecl.6.96.05067	62	3c4d614f67f7c318c970fda436df0bd36823076b13814f2fc43715b70b5b0cd3	ECL6:96:5067
ecl.6.96.05142	35	f42270dbc61609debd4524168cd2d5b2fef44a42c0cb3ff50ab94d40eb2319c8	ECL6:96:5142
ecl.6.96.05174	37	5a7d9acd35a80ee770e4019782f51e365a8fbbf0e618185e66b318ab800fafe8	ECL6:96:5174
ecl.6.96.05211	25	de6ae028074f0aae39f78660def6ab2aa2b9877cf820353589fb2ef532d0056c	ECL6:96:5211
ecl.6.96.05260	79	5daeed29a23a73443632feb2be7a7a6d1f9aafe49d3554c1fe55ccda4023b2ab	ECL6:96:5260
ecl.6.96.05325	26	6299ced9a9da1db06d7f1b4c540035144d640bfdb514dea214b6d264bdf05144	ECL6:96:5325
ecl.6.96.05375	75	717dfd887d5ace0a9326baa22a801dfd865e348b1e4a65a9acbcea39f364663d	ECL6:96:5375
ecl.6.96.05437	19	c57f77ad9c1131bf80f6af7180f7b6ef5e4cc0a7ff1d988a25acb4a4b0b2413e	ECL6:96:5437
ecl.6.96.05482	91	256c8a11a632603a40768fd1195a54d2b57efae6fe8aa59ad7be952ce574cafd	ECL6:96:5482
ecl.6.96.05556	21	fedbd499df7c1eb1025f509eea5e0b9ceb4e067e0f6cab6ee6c6d64f5e6d77e0	ECL6:96:5556
ecl.6.96.05602	115	a2372512053a158a96e9135a337186a0505e448431cfa133ee88da3f1669d41b	ECL6:96:5602
ecl.6.96.05714	104	84a737d30dfe78434fc2918530f347f6313028b6cf30600b89f00a067744d674	ECL6:96:5714
ecl.6.96.05817	66	dc04bc4d9cc21ec244df5f9569784a16dfcd1607ef4ef7bc13d3912735c6c834	ECL6:96:5817
ecl.6.96.05892	49	22974a5879b3b021890ba8f8cc2903312600e55b860cc9b183741f519dcbf9d7	ECL6:96:5892
ecl.6.96.05954	65	4b45690f8b9f6df41c71a6c974ff2ea47ae908e0be1ccb00f8d283a690df0990	ECL6:96:5954
ecl.6.96.06077	66	a087dd8a6c771cb1a728f9b7a5f832201f4b552594ccfde0320190d261b1ca94	ECL6:96:6077
ecl.6.96.06148	38	e08a1a382f97ba8dc8bef43e4fc3a2b526a56b4c15494264ed4347bfe0e8b8dd	ECL6:96:6148
ecl.6.96.06199	70	5532f47b81747de21a6bd0669140f484ba4367c7a76603d3b65920a7398866de	ECL6:96:6199
ecl.6.96.06286	29	4278c35f54e00e0e3b5590879eafbc238ea642ebd518a2a74cfee2b7c49a7a36	ECL6:96:6286
ecl.6.96.06376	75	391c57e353d5ec449ae2edd2a78fcbdf04e16355c0cca13289b3980616ae22a4	ECL6:96:6376
ecl.6.96.06438	72	cd988097267541e70cea4b60b7f9d42e3d1b86de1c03ee203cc7ae2821984ffb	ECL6:96:6438
ecl.6.96.06497	98	10bb7d1c5378e1ce236e6bee78cb57ee1e96a7d745e14da08cec10b0fbbb8632	ECL6:96:6497
ecl.6.96.06576	30	710f3c40640c94aada2f32e36702efeab4381ff35948494c8aa3f0ed8aed95ba	ECL6:96:6576
ecl.6.96.06646	129	f0a3d2ecfda2d3f8f08c7b80d40c77f8e5319d68fc4026428d6f526eacccea8a	ECL6:96:6646
ecl.6.96.06789	159	835bb8fa29587a1e1192937c394c99348e7e834058248ffbb0073114dd262994	ECL6:96:6789
ecl.6.96.06916	200	e0c813fe0c0397f62105351f67d92daf12f214bb8eb100ffc436dd8dc13f7127	ECL6:96:6916
ecl.6.96.07078	200	d2d0b904e9447c192c55e0be2261b584056cfee40678b01f858bc5ee53ecafc5	ECL6:96:7078
ecl.6.96.07377	68	8028f407aef087b16c6ed8ae6d2f41091e9dc906c82ce6f9e7096c3b0821c18e	ECL6:96:7377
ecl.6.96.07442	78	58ba9d34b7b142b02b047313345c3e23f077ed2a5f024ee9e2b7174b5638ea12	ECL6:96:7442
ecl.6.96.07542	136	1f47499b3ecf1d9d0c6afaf0e1d91e1cae81c9462137ce70e666522fd80ae8ee	ECL6:96:7542
ecl.6.96.07701	99	1981b723dc2877662a559b17d86b6736d397718025544df9ab6ca771b0127df6	ECL6:96:7701
ecl.6.96.07798	34	4fb8aaa057502facf62bbcd1e07f8dfbb18ade25c34b2c92f7f95fefe07b157a	ECL6:96:7798
ecl.6.96.07833	63	5870bbe4227c673ff0c31037d14558de78e9c45245aad96848e20bdd224f825d	ECL6:96:7833
ecl.6.96.07900	111	63b84070c2ec363c05ea5bbb117932a89a643717c0ad30d638dd292b09b9acba	ECL6:96:7900
ecl.6.96.08038	56	0de897e36ba442b85aaac7defd8e9f06e15f692bd592e8d2ccc3991846df7fc9	ECL6:96:8038
ecl.6.96.08090	38	03fec4852f445aefcfa470fe7ba9480ef3dee4546d5793d733726d98666ff772	ECL6:96:8090
ecl.6.96.08152	65	90012c63a2146c10854ffd28190f0bb682502d29e83f01d60e00676e995ac04c	ECL6:96:8152
ecl.6.96.08219	9	a0ad5125a441bbd929a618d8162dd39f3cf911195e29299a514b27f06409d09d	ECL6:96:8219
ecl.6.96.08252	97	9609e597b23c9b726ae31fe86a0a1ac491c13fdc1d37bd9f2fd397c7c58102fc	ECL6:96:8252
ecl.6.96.08334	92	525dfb9b6e473cbf7ee32f6a6b8a91c996982f9f233b334fc1c77cdb453d102f	ECL6:96:8334
ecl.6.96.08412	150	492f58f659b3a24e8459765b1d8e3d3112dbfc05c0c8d2f78a2ad98074fc8959	ECL6:96:8412
ecl.6.96.08534	77	5f5f22cc314b9f7e7fc4b5d81f4a4fe8e52fea7c498bed822249e3fc3271fda2	ECL6:96:8534
ecl.6.96.08637	13	d983a8e42480d3811081f057919a3f7fc07aa9df7ee896a080ac543de3a992bc	ECL6:96:8637
ecl.6.97.00375	52	595f17035348ab4048f186b2187ed2f95687cb2f36d4705063ea32de65bf5f20	ECL6:97:375
ecl.6.97.00417	52	2eb33c18c237a8023400abc0afa5ae7d9beb914bde0373ccd6fd13c609719e6c	ECL6:97:417
ecl.6.97.00481	5	299900e611b82e5818ae34317d5a386d66e41ed6b1d4bc624ae9ec664f15c87a	ECL6:97:481;ECL6:97:545
ecl.6.97.00508	38	b5ff0ec00d594bc27722c2d9add7a353bb4dd40233254b219c70f332d46818b8	ECL6:97:508
ecl.6.97.00559	10	b75bf0b97aaf6311b4715cbadbe8481a8df641fdbbf2f05a98702bb3a7cc4f3d	ECL6:97:559
ecl.6.97.00634	50	fc7dbe68875f696129761f6944bb72e29e21c1269c439ea7bafda72923e3bf77	ECL6:97:634
ecl.6.97.00716	37	b2f72a6503724e87e057bf26852f3d3b46fbe6c9d0cc0bf3616b5e08c8f33a11	ECL6:97:716
ecl.6.97.00777	37	f15b8455d75fe2e542b5e674245da72f61940e147fa9c1bee8e8acf271264487	ECL6:97:777
ecl.6.97.00838	37	1134a7a4abb923b1b7aaf9fc1153d9acf28653ac51a266d819471e98f258ab3e	ECL6:97:838
ecl.6.97.00899	37	3c71e296964f3f467d26ca731f3d04117f53900b6c1ffef8aa4e7093ae3179d5	ECL6:97:899
ecl.6.97.00988	37	da67193d2671284a88fb36b39fe439ffe34dfda181ada79217b694c0d5b82f43	ECL6:97:988
ecl.6.97.01057	37	b0cf61b733b82df0c7847f1693313c73ead051b8e5a86e7b9419db84c0c70384	ECL6:97:1057
ecl.6.97.01126	37	98467345decc7e74deb023bae2f920d433c59e82826965b1a9e941275d39d107	ECL6:97:1126
ecl.6.97.01195	37	c5e508f643bcc2f99d711dc871391bb27aba860a93fff76457af4c2cf6f1ddbc	ECL6:97:1195
ecl.6.97.01244	47	4ba680881dc217d94b5c3aad330ed196c8168c3dc1eebb244a18ce9a56f89a23	ECL6:97:1244
ecl.6.97.01283	57	2d4f1ed74432d849a55049fb52939ab3eb3ed95aae7f43e49c48f898a0d31067	ECL6:97:1283
ecl.6.97.01329	9	bebf827f3de337bd0bef86d44063724b1c121d695341e0a0edebc1916bb60ea0	ECL6:97:1329
ecl.6.97.01395	46	653d9a3607ebc966358cb8d5b47eb225b4308143c9813630d38a42f2d5cbc3f7	ECL6:97:1395
ecl.6.97.01433	43	5d13f203242e8f0cd82c13961c88c04daf167cdb41b22696d2deb1f1c63ec6c2	ECL6:97:1433
ecl.6.97.01500	48	7bcb04d978dd2361984beeed480f438f75dbfe82f796f9ff6a846a430f6f1803	ECL6:97:1500
ecl.6.97.01539	12	d549b0c520e3d69e3029a8cf691867200ea778840b28b291899fb021e36de092	ECL6:97:1539
ecl.6.97.01575	41	5e63161814e1ec6781b2501f698a71fb79b9c13692eee42d21697ab6b78bc92a	ECL6:97:1575
ecl.6.97.01615	30	3904dacbfaf9d04f79d855d62d8271e16b72c9b774711e54fc2ee479ca1f8a68	ECL6:97:1615
ecl.6.97.01714	42	607ad3a534adbce33bb733b34740b36615f7933bc0a6d7e79ff5502545601289	ECL6:97:1714
ecl.6.97.01811	30	efd03c4c05069eb8bf497f84e268b10895ae389eccfd3d0cee2ad29e32edd20f	ECL6:97:1811
ecl.6.97.01837	12	3c7841abf9b1305dbb9c24cae35128655f1fbf42e066dd58e678948f4a68ee38	ECL6:97:1837
ecl.6.97.01851	45	9d9d9e97fed62a5a58e6304a3a0c47dc8bb8bae8619786a74415590a20e8b50a	ECL6:97:1851
ecl.6.97.01916	53	3a737b4c8eecd9837d05c63188baaef02577fb9af567ed2cb6aa8a0bd92a3f2b	ECL6:97:1916
ecl.6.97.01971	44	a806b7972f1ed88be94bdbda96889fd5bea44e7d58312e3b6f375101a76223dd	ECL6:97:1971
ecl.6.97.02046	55	1f637328d7879c9630d96a873daa25fb12388389550cefedbe21c6851ad41537	ECL6:97:2046
ecl.6.97.02091	48	1703ad6fa59cfda39064938cfe93511860fc73e46e5de3634da09c7296d44895	ECL6:97:2091
ecl.6.97.02158	52	5741847f54405ee7cf873ab7ea2a66a0fca3f9b54d589dfc48a13a3bd9a92ef2	ECL6:97:2158
ecl.6.97.02200	28	36dd2bc926e3e726dd446dac82e0872cb64de1ab43a5f65ee70f4fd7acfc22a3	ECL6:97:2200
ecl.6.97.02228	53	a1f6367df2c60f772bf677b5cf0d79d2683862b9e66b52287398f3b61b606a63	ECL6:97:2228
ecl.6.97.02271	17	b04bf7af2ad8f12303e7bf85f164e196b3ee241a2e424ac390a8a5e17dd79807	ECL6:97:2271
ecl.6.97.02287	55	a8571b66b1f49f4f384fbd68a6c53beb3817119b343e7d2a0b5c8602274571f9	ECL6:97:2287
ecl.6.97.02332	22	31119c97b50176bea3b3e211f56e44347da6bf424dbeb35f68fb5a5129bae61d	ECL6:97:2332
ecl.6.97.02380	36	465656833a634f26438435f59fcc4db4eeaf7e641e167a305c33702198ed9d83	ECL6:97:2380
ecl.6.97.02421	48	dff0526beb2bf55fb5b597c5a71fafc39cefec5913ef0f0ccb1c89a13d12e55e	ECL6:97:2421
ecl.6.97.02460	54	02328e4c75ccd2f419e02e0f6865247b1175cf9e429e7736c3f20114219d981f	ECL6:97:2460
ecl.6.97.02504	22	0b9b3b04be2f41556c0c097f90fabe685fa986d9ceee28d506a46f5f7a002726	ECL6:97:2504
ecl.6.97.02525	48	bd9995f41e568e38f122e492ab66b912819a5be23c325d8e50a2060db06dedaa	ECL6:97:2525
ecl.6.97.02564	52	e70e5bc25707d96304e9c04549dcbe0b1d2ecee75b4018a374c6a93cacf87c52	ECL6:97:2564
ecl.6.97.02606	54	69d252721342ace1e03917bc9b57118e1380960f7cebb422c044026e0a9e6f69	ECL6:97:2606
ecl.6.97.02650	25	d1d66ee12f5dd81fa4ad24debc0ae1c58771b041344f5583431a82f74d23735b	ECL6:97:2650
ecl.6.97.02696	50	768f8f58a9514f1060ac1c8ce545035f8c8897c61639189b116da1a2df44b1e1	ECL6:97:2696
ecl.6.97.02737	57	033ad8bf32c3e90124606827628b01593ce7deda3947fd1c4e01bfd69610a08f	ECL6:97:2737
ecl.6.97.02783	33	8610dce2be2e15439455f23320b351293112761f64d26d4fd82b5939b1d28909	ECL6:97:2783
ecl.6.97.02843	14	efc6f799de8f98ce22b91cf0f0db357e71a3aab809e9fc19de7729e42fe1ef25	ECL6:97:2843
ecl.6.97.02869	50	932045672d38d31548b0225dad40dad1486541d07f30d971ba268a891780e9b0	ECL6:97:2869
ecl.6.97.02917	49	81a7a76234cf972ea86803e6cd2c5c5fb097d3d84a7ddf78473d2371ae68f766	ECL6:97:2917
ecl.6.97.02957	49	8e364e65b6873a8b7cd21199159453ecc84d5615e2136fb3e2818be84a44282b	ECL6:97:2957
ecl.6.97.03050	49	fa1c0943064638aa46385955d0857c223547c05f358b37067a522afdc91bddc2	ECL6:97:3050
ecl.6.97.03090	35	e4a612389701a5d70efc37048755f18576277930260f7fce6f6f874749e6b6b9	ECL6:97:3090
ecl.6.97.03127	49	8064cfdd9c57105a4046798e7c82045ef79dad2018524f0e5f252ce0a617738b	ECL6:97:3127
ecl.6.97.03167	64	3d8acbd7fcffdc261b74e695c51016ea9adf9b8fc79f811f5a86d2c216f889b5	ECL6:97:3167
ecl.6.97.03224	15	7b813a832b56da8c599d5e3301a3e30f11adc41334b58ce2f13a477dfdfa2436	ECL6:97:3224
ecl.6.97.03240	47	f20b8ef2c6b041c35951a7732a0b3dd33d6f95d15ecca3d0db8cdc587aef711d	ECL6:97:3240
ecl.6.97.03279	49	511b219a45d9b3f6e433604460453995ed6af1deb74ceef03f5570cd3f25d0d6	ECL6:97:3279
ecl.6.97.03326	50	f47cf172f6e2cb98094ca535acb118cbd724b536676c456f308af8e1e8c6a93d	ECL6:97:3326
ecl.6.97.03367	58	716a90e5733e404ed247da1a4a532db9636f5c3783094742048f2d9fda848a41	ECL6:97:3367
ecl.6.97.03414	36	5d0c4eb659de5b662546077411d46b3c663ca4e17ec8f38210f389211a5bb25d	ECL6:97:3414
ecl.6.97.03477	46	a443831014cac184bdf0f97fac0259336c1ef10d3eae4be25195736042103528	ECL6:97:3477
ecl.6.97.03515	60	6966894d4f3669b48d83cbd6b44f711430420c45b6842221ae90099d5e4f3aba	ECL6:97:3515
ecl.6.97.03563	18	c9d2642ccebac93f89582d7008e2d446ace83025906665ade1f862827f267a18	ECL6:97:3563
ecl.6.97.03581	9	4f72e6ff8e237d11f566e3cee8fbf71e903207de0b16cd8eb36c083a39478695	ECL6:97:3581
ecl.6.97.03593	51	d61c044311bc9746bae85f61ab973583aa3c43cfe1903aa062d0547e9d129900	ECL6:97:3593
ecl.6.97.03635	13	ffa46ea3c2a48834a511e103a8313d4b5dd4d777c218ad6aa25fd9a6676e5b87	ECL6:97:3635
ecl.6.97.03650	16	802b06c0bc510cff37e97641d6ed02837bb9db4e3790f1a34e60d2db2e513bb6	ECL6:97:3650
ecl.6.97.03672	51	cfef7a3cd10dc295a01cd1ab91cd9fb510ec997d7cf5441a2acf318d16c3fd73	ECL6:97:3672
ecl.6.97.03714	34	e0d0cbe2e4171c01ecdc2b42b0f7921b618ba2592c05cb137b4f4b712fc826da	ECL6:97:3714
ecl.6.97.03758	48	2ea2600ae86a4db48b28471caaadd6562fc889808a42816002be241fe92ba2b9	ECL6:97:3758
ecl.6.97.03797	46	24260234c30cc0e90864252fca107d43b1ab81bd7b98ee4b003c9d9b66561336	ECL6:97:3797
ecl.6.97.03850	48	8f84760d6c488b3fff8822e4d1cdd5ba66f68f35783d3dfd87ee36ed0375b516	ECL6:97:3850
ecl.6.97.03889	55	6b21fabd6a5077b65f06638d6a5cec95771fca565d56460865ca5d4a4070bc49	ECL6:97:3889
ecl.6.97.03959	44	307d02fe0bdba127bfe47acabb3de8abfc2d2a8093847e67ef3aebea2fa8f714	ECL6:97:3959
ecl.6.97.03995	42	2aeda430edefafce94c00f9e42423e1fd47f603c6a4dd3dcec849491176a2fac	ECL6:97:3995
ecl.6.97.04045	50	b1fd6ae62680f17e4561b03381475e36a0284642e0cd4b8a063e11deecd41585	ECL6:97:4045
ecl.6.97.04086	51	54957638dccb98fd40adfbc611c616557406a6beca1a9269a68c9a324c9a03e4	ECL6:97:4086
ecl.6.97.04128	10	3115244464862253fbb2f7c93bdb927f568afdf78a96276e6124160bb4bd393c	ECL6:97:4128
ecl.6.97.04173	55	0f69e2e77172e95718c5da68d04497e69521a46d081ed1b8782115c4099eb75d	ECL6:97:4173
ecl.6.97.04218	63	f5ac8f29acb70168265e19a5694feb438cb28a1f20a4bbd22edcc94c17750fcb	ECL6:97:4218
ecl.6.97.04269	26	27b931a53fe3cba3b88d78f81dd5324d6d065ba58fccb5d7aa2cdcd3a37128db	ECL6:97:4269
ecl.6.97.04298	62	27d666a02e9de72e25a484f24371adf4491bc563dd580eee04e55fc459954a65	ECL6:97:4298
ecl.6.97.04349	56	048814f611a1b7549b7b01b3f4d67ae092bc44662809f6d8906807fd0d361030	ECL6:97:4349
ecl.6.97.04394	55	128d12fb7a1cd1aeedc747df7e80cff9be5e6649aa775527ba931c43f9694115	ECL6:97:4394
ecl.6.97.04455	52	213158a4fc0a25625efeeee48a8df345a8adc352ccc80280484949b80251b0d1	ECL6:97:4455
ecl.6.97.04497	60	4b9f0fdd7ff46f876c85fc88e387583605321d0c82b306d857e7a7bc4b8fd310	ECL6:97:4497
ecl.6.97.04545	39	3b0bb5ff27eaa111f534a2ffb8761fcfb2c81ecbb6164f52308e0e0dda3d7610	ECL6:97:4545
ecl.6.97.04578	38	264bdbc600df97fa4a39a02bcbfbc278a8b2bb732fff32f35a18bc151c03d39f	ECL6:97:4578
ecl.6.97.04626	44	fb5208b1e60e7a023782daeb4b5961134813d7bd2b3f6952270fcbd779ca234d	ECL6:97:4626
ecl.6.97.04662	57	fa5c988bcfbb52b1f78548c03d01b2c2832503b361572788e3b8951a933c65c7	ECL6:97:4662
ecl.6.97.04708	32	4148c2a3e943093b99d6b2c3eb746957b287d41e8d0a5fa720cd46592a90d913	ECL6:97:4708
ecl.6.97.04740	9	900919572345cf7c970206cb93d8593f926dbc693c1cdb54c075b582cd013e45	ECL6:97:4740
ecl.6.97.04749	11	c8dde1197eef74fbfe9d37c7c5c1836e8838224b8376309a5af5ce2a6e1a9afc	ECL6:97:4749
ecl.6.97.04782	19	b8f1eb0f88f6a55e506eeec341199bb35d91110fba5ecaa20ed310643379be01	ECL6:97:4782
ecl.6.97.04832	50	84dc2a4d404fb5d61f730b99832008b6697e84b0ea946f7ee7f36c24caedd0e5	ECL6:97:4832
ecl.6.97.04873	55	616aeee5f595e3ea4de7807b4c7ecf0ffc6c8cd7469b28828c56170dac9ac5d5	ECL6:97:4873
ecl.6.97.04918	16	238ac41739446ad1337af1d862813b2019d291304bbe9321fae3f148de13712c	ECL6:97:4918
ecl.6.97.04949	55	7f74ef4dc04b17dc22b838db87df55bff3838c0eb8a1c5fc19b44c9684d7ed7e	ECL6:97:4949
ecl.6.97.04994	58	099f5e57a79d0c6b72e3e37719d61b9501ac110bce9d3f66ee60e7167e3cd390	ECL6:97:4994
ecl.6.97.05053	31	bd96995d7b1e1a5b3506943e20661456c186b545c54d357e938d3afed2c9db12	ECL6:97:5053
ecl.6.97.05100	54	c9c7d5c23d602deb45a93fbdfdb8dae5328ff28cc44bb4ab1743f253add2e2bd	ECL6:97:5100
ecl.6.97.05145	23	23b8156e79a3439479ffe25a8392c73302ac45542ba7bffa3893b8794cccdcb2	ECL6:97:5145;ECL6:97:5370
ecl.6.97.05173	46	5f2b9f18150a707b1e1424988ff16b173d7a409576a3705ddd193ae61d5dced7	ECL6:97:5173
ecl.6.97.05211	53	f4c80d4efe56a7d11e2324ed031c34cdba2b3ae4791bb96a5134ae14a1ef9af3	ECL6:97:5211
ecl.6.97.05254	16	c44079ce886ae36a198c4382931a3eccf6ffb4001a2c324ef05288ae1fead376	ECL6:97:5254
ecl.6.97.05285	52	1d7a169b5d13d80d69bedba24224dc578d625a11c97e93209aa37adca8dc2eac	ECL6:97:5285
ecl.6.97.05327	52	a258bdb01515bf81c1bb35bb807d291c02769a5d9bd6213cf4d0f1d99269d4d1	ECL6:97:5327
ecl.6.97.05412	54	5ff137a825d2ba3d726e4089d7eb1e9a5fbf7417a02f24700dd42799e2a1481b	ECL6:97:5412
ecl.6.97.05456	57	ce049ec1ccc9e485ae51aada6552a33f1ce268f72c15743d6d9365ccd7f18d8f	ECL6:97:5456
ecl.6.97.05502	54	ea76e6fba8de1ed83d920296dfa2eb9acb4bb040d4d8ef96c975f763aa79f7f8	ECL6:97:5502
ecl.6.97.05549	50	7663b7a03b834a55cb468bc49d15a5519739a472c85b4eb3020cb4115c8347c4	ECL6:97:5549
ecl.6.97.05604	51	6c3b10bcda26c361436126fbc367f62a734b266e215a77edf2e49c7388c96675	ECL6:97:5604
ecl.6.97.05646	15	4295a99a1b28e59e95b0f8a0a8ce78ca5e51a6d02039a55b4e6a488de2de151c	ECL6:97:5646
ecl.6.97.05664	50	24d5e9f978450a70192ec90c527a8857d2d1487ebaee37ea7437699f81080dbb	ECL6:97:5664
ecl.6.97.05705	24	e17d020b4a1a74bda3e02f5cb8d79c86916cadd75a7473afc18492c41aa8e5fc	ECL6:97:5705
ecl.6.97.05727	23	0db41b9624b710b207f752ba6c976b569845c8a97a2498f14d3376977b3ccc48	ECL6:97:5727
ecl.6.97.05755	47	5072a3403d4c89855eb4a787d20189aacfa30bb979c51d7ee15b50136c376866	ECL6:97:5755
ecl.6.97.05803	52	ec14d4450851f4fb111961782bd6b44b22008eef57b82d350f8a9caa8028cd1f	ECL6:97:5803
ecl.6.97.05845	53	fe331e158549919fd8188e37fa497747bf81067f40d9d1f8c1bfed04a6966493	ECL6:97:5845
ecl.6.97.05888	31	267336576b15e334ea82b6faf5e871a77584c91b8a9ecc64fe6bcbbc8e522c63	ECL6:97:5888
ecl.6.97.05916	13	a6ee59153be9cc0bba3d8daaacd71a4acc51a6be5cc8b1cd4d4a03ca9b14db17	ECL6:97:5916
ecl.6.97.05935	50	dfdafe236a4465a8c8cc35033bde59e8abe1e288484b48183310ddded94c0a7d	ECL6:97:5935
ecl.6.97.05976	22	718860fb046a9c0fbeb71f1c03f90f950aee23633f40dcab42bee22bbed715a1	ECL6:97:5976
ecl.6.97.06028	46	6079d539a3bb26cd0ed362d936779dbc5ab046abad3e0fd7de25df9f1f2a4a8b	ECL6:97:6028
ecl.6.97.06066	53	cb0aabebf1fd5292d49b08fda4464ce7c8e4a85c60a1caa55731ce791bf7d4f9	ECL6:97:6066
ecl.6.97.06109	18	3ec4404306ca6ac48c40aaa4c6ff6744a7e432cb99b8bfa54831877203c995c4	ECL6:97:6109
ecl.6.97.06153	50	b8e9315180a8205af64c708e81dd13bba9611648d6bc10ae67f0c3bfb13b1ae5	ECL6:97:6153
ecl.6.97.06194	47	55f82a70cb14aaaaf9e67d72760d7665b0152b4cdbd2845ef7d3886f45750a6e	ECL6:97:6194
ecl.6.97.06234	21	22855363d1c767579af4b5e8dea8f9a26af461808b7f9e475e19e17a83da9ea3	ECL6:97:6234;ECL6:97:6314
ecl.6.97.06260	50	0c71db58dd1e69eb00d1e7afd8d4f8c8bfa9d35370501eb6b3fb73e8a22f42c2	ECL6:97:6260
ecl.6.97.06301	11	abf8fc8ef4d8ecfce81170844826c9d87fe3dad1cbc86efdec44cf947b34c8e3	ECL6:97:6301
ecl.6.97.06343	48	0a079b4181a725380ff62725e7c9746170f5b7bef56919c1dd07be7b4d7bf8c1	ECL6:97:6343
ecl.6.97.06394	48	3790a0e3ed872efc43dab9b44abc111878e4113b1dc1072bd20b6f30ee5da27b	ECL6:97:6394
ecl.6.97.06433	54	749ef13092b1a43dff8a10c07da392a40dac915e0551bc9b81eb8a3affbd16da	ECL6:97:6433
ecl.6.97.06477	17	de3eeede39d9e15731776508af4b763373234cd2fa71c8882128369cb4bda8ea	ECL6:97:6477
ecl.6.97.06502	51	b4536617baf96d0d7d9f85ccd21e87bbb83e277839a470fe3ecc6c3138fdc7c2	ECL6:97:6502
ecl.6.97.06544	56	2b8c3077fca4ae6c6aeedd1bca888ad7a2e41f039ab8a6435ae2b7bf0742e1ff	ECL6:97:6544
ecl.6.97.06604	45	a01ba8b2391171e7be10cdc51f05470e589a87d258946939994f001c0f3e4c3a	ECL6:97:6604
ecl.6.97.06641	58	cb0060443cdf88bed48bf62d8503409a4a94b2d766fce6bd70c2735ecc9ae1dd	ECL6:97:6641
ecl.6.97.06688	60	907945ad14b9da1f511a1e824364ba2f3a18dee072f0225b0e2bd22b69a3031e	ECL6:97:6688
ecl.6.97.06760	62	215a71311a41823f09383badd94e3ceff76b3ffe9625005bba199e6d2ff6f0b7	ECL6:97:6760
ecl.6.97.06817	41	a4f3f7f425912a94dd1ff0cf3234cced3246d6c05d2c31d31f438435538f3429	ECL6:97:6817
ecl.6.97.06857	48	1270e1b6df242cac17b893cdf98f8300323075b01255d34988d961336b50dcce	ECL6:97:6857
ecl.6.97.06896	12	69b7e0a31c95217085b20c9f48e5a9b227f37340ca9fee2b47588e0024723bbf	ECL6:97:6896
ecl.6.97.06916	51	e6cc5d85e7bab9cf40bc3ee020b1060b59cf3efebefdd142cdebf099cd89ec17	ECL6:97:6916
ecl.6.97.06958	47	edda4c5b7ae793d9b4cf8f18ae51eab85f46215240d1a1f7559683292d4f565b	ECL6:97:6958
ecl.6.97.06997	54	219aca08b9d5379929c84e2734a27aa39f374360f5997ba4b1e0a3adbd4c6375	ECL6:97:6997
ecl.6.97.07041	29	958ee970368f0300df5985fadbde06eb4aeddc646647373187542b9ec4c433d6	ECL6:97:7041
ecl.6.97.07081	48	302fafc4569ac363d61b1a96411d3b1e66b20e9fe1b67b07a83d3a7f3cd55d43	ECL6:97:7081
ecl.6.97.07120	54	e04060ea649f78ee54c2b706381c0f5166f773ee4c9afef23fa8526e852c3e3a	ECL6:97:7120
ecl.6.97.07164	21	0496dddf2bbd571fca5c75e3568c69fc704362845403a841e9e9ac966cfdbb45	ECL6:97:7164
ecl.6.97.07192	52	723597de236fa2f2604210b7e2b47095b7b0bcfc4ebc5093767e79487218312a	ECL6:97:7192
ecl.6.97.07246	48	5fa4fce2729f5cd3f617ac614bf83365ce934912caebec7a8dfcc0c9b3b8edc8	ECL6:97:7246
ecl.6.97.07285	50	d296efda336ddcf31c8573ff4d6a019c7b25ce4ab6c80f509cc2ccbf40b145ee	ECL6:97:7285
ecl.6.97.07326	43	c30ea06f66cdd06e4d5d3b2b4288719ff17e0d3f88621e5d298dfda86f426253	ECL6:97:7326
ecl.6.97.07363	38	0c7da35a5e82fd1ec716b9814642db68e1b354a9e2611fd0774d6dd35c70188a	ECL6:97:7363
ecl.6.97.07398	49	3d2ccd95e2f2246b97360b752c0500cf7b8df06ff921cc8e6781c9d6ad2d4a0f	ECL6:97:7398
ecl.6.97.07438	48	af87cd060886fccc494be4ab91e3de6c474289243ecf912f67dd2bcd888b37bc	ECL6:97:7438
ecl.6.97.07478	49	897b2292899afe460c27c0a71c2b2c34c96b520b2f29e02bdad46e4a74def14f	ECL6:97:7478
ecl.6.97.07562	54	93202c2c9c31683d30433d12fe1800be43b77896a17b1b5492daee8100438a58	ECL6:97:7562
ecl.6.97.07606	22	391a98504d4cfc6c1b442b5b21b47799a4849ec3d7cdacadde998e7ec6bf168f	ECL6:97:7606
ecl.6.97.07644	18	7cbd2ae80505ecb506c994a72f066aa2d343180da575e20da90f6ce7ee336b90	ECL6:97:7644
ecl.6.97.07668	49	e1a10f7dcf37cd01e708f6381da86067745f395422c55cfa421345a19626835c	ECL6:97:7668
ecl.6.97.07708	52	98b51b59615f6ded3508fc12d49a288e07ddb6930045b0198e25dec833f8939a	ECL6:97:7708
ecl.6.97.07750	44	f6c1749f32558f9131a733d009412f614a45d781789d9cea1502d6768f9254ef	ECL6:97:7750
ecl.6.97.07787	48	5ab8285f53552f95c273a4b344a1efaee0ee863133a9468d7843d7acd6b99c7b	ECL6:97:7787
ecl.6.97.07826	48	3c9437bbedac82abbc73b2f85a029202cb2a1b60385c7f5ac394150d7b97f573	ECL6:97:7826
ecl.6.97.07867	30	cd9e36e6358684a7ae85ec94ab526349066a7bd4bdcaeaf4ae755fd321b3f2d2	ECL6:97:7867
ecl.6.97.07902	48	5246e3a81912e0212d8c9acfdf8a5ccfbcc5efcea7e79fed2e49502fb462dd58	ECL6:97:7902
ecl.6.97.07941	35	698ad1ff2cf400f33e7fc47dfb6a914fc797a76d6f2445accd4732ba70c139d4	ECL6:97:7941
ecl.6.97.07973	35	f6a28a6b7436bf788f10bae0e0ec28805249000d864aaeaeb3a457c219f23f72	ECL6:97:7973
ecl.6.97.08004	24	09bef34d96fe2485132192d601b1d4ee2913f737805d3b86e7b2fe67e4290f0f	ECL6:97:8004
ecl.6.97.08027	21	8b0e986a90198a45211698b0bb0f03685a146079b5b67ecbba4e2689695a461f	ECL6:97:8027
ecl.6.97.08139	46	fe4cea6bab925811ae1b868cb1a63f31959c46bc630c8a71767d7aa0721ac70a	ECL6:97:8139
ecl.6.97.08177	55	6ca649343794a1cb8a4c44253aa15b918475aada6d51d106adf88fefe5dea4cf	ECL6:97:8177;ECL6:98:681
ecl.6.97.08222	37	f52f85fa7c03aa407051fc97ed254f1ff8a875052559dba36c493f20514fe78c	ECL6:97:8222
ecl.6.97.08279	10	f422523e15ce39153945ba939781bd92dafba115f2c1eb97fc1c55aa642483ec	ECL6:97:8279;ECL6:98:780
ecl.6.97.08295	52	1a8d75194a5d3e288ad25ca487e05fe3b02f83d22fd467b98beb580349b31346	ECL6:97:8295
ecl.6.97.08337	52	def2cb92e8879348480e775979fbd493a712acd1a6395ba352102d70eacd3453	ECL6:97:8337;ECL6:98:838
ecl.6.97.08379	43	410d21d5e081c65b5d505ea4e28ac7419a5f5b84d68c2379d8942ce5a8d2850c	ECL6:97:8379;ECL6:98:880
ecl.6.97.08416	49	8bf567f2183b539c46930fc9fa747069c9509b5f4409a5bac882d8709c6313f1	ECL6:97:8416;ECL6:98:920
ecl.6.97.08456	51	f2b94098cd869a550635d375009c3b9a788047e0ae835b06d895536937f24dc2	ECL6:97:8456;ECL6:98:960
ecl.6.97.08498	18	991fbdb7a21e33759d36cf7d8351cf27cfb6a37fe09bfc9a99ade81adbd9b128	ECL6:97:8498;ECL6:98:1002
ecl.6.98.00414	18	47219f1db79fefc576835a326997ca84b03e1139f746a28861e99b75ef57ff81	ECL6:98:414
ecl.6.98.00442	17	7e380dc98003169ccc94b3a45b469b39c4a57442f78809087a894921a5a57b13	ECL6:98:442
ecl.6.98.00460	17	b56f495d9c7f1b84feeb48e67a54400b3c879d7f2db4bdb574e8e71b37864a59	ECL6:98:460
ecl.6.98.00515	39	839697e185ccc005541a3ca1575100d1a650f03f9a51282025b3197d44c0b854	ECL6:98:515
ecl.6.98.00642	47	3e434ee752825db8b1ba10256c2637fe555bbb2a6a674b1fb97759c2846c5594	ECL6:98:642
ecl.6.98.00726	37	277ebe8e8d4554d29f063c18ecdc647c7ecf60f6cd0094577d8d183b24dadfaf	ECL6:98:726
ecl.6.98.00796	51	e258bbd298cb8824cb905c5ccfe29bd3f34bfa28fce987dc2065d4166b34a800	ECL6:98:796
ecl.6.98.01130	19	88aff890d93605475ef034c326dc6e51dcd918c5ad37d63aeaf1d4c7772fac36	ECL6:98:1130
ecl.6.98.01153	48	74844e79943a28ec88f2d76829c581964b35739edd65aedaaafe9445a136a321	ECL6:98:1153
ecl.6.98.01192	62	f0a7da6134314fba7ce3b8d8310439880fe3427297705cb2682e61f6e635d719	ECL6:98:1192
ecl.6.98.01322	46	8a249c05584d07a6158afcf83a2e29abbcd27c40adc775fb063c8e150e9a1e24	ECL6:98:1322
ecl.6.98.01417	46	396e60c21daef547688be6e0dc2036c2bc3dd30a198e06daae811e97f6575191	ECL6:98:1417
ecl.6.98.01455	31	2d1f6af54ddd3f62fd8603c70bf9b671de6742924fa3dbe6ce596724697ce4bd	ECL6:98:1455
ecl.6.98.01539	48	f02d549ec538d5c031ebe4c5dee3816c07cf84b06219d414965d65e353ec0e14	ECL6:98:1539
ecl.6.98.01578	17	e6922a72c801535895d12d2b7c0925d734e6a66655cbd449c822b3a181cbfc6a	ECL6:98:1578
ecl.6.98.01597	21	4f22a327ccc70bc4b57000bfd8133e47efe534c65032d8d4fbc3ecf2e3548344	ECL6:98:1597;ECL6:98:1764
ecl.6.98.01661	13	a1cae254797bf9dc088c300014ea27ad0a080b91642392303ce67b1d1d6bb368	ECL6:98:1661
ecl.6.98.01679	41	31998c5494f9a8db086ead3eb3dfc10a66a74de62b85f28355e6b53329387700	ECL6:98:1679
ecl.6.98.01718	12	72489b9c5172728ace54a0d69cb406f6f8b511fc94ae880ebff64436540c05cd	ECL6:98:1718
ecl.6.98.01729	14	1eb5e1c306f29e5514176805ca99109f9aeac13a6d171032197e532d81aafe7b	ECL6:98:1729
ecl.6.98.01824	17	e4d95974946af256691b803f8028f7e3a2c8615d7757f7582ea7f804d1da08c4	ECL6:98:1824
ecl.6.98.01846	22	1d5735a13d3663b59670a107adb2135698285dae260fa852c6e52a8bf37c926e	ECL6:98:1846
ecl.6.98.01924	45	b1484a5e267cdadfb7ad0f12941443927f815d3d7c3418cffc98401682d4b0f1	ECL6:98:1924
ecl.6.98.01961	19	0f6c25205274e305235ce0a25fcebfbba10cc97e24d839bb53294c6e12fe1722	ECL6:98:1961
ecl.6.98.01982	23	b219e21097c786c6d1aa15b56520f0d8c1658a931ffc1e6d028d9bc04567b87d	ECL6:98:1982
ecl.6.98.02030	47	4b212339f1efd06f6f13fa187c57a423f8630363c2b72bc02698cdd63f6177d2	ECL6:98:2030
ecl.6.98.02069	24	b5db28dc7f2878bacae96affb91f26f7797f7b95264e745af345a425d164e58e	ECL6:98:2069
ecl.6.98.02093	19	133b4f7c588156e8b7add91f8be9b1a6a538b845be344497acd1f37920954c8d	ECL6:98:2093
ecl.6.98.02129	12	e39c71ed01d61a71abffef9d6a41953b5e5f3f20ee34bf0dd0e5175b14d143b7	ECL6:98:2129
ecl.6.98.02207	36	953244fe0ef3652d30972b86b2a6bdd2df0e6879c00173fa12dff7ecd3a89527	ECL6:98:2207
ecl.6.98.02290	39	af97df5a9226a6e139cbae8113df963cdcbef367d6497cb4a49132d1f17bc446	ECL6:98:2290
ecl.6.98.02336	15	28ad2a9dc1df684cea7e32edbbf144850118a1d798d51d1dc70d11eabc494915	ECL6:98:2336
ecl.6.98.02356	30	0b4bd38b40b6d295e85d73d3d50f5382d6ec3c6f6ec2c280834791261192e085	ECL6:98:2356
ecl.6.98.02387	29	d8bd3b4a16f2b8923bfbc518e1b2c4eb25f6299e53e3cda399ebeeafd5e047cb	ECL6:98:2387
ecl.6.98.02414	44	eea6958bd67d0699330c6862a4bf0ec6244138fdb3b7057cd0f3ddd219b99c82	ECL6:98:2414
ecl.6.98.02450	22	d3ccf902cb62e0c0ee517ffba6553d8fbf77db7e9a1c71f60e17c7bcdbf50365	ECL6:98:2450
ecl.6.98.02471	66	5d5044ce4b4af1b1af6c4bf752b0dd7798561200f3e9f2116c9ad872ac6902e5	ECL6:98:2471
ecl.6.98.02525	45	3a1ac932ca49019769414ec440ecce0610e7a98f4d8c9eaf837ce7d4db854f0e	ECL6:98:2525
ecl.6.98.02562	51	71a3c2a9a64a727daf949d9e893be182b8a5b602cc8fc8510d714dbb11606dc7	ECL6:98:2562
ecl.6.98.02604	55	0f523c167fe8d4e265166c775e7d4ed29e6541ca6647ed307a6dbeec1bc352a3	ECL6:98:2604
ecl.6.98.02672	20	cafd7fd7a4ce12da99a0d3072f00b31480b7266eae07a362350e5d9b56570b78	ECL6:98:2672
ecl.6.98.02692	27	e7d7a1391ac9df26af23fcb3e8b863bef5510c6feb4c08ed306fc0e0eecd8d19	ECL6:98:2692
ecl.6.98.02718	37	0c1275b294536794574a911fec730ad0da233b7f55fdea62859c77e9cd284786	ECL6:98:2718
ecl.6.98.02751	35	0c9a68611b5dff1a90929ceb4f64274235ce3449b362d8802432157be08ab4f8	ECL6:98:2751
ecl.6.98.02782	21	622147e897dd81b6d334b95d184d7adf72248f1c57fec21f20e10c39f64090cd	ECL6:98:2782
ecl.6.98.02802	26	e018dbce697fab4085757cdf60ef94d49f18701a467e90fc5497e4e33909a8c2	ECL6:98:2802
ecl.6.98.02827	20	fbed9f024d79962b466eeec5b115b7ab183e53c348376594450eb3fd6c076a61	ECL6:98:2827
ecl.6.98.02857	51	3fb064ff5d69e33bb8a584dda89f5fdcc1ac499c084b2c69855a4337e9b0e16c	ECL6:98:2857
ecl.6.98.02899	53	92125d0aa47c5b5c8666555ff3f32a04d87a72ebb06e16d5a94a0dc2a949d23c	ECL6:98:2899
ecl.6.98.02942	50	3ad1de105e218d775dd888115cbdb1ed135d2fde466feff6c3cab3a00c9be08d	ECL6:98:2942
ecl.6.98.02984	19	346379485cc087be26f212b36f978d4184409132338b6479d2349d8576cb729f	ECL6:98:2984
ecl.6.98.03005	10	47134ca7461fa92b8c5bef384e4ce65baab993f3ec5a602a13a85ca141337a77	ECL6:98:3005
ecl.6.98.03048	43	1c1624570889a25c8a79c7408f9339b69a17d381e1097147388f33bc13cc4acc	ECL6:98:3048
ecl.6.98.03102	51	72515d10869e316d194b845a39330dfce1b8e60b7b27d09ee137b48e3b00ec5d	ECL6:98:3102
ecl.6.98.03144	55	d00b1bf0d2a7429d5466729fb225bfd50ec5d71ccf75211b68f491dc08d3b54c	ECL6:98:3144
ecl.6.98.03189	60	6c21d663b0dec055d538dfbe247f3bf29f03fae042b0dc6476a3906f291c82f2	ECL6:98:3189
ecl.6.98.03266	48	956c607bc8862ccb848cac05a0fe31a6c857e4bd9d8306c9f0dcf8433f7a9e00	ECL6:98:3266
ecl.6.98.03305	52	da236274f54aae44bd3da5f18c2b972421d15d73a965117b5aa9a70c2707341c	ECL6:98:3305
ecl.6.98.03388	57	053478839ed1cf84757e4f0755e4c7cf2a2879cdbeafcdf58b141bac0defac68	ECL6:98:3388
ecl.6.98.03434	28	85c80a347d32ee0f27f89fa731f53e1406da2f8a0e88d932c82bd3225b226ef8	ECL6:98:3434
ecl.6.98.03459	15	37fd31c4718feacf6686d62cf2a405a256238bee962d31191354ff62a6725583	ECL6:98:3459
ecl.6.98.03516	57	50a05451585dabdf9a333bb0b39091ea17c8fcf7c1a04f3a30343fef4ee53199	ECL6:98:3516
ecl.6.98.03562	22	d96e8f1fe3a4c21c86e682f7d5e71ec91b22c7e9990c84195c5bd41e1c88ce29	ECL6:98:3562
ecl.6.98.03628	48	8d1395a5dd8d18ae51a10fae40df37cede33a154a847a5664e356ff6edd6dba2	ECL6:98:3628
ecl.6.98.03667	55	cede15b3714c26872e61e6f3bf7226cf9756a8c952813a5922aa12b0c8049877	ECL6:98:3667
ecl.6.98.03719	48	8a911dda18050f045138bf143fcd9830ea251b11e2cc051880320a6bf140a90e	ECL6:98:3719
ecl.6.98.03758	28	91a90ac473253e8bbfa7d7ff1ea37d0ef04555bf8947b3234b7d0f47710bfaee	ECL6:98:3758
ecl.6.98.03824	47	094c850cbac7b1882c62780185572373b26e1454fc2ad7495d82217fc62d8174	ECL6:98:3824
ecl.6.98.03865	28	fd7a770553872386753709bdb3a20b64f8043ea4702d3726edb8712e3234595e	ECL6:98:3865
ecl.6.98.03931	56	ade9dbc44da4ed71c3fac97e70d361e5f23b695c183d4575249a9d673a04f9c8	ECL6:98:3931
ecl.6.98.03976	60	504897c35af297b8e5c11c3856f2a1ac30c81107b3e3327d3a3130faf0245d53	ECL6:98:3976
ecl.6.98.04024	62	39264979ffeaf8b7fff6afbc3c19d789eeae10d8116c52f1b55ab374274a12d7	ECL6:98:4024
ecl.6.98.04089	56	41ed8cc682f09f24255509b41d88c3b7acb420bce0b2760c19a85d714d8a3cbf	ECL6:98:4089
ecl.6.98.04134	31	fe03d315e29344dd79fb4189dd2f5e6454bb729f0db6c703086e350925cad374	ECL6:98:4134
ecl.6.98.04163	11	3a7ed7775bbc1beab9a8997cb0b2dbfef0d0d0d618ab7f5768d4ef74945bdda3	ECL6:98:4163;ECL6:99:5070
ecl.6.98.04212	45	c27f04df9692ec741749bb19be5a8e55a4dbace75bf7f86047537fa4cd634360	ECL6:98:4212
ecl.6.98.04264	49	346977285019b7577a2afdd9fbc19749813ea0fa20aea25e0d93f143329ce8e1	ECL6:98:4264
ecl.6.98.04304	56	35394acba3cc5f97f70dc77ce5bcab04cbb625fd43eb849d8af122780417beac	ECL6:98:4304
ecl.6.98.04349	55	3cebf8c391787ae5613999895ab566e9342511b66bebde41c7552d642415ce26	ECL6:98:4349
ecl.6.98.04394	25	2b067c013f447645e42b37833c82ef851d4f89027662e7fb342ae954ec9fd783	ECL6:98:4394
ecl.6.98.04425	46	4152e295faca1b6f08db2d8b25a80913163991ad6f1532bd93c5f74a2f40560e	ECL6:98:4425
ecl.6.98.04463	50	b858b783090258860aada759004b1cb6e339a94537134ad62d51ba56af68b696	ECL6:98:4463
ecl.6.98.04504	47	efd7d543630ddea37968d9095e67cf5debe468ef5f7827ad98481b2016f4b72c	ECL6:98:4504
ecl.6.98.04543	37	2fd35bf92f64dc4de060e14a886415aa8e1b004d95577c48f72c9074ef625c50	ECL6:98:4543
ecl.6.98.04578	54	2051839a17f9475679e55670fbf791049749508b7ee7e8805be358a55c9123fb	ECL6:98:4578
ecl.6.98.04622	62	00f864d61d99663e63073f1424f4a3d3465f5c99d211d7f2888e14d1e7142233	ECL6:98:4622
ecl.6.98.04672	53	a72bab4fc267f1f517be0c6a79bf7282d70906e972b1808a09dc1efd055ff6f6	ECL6:98:4672
ecl.6.98.04719	54	48ff2915a6c80c3ae8a1eb5184d7c085c668017ca159aaab1850b62029dc3e37	ECL6:98:4719
ecl.6.98.04763	56	548f46693d9f130a0ef2feca71fe7ad1a0bb5ed5c353293bdff378e042b3398c	ECL6:98:4763
ecl.6.98.04808	42	5c62f8f15c0c1430cbcde968cda436651c752c6aa9e2b7857ab8b56f47111214	ECL6:98:4808
ecl.6.98.04844	56	ae2ecb3b4a5c8cc0111f1fa058a5752f278ec7deb5b1584ab3588f87ef34fdab	ECL6:98:4844
ecl.6.98.04900	34	3b11e12645f7b30a53750adf1592f7bce3e9edca18f9e8049db5131ae28a375c	ECL6:98:4900;ECL6:98:4939;ECL6:98:4978;ECL6:98:5017
ecl.6.98.04931	5	9462b7bd50fda685128b91201730ec658ef481fc536e2620b76cb8384e544624	ECL6:98:4931
ecl.6.98.04970	5	a9fbf20d7cd6871271197befc6189756383291b48adc3f20fbcca6fae8bbe15a	ECL6:98:4970
ecl.6.98.05009	5	ac18677f7ae406b2602892e90489ec5055dd9c93704d916ab16881c4b1b953dd	ECL6:98:5009
ecl.6.98.05048	5	78b447daad3bcfb63ca46879468671e506f55ee44254bf0310a8629765779b28	ECL6:98:5048
ecl.6.98.05099	48	2808b55c6ac7e20e545935fb6ee0281be7f396e9995971d19a501517d183dc2c	ECL6:98:5099
ecl.6.98.05138	24	d8c65df5aa8c54def3acd41f1222ee71d0ce9de566eafe821d4edcdf5298c1f9	ECL6:98:5138
ecl.6.98.05161	17	8c9de3b5cc64c32ce18a44c40723b2866851c26ddf35d6e41e394c187216a14b	ECL6:98:5161
ecl.6.98.05227	50	66dcbd22a4e558a33210c4726c11898f494e005054a4d3a10e3042e6d393a8ec	ECL6:98:5227
ecl.6.98.05268	59	b54d4d1fb9177ef9f05bfc172054dbe832ce28da9844191bea2f27127713f37e	ECL6:98:5268
ecl.6.98.05322	51	044df93b3d95ce7d5de63f6554c824fd57c4bd76daa3d345a405d809d2e9565b	ECL6:98:5322
ecl.6.98.05364	21	536b7c7eddf7437e92c099476b10ca17db66402d4ac4595e24971a1d2460331a	ECL6:98:5364
ecl.6.98.05390	55	7c7e17c3b4eccb0e5c8a8eeae9f5776cd984487b05581381621461e803405988	ECL6:98:5390
ecl.6.98.05435	34	6d9dc73909a25b0e17de9d1efb5e9945dfe27750cbd793bc945e7a689dc68329	ECL6:98:5435
ecl.6.98.05481	57	44f9d26919315715db3ed7bf72f72e7192d010919b698112093682c6c2a10590	ECL6:98:5481
ecl.6.98.05527	7	0129991e4b64c673125271d014d7bc5627fcc35fa318cefda87ac0f9284c0987	ECL6:98:5527
ecl.6.98.05557	29	5f7685c9b654a24d78ef3147dbaa5037d45d91a2b6f33f94ee8fbb77c5e1ed0e	ECL6:98:5557
ecl.6.98.05594	26	fa20b0efb1bb48ba789ed33586e24b1011069da70d7f9b0b1c92f8e3763164f4	ECL6:98:5594
ecl.6.98.05701	54	ceea2ffc1eb51e92c6301c02514a6eec8ee9b2fbe27253d04c0e787a34fab09b	ECL6:98:5701
ecl.6.98.05745	59	a73e656fb2a3aca45e92762b4b9deda91d9671258d9f1413fa85082f45d2e846	ECL6:98:5745
ecl.6.98.05793	20	0f0fed8039988df727a49a8c3aed191ef0b7de739304170b89d8440b78712c45	ECL6:98:5793
ecl.6.98.05838	48	52ebfcbed4d98bb2a9e22abc0d3c00b8f52b32cc2fb1bf2dd7f9c7a505043685	ECL6:98:5838
ecl.6.98.05877	50	205ea427aaf73caeb7d5c5882fa3055d0bf4105fa883204562d522451b9ef4b8	ECL6:98:5877
ecl.6.98.05918	31	b40f221bd2be6b495352f82061fab6ae294fd6932b1485b722cf02762fa5c26a	ECL6:98:5918
ecl.6.98.05943	52	21efcef96b0239f0883c247be2d4eb90c36fb7ffc5ede928dd160e068bfaf228	ECL6:98:5943
ecl.6.98.05949	47	7784eab162568ba15944b41e655793f81d1b4adf317a4809ff44608e25a75794	ECL6:98:5949
ecl.6.98.05988	57	f51a508282e9a6e820e4e92466a6a8d71c7c0a68f43e890b1eee4ca63cf2a95e	ECL6:98:5988
ecl.6.98.06034	15	d2f3ebaea28a5764c339ecc03a184b7cc2f044cc549eb9f01796d77f29c63bbf	ECL6:98:6034
ecl.6.98.06051	51	6b8fc026a98aab9e848a661152d9a2c86d577e86199a4286d38e0d93a9460434	ECL6:98:6051
ecl.6.98.06093	51	025b4ff3deebaa7daf22b29c3cf086624c926126de5c752913dcef969b9cbd9e	ECL6:98:6093
ecl.6.98.06135	17	16ba9361e6c0cdd1285da938efbbf4e7d633412acaa8a6200a7c2e9e43c07ddb	ECL6:98:6135
ecl.6.98.06166	51	af0499116f47a9b5832e9da28262d08ee800bbbb4df4c3a48bd327dc913b64f0	ECL6:98:6166
ecl.6.98.06210	54	02e26e4beef110618b2616c7ac61833b27afbf6f04a9bb933aa13fab58c65b8f	ECL6:98:6210
ecl.6.98.06254	17	049b6b74602b52e4c66c5375cc8a9f6164eb7f242094f6be91692538dc2c3d04	ECL6:98:6254
ecl.6.98.06282	50	83af6f5d0f23fd84f22198a6a519362b0a30ea4e00f9763757b6853e5a327590	ECL6:98:6282
ecl.6.98.06323	61	48cb5e4637521eb1de9904d15b6b4a82f4560808de184f9d896800b2821e42c6	ECL6:98:6323
ecl.6.98.06372	26	ed0ef4ba3005386d883818a14c3c450d67514e1a3c7cc8fea6bd109bd0c0310b	ECL6:98:6372
ecl.6.98.06429	52	60699dd3ed5431fbf85cb5d5889fc0b3dc1bbd6958cdbdf9a377e701f41b862e	ECL6:98:6429
ecl.6.98.06471	52	caab7186e657d3b0c535e61ef0391c677bd39d867ac46f2aa65f993ca004236f	ECL6:98:6471
ecl.6.98.06513	54	e6b67afd1f759366f3a788692353c7b32f65ac6b2b9a18a384b806c3ce07a944	ECL6:98:6513
ecl.6.98.06557	22	bfb76fafb2dc999fe545293cdb2e1967da2e2bd32dc7edecf294b0bb0b467343	ECL6:98:6557
ecl.6.98.06589	49	e8e39206b092982526938541e39cf181c068d68a3d9bc68f730156f70daf110b	ECL6:98:6589
ecl.6.98.06629	51	681725182973d4a109c9eed73b9c213a6b833454a54f479b8e1bc33c2845db21	ECL6:98:6629
ecl.6.98.06671	29	56ad622b59e721b832a01cf89dc2a58d89f10b4eea41a3163bfbe8b3143cf348	ECL6:98:6671
ecl.6.98.06709	54	1768a1a8a61ab7d8b51013e8adbbfcbdb8d55ff08c734dbe2c423640223c2b3b	ECL6:98:6709
ecl.6.98.06753	18	11f97d54af46c10cb309c08dc5540929e7a0da9a3fee321283e72001bdeb90f1	ECL6:98:6753
ecl.6.98.06802	21	85006d5237080429d7974dd0485c3177d3f4541c1f96d38e4f14b1f183b3ed78	ECL6:98:6802
ecl.6.98.06843	52	2ab0fb03d202fa6a2820c1f77f83c858ab9e6302d757dc544350a9b9d6322bec	ECL6:98:6843
ecl.6.98.06885	59	d56027b290cdba9660a573a20e44c848587b1520c1d8f9553cb58b1fc973e71c	ECL6:98:6885
ecl.6.98.06940	54	7560b3444c27570965060cfa8da617d1f1a76da1d1017ab7ef7957535121dd2a	ECL6:98:6940
ecl.6.98.06984	57	c02e63e3060d8c4aa0071670040f1bc52cf0cabb1a118bf1912ad78109f72c6d	ECL6:98:6984
ecl.6.98.07030	51	91d8e56d50285ea6d9269fc7b581583ec315737d3747c33ede3dad22ebbd8a9b	ECL6:98:7030
ecl.6.98.07073	50	c5d5cc3f9bc2f60a8ad085358e542be0ac4f8137701865b4e4bb3b4e6f32458b	ECL6:98:7073
ecl.6.98.07114	59	8f148b1fd1e222af7d0e3b2a20acbdc665cd2c8f96926869639003053cd68591	ECL6:98:7114
ecl.6.98.07164	54	0061049e06117b716fd5c63e8d972074bf500fe3694ca562ec5c7131aa08ea2b	ECL6:98:7164
ecl.6.98.07208	59	0ead5a321a49619b05fe96b21f07764867695b10508c7d15ac23d533db54594a	ECL6:98:7208
ecl.6.98.07260	48	ed62a38e2576e937812436aefcca098f4a747b00bed63affb26614b774da3570	ECL6:98:7260
ecl.6.98.07299	8	1769bee1c75f3b2db6b7b74469537115f3cf6cb632e3b163a744be29ddea129a	ECL6:98:7299
ecl.6.98.07309	49	7d3313f4206a455430406c7c3d8c28fba800dd868a4a525e9541d9df55bc9ce8	ECL6:98:7309
ecl.6.98.07349	39	9a799fa01d119bb399a017178d7127e4e0a2f421e22d227b7cc5502bbf2ae247	ECL6:98:7349
ecl.6.98.07391	52	30308079b3c6b48036c5d57486e168c7b62075c435fac55f5816bce72e6ea607	ECL6:98:7391
ecl.6.98.07433	51	59e0bb228108b3fe3ea0e7cf18612c7b264e00e48f0d7f588017b8fa69c83b10	ECL6:98:7433
ecl.6.98.07475	50	df71f7882d5621b148074dafe6115db00e3cd04dde9a0e258fd87c1ddd9c4646	ECL6:98:7475
ecl.6.98.07516	50	bca6b4b0b93bdeba3c9064274038f247a2d47405499d071eadea531669c00d21	ECL6:98:7516
ecl.6.98.07563	51	738820b4f58f570f042607bd6100d3b8bbb780e03bce93f26aa31fc6f9a40e49	ECL6:98:7563
ecl.6.98.07605	54	47edf09ee07b54961213a2a3833df282980f61d898acb5d0d77dd61a6db8d7ea	ECL6:98:7605
ecl.6.98.07649	57	b9758b2479cff781b11e8e684155eb7f7dad47abd8860aa7e16335231ef9735e	ECL6:98:7649
ecl.6.98.07696	49	5d58561198e2e80dfa78dc3305fb72117336cb8c273d6d62f90e909953d291bc	ECL6:98:7696
ecl.6.98.07736	52	db8611e5f148db22c8916ae873804d987c18540e755097929e6a71af84082e24	ECL6:98:7736
ecl.6.98.07778	55	e00d7b0ef2e08de7c3210e77cee3799df0c86695a266e014de82c8b45a91703b	ECL6:98:7778
ecl.6.98.07823	46	abab2d4374626366cd360006744d36fae8b5bb6250531c09fbbd02ae847ab619	ECL6:98:7823
ecl.6.98.07862	48	e6e3c7d2f51bc59278e8406b9ffe783846ce2d3bffc5203f26e333f2525b7896	ECL6:98:7862
ecl.6.98.07901	50	166cbb8fbc91999260d4b38ffa0ee1a3956b2c0e8337034491cf1ea1c9146138	ECL6:98:7901
ecl.6.98.07942	52	176cfebcdf1d71981b00348b947687ce12308212616607c949343e79787b0979	ECL6:98:7942
ecl.6.98.08017	53	031dea18b50d94c0a01b9360e7be786d74e370f1ecfbf00667c17395158416d0	ECL6:98:8017
ecl.6.98.08060	14	02967779b0d8d2275f3ce1104d9f0ba8fc1383d0a550b7c1a35c6cbadfe32820	ECL6:98:8060
ecl.6.98.08085	42	fc742beadbd3f10cf25765613ca2fabe68f68b55cc39cfb5c9baafdf82f0d49d	ECL6:98:8085
ecl.6.98.08168	47	737c08ef5f6d7fd897ef80991c3e7112287e561597757829519af82dca18a433	ECL6:98:8168
ecl.6.98.08207	55	2aca7451c25e619da9913e8dcb85881386d767e1243958007c35ab6d783ebaa7	ECL6:98:8207
ecl.6.98.08252	55	485aca585035580997249c81a988e490fac913e8a1912fa4ce5741359f287948	ECL6:98:8252
ecl.6.98.08297	20	7958a37e526b894cc887ab2aee0b14eee3d1237fd20971d0640e610d46e0a2b4	ECL6:98:8297
ecl.6.98.08316	49	55a8efccfe0d011ea1625d7d296002a7cd1543623cb8bdcfc16cd130983007d0	ECL6:98:8316
ecl.6.98.08356	58	df863d041ba44222d368c1b9e2468ef55f1999860ef2adee3c3e8160c71e5f65	ECL6:98:8356
ecl.6.98.08403	58	8527b99e0dbb54526e940ce33dcdde85912c058d4ae884188e0cf2703db170f3	ECL6:98:8403
ecl.6.98.08451	46	42665bd4f4537917f7c3c2db2adee865acf35bf5a6c90d3a46ab2384de048cf9	ECL6:98:8451
ecl.6.98.08489	54	e93f9b0f4395124b777f93d941ea67573efdec9f69c5ccf0abb776b3ff380a6c	ECL6:98:8489
ecl.6.98.08533	54	0bbfc81eeca7f1efdc7e16f300bc3608bf57c89963290ef7507dce23bddfc9a6	ECL6:98:8533
ecl.6.98.08577	20	ebb0f8727220403ea0480b818ad47410fbbc05b122725dec3309f0a832a84b69	ECL6:98:8577
ecl.6.98.08596	33	79b89ec20b683219a74617e36d6d6716e14ad3690856cda9a041e9b6bf1277e1	ECL6:98:8596
ecl.6.98.08626	15	9083251aa54c8cae7c7fbd231b94afa23da84d1b288ede7cb833e7e689e40207	ECL6:98:8626
ecl.6.98.08650	29	b1ef17bbc340329667ab1341cb1f8f2fda003edb12f3ac3ab33b9a5206aca86d	ECL6:98:8650
ecl.6.98.08677	15	2bf167276ce375f82fdfb4c8f1d9ae0cdcca8508c23dfcc487fcc55991a33bf8	ECL6:98:8677
ecl.6.98.08709	53	01f168a501eaa5b724769fcb2bb18d6c383d3c1dc20e489d7867678cb8c661f5	ECL6:98:8709
ecl.6.98.08752	50	2f3d21c409189b5e0a4b6a53b4c832c8eec351cc4341398f6596c9eed06caf61	ECL6:98:8752
ecl.6.98.08809	50	670c59400f9638bca9752f89be43301ccc250e2a1513272e3ee903770b0944f1	ECL6:98:8809
ecl.6.98.08850	34	826044d327ba03e54bac186aaad689376823fadc53697051bd8df73eaab11f92	ECL6:98:8850
ecl.6.98.08889	52	7e6f9af3305fd536b0b80cd38d05641f6421682a6f92e1decec3efd73c265dea	ECL6:98:8889
ecl.6.98.08931	55	b1df1fc99a9d855ab7f5364b7e4339bd7f00d13c5f0d30283df7a052c708fc28	ECL6:98:8931
ecl.6.98.08976	34	f84f3a3094dafc6149d5eb9787487c3f5a1c3d139f2498c39893c74fa50cafb8	ECL6:98:8976
ecl.6.98.09013	36	98ba6aff5171cf2f05a326e7c0f4e9bcf3d0f908492b704d4e37165ccbd9c82c	ECL6:98:9013
ecl.6.98.09045	18	911cb64a57edbccf1e208cb669d28c70abe42be18fadff13bb79c25a4657a839	ECL6:98:9045
ecl.6.98.09063	18	98289e6f44fe82d56036b2b2909f70232b8a8f64667f7423d442e02d80087f88	ECL6:98:9063
ecl.6.99.00621	15	74599b7ea0ae68ce5f6f036ee45e4f66f5474ed8fd365beae23a405af036671f	ECL6:99:621;ECL6:99:7480
ecl.6.99.00654	28	3af1dba7f6b6cf89c56f5dc95ff7f94b5dc6827767d6a57d06e7e9da7eec5c3d	ECL6:99:654
ecl.6.99.00680	17	6591531bb667033126de3cae5910aed334a258e5354c9040f130429b3bfe41d7	ECL6:99:680
ecl.6.99.00761	9	d16313705352d9e0e311c495f8be9c710ff168bfb272af9bd34284fa4cf00340	ECL6:99:761
ecl.6.99.00776	10	bceece2b994019d22f2ba7367e038fb6fcd245fcc64160c693febaecb69b40f7	ECL6:99:776;ECL6:99:854
ecl.6.99.00787	16	8ce0abcd34f46368baeffb855b45ddd77d0e0122706c2800df982b025958e7a1	ECL6:99:787
ecl.6.99.00865	12	20d3a678a234925dd4dbf07a5106d8d129329c56cb5232a6229482ba16148f1c	ECL6:99:865;ECL6:99:922
ecl.6.99.00945	11	b6c95dbc5538de957d366f16e649cd66965b29021ea301e0030ccfcb3af53521	ECL6:99:945;ECL6:99:1654;ECL6:99:3106;ECL6:99:3357
ecl.6.99.00969	48	775dbc6580cf3b0f637cbbe9cd4669f18e5984f0723ad3c7f2cc49b406fb8b04	ECL6:99:969
ecl.6.99.01009	20	76cce50b06373feececf75fd4c501c775b13fc6b34a272fad65ac55f0fdf7ad5	ECL6:99:1009
ecl.6.99.01135	15	2157cfb35dd5366f4abf694685f6f14ec47b654b6d14177400016bcc02a675b3	ECL6:99:1135
ecl.6.99.01194	18	a040198fdb617676b6e349ee38466b83512dfd35e36628b31885fd4e8b8858a4	ECL6:99:1194
ecl.6.99.01371	15	b6bea25951b83ddca23f6610ea40ee4a1f6999cc03daad0e4b4bfdde630045ba	ECL6:99:1371
ecl.6.99.01415	20	05132cce1af9d7aff43761e1cba8d25d3cf939fcb663cb288bd6f27fda155148	ECL6:99:1415;ECL6:99:3508
ecl.6.99.01438	30	abe1f0bb84f43e823a6ffe9ec47821ff54a9a694590426f4958c943ecbcaea3d	ECL6:99:1438
ecl.6.99.01568	60	b9c48911d8a4707e79982301a993a1a9a4a111c0a96f9a0ae3dbaf4429ab2656	ECL6:99:1568
ecl.6.99.02077	13	686b9fb0ffc7a39eb66d73932db4106ee11e449a259b9938c5c46e8bdec215fa	ECL6:99:2077
ecl.6.99.02204	8	9ba8e8062077bbdd42596968120f9bde795dc3f4947274dd791e57370434c157	ECL6:99:2204
ecl.6.99.02265	12	790cef75fd001b7dfee444f28d551996266ebb4d146cd036ebd535eab789c351	ECL6:99:2265
ecl.6.99.02329	13	941df2602d40f6dfd8cb43afd8575ae7b9338eeab28f3d5d75c9beb3872e6ae3	ECL6:99:2329
ecl.6.99.02395	16	0239b91509c2b3a967f576ff25ef9de4e2e19e37440f69da21d027dfa7e6a0ce	ECL6:99:2395
ecl.6.99.02463	10	6ce287d2c88323886a099e16f02ae4ffe6c9f39ef4b353aa7642fbfaf3b5ffe2	ECL6:99:2463
ecl.6.99.02481	13	cd5dc3c513c8d501de294a83bd6f338808c5666cdc092fda94bdde88f3d6fc1a	ECL6:99:2481
ecl.6.99.02758	15	4bdd2707281dc25f66c983a21d8b126af39bd36c20555b5baba787e6a07a5b03	ECL6:99:2758
ecl.6.99.02778	27	f8ed56cb93c4000261275e12b0cae337f7e851777d3f87ab85a30931b20cd16d	ECL6:99:2778
ecl.6.99.02807	39	894ba290852a35ae07582b366215372cefce04e7d3886256d56c169ff335c27d	ECL6:99:2807
ecl.6.99.02845	15	090c63c6d9862106ff156fc8ee21c83a986c522ce6ce13708ae3c6ef7e647b33	ECL6:99:2845
ecl.6.99.02871	18	28cfa4e0cf2872fd0038e8053076507368e1a99923a51aafb04b3425dc9dfc22	ECL6:99:2871
ecl.6.99.02889	14	2a0332952a32d8ec84c9a74202679bbe97bec58468e333ced59672c1212d7863	ECL6:99:2889
ecl.6.99.02909	26	d312a67d412caeaacd395a786478b875e5c4cbfd2c237853d67dd9613367fc54	ECL6:99:2909
ecl.6.99.02969	24	91a15fbb07f4c97bd5798ae6d064d593980883bb6ed72d52d27bffcbf31b3e23	ECL6:99:2969
ecl.6.99.03082	21	29a12fae7aa1c4729232de5fdcd3de398b7701ab6f0b02186cebdb6814ed3f28	ECL6:99:3082
ecl.6.99.03129	18	ad8828014f88d6dd38ac25d432ea500459ba20c7adb3575d117d6b1cfd3b3329	ECL6:99:3129
ecl.6.99.03151	18	57b3a64f89689ece37cac136b4ebe08e72fa096e1979f41216ed8260de861bb3	ECL6:99:3151
ecl.6.99.03174	13	b98c9e056bd25d3adea751deba5a2eacb6d8a0bf9e9a3b0482746229cb5c8164	ECL6:99:3174
ecl.6.99.03188	31	26ac5c9aca8817f5986c9f6aaffe11a4cc21e53ccda55cff6399d811fe0b7a8e	ECL6:99:3188
ecl.6.99.03380	26	a50efcd669f5a86b4685f7ab1cb295f8e9b0f396baf4296334738bd2eeb3f313	ECL6:99:3380
ecl.6.99.03409	24	5af33aaa1f02bec21a194b9907defd4460022c0dc78d48f2de07277eb4e096cd	ECL6:99:3409
ecl.6.99.03581	29	a383c7d29dd600f341aaaad14beeb7fe64b65864209e0f588fe28caee7bc0802	ECL6:99:3581
ecl.6.99.03692	33	ee86aaeb83668a0eab93c1c081f747c089afcdaa224e49a520fa8be92eb29efd	ECL6:99:3692
ecl.6.99.03801	16	a7af696dfdf8cd3f3916726c35f7c8c9ad87e0812963ddca6be2901ef05bc0fe	ECL6:99:3801
ecl.6.99.03840	43	8a654eb3c725945aa902a185041b7fd747984237064cbd9d1bf95dd3d1e3c899	ECL6:99:3840
ecl.6.99.04018	49	38554a1578ed46d927de4434b61ea46d0ffd2f2b19f99ff21214924071121e06	ECL6:99:4018
ecl.6.99.04063	24	95c697b9bf3791eca0223e806a7c153bc240037954dbcb66c1fc283a7d61f413	ECL6:99:4063
ecl.6.99.04199	131	d9e005123c599939a7519798cf65ed62b151b351ac9844a17966345838e62d1f	ECL6:99:4199
ecl.6.99.04302	91	8b2cf6320a2ba09f43a47ed4c35faae8939367f7aefa5b2b1a5559e527576a38	ECL6:99:4302
ecl.6.99.04376	53	dc88618809240612a509e7e2317c88e1b7dfc0182042b39519facd3fe80ec53a	ECL6:99:4376
ecl.6.99.04478	149	3d250b076023b31c340183c2985cc3a9acb420d3b1a18980b38c8373df24a02f	ECL6:99:4478
ecl.6.99.04634	79	78cb6a113c4df4f3fd330331ad8e1fe4431042e25e3ed087ef2fa41fe9945dd1	ECL6:99:4634
ecl.6.99.04698	105	970fabcbbfefc81d0dcca2a29882c8d769f3ba0026c77b5e29c3aa722bb2f360	ECL6:99:4698
ecl.6.99.04822	125	6fe33bb8ff4d3412e921307cdebecd72568ef542d3c0720c01391abe3e7907dc	ECL6:99:4822
ecl.6.99.04924	114	98b344bd9f586c4d397ab0aaf770868e0770b5d5c20b6917b34a8f014347e0dd	ECL6:99:4924
ecl.6.99.05121	181	57caa91d07859cd25e8e4749f9571ab23fbf55684887692dca948a3e0c43c732	ECL6:99:5121
ecl.6.99.05351	68	1392c9a20d4b052dffabff1df5e083cded86e1a9dbb4ed70916a2118bb843727	ECL6:99:5351
ecl.6.99.05406	124	f5c5183960c3610f15e9cd64d9d7d6e45245bb27e6c50014210dae3a00a819c1	ECL6:99:5406
ecl.6.99.05503	108	1588bcf526c6db808b49960d83731318237462adb5be9c4467511dd5bc1c5399	ECL6:99:5503
ecl.6.99.05588	117	802ce2fe52e83fda0c1173c536aaebb3a95d5ffe1bb469d85c0a1660f37ac8fa	ECL6:99:5588
ecl.6.99.05731	19	e3622b19b59143d78edc15f9ebedac11d81248f91efcd2fd48afd6c5208a7b65	ECL6:99:5731
ecl.6.99.05772	100	9d3b01878e17415e72b1421f0198bab4c369348cbc1e675fa7eaea68864cfd86	ECL6:99:5772
ecl.6.99.05851	79	12ed1d0f24044a240ae7da7e02c14ceb10b35fb24513a9484df3fbd999895d73	ECL6:99:5851
ecl.6.99.05956	56	ef2da9250ab6f4bc8f9dc605ed7690550866055ba60ff473bbc14d2320ece120	ECL6:99:5956
ecl.6.99.06046	92	216cd8a5071807f736576a721f537f6e31e8360d6512ab61c652b8231e48a9cf	ECL6:99:6046
ecl.6.99.06119	118	e1299aaf5ea53d40665ef9ce86fd09d4624487d90c9f279910f3058518bc6349	ECL6:99:6119
ecl.6.99.06212	45	dff83a419943bb60887a09cd1803178a3894fd411f296926368ac494fb6b94d5	ECL6:99:6212
ecl.6.99.06268	52	ab599584fa29e254e9f619d90a6efb8af951032363af7c54d1cadf532a084d46	ECL6:99:6268
ecl.6.99.06350	59	d5d04d5108347dce1c80f4d72bf01843937905469627a6cfd88e88db627b8a61	ECL6:99:6350
ecl.6.99.06403	45	b2c55b24077377a5c50f87540f19fe0eae35187dd760e622e0c93cbf1185069c	ECL6:99:6403
ecl.6.99.06496	65	684ef88b42b69ae39dc116b17bffa6253b3fc47bdafcc66c945c5d554743e669	ECL6:99:6496
ecl.6.99.06738	12	57955e2e5e7612c90ae0b39c3c911e57cb57cd731654ed667fd5d8745c5bb32d	ECL6:99:6738
ecl.6.99.06775	16	8f30c6936aa0fb01c59dea0e06e2df92074ad5c8cae899e9b3a72c915bd4127c	ECL6:99:6775
ecl.6.99.06837	15	68b58642d2cff9ab63119852a5870f18e464166cf44426e666c59e86aa2b569c	ECL6:99:6837
ecl.6.99.06877	14	26f3e44daf2fba408b39bffa67e5d0db1c9d0c1677d5a03e2c90b41946f35142	ECL6:99:6877
ecl.6.99.06890	12	1bb7931d7fa04503fc7932bba74b7300236f773be2e0948b01100cfea9d11d02	ECL6:99:6890
ecl.6.99.06927	10	859beb42adfe0f53162636c726016dcbab8bd0802574e0d38eca9dcb8590fa8e	ECL6:99:6927
ecl.6.99.06937	13	647ba2bb719edf334876d700e127250dc7277aa0ac3dff1e1d1a42a5c6ce6be4	ECL6:99:6937
ecl.6.99.07236	21	6a835de0133c37202198dd885210309fa3fb9ac15813deec8585fe7e662e0784	ECL6:99:7236
ecl.6.99.07287	9	5e11cee81e73063416f5957a9dc92c5099a140fe92bd7ecadf077aa9eac45ebd	ECL6:99:7287
ecl.6.99.07319	48	57eb89c915a50d235c67ba9b51b4ad31d55bead6e63abb2fccda06fdfeda4463	ECL6:99:7319
ecl.6.99.07368	13	0fc4d0c29c8b3d37663a61a656e44e8d1955610fed038528ea9a109aca200969	ECL6:99:7368
ecl.6.99.07380	12	69f03584a214370847bfebf3f6efb7362b391974e864d90e15e0033b3f9acab3	ECL6:99:7380
ecl.6.99.07502	39	bec9c65e4a68f08fbc04fbefc3d4a56bc8cfe1c24332ae4fea385bc5da8ceb0c	ECL6:99:7502
ecl.6.99.07542	30	b0467a3612ef55ef5b899de8304cf044a58d87ef7dbcbe762082a6291513a7e8	ECL6:99:7542
ecl.6.99.07575	23	69e349285747195158a5064c4416691e75e8074c9fbd310426e2aa9a409f0c31	ECL6:99:7575
ecl.6.99.07603	27	f5d24e444d2af32b408ca27f9162639234fbed7fa29ba00a31fe4d09ba37ec6c	ECL6:99:7603
ecl.6.99.07634	13	6f9b12fbfbbce7b9380a71d179e5521a62612c7b91b0f6ead411f9269b7d21c7	ECL6:99:7634
ecl.6.99.07779	12	f469e2b4b0c452b9ba0ea432fb2d19c016a21dcdc26f7a68d2d270ee5fb373bf	ECL6:99:7779;ECL6:99:8146
ecl.6.99.07820	11	bf4a9734694f2b32fcd4f60532b2ddcb88f628f92d3c0aa8ffdd87643ec5df35	ECL6:99:7820
ecl.6.99.07839	15	096543a7a0cc77180e5c10a4694528c5c0c5032dda31b89449a0e9410938ee4f	ECL6:99:7839
ecl.6.99.07861	14	dc179ccf4cada68c2ed0abd84ff9ed0e0a8a4e7d4d9a75902fc95c9336930f0b	ECL6:99:7861
ecl.6.99.07882	13	79c721a6b39fda02f2d32fa2f410c3cc7cbd215dfb03772a2afcc2bde40b58ca	ECL6:99:7882
ecl.6.99.07926	12	31c0d10021361d7475e852e272e186ca0c0b0a725bbf40187d1bbcc112e1cedb	ECL6:99:7926
ecl.6.99.07945	18	ea0a64a3e599cdf53fe917ed04b2706a490b117ee2f825b2ffda10c8ba635363	ECL6:99:7945
ecl.6.99.07969	11	aca43afefcfbc583feb71c27c18cb6770416779b651bd3306d42be1473264fd2	ECL6:99:7969
ecl.6.99.07988	10	df26763294b9a9f8b49364b480eb66334cc5b202a4b5b60c4c2f9a79b79c0512	ECL6:99:7988
ecl.6.99.08006	9	ed97a109977ece1680609582463d524236bee58fd6f0c831ab6fac4f88c680a6	ECL6:99:8006
ecl.6.99.08023	15	ecaa977765c9f76e8787d46756324ca5f145e61f8ae251375b337ad98951a01c	ECL6:99:8023
ecl.6.99.08045	15	c3e682ea21c55204a279059f44eb0be513ae4d615d21829d05d875f29bf43f6b	ECL6:99:8045
ecl.6.99.08071	12	b36d805419989ef6dd6caa9a3a11ad05686f08b55afae533691016adc6b9aae3	ECL6:99:8071
ecl.6.99.08090	13	aaf4a1aa862406d15ab309e52cbeb05dff0909618ef33a6ee6653302f06d686e	ECL6:99:8090
ecl.6.99.08127	16	5d6e5b679dba998545f81f7c7ad7d7252eb006d5013ccc7cc7f25967ac5ddcad	ECL6:99:8127
ecl.6.99.08225	9	3b1082e12bce8b6564595099bcbc07edac74b78c01d95938baa2e4186f80b853	ECL6:99:8225
ecl.6.99.08242	12	d27e866e6cdcf6e8dcc2238ca34a23ff10e85544ae0e91b9af200f5d465962ff	ECL6:99:8242
ecl.6.99.08282	12	bd45a9a0adb5e114efb0c06f2873db5188d30459ca2daaf90594fec857c37a07	ECL6:99:8282
ecl.6.99.08320	15	3ecb9bfec1d53d94eae872d5968086b37600c325c013a9c22673eaaef79c824b	ECL6:99:8320
ecl.6.99.08360	19	28c4cf991a7f86b3765ce529ccf2a75de17a1df5b19a6477e2a7d950313f7b2e	ECL6:99:8360
ecl.6.99.08385	9	6563b9a9787c9c1aabe063756808d6fc4517afe4a4b4279ddba1e2f13b5322aa	ECL6:99:8385
ecl.6.99.08406	16	842ca2e61c0e18b7b03834e07fd87ecdf6023b13820b69621912cefc130da7e5	ECL6:99:8406
ecl.6.99.08428	9	3d4079b7ff9c485dfb96aad143bae1f5684b6ef4cfdb0b00f6c606199bf0a74d	ECL6:99:8428
ecl.6.99.08445	14	daf5b1bcb9170ff24e9f9fde6291756dcdb270616846cc4dc6983454cbafd3c3	ECL6:99:8445
ecl.6.99.08466	10	93680b26ad70feaee4d5654163099ec4fff0a96abb1f5460d418ee8f02f161e4	ECL6:99:8466
ecl.6.99.08612	13	d086a8af7f705a732a6bacd83e1a005fb60e5bd718e8debedf384d2ac3b0db71	ECL6:99:8612
ecl.6.99.08658	57	026224a611a8569797440566ad93b0781fb1b04b62231ba16581edac4e93e448	ECL6:99:8658
