key	translation	source
ecl.1.16.00278	带你们前往奇亚贡太空港接受训练。你们抵达后不久，便被召集到	ecl-batch-editorial
ecl.1.16.01280	突然间，战机从北方低空呼啸而来。战斗机投下致命的货物，现场顿时陷入一片混乱！舰艇与控制塔在猩红烈焰中轰然崩塌！人群惊慌四散。	ecl-batch-editorial
ecl.1.16.01431	你们的军官已经倒下，其他新兵四散奔逃。你们一头栽进了这场激战！	ecl-batch-editorial
ecl.1.16.01593	通往外面的保安门已经封死。	ecl-batch-editorial
ecl.1.16.01661	这扇门在战斗中被熔烧封死。	ecl-batch-editorial
ecl.1.16.01842	运输舰紧跟在攻击战机后方降落。特林人纷纷跳下，与溃散的 NEO 部队交战，其中一些正降落在主建筑上。	ecl-batch-editorial
ecl.1.16.02105	特林人已经发现你们，正逼近准备下杀手。	ecl-batch-editorial
ecl.1.16.02166	NEO 部队前来支援你们。	ecl-batch-editorial
ecl.1.16.02279	激光的尖啸与手榴弹的爆炸声响彻整栋建筑。	ecl-batch-editorial
ecl.1.16.02348	一架战机以超音速呼啸掠过屋顶，震得你们牙齿发颤。	ecl-batch-editorial
ecl.1.16.02408	不知从何处射来一道狙击光束。	ecl-batch-editorial
ecl.1.16.02486	RAM 的突袭效果惊人，造成惨重打击。附近看不到任何军官下达指示，唯一还有组织的部队，只剩正在扫荡此区的特林人。	ecl-batch-editorial
ecl.1.16.02617	RAM 已完全掌握制空权。NEO 的反舰防御沉寂无声，战机也全数被摧毁在停机坪上。留在户外愈来愈危险，敌舰已开始对步兵展开扫射。	ecl-batch-editorial
ecl.1.16.02768	一架战机呼啸而过，朝你们的队伍扫射激光火力。	ecl-batch-editorial
ecl.1.16.02832	爆炸的高温逼得你们退后。站在停机坪上，你们毫无遮蔽。	ecl-batch-editorial
ecl.1.16.02982	这些保安门已被炸毁。阵亡的 NEO 士兵与特林人交叠躺在地上。	ecl-batch-editorial
ecl.1.16.03062	男厕	ecl-batch-editorial
ecl.1.16.03080	女厕	ecl-batch-editorial
ecl.1.16.03119	有人朝房里扔了颗手榴弹。隔间全被炸毁，地板上满是积水。	ecl-batch-editorial
ecl.1.16.03222	你们推开门，正对上一名特林人的手枪枪口。他露出微笑，扣下扳机。	ecl-batch-editorial
ecl.1.16.03331	猛烈的爆炸把房里的家具炸得粉碎。屋顶坍塌，碎片下埋着几具尸体。稍加检查便知道，他们已经无法挽救。	ecl-batch-editorial
ecl.1.16.03346	把房里的家具炸得粉碎。屋顶坍塌，碎片下埋着几具尸体。稍加检查	ecl-batch-editorial
ecl.1.16.03490	五名死去的特林人倒卧在门口。墙边的桌子后方，有一名持步枪的 NEO 军官。他朝你们苦笑一下，放低了枪：「我还撑得住，但我的腿已经废了。	ecl-batch-editorial
ecl.1.16.03641	破坏份子切断了自动防御系统的连接。东翼有手动超控系统，过去启动飞弹。没了舰队，RAM 部队就完了。现在快点行动！」	ecl-batch-editorial
ecl.1.16.03804	这名军官已经昏迷。稍加检查后确认他情况稳定。	ecl-batch-editorial
ecl.1.16.03897	特林人正在餐厅里对伤患痛下杀手。坍塌的天花板显示这房间遭到直接命中，房里弥漫着浓烈的廉价威士忌气味。	ecl-batch-editorial
ecl.1.16.04039	讲堂	ecl-batch-editorial
ecl.1.16.04078	一名护理员正在照看一个蜷缩成胎儿姿势的年轻人。他抬头摇摇头说：「这些孩子有些禁不起真正的战争。还好他们是在地球上发现这一点的。我会留在这里，你们继续前进。」	ecl-batch-editorial
ecl.1.16.04266	两名原本要前往接驳艇的新兵倒卧在门口。他们是在试图进入建筑物时被从背后射杀的。	ecl-batch-editorial
ecl.1.16.04411	你们接近时，特林人从门口发动攻击。	ecl-batch-editorial
ecl.1.16.04469	战斗已将这扇门熔烧封死，你们得从别的门进去。	ecl-batch-editorial
ecl.1.16.04528	仅限授权人员	ecl-batch-editorial
ecl.1.16.04566	RAM 部队已控制这个房间。你们闯入时，正好撞见一整班特林人。后方可以看到一名 RAM 技术人员正在操作飞弹控制面板。	ecl-batch-editorial
ecl.1.16.04723	技术人员一手开始朝你们开火，另一手仍在调整控制装置。如果你们对他开枪，可能会损坏操控基地飞弹的控制系统。	ecl-batch-editorial
ecl.1.16.04732	技术人员开始朝你们开火，另一手仍在调整控制装置。如果你们开枪	ecl-batch-editorial
ecl.1.16.04883	寻找掩护	ecl-batch-editorial
ecl.1.16.04909	谁开枪？	ecl-batch-editorial
ecl.1.16.04968	的射击精准命中。	ecl-batch-editorial
ecl.1.16.04987	那个人无法开枪。	ecl-batch-editorial
ecl.1.16.05009	这一击偏了，打中了控制面板。火花四溅，开始冒烟。再一击就会将它彻底摧毁。	ecl-batch-editorial
ecl.1.16.05162	控制面板瞬间爆出火焰！现在再也无法发射反舰飞弹了。你们听见远方的战斗仍在继续。	ecl-batch-editorial
ecl.1.16.05271	你们逃离时，听见技术人员发出欢呼。远方传来飞弹齐发的轰鸣。不知何处有人高喊：「飞弹落在奇亚贡了！整座城市陷入火海！将有成千上万人丧命！」	ecl-batch-editorial
ecl.1.16.05428	接着传来一艘大型舰艇从头顶掠过的轰鸣，紧接着是炸弹坠落的呼啸声。	ecl-batch-editorial
ecl.1.16.05507	世界在你们周围炸裂开来！	ecl-batch-editorial
ecl.1.16.05555	技术人员瘫倒在地，沾着血迹的嘴角勾起一抹微笑。他嘶声说道：「既然飞弹不能打奇亚贡，那就谁也别想发射！」	ecl-batch-editorial
ecl.1.16.05677	他抓起一颗手榴弹，拔掉了保险栓。你们可以扑上去压住它，也可以就地找掩护。有人愿意牺牲自己吗？	ecl-batch-editorial
ecl.1.16.05798	谁要扑向手榴弹？	ecl-batch-editorial
ecl.1.16.05872	闷住了爆炸的威力，飞弹控制系统毫发无伤。你们将飞弹切换为反舰模式，不久便听见敌舰坠毁的巨响。	ecl-batch-editorial
ecl.1.16.05875	闷住了爆炸的威力，飞弹控制系统毫发无伤。你们将飞弹切换为反舰模式，不久便	ecl-batch-editorial
ecl.1.16.05994	失去制空权后，RAM 的突袭很快就被击退。你们获得众人由衷的称赞，伤势也得到了妥善治疗。	ecl-batch-editorial
ecl.1.16.06160	你们因这番辛劳获得一小笔奖赏。	ecl-batch-editorial
ecl.1.16.06208	你们受到列队欢送，登上刚抵达的接驳艇，被送往救世站三号。	ecl-batch-editorial
ecl.1.16.06272	你们冲向他时，技术人员胡乱开枪还击。	ecl-batch-editorial
ecl.1.16.06389	你们冲到技术人员面前，将他击倒。	ecl-batch-editorial
ecl.1.16.06431	你们躲在门框后方，避开了技术人员的火力。	ecl-batch-editorial
ecl.1.16.06530	医务官	ecl-batch-editorial
ecl.1.16.06575	房里挤满了阵亡与重伤的士兵。一名焦头烂额的护理员喊道：「这里已经满了，你们在外面更有用！」她把你们推出了门外。	ecl-batch-editorial
ecl.1.16.06714	门关上的同时，你们听见房里传来一声巨响。	ecl-batch-editorial
ecl.1.16.06787	房间已被炸毁。护理员蜷倒在门边，毫无生气的脸上还带着惊讶的表情。房里没有任何生还者。	ecl-batch-editorial
ecl.1.16.06799	护理员蜷倒在门边，毫无生气的脸上还带着惊讶的表情。房里没有任何	ecl-batch-editorial
ecl.1.16.06894	显然有个特林人在某位伤患身上动了手脚，设下陷阱。	ecl-batch-editorial
ecl.1.16.06939	等候室	ecl-batch-editorial
ecl.1.16.06978	这个房间曾是枪战现场。所有伤患都已撤离，只剩下尸体横陈在烧焦的沙发与破碎的桌子间。	ecl-batch-editorial
ecl.1.16.07105	这间小房间里是燃料槽的监控屏幕，全都亮着红灯，燃料储存槽在攻击中已遭击中。	ecl-batch-editorial
ecl.1.16.07227	维修人员曾想躲进这座车库掩蔽，显然被一队巡逻的特林人发现了，墙上留下大片暗红血迹。	ecl-batch-editorial
ecl.1.16.07351	这栋建筑原本存放消防设备。特林人已将整栋结构洗劫一空，并摧毁了里头的机器人。	ecl-batch-editorial
ecl.1.16.07438	南门上方的告示写着	ecl-batch-editorial
ecl.1.16.07468	「军官交谊厅」	ecl-batch-editorial
ecl.1.16.07492	西边的告示写着	ecl-batch-editorial
ecl.1.16.07554	一名军官倒在这里，被弹片击中，伤势致命。他虚弱地咳嗽着，示意你们靠近。	ecl-batch-editorial
ecl.1.16.07639	他低声说：「飞弹控制……主控室……敌人一定切断了自动系统……启动防御……啊啊啊！！！」	ecl-batch-editorial
ecl.1.16.07727	他抽搐了一下，便一动不动了。	ecl-batch-editorial
ecl.1.16.07757	门上方的告示写着	ecl-batch-editorial
ecl.1.17.00108	全息图像中的那个人亲自向你们问好。	ecl-batch-editorial
ecl.1.17.00143	「我是卡顿•特必安，这座基地的指挥官。」	ecl-batch-editorial
ecl.1.17.00182	他的演说	ecl-batch-editorial
ecl.1.17.00195	「你们的太空拖船已经加满燃料，正等着你们。」	ecl-batch-editorial
ecl.1.17.00327	「我们收到了这则信息。」他领着你们走向一台全息播放器。	ecl-batch-editorial
ecl.1.17.00379	屏幕上出现一名 RAM 女指挥官。	ecl-batch-editorial
ecl.1.17.00417	「我们已俘虏了格拉迪乌斯山附近沙漠跑者村落的女性首领。胆敢插手者，得前往婚神星附近指定的小行星，否则她就得死。」	ecl-batch-editorial
ecl.1.17.00545	特必安说：「我们暂时得先搁置这件事。地球正面临迫在眉睫的危机，继续你们的任务。解散。」	ecl-batch-editorial
ecl.1.17.00639	巴克在走廊上拦住你们。	ecl-batch-editorial
ecl.1.17.00671	「规矩有时候就是用来打破的。个人比命令更重要。」	ecl-batch-editorial
ecl.1.17.00738	他大摇大摆地走开了。	ecl-batch-editorial
ecl.1.17.00761	「你们做得很好。我已经指派你们登上这艘船，调查这起 RAM 阴谋。	ecl-batch-editorial
ecl.1.17.00825	「休尔分析了电脑数据，找出三项关键事实。	ecl-batch-editorial
ecl.1.17.00881	小行星带的谷神星附近，有一座 RAM 的秘密基地。	ecl-batch-editorial
ecl.1.17.00930	火星上的 RAM 基地格拉迪乌斯山，近来活动异常频繁。	ecl-batch-editorial
ecl.1.17.00981	「休尔查出金星低地一座制造基地的座标。	ecl-batch-editorial
ecl.1.17.01049	根据斯科特的数据，这艘船原订返回小行星基地，所以我建议你们从那里开始，」	ecl-batch-editorial
ecl.1.17.01147	「你们的表现令我印象深刻。根据我方情报，小行星基地已经遭到废弃。」	ecl-batch-editorial
ecl.1.17.01242	巴克罗吉斯	ecl-batch-editorial
ecl.1.17.01276	巴克与指挥官一同离开。	ecl-batch-editorial
ecl.1.17.01370	你们步出气密舱时，受到一大群人的欢迎，由基地指挥官带头。他示意欢呼的群众安静下来，开口说道：	ecl-batch-editorial
ecl.1.17.01467	「欢迎回来。你们已经将地球从何兹汉与 RAM 同伙的邪恶蹂躏中拯救回来……	ecl-batch-editorial
ecl.1.17.01549	巴克罗吉斯不知从哪冒出来，打断了特必安的话：	ecl-batch-editorial
ecl.1.17.01596	「我只是想跟你们握握手，感谢你们拯救了地球和所有人。有你们这样的人在，RAM 根本毫无胜算。」	ecl-batch-editorial
ecl.1.17.01620	感谢你们拯救了地球和所有人。有你们这样的人在，RAM 根本毫无胜算。」	ecl-batch-editorial
ecl.1.17.01702	群众欢呼起来，你们被领去参加庆祝派对。	ecl-batch-editorial
ecl.1.17.01809	NEO 技术人员冲上前来收取装置。指挥官特必安随后抵达。	ecl-batch-editorial
ecl.1.17.01869	「干得好！这是至关重要的情报。请继续调查末日设备。」	ecl-batch-editorial
ecl.1.17.01951	他和你们握手后便离开了。	ecl-batch-editorial
ecl.1.17.02018	指挥官约谈了贾斯廷，接着转向你们。	ecl-batch-editorial
ecl.1.17.02061	「带罗贝诺先生前往帕沃尼斯，取回他的装置。这对 NEO 来说是项宝贵的资产。」	ecl-batch-editorial
ecl.1.17.02168	感谢你们救出了杰森•杜帕。	ecl-batch-editorial
ecl.1.17.02208	你们想去哪里？	ecl-batch-editorial
ecl.1.17.02283	你们走进了救世站交谊厅。	ecl-batch-editorial
ecl.1.17.02317	买饮料	ecl-batch-editorial
ecl.1.17.02326	点餐	ecl-batch-editorial
ecl.1.17.02373	你们身处救世站交谊厅。	ecl-batch-editorial
ecl.1.17.02411	你们拿到了一些咖啡。	ecl-batch-editorial
ecl.1.17.02430	你们拿到了一杯饮料。	ecl-batch-editorial
ecl.1.17.02452	你们感到不舒服，只好离开。	ecl-batch-editorial
ecl.1.17.02507	你们已经吃太饱了。	ecl-batch-editorial
ecl.1.17.02530	你们点了些食物。	ecl-batch-editorial
ecl.1.17.02561	你们闲聊了一会儿。	ecl-batch-editorial
ecl.1.17.02575	你们在原地等了一会儿。	ecl-batch-editorial
ecl.1.17.02599	船员们过来向你们道贺。	ecl-batch-editorial
ecl.1.17.02726	一名 NEO 员工警告你们：「听说 NEO 内部到处都是 RAM 的间谍，小心别乱信任人。」	ecl-batch-editorial
ecl.1.17.02830	一名 NEO 军官说：「RAM 已经研发出配备力场的重型战斗装甲，遇到时务必提高警觉。」	ecl-batch-editorial
ecl.1.17.02942	一名 NEO 太空船驾驶员建议：「太空战时，先打掉对方的控制系统和武器，再登舰。」	ecl-batch-editorial
ecl.1.17.03054	一名士兵分享八卦：「听说有家帮 RAM 做包装的公司，丢了基改人收容舱的合约。」	ecl-batch-editorial
ecl.1.17.03168	一名技术人员说：「你们舰上的扫描仪，会把星球表面的城镇显示成一个个彩色圆点。」	ecl-batch-editorial
ecl.1.17.03274	一名士兵说：「图勒镭矿监狱是太阳系里最残酷的监狱，没有人能活着出来。」	ecl-batch-editorial
ecl.1.17.03383	一名酒馆常客力劝：「千万别相信数字人格！」	ecl-batch-editorial
ecl.1.17.03456	一名水星籍 NEO 军官说：「水星第三座马利波萨的太阳王，出了名地……古怪。」	ecl-batch-editorial
ecl.1.17.03557	医生治疗了全队每个人。	ecl-batch-editorial
ecl.1.17.03668	死了。很遗憾。	ecl-batch-editorial
ecl.1.17.03762	「开着太空拖船，去找些有用的物资。	ecl-batch-editorial
ecl.1.17.03809	「我建议你们去查查谷神星附近的小行星基地。	ecl-batch-editorial
ecl.1.17.03865	「火星上的格拉迪乌斯山基地必须调查清楚。	ecl-batch-editorial
ecl.1.17.03920	「根据我方情报，下一步该去金星的基地。	ecl-batch-editorial
ecl.1.17.03984	「休尔已经整合所有数据，找到了末日武器的下落，就在水星的马利波萨三号。	ecl-batch-editorial
ecl.1.17.04068	「你们得在对方动用激光之前把它摧毁。	ecl-batch-editorial
ecl.1.17.04110	同时，善用我们的训练设施。」	ecl-batch-editorial
ecl.1.17.04210	杰森•杜帕，NEO 的顶尖干员，已经打入 RAM 的末日计划内部，如今被囚禁在图勒的镭矿场。除非你们救他，否则他必死无疑。	ecl-batch-editorial
ecl.1.17.04338	你们身处救世站港区。	ecl-batch-editorial
ecl.1.17.04399	医疗补给	ecl-batch-editorial
ecl.1.17.04448	你们准备让船起飞……	ecl-batch-editorial
ecl.1.17.04483	「一切准备就绪，准许起飞。」	ecl-batch-editorial
ecl.1.17.04547	你们准备太空拖船时，收到基地司令传来的信息。	ecl-batch-editorial
ecl.1.17.04606	「祝你们第一次执行 NEO 任务顺利。」	ecl-batch-editorial
ecl.1.17.04646	基地管制员核准你们起飞，开始倒数计时……	ecl-batch-editorial
ecl.1.17.04756	引擎轰鸣，你们沿发射湾冲出，转眼间便脱离救世站，进入了开阔太空。	ecl-batch-editorial
ecl.1.17.04841	你们看见基地四周散落着绵延不绝的太空垃圾，操纵船身穿过残骸，出发寻找可回收的残骸。	ecl-batch-editorial
ecl.1.17.04943	你们搜索着环绕地球的太空残骸……	ecl-batch-editorial
ecl.1.17.04986	过了几天，你们的传感器侦测到一个异常物体。	ecl-batch-editorial
ecl.1.17.05042	你们在残骸间发现了一艘漂浮的废弃太空船。	ecl-batch-editorial
ecl.1.17.05100	搜索船舰	ecl-batch-editorial
ecl.1.17.05111	返回基地	ecl-batch-editorial
ecl.1.17.05137	你们让船缓缓靠近那艘废船，完成对接后登船。	ecl-batch-editorial
ecl.1.17.05214	接近基地时，你们用无线电将废船的情报回报给基地司令。	ecl-batch-editorial
ecl.1.17.05286	指挥官说道：	ecl-batch-editorial
ecl.1.17.05306	「去把那艘船拖回救世站。」	ecl-batch-editorial
ecl.1.17.05342	你们调转船头，返回那艘废船。	ecl-batch-editorial
ecl.1.17.05393	你们的船补满了燃料。	ecl-batch-editorial
ecl.1.17.05426	NEO 的技师修好了你们的船。	ecl-batch-editorial
ecl.1.17.05512	你们的医疗物资补充齐全。	ecl-batch-editorial
ecl.1.17.05553	NEO 的技术人员为你们的武器重新装填，并补足备用弹药。	ecl-batch-editorial
ecl.1.17.05655	痊愈了……	ecl-batch-editorial
ecl.1.18.00135	听闻巴克罗吉斯与新地球组织的英勇事迹后，你决定加入 NEO，对抗正在恐吓太阳系的 RAM 威胁。	ecl-batch-editorial
ecl.1.18.00300	RAM 随时都可能，也必然会发动攻击。就连地球，也逃不过他们的蹂躏！	ecl-batch-editorial
ecl.1.18.00402	RAM 众多致命武器之一，就是基因改造出来的特林人。	ecl-batch-editorial
ecl.1.18.00498	你们的每一次胜利，都是 NEO 与全体地球人的胜利。	ecl-batch-editorial
ecl.1.18.00557	你们的战场不会只限于地球，还将深入太空，从水星一路远征到遥远的小行星带。	ecl-batch-editorial
ecl.1.18.00659	在重重危险之中，偶尔也能找到片刻安宁的绿洲。	ecl-batch-editorial
ecl.1.18.00737	别忘了，你们并不是孤军奋战，一路上总有许多人愿意伸出援手。	ecl-batch-editorial
ecl.1.18.00816	就连来自过去的传奇人物，也会助你们一臂之力。	ecl-batch-editorial
ecl.1.18.00859	永远别忘了，你们奋战守护的，是那颗璀璨的宝石。	ecl-batch-editorial
ecl.2.32.00116	气密舱门嘶地开启，刺耳的警报声直冲耳膜。房间笼罩在战备灯诡异的暗红色光线中。	ecl-batch-editorial
ecl.2.32.00228	你们拍下超控面板，警报声霎时停止。环顾四周，激战过的痕迹处处可见，暗色的小圆球漂浮而过，一一黏上早已脏污的墙面。	ecl-batch-editorial
ecl.2.32.00382	一具尸体从地板浮起，在红光映照下显得近乎透明。随着它胡乱挥动，发光的液珠从那身影的手臂旋转飘开，一碰到墙面便消失无踪。	ecl-batch-editorial
ecl.2.32.00522	它发出尖叫，穿过左侧墙面消失。四周再度陷入沉寂……	ecl-batch-editorial
ecl.2.32.00600	但很快又被舰炮齐射的轰鸣打破！船身猛然一晃，把你们甩向光滑的墙面。	ecl-batch-editorial
ecl.2.32.00757	气密舱门已封闭，外部损伤警示灯正闪烁着。	ecl-batch-editorial
ecl.2.32.00831	外侧舱门看起来已经被整片削断，你们的船则不见踪影。	ecl-batch-editorial
ecl.2.32.01169	部分第三阶段体已经孵化，它们还很虚弱。」	ecl-batch-editorial
ecl.2.32.01250	一只第三阶段体正在四处走动，查看着控制装置。」	ecl-batch-editorial
ecl.2.32.01332	那只基改人启动了一台电脑，正在跑一套高速快闪卡程序，学习速度快得惊人。」	ecl-batch-editorial
ecl.2.32.01446	它正在操控控制装置，学习驾驶。」	ecl-batch-editorial
ecl.2.32.01572	尖叫着惊醒，双眼失焦。	ecl-batch-editorial
ecl.2.32.01708	突然翻倒在地。	ecl-batch-editorial
ecl.2.32.01748	头痛欲裂。	ecl-batch-editorial
ecl.2.32.01793	发现身上冒出逐渐扩散的红疹。	ecl-batch-editorial
ecl.2.32.01850	的腿突然一阵发痒。	ecl-batch-editorial
ecl.2.32.02150	一群小型 ECG 朝你们冲来。	ecl-batch-editorial
ecl.2.32.02194	防御机器人赶到现场，其中一台用机械声调宣告：「你们涉嫌破坏 RAM 财产并违反隔离命令，必须予以终结。」	ecl-batch-editorial
ecl.2.32.02331	机器人一边攻击，一边反复念着：「终结，终结……」	ecl-batch-editorial
ecl.2.32.02406	炮塔控制系统已停用，扫描仪侦测不到你们的船。	ecl-batch-editorial
ecl.2.32.02492	你们的目光紧盯着门前漂浮的一具尸体，缺了一只手臂，正是走廊上那个幽灵身影的原形。他身上裹着一件破烂、染上暗色污渍的实验袍残骸。	ecl-batch-editorial
ecl.2.32.02652	尸体附近漂着一台日志记录器和一具全息投影机。你们播放日志，房里响起一个听来相当无聊的声音。	ecl-batch-editorial
ecl.2.32.02764	「……地球净化完成后，我们的部署进度就能如期进行。	ecl-batch-editorial
ecl.2.32.02821	「如果何兹汉是对——等等！电力出现波动……主收容力场失效……所有批次的活动量都在上升。斯科特！立刻紧急关闭！你在哪里！？	ecl-batch-editorial
ecl.2.32.02972	「斯科特失去功能……已经通知保全……设置全息警告给任何登船的人……希望这只是以防万一……	ecl-batch-editorial
ecl.2.32.03080	「投影机正在启动……等等！这么快！？那双发光的眼睛……不！退后！	ecl-batch-editorial
ecl.2.32.03170	房里回荡着最后一声惨叫的余音。尸体后方摆着许多敞开的大型圆筒。	ecl-batch-editorial
ecl.2.32.03237	你们取走了日志	ecl-batch-editorial
ecl.2.32.03542	你们往上爬。	ecl-batch-editorial
ecl.2.32.03615	你们往下爬。	ecl-batch-editorial
ecl.2.32.03773	你们注意到勉强能挤进这条通风管道。	ecl-batch-editorial
ecl.2.32.03840	队伍得排成单列前进，走在最前或最后的人，可能得独自应战。	ecl-batch-editorial
ecl.2.32.03918	要进去吗？	ecl-batch-editorial
ecl.2.32.03956	舱壁上的模板数字显示，你们身处甲板	ecl-batch-editorial
ecl.2.32.04275	可怕的基改人钻进了通风管，来自	ecl-batch-editorial
ecl.2.32.04324	得独自面对那滴着口水的獠牙。	ecl-batch-editorial
ecl.2.32.04401	ECG 们钻进了一条管道消失无踪。	ecl-batch-editorial
ecl.2.32.04629	这条管道里塞满了数不清的设备与补给品。	ecl-batch-editorial
ecl.2.32.04714	这里似乎没有什么马上用得到的东西。	ecl-batch-editorial
ecl.2.32.04746	彻底搜索过后，你们找到一对氩气罐，把它们绑在背上。斯科特说：「往上到第 3 层甲板去。」	ecl-batch-editorial
ecl.2.32.04884	这里是工程甲板，引擎一片死寂。	ecl-batch-editorial
ecl.2.32.04949	你们抵达维生甲板，隐约能听见水耕槽循环运作的嗡嗡声。	ecl-batch-editorial
ecl.2.32.05057	你们抵达货舱甲板，一片寂静。	ecl-batch-editorial
ecl.2.32.05120	船上最美的一方绿洲——水耕花园——看来宁静安详，仿佛丝毫没受到眼前这场动乱波及。叶片轻轻作响，满室弥漫着甜香，茂密的植株挡住了你们的视线。	ecl-batch-editorial
ecl.2.32.05295	这房间的声音与气味，渐渐让你们放松下来。	ecl-batch-editorial
ecl.2.32.05348	想起了与一位老	ecl-batch-editorial
ecl.2.32.05389	友共度的宁静夜晚。牵手、拥抱与亲吻。	ecl-batch-editorial
ecl.2.32.05465	从宁静的冥想中回过神来，正好看见	ecl-batch-editorial
ecl.2.32.05554	从梦中惊醒，发现	ecl-batch-editorial
ecl.2.32.05604	挣脱	ecl-batch-editorial
ecl.2.32.05636	完全没有挣扎，身躯被那些搏动的藤蔓轻柔地固定着，那阵悦耳的声音再度响起。	ecl-batch-editorial
ecl.2.32.05716	没有丝毫疼痛，恐惧也迅速消退。	ecl-batch-editorial
ecl.2.32.05755	没多久梦境再度降临——一个或许将笼罩整个地球的梦。你们就此长眠不醒。	ecl-batch-editorial
ecl.2.32.05840	你们拼命甩开那股愉悦的倦怠感，狠狠撕扯那株植物。残留的藤蔓碎片与体液很快便漂散在空中，植物造成的伤口开始灼痛起来。	ecl-batch-editorial
ecl.2.32.05984	被连根拔起的植物旁边，有一具损坏的收容力场产生器和一张纸。你们拿起了它	ecl-batch-editorial
ecl.2.32.06062	那张纸	ecl-batch-editorial
ecl.2.32.06080	你们抛下同伴，开始想脱身离开。不巧的是，那阵悦耳的声音变得更加强烈。	ecl-batch-editorial
ecl.2.32.06166	被困在一株不知名植物的藤蔓中，细小的荆棘刺穿了护甲，藤蔓随着	ecl-batch-editorial
ecl.2.32.06254	的心跳一起搏动着。	ecl-batch-editorial
ecl.2.32.06377	一只 ECG 立刻发动攻击。	ecl-batch-editorial
ecl.2.32.06452	另一只 ECG 逼近，獠牙滴着口水。	ecl-batch-editorial
ecl.2.32.06510	这房间里是全船的空气采样设备。	ecl-batch-editorial
ecl.2.32.06570	稍加改装，就能把氩气灌入全船的空气系统。	ecl-batch-editorial
ecl.2.32.06640	氩气罐接上了管线，阀门一转便打开，氩气嘶嘶灌入空气系统。	ecl-batch-editorial
ecl.2.32.06726	「起作用了！控制室里的守卫开始扭动挣扎，一个个倒下……	ecl-batch-editorial
ecl.2.32.06794	就连第三阶段体也受到影响！	ecl-batch-editorial
ecl.2.32.06822	「等等！有只第三阶段体正在操纵控制装置，把气流方向反过来了！ECG 们开始苏醒了！快，到工程舱去，那里的面板能超控气流！」	ecl-batch-editorial
ecl.2.32.06997	这房间里放着许多维修工具。	ecl-batch-editorial
ecl.2.32.07051	碎玻璃漂浮在房间四周，空气中残留着淡淡的高级香水味。	ecl-batch-editorial
ecl.2.32.07119	搜索房间后，发现一组货箱被绑在一起，构成一处隐密的居住空间。枕头、纸张与女性衣物在舱内四处漂浮。	ecl-batch-editorial
ecl.2.32.07248	这些纸张是一本潦草的日记，其中一页潦草地写着：「红疹正在扩散，我没剩多少时间了。」你们拿走了它们	ecl-batch-editorial
ecl.2.32.07364	货舱里堆满了空罐，看起来每个罐子都能装下一只生物，撑过重返大气层的过程。	ecl-batch-editorial
ecl.2.32.07481	控制面板显示引擎已经关闭，目前由保全程序接管。要重新启动，得先取得控制室的访问权限。	ecl-batch-editorial
ecl.2.32.07621	在这里可以取消超控。	ecl-batch-editorial
ecl.2.32.07664	拆下控制台外壳，开始对控制电路动手脚。	ecl-batch-editorial
ecl.2.32.07725	你们正端详着这套陌生的电路，斯科特开口说：「让我来解说一下步骤。」	ecl-batch-editorial
ecl.2.32.07797	开始照着他的指示动手。	ecl-batch-editorial
ecl.2.32.07855	氩气一停，那些生物就重获自由。它们已经察觉你们在动手脚，大批朝你们冲了过来。	ecl-batch-editorial
ecl.2.32.07955	你们可以在这里坚守，也可以放弃这层甲板，任由 ECG 占据。	ecl-batch-editorial
ecl.2.32.08036	基改人们窜动着逼近。	ecl-batch-editorial
ecl.2.32.08065	仍在试着超控控制装置。	ecl-batch-editorial
ecl.2.32.08102	一大群 ECG 扑了上来，眼里闪烁着兴奋的光芒。	ecl-batch-editorial
ecl.2.32.08160	扭紧了最后一条接线。	ecl-batch-editorial
ecl.2.32.08185	ECG 们撞上你们，但它们已经开始倒下，在空中扭动几下后便一动也不动。	ecl-batch-editorial
ecl.2.32.08271	「恭喜！控制室里剩下的几只 ECG 正在死前挣扎，扭动得太剧烈，还有一只踢掉了我的扫描仪。不过，我的监测器显示氩气浓度已达致死等级。	ecl-batch-editorial
ecl.2.32.08420	到控制室去联系 NEO。记住，这些东西只是对地球的某种致命威胁的第二阶段。」	ecl-batch-editorial
ecl.2.32.08532	你们试图突围，但基改人的速度更快，展开无情的攻击。	ecl-batch-editorial
ecl.2.32.08617	这层甲板终于清空了 ECG。你们回头完成控制装置的改装，氩气嘶嘶灌满全船。	ecl-batch-editorial
ecl.2.32.08740	一个机械声音轰然响起：「自毁系统已启动，开始倒数。30……」	ecl-batch-editorial
ecl.2.32.08796	斯科特说：「一定是哪只 ECG 撞上了控制面板！立刻赶到第 10 层甲板！」	ecl-batch-editorial
ecl.2.32.08883	谁要负责维修？	ecl-batch-editorial
ecl.2.32.08909	那个人办不到。	ecl-batch-editorial
ecl.2.32.08964	你们来到一座梯子前。	ecl-batch-editorial
ecl.2.32.08983	你们要往哪里去？	ecl-batch-editorial
ecl.2.32.09000	你们身处甲板	ecl-batch-editorial
ecl.2.32.09107	整艘船在一场巨大的爆炸中四分五裂！	ecl-batch-editorial
ecl.2.32.09153	斯科特说道：「	ecl-batch-editorial
ecl.2.33.00149	这扇门被牢牢封死。那些生物能从墙壁的管道钻过去，你们如法炮制无异于自杀。要尝试吗？	ecl-batch-editorial
ecl.2.33.00271	一只基改人仿佛从实心墙壁里直接冒了出来。	ecl-batch-editorial
ecl.2.33.00344	你们硬是挤进了狭窄的管道。	ecl-batch-editorial
ecl.2.33.00391	所有人都开始发痒。	ecl-batch-editorial
ecl.2.33.00413	狡猾的基改人在通道上设下陷阱，一阵爆炸震撼了整支队伍。	ecl-batch-editorial
ecl.2.33.00513	你们刚滑出管道，基改人便扑了上来。	ecl-batch-editorial
ecl.2.33.00594	你们屠杀了所有 ECG。突然间，眼前一片黑暗，疯狂淹没了你们的心智。管道里的某种东西，已经侵入了你们的身体。	ecl-batch-editorial
ecl.2.33.00704	你们倒了下去，无法对敌人开火。	ecl-batch-editorial
ecl.2.33.00764	封锁物无人看守，你们轻易就把它扯开了。	ecl-batch-editorial
ecl.2.33.01154	一只第三阶段体已经孵化，它还很虚弱。」	ecl-batch-editorial
ecl.2.33.01224	它正四处走动，查看着控制装置。」	ecl-batch-editorial
ecl.2.33.01300	它启动了一台电脑，正在跑一套高速快闪卡程序，学习速度快得惊人。」	ecl-batch-editorial
ecl.2.33.02578	你们一踏上平台，一大群狰狞的基改人便冲了过来，速度快得惊人。	ecl-batch-editorial
ecl.2.33.02674	你们听见墙后传来抓挠声，更多敌人很快就会到，只是不确定会从哪个方向来。	ecl-batch-editorial
ecl.2.33.02859	你们勉强能挤进这条通风管道。	ecl-batch-editorial
ecl.2.33.03059	破碎的桌子漂浮在这里，残骸上沾着诡异的体液，RAM 部队曾在此地顽抗。	ecl-batch-editorial
ecl.2.33.03149	这里是生命监测站，追踪着全船的生命迹象。	ecl-batch-editorial
ecl.2.33.03244	扫描结果显示，你们是船上仅存的人类。大量不明生命体聚集在第 10 层甲板，其余则散布在船舰各处。	ecl-batch-editorial
ecl.2.33.03387	你们注视间，右侧突然出现一个新的读数。	ecl-batch-editorial
ecl.2.33.03449	你们一看，只见一只基改人正从通风管道里爬出来。	ecl-batch-editorial
ecl.2.33.03499	它以惊人的速度朝你们扑来，獠牙滴着口水。	ecl-batch-editorial
ecl.2.33.03567	这间医疗实验室一尘不染，一台小型数据电脑固定在桌上。	ecl-batch-editorial
ecl.2.33.03678	电脑里传出一个声音：「本机仅接受有效声纹操作。」	ecl-batch-editorial
ecl.2.33.03788	你们拿走了这台电脑，还找到了几剂解毒剂。	ecl-batch-editorial
ecl.2.33.03869	斯科特的图像出现，说道：「DATACOMP1，我是斯科特，把完整数据传给我。」	ecl-batch-editorial
ecl.2.33.03971	这间医务室设备先进，几具自动手术装置悬挂在洁白的手术台上方。角落里，刚做过一场解剖。	ecl-batch-editorial
ecl.2.33.04084	尸体被仔细地摆放整齐，一旁架上摆着标示清楚的药瓶。一份私人日志，以及一套叠得整整齐齐、标着「康琪医生」的制服，漂浮在这具裸露尸体的旁边。	ecl-batch-editorial
ecl.2.33.04248	这份数据显示，只要能取出脑寄生虫，就能制成一种防护用的蛋白软膏。要使用自动手术装置取出脑寄生虫吗？	ecl-batch-editorial
ecl.2.33.04387	要为谁动手术？	ecl-batch-editorial
ecl.2.33.04419	那个人并未感染，仍要动手术吗？	ecl-batch-editorial
ecl.2.33.04473	你们启动了手术装置，机械的嗡鸣与帮浦的嘶声充满房间。一个机械声音宣告：「请输入希格玛编号。对象未投保 RAM 保险。」	ecl-batch-editorial
ecl.2.33.04610	关闭	ecl-batch-editorial
ecl.2.33.04646	你们要说出什么号码？	ecl-batch-editorial
ecl.2.33.04726	希格玛编号无效，保全警报。」激光手术刀转向并发动攻击，其他手术装置也开始启动。	ecl-batch-editorial
ecl.2.33.04818	摧毁手术装置	ecl-batch-editorial
ecl.2.33.04850	「已登记死亡证明。	ecl-batch-editorial
ecl.2.33.04895	你们制止了激光射击，可惜没有办法取出脑寄生虫了。	ecl-batch-editorial
ecl.2.33.05013	你们在一阵激光弹幕中撤离。	ecl-batch-editorial
ecl.2.33.05072	防御机器人闻警赶来。	ecl-batch-editorial
ecl.2.33.05124	你们将它关闭，四周再度归于寂静。	ecl-batch-editorial
ecl.2.33.05163	谁要负责重新编程？	ecl-batch-editorial
ecl.2.33.05192	那个人办不到。	ecl-batch-editorial
ecl.2.33.05253	失败了。电脑回应道：「	ecl-batch-editorial
ecl.2.33.05299	手术迅速又成功，其他人也接着接受治疗，全都痊愈了。	ecl-batch-editorial
ecl.2.33.05459	要进行脑部手术吗？	ecl-batch-editorial
ecl.2.33.05496	要治疗全队吗？	ecl-batch-editorial
ecl.2.33.05606	房间陈设简朴，墙上没有任何装饰。一张一尘不染的桌上放着一份磁性文件夹。你们拿走了它	ecl-batch-editorial
ecl.2.33.05721	房间看起来被匆忙翻找过，衣物与私人物品到处漂浮。你们发现了一本日记	ecl-batch-editorial
ecl.2.33.05826	房间里堆满了尸体，唯一的人类尸体双手紧握着一把耗尽电力的激光手枪和一份私人日志。你们拿走了那份日志	ecl-batch-editorial
ecl.2.33.05947	这是主保全控制台。	ecl-batch-editorial
ecl.2.33.05988	熟练的编程者能从这里关闭保全机器人，要试试吗？	ecl-batch-editorial
ecl.2.33.06063	谁要试试看？	ecl-batch-editorial
ecl.2.33.06146	保全程序侦测到你们在动手脚。	ecl-batch-editorial
ecl.2.33.06198	你们还来不及抽身，	ecl-batch-editorial
ecl.2.33.06243	你们及时抽身时，	ecl-batch-editorial
ecl.2.33.06285	机器人从附近的储物柜冲出，说道：「侦测到 RAM 保安违规，违规者将被终结。」	ecl-batch-editorial
ecl.2.33.06381	保全监视器全部失效。	ecl-batch-editorial
ecl.2.33.06428	控制台爆出电光，保全程序已经把机器人控制权从这座终端转移走了。	ecl-batch-editorial
ecl.2.33.06548	门一打开，机器人便从这座储物柜里冲了出来。	ecl-batch-editorial
ecl.2.33.06609	这座储物柜里塞满了停用中的保全机器人。	ecl-batch-editorial
ecl.2.33.06653	这是一座空的保全机器人储物柜。	ecl-batch-editorial
ecl.2.33.06711	一具全息图像在你们面前成形，开口说道：「真高兴你们成功了。这里是唯一能让我通信的地方——喔，抱歉！我忘了自我介绍，我是斯科特，数字人格。	ecl-batch-editorial
ecl.2.33.06862	他继续说	ecl-batch-editorial
ecl.2.33.06874	这段独白	ecl-batch-editorial
ecl.2.33.06889	等他终于说完，你们把最新状况告诉了他。	ecl-batch-editorial
ecl.2.33.06927	得知船上的状况后，他倒抽一口气：「天哪！我原本只是想阻止船员，不是要害他们被撕成碎片。去下一座控制台，把那两条红线接到这面板上，我就能帮上忙了。」	ecl-batch-editorial
ecl.2.33.07103	这座控制台属于一套非常先进的电脑系统，很可能是 RAM 最顶尖的杰作。通往下一座控制台的接线，不知为何已经熔在一起。	ecl-batch-editorial
ecl.2.33.07215	你们找出了对应的线路，把它们接了起来。	ecl-batch-editorial
ecl.2.33.07261	斯科特再次出现：「啊，好多了。稍等，我先扫描全船，做个评估。」	ecl-batch-editorial
ecl.2.33.07339	「好了。ECG 们已经把自己封锁在第 10 层甲板的控制室里，有些正在蜕变成第三阶段体。威廉博士把那称作『超智能阶段』，这一点让我很担心。	ecl-batch-editorial
ecl.2.33.07475	在 ECG 全数清除之前，我们都得被困在这艘船上。	ecl-batch-editorial
ecl.2.33.07537	搜索船上的记录。威廉博士曾提过控制 ECG 的方法，或许你们能找到相关数据。	ecl-batch-editorial
ecl.2.33.07637	首先，让我扫描一下你们从医疗实验室带回来的生物记录。	ecl-batch-editorial
ecl.2.33.07696	这些数据显示，ECG 已经被设计成对氩气敏感。船上如果还有存量，应该在第 4 层或第 0 层甲板，把它灌进空气帮浦里。	ecl-batch-editorial
ecl.2.33.07714	ECG 已经被设计成对氩气敏感，船上如果还有存量，应该在第 4 层或第 0 层甲板，把它灌进空气帮浦里。	ecl-batch-editorial
ecl.2.33.07801	我会在必要时与你们联系，再会。」	ecl-batch-editorial
ecl.2.33.07848	你们赶到面板前，看见倒数仍在进行。手忙脚乱地输入超控序列，电脑回应：「自毁已中止，谢谢。」	ecl-batch-editorial
ecl.2.33.08011	一名穿着太空衣的男子站在紧急气密舱里，正朝你们开火。	ecl-batch-editorial
ecl.2.33.08106	你们靠近后才发现，那张脸不属于你们认得的任何种族，表情毫无起伏，双眼是死寂的漆黑色。	ecl-batch-editorial
ecl.2.33.08219	你们来到那只诡异的基改人面前。	ecl-batch-editorial
ecl.2.33.08254	气密舱里似乎有什么东西，你们往里一看……	ecl-batch-editorial
ecl.2.33.08317	一只孤伶伶的第三阶段体，正在安装爆破装置，那双空洞的眼睛死盯着你们。	ecl-batch-editorial
ecl.2.33.08384	开枪射击	ecl-batch-editorial
ecl.2.33.08410	你们击中了它，它向后跌进逃生舱的气密门。舱门随即关闭，你们听见逃生舱弹射而出。突然，整艘船一阵摇晃——爆破装置在逃生舱里引爆了。	ecl-batch-editorial
ecl.2.33.08563	斯科特的图像出现：「恭喜！我在船上已经找不到任何 ECG 了。我们联系 NEO，一起查清楚 RAM 打算怎么净化地球吧。」	ecl-batch-editorial
ecl.2.33.08680	你们驾船返回救世站，提交了报告。	ecl-batch-editorial
ecl.2.33.08749	那只 ECG 把爆破装置朝你们扔了过来。	ecl-batch-editorial
ecl.2.33.08797	尽管身受重伤，你们仍爬向舰载武器控制台。你们超控电脑，锁定那艘正在撤离的逃生舱。爆炸的闪光照亮了屏幕，逃生舱化作一团炽亮的火光。	ecl-batch-editorial
ecl.2.33.08985	你们踏上新出现的平台，位于甲板	ecl-batch-editorial
ecl.2.34.00147	你们的队伍受伤了。	ecl-batch-editorial
ecl.2.34.00170	要使用诊疗所吗？	ecl-batch-editorial
ecl.2.34.00202	哪位队员	ecl-batch-editorial
ecl.2.34.00272	要继续治疗其他队员吗？	ecl-batch-editorial
ecl.2.34.00560	你们动弹不得……	ecl-batch-editorial
ecl.2.34.00577	你们在太空中漂浮……	ecl-batch-editorial
ecl.2.34.00623	你们用无线电向 NEO 求援。	ecl-batch-editorial
ecl.2.34.00683	一艘 NEO 巡洋舰找到了你们，并伸出援手。	ecl-batch-editorial
ecl.2.34.01279	马利波萨三号	ecl-batch-editorial
ecl.2.34.01321	新伊利瑟姆	ecl-batch-editorial
ecl.2.34.01332	金星低地	ecl-batch-editorial
ecl.2.34.01426	火星高地沙漠	ecl-batch-editorial
ecl.2.34.01475	小行星基地	ecl-batch-editorial
ecl.2.34.01643	你们接收到一颗小型小行星传来的微弱求救信号。	ecl-batch-editorial
ecl.2.34.01898	斯科特说：「侦测到附近一颗小型小行星传来的回波	ecl-batch-editorial
ecl.2.34.01941	，我猜有人正在监听 NEO 的通信。	ecl-batch-editorial
ecl.2.34.01988	「或许我们该去查清楚。」	ecl-batch-editorial
ecl.2.34.02037	通信中心	ecl-batch-editorial
ecl.2.34.02111	你们随口试了个密码，没想到应答器居然回应了。	ecl-batch-editorial
ecl.2.34.02176	泰隆的基地	ecl-batch-editorial
ecl.2.34.02264	基地正在维修中。	ecl-batch-editorial
ecl.2.34.02417	你们开始降落在火星沙漠上。	ecl-batch-editorial
ecl.2.34.02451	一艘 RAM 侦察巡洋舰向你们发出警告。	ecl-batch-editorial
ecl.2.34.02524	你们自称是持有特殊命令的 RAM 游艇。	ecl-batch-editorial
ecl.2.34.02571	对方不相信你们，要求你们投降。	ecl-batch-editorial
ecl.2.34.02696	你们降落了。	ecl-batch-editorial
ecl.2.34.02731	已定位基地……	ecl-batch-editorial
ecl.2.34.02758	基地广播道：	ecl-batch-editorial
ecl.2.34.02777	「已确认为『漩涡骑士号』，准许在 2 号机棚对接。」	ecl-batch-editorial
ecl.2.34.02829	一座降落信标引导你们进入对接舱。	ecl-batch-editorial
ecl.2.34.02869	你们走出了船舱。	ecl-batch-editorial
ecl.2.34.03042	你们定位到那颗小行星并完成对接。	ecl-batch-editorial
ecl.2.34.03110	已定位监狱……	ecl-batch-editorial
ecl.2.34.03147	你们抵达了会合点……	ecl-batch-editorial
ecl.2.34.03195	已定位小行星……	ecl-batch-editorial
ecl.2.34.03337	传感器识别出一艘	ecl-batch-editorial
ecl.2.34.03359	，显示在长程扫描仪上。	ecl-batch-editorial
ecl.2.34.03442	呼叫了那艘巡洋舰。	ecl-batch-editorial
ecl.2.34.03461	你们要说什么？	ecl-batch-editorial
ecl.2.34.03497	求援	ecl-batch-editorial
ecl.2.34.03524	你们试图虚张声势蒙混过关。	ecl-batch-editorial
ecl.2.34.03592	你们成功说服对方，让他们相信你们是自己人。	ecl-batch-editorial
ecl.2.34.03634	你们向对方下战帖。	ecl-batch-editorial
ecl.2.34.03719	对方知难而退，转身逃走。	ecl-batch-editorial
ecl.2.34.03745	你们开口求援。	ecl-batch-editorial
ecl.2.34.03825	对方伸出援手。	ecl-batch-editorial
ecl.2.34.03896	对方并不买帐。	ecl-batch-editorial
ecl.2.34.03968	你们没有燃料可以逃跑。	ecl-batch-editorial
ecl.2.34.04034	斯科特通知你们，NEO 要你们去一趟餐厅	ecl-batch-editorial
ecl.2.34.04087	「露娜小馆」，就在第谷。	ecl-batch-editorial
ecl.2.34.04109	对接于	ecl-batch-editorial
ecl.2.34.04177	你们逃脱了……	ecl-batch-editorial
ecl.2.34.04229	RAM 侦察舰	ecl-batch-editorial
ecl.2.34.04246	RAM 中型舰	ecl-batch-editorial
ecl.2.34.04262	RAM 重型舰	ecl-batch-editorial
ecl.2.34.04278	海盗中型舰	ecl-batch-editorial
ecl.2.34.04295	水星中型舰	ecl-batch-editorial
ecl.2.34.04743	你们的补给已经耗尽。	ecl-batch-editorial
ecl.2.34.04834	斯科特回报：	ecl-batch-editorial
ecl.2.34.04851	「扫描仪显示，有艘船正以高速独自航行。	ecl-batch-editorial
ecl.2.34.04897	「目标朝谷神星前进，后面还有 RAM 船舰在追击。」	ecl-batch-editorial
ecl.2.35.00116	你们的监测器显示大气压力极低。紧急照明虽然亮着，却不断闪烁，很难看清稍远的地方。	ecl-batch-editorial
ecl.2.35.00243	要撤回你们的船上吗？	ecl-batch-editorial
ecl.2.35.00301	小行星的爆炸震荡，狠狠冲击了你们的船。	ecl-batch-editorial
ecl.2.35.00457	致命的 ECG 不知从哪冒了出来。	ecl-batch-editorial
ecl.2.35.00549	ECG 们试图夺取你们的船。	ecl-batch-editorial
ecl.2.35.00623	这扇气密门正在漏气，密封处似乎被什么东西撕扯过，一片破烂的太空衣残片飘了过去。	ecl-batch-editorial
ecl.2.35.00732	这里是通信室，损坏的电子零件四处漂浮，不见半个人影。	ecl-batch-editorial
ecl.2.35.00813	突然间，各种身影从四面八方朝你们卷来。	ecl-batch-editorial
ecl.2.35.00898	这扇门很难撬开。里头蜷缩着一名浑身是伤、穿着太空衣的矿工。他低声说：「泰隆出卖了我们，那根本不是什么宝藏。」说完便断了气。	ecl-batch-editorial
ecl.2.35.01053	几具矿工的尸体漂了过去，身上满是被什么东西撕咬的痕迹。	ecl-batch-editorial
ecl.2.35.01146	好几名矿工还被绑在床铺上，就被 ECG 制伏了。	ecl-batch-editorial
ecl.2.35.01208	你们发现一张泰隆签名的纸条，上头写着：「你们之前帮我保管东西赚了不少，这次把这些圆筒收好，保证让你们大赚一笔。」	ecl-batch-editorial
ecl.2.35.01358	ECG 们守在这道门口，门后是较粗糙的通道，四处漂浮着杂乱的残骸。	ecl-batch-editorial
ecl.2.35.01496	这里用杂物草草绑在一起，ECG 们蜂拥而出，护卫着里头的东西。	ecl-batch-editorial
ecl.2.35.01605	你们在杂物堆里发现几个正在蜕变的身影，将它们一一消灭。	ecl-batch-editorial
ecl.2.35.01720	你们找到一批藏匿的爆裂物和几个空圆筒，筒上标示着：「威廉博士财产，生物危害。」	ecl-batch-editorial
ecl.2.35.01840	另一批爆裂物可以引爆，摧毁整颗小行星。	ecl-batch-editorial
ecl.2.35.01908	要设置爆炸吗？	ecl-batch-editorial
ecl.2.35.01950	延迟时间可以设置在 0 到 99 之间，你们要选哪个数字？	ecl-batch-editorial
ecl.2.35.02034	倒数计时已经启动。	ecl-batch-editorial
ecl.2.35.02134	整颗小行星在巨大爆炸中炸裂开来！	ecl-batch-editorial
ecl.3.48.00505	船坞空无一物。	ecl-batch-editorial
ecl.3.48.00544	这里停着一艘逃生船，一名飞行员说：「这是接孩子们的救援船，他们不上船我是不会走的。」	ecl-batch-editorial
ecl.3.48.00655	孩子们向你们道谢。	ecl-batch-editorial
ecl.3.48.00683	基改人已经装载上船。	ecl-batch-editorial
ecl.3.48.00714	吉姆的祖父挥手道别。	ecl-batch-editorial
ecl.3.48.00752	兔子们已经装载上船。	ecl-batch-editorial
ecl.3.48.00773	他们安全升空离开了。	ecl-batch-editorial
ecl.3.48.00845	「回到下层去，我们需要更多情报，搞清楚到底发生了什么事。」	ecl-batch-editorial
ecl.3.48.00914	你们登上了自己的船。	ecl-batch-editorial
ecl.3.48.00960	米罗说：「我们的撤离站在最东边的船坞，我们这就过去。感谢你们的协助，我会建议 RAM 颁给你们最高荣誉。」孩子们随即离开。	ecl-batch-editorial
ecl.3.48.01017	会过去。感谢你们的协助，我会建议 RAM 颁给你们最高荣	ecl-batch-editorial
ecl.3.48.02182	你们身处一座电梯里。	ecl-batch-editorial
ecl.3.48.02205	要往下吗？	ecl-batch-editorial
ecl.3.48.02259	这座电梯井已经被封死，无法往下。	ecl-batch-editorial
ecl.3.48.02308	你们可以用绳索垂降。	ecl-batch-editorial
ecl.3.48.02333	你们身处对接舱的气密室，编号	ecl-batch-editorial
ecl.3.48.02431	你们进入了一座 RAM 基地。	ecl-batch-editorial
ecl.3.48.02465	一名 RAM 官员正在等着你们。	ecl-batch-editorial
ecl.3.48.02495	「谢天谢地你们回来了！我们遇到了生物紧急事故，有些孩子触发了释放系统。	ecl-batch-editorial
ecl.3.48.02577	「等等，威廉博士人呢？」	ecl-batch-editorial
ecl.3.48.02668	他似乎信了。「威廉博士的事我很遗憾，你们一定是泰隆手下的人吧。往右走，然后沿着走廊直走到电梯，我得去监督撤离工作。	ecl-batch-editorial
ecl.3.48.02818	他向后退开：「卫兵，处理掉这些入侵者。」说完便大步离去。	ecl-batch-editorial
ecl.3.48.02921	无处可逃。	ecl-batch-editorial
ecl.3.48.02967	一间乱得一团糟的办公室。	ecl-batch-editorial
ecl.3.48.03030	在总行政官的办公室里，你们注意到一台屏幕透着红光的全息终端机，上头写着：「红色警戒撤离，所有人员一律不得例外。下层发生生物危害，撤往格拉迪乌斯山。」	ecl-batch-editorial
ecl.3.48.03185	这里是清洁机器人室。	ecl-batch-editorial
ecl.3.48.03223	一间被拆得七零八落的通信室。	ecl-batch-editorial
ecl.3.48.03286	通信设备正自动发送信息：「EB3 已进入隔离状态，所有人员正在撤离。」	ecl-batch-editorial
ecl.3.48.03383	一间餐厅，桌上摆着许多吃到一半的食物。	ecl-batch-editorial
ecl.3.48.03444	一辆推车在这里翻倒，留下了些有用的东西。	ecl-batch-editorial
ecl.3.48.03528	一间废弃已久的技师房。	ecl-batch-editorial
ecl.3.48.03608	一名老人举着小手枪指着你们，吉姆却冲上前大喊：「爷爷！」老人手一松，枪便掉了下来。	ecl-batch-editorial
ecl.3.48.03687	他抹去眼泪说：「谢谢你们救了吉姆。老米罗说该走的时候，我偷偷溜出来等孩子们。我们走吧，我跟在后面。」	ecl-batch-editorial
ecl.3.48.03817	这间储藏室里的食物散发着令人作呕的臭味。	ecl-batch-editorial
ecl.3.48.03883	这间卧室里散落着一些私人物品。	ecl-batch-editorial
ecl.3.48.03962	中毒的工人们倒卧满地，有几个还虚弱地喘着气。	ecl-batch-editorial
ecl.3.48.04038	米罗一脸不屑地看着。吉姆低声问：「你们能救救他们吗？」	ecl-batch-editorial
ecl.3.48.04166	成功救活了那些基改人工人。	ecl-batch-editorial
ecl.3.48.04229	米罗说：「既然你们保住了这些资产，那就一起带上撤离船吧。」	ecl-batch-editorial
ecl.3.48.04293	吉姆低声说：「太谢谢了，我不喜欢看到任何人死掉。」	ecl-batch-editorial
ecl.3.48.04362	你们奋力抢救，但他们已经回天乏术。	ecl-batch-editorial
ecl.3.48.04420	一间厨房，炉上的汤锅还冒着热气。	ecl-batch-editorial
ecl.3.48.04476	一间空办公室。	ecl-batch-editorial
ecl.3.48.04515	这些电力装置已经关闭。	ecl-batch-editorial
ecl.3.48.04560	你们进入了一间发电室。	ecl-batch-editorial
ecl.3.48.04604	机器人所需的电力，就是从这些装置发送出去的。	ecl-batch-editorial
ecl.3.48.04650	关闭	ecl-batch-editorial
ecl.3.48.04687	机器人的电力已被切断。	ecl-batch-editorial
ecl.3.48.04766	士兵们见你们走近便敬礼：「主管说过你们会来。沿着走廊走，在丁字路口左转就是电梯。」	ecl-batch-editorial
ecl.3.48.04903	这间保全室里到处散落着碎纸。	ecl-batch-editorial
ecl.3.48.04963	这里留下了一些装备……	ecl-batch-editorial
ecl.3.48.05032	这地方已经被搜刮一空。	ecl-batch-editorial
ecl.3.48.05109	气密门迅速关闭之际，你们听见里头喊道：「船坞里有敌人！起飞！」片刻后，火箭的轰鸣声宣告那艘船已经离开。	ecl-batch-editorial
ecl.3.48.05275	孩子们欢呼：「我们的船就在那里！耶！」	ecl-batch-editorial
ecl.3.48.05343	走廊上有守卫挡住去路。	ecl-batch-editorial
ecl.3.48.05390	其中一人开口：「行政官提醒过我们，你们可能会迷路。转身，	ecl-batch-editorial
ecl.3.48.05454	走到第二个十字路口左转，然后	ecl-batch-editorial
ecl.3.48.05488	在丁字路口右转，接下来两个十字路口都左转，然后	ecl-batch-editorial
ecl.3.48.05532	沿着走廊走到电梯就到了。」	ecl-batch-editorial
ecl.3.48.05756	北方和西方	ecl-batch-editorial
ecl.3.48.05777	北方和东方	ecl-batch-editorial
ecl.3.48.05807	吉姆大喊：「撤离船应该在	ecl-batch-editorial
ecl.3.48.05851	。我们就快出去了！耶！」	ecl-batch-editorial
ecl.3.48.06279	一名守卫说：「左转到电梯，还有一支小队在值勤。」	ecl-batch-editorial
ecl.3.48.06385	一道路障后方，几名神情紧绷的战士驻守着。「你们一定就是那些专家吧。我们很快就要撤了，祝你们好运。你们一下去，我们就会把竖井炸掉，这些装备拿去用。」	ecl-batch-editorial
ecl.3.48.06548	「船坞」	ecl-batch-editorial
ecl.3.48.06646	「甲级宿舍」	ecl-batch-editorial
ecl.3.48.06666	「乙级宿舍」	ecl-batch-editorial
ecl.3.48.06686	「工人宿舍」	ecl-batch-editorial
ecl.3.48.06719	这里是人事主管的办公室。翻查文件后发现，激光研究团队已经被调往格拉迪乌斯山。	ecl-batch-editorial
ecl.3.48.06868	一名惊慌失措的女子冲上前来：「你们有看到孩子们吗？我一直没收到去接他们那支小队的消息！」你们要怎么回答？	ecl-batch-editorial
ecl.3.48.06986	保持沉默	ecl-batch-editorial
ecl.3.48.07014	她松了一口气：「谢天谢地！我马上去船上找他们。」说完便匆匆离去。	ecl-batch-editorial
ecl.3.48.07077	她尖叫道：「不！我要自己去找他们！」说完便跑开了。	ecl-batch-editorial
ecl.3.48.07164	一块闪着光的小留言板吸引了你们的目光，上头写着：「爸，我在基改人实验室上课，很快就回来。」	ecl-batch-editorial
ecl.3.48.07264	这是一间仍在运作的医务室。	ecl-batch-editorial
ecl.3.48.07312	一间空储藏室。	ecl-batch-editorial
ecl.3.48.07356	这里有些有用的装备。	ecl-batch-editorial
ecl.3.48.07530	一群男人朝你们走近。	ecl-batch-editorial
ecl.3.48.07654	你们说服他们打消攻击的念头，他们便离开了。	ecl-batch-editorial
ecl.3.48.07695	他们拔出了武器。	ecl-batch-editorial
ecl.3.48.07751	他们发现你们了！	ecl-batch-editorial
ecl.3.48.07811	老鼠发动攻击。	ecl-batch-editorial
ecl.3.48.07844	扩音器大声响起：「	ecl-batch-editorial
ecl.3.48.07886	生物危害仍局限于下层。」	ecl-batch-editorial
ecl.3.48.07924	老鼠已从下层逃出，它们具有攻击性，请多加防范。」	ecl-batch-editorial
ecl.3.48.07977	不服从撤离命令者，后果自负。」	ecl-batch-editorial
ecl.3.48.08029	请勿惊慌，重复，请勿惊慌。」	ecl-batch-editorial
ecl.3.48.08063	电梯将依原定计划爆破。」	ecl-batch-editorial
ecl.3.48.08103	红色警戒撤离作业进行中。」	ecl-batch-editorial
ecl.3.48.08135	你们离开了。	ecl-batch-editorial
ecl.3.48.08150	你们躲了起来。	ecl-batch-editorial
ecl.3.48.08279	它们发动攻击！	ecl-batch-editorial
ecl.3.48.08481	要接受治疗吗？	ecl-batch-editorial
ecl.3.48.08506	自动医疗装置治好了全队。	ecl-batch-editorial
ecl.3.49.01384	电梯已经损毁，井道也被堵死。	ecl-batch-editorial
ecl.3.49.01449	电梯受损，但你们可以用绳索爬上去。	ecl-batch-editorial
ecl.3.49.01526	吉姆掏出一条绳索说：「RAM 青年巡逻队向来有备无患。」	ecl-batch-editorial
ecl.3.49.01585	这条绳索能让你们攀爬井道，要爬吗？	ecl-batch-editorial
ecl.3.49.01672	你们才刚下去没多久，爆炸便撕裂了整条井道，这座电梯如今已经无法使用。	ecl-batch-editorial
ecl.3.49.01784	这条通道是最近才从岩石中凿出来的。	ecl-batch-editorial
ecl.3.49.01850	你们找到的笔记显示，目前有四项不同的基改人计划正在进行。	ecl-batch-editorial
ecl.3.49.01933	这里的空容器，让你们想起间谍船上那些基改人收容舱。	ecl-batch-editorial
ecl.3.49.02019	一支工兵小队在这里被超级基改人击溃。	ecl-batch-editorial
ecl.3.49.02124	一本笔记本里记着一款强力新激光的数据，还有「DNA」几个字母。	ecl-batch-editorial
ecl.3.49.02189	一具造型特殊的激光装置占满了整个房间。	ecl-batch-editorial
ecl.3.49.02246	一启动，刺眼的光束便猛然射出，击碎了岩壁。以它的体积来说，威力惊人。	ecl-batch-editorial
ecl.3.49.02362	这间实验室看起来已经弃置不用。	ecl-batch-editorial
ecl.3.49.02383	一张寄往「火星格拉迪乌斯山」的运货单，躺在尘土之中。	ecl-batch-editorial
ecl.3.49.02464	这间实验室最近显然还在使用。	ecl-batch-editorial
ecl.3.49.02516	房间里摆满了反射镜。	ecl-batch-editorial
ecl.3.49.02561	看起来很适合用在复杂的瞄准系统上。	ecl-batch-editorial
ecl.3.49.02603	一张米罗•菲利普斯的感应卡，半掩在箱子底下。你们捡了起来	ecl-batch-editorial
ecl.3.49.02682	这里最近才建造了一颗卫星。	ecl-batch-editorial
ecl.3.49.02739	这里残留着 50 个大型箱子，标号从 DL-SAT1 一路到 DL-SAT50，碎裂的镜片散落四处。撤离的人把带不走的东西都毁掉了。	ecl-batch-editorial
ecl.3.49.02880	这间实验室里有一本笔记本，内容如下。	ecl-batch-editorial
ecl.3.49.02928	「超级蟹＝优异装甲」	ecl-batch-editorial
ecl.3.49.02954	「超级蛇＝优异速度」	ecl-batch-editorial
ecl.3.49.02981	「超级蝎＝致命毒液」	ecl-batch-editorial
ecl.3.49.03033	这里有基改人收容舱的蓝图，显示舱体配备了收发器。	ecl-batch-editorial
ecl.3.49.03140	附近摆着一台自制的小型收音机。其中一个孩子不好意思地承认，是她的收音机打开了那些收容舱：「可是真的是意外啦。」	ecl-batch-editorial
ecl.3.49.03303	这间实验室的笼子里关着几只兔子基改人。吉姆冲上前说：「我们要逃，兔兔们也要一起逃。」	ecl-batch-editorial
ecl.3.49.03412	超级基改人从笼子后方爬了出来，你们冲上前去救那个孩子。	ecl-batch-editorial
ecl.3.49.03484	孩子们为你们的英勇喝采。吉姆放出兔子，笑着说：「就知道你们办得到，你们真有两下子！」	ecl-batch-editorial
ecl.3.49.03617	基改人正在这间实验室里到处翻找，爪子戳来戳去。	ecl-batch-editorial
ecl.3.49.03756	你们正要撤退，吉姆却猛地冲上前抓起了什么东西。你们无奈地叹口气，冲过去护住他。	ecl-batch-editorial
ecl.3.49.03838	你们朝那些狰狞的基改人扑了过去。	ecl-batch-editorial
ecl.3.49.03912	孩子们欢呼起来。吉姆跟你们握手，顺势把一张卡片塞进你们手里，低声说：「这个应该用得上。」	ecl-batch-editorial
ecl.3.49.04004	那是行政官米罗•菲利普斯的个人身分卡。	ecl-batch-editorial
ecl.3.49.04080	一间仍在运作的电脑实验室。	ecl-batch-editorial
ecl.3.49.04170	你们朝电脑走去时，吉姆对你们眨眨眼，顺势引开了其他孩子的注意。	ecl-batch-editorial
ecl.3.49.04234	你们启动电脑后，它说道：	ecl-batch-editorial
ecl.3.49.04268	「请插入感应卡，并输入本周密码。」	ecl-batch-editorial
ecl.3.49.04314	插入卡片	ecl-batch-editorial
ecl.3.49.04367	「请输入密码：」	ecl-batch-editorial
ecl.3.49.04425	电脑吐出感应卡，说道：	ecl-batch-editorial
ecl.3.49.04463	「密码错误。」	ecl-batch-editorial
ecl.3.49.04492	你们已经试过这个了！	ecl-batch-editorial
ecl.3.49.04561	这台电脑太复杂了。	ecl-batch-editorial
ecl.3.49.04590	你们没有感应卡。	ecl-batch-editorial
ecl.3.49.04616	「你好，米罗，你有一则信息待读。」电脑在全息屏幕上显示出一封信	ecl-batch-editorial
ecl.3.49.04688	那封信	ecl-batch-editorial
ecl.3.49.04717	你们把信息传给斯科特，他说：「我们在这里已经找到所需的一切了。」	ecl-batch-editorial
ecl.3.49.04790	「回船上找我。」	ecl-batch-editorial
ecl.3.49.04852	吉姆低声说：「看间谍办事真有意思，你们一定跟巴克罗吉斯一样厉害，就是米罗老爱说坏话的那个人。」	ecl-batch-editorial
ecl.3.49.04969	一排排标着「格拉迪乌斯山」运货标签的箱子，堆满了地板。	ecl-batch-editorial
ecl.3.49.05049	吉姆悄悄凑过来，小心地张望四周，低声说：「那是个满是灰尘的老火星基地，博比几周前才被派去那里。」	ecl-batch-editorial
ecl.3.49.05170	你们身处一间激光武器开发实验室，纸张散落一地。	ecl-batch-editorial
ecl.3.49.05222	你们找到一份激光设计图的残篇，威力是一般激光的千倍之多。图上提到这座基地里有个小型原型机。	ecl-batch-editorial
ecl.3.49.05344	这具激光需要庞大的电力，以及极为精密的透镜。	ecl-batch-editorial
ecl.3.49.05437	实验室里有一颗建造到一半的卫星，设计用来反射强力的大型激光光束。	ecl-batch-editorial
ecl.3.49.05544	确定没人偷听后，吉姆说：「听说有个手臂里藏着匕首的家伙要来拿这些东西，米罗他爸很怕他。」	ecl-batch-editorial
ecl.3.49.05696	米罗走到那面占满整个房间的大镜子前，清了清喉咙：「各位同学，还有各位英勇的战士，既然家父不在场，我想我该来说几句话。	ecl-batch-editorial
ecl.3.49.05838	这证明了 NEO 煽动的乱象即将终结。加上今天我亲眼见证的这份英勇，我相信 RAM 注定会成就更伟大的功业。谢谢各位。」	ecl-batch-editorial
ecl.3.49.05974	吉姆瞄了你们一眼，翻了个白眼。	ecl-batch-editorial
ecl.3.49.06012	「电脑实验室」	ecl-batch-editorial
ecl.3.49.06031	「基因改造开发实验室	ecl-batch-editorial
ecl.3.49.06075	「激光武器开发实验室」	ecl-batch-editorial
ecl.3.49.06100	「研究实验室	ecl-batch-editorial
ecl.3.49.06122	「反射镜开发实验室」	ecl-batch-editorial
ecl.3.49.06150	「卫星开发实验室」	ecl-batch-editorial
ecl.3.49.06178	「基改人储存区」	ecl-batch-editorial
ecl.3.49.06235	一名 RAM 战士踉跄地朝你们走来，装甲已经破烂不堪。他在你们面前倒下，喘着气说：「无法救出孩子们，长官。但已经把他们隔离在基因改造开发实验室 3 号了，救救他们！」说完便断了气。	ecl-batch-editorial
ecl.3.49.06412	这扇标着「基因改造开发实验室 3 号」的门已经被封死，用爆破装置应该能打开。要试试看吗？	ecl-batch-editorial
ecl.3.49.06528	你们用爆破把门炸开了。	ecl-batch-editorial
ecl.3.49.06565	你们没有爆破装置。	ecl-batch-editorial
ecl.3.49.06621	附近的门后探出几颗孩子的脑袋。其中一个走上前，一脸正经地说：「我是小米罗•菲利普斯，谢谢你们前来救援。」	ecl-batch-editorial
ecl.3.49.06729	另一个孩子凑到米罗耳边低声说了些什么，你们隐约听见「DNA」这个词。米罗笑了笑：「别理吉姆，他是想试探你们知不知道密码。东边的电梯就是我们的撤离路线，走吧。」	ecl-batch-editorial
ecl.3.49.06942	吉姆凑过来低声说：「我猜你们是 NEO 派来偷电脑数据的间谍吧。没关系，反正我也不怎么喜欢米罗和他老爸。电脑在北边那一区。」	ecl-batch-editorial
ecl.3.49.07132	吉姆说：「电脑区在北边，要到电梯得往南再往东。」	ecl-batch-editorial
ecl.3.49.07253	吉姆提到：「东西向的走廊上就有电梯，南边还有几间挺酷的实验室。」	ecl-batch-editorial
ecl.3.49.07544	杀人基改人逼近。	ecl-batch-editorial
ecl.3.49.07734	一个孩子强忍着没喊出声，但已经太迟了。	ecl-batch-editorial
ecl.3.49.07773	你们被发现了。	ecl-batch-editorial
ecl.3.49.07846	「我已经入侵了基地电脑的部分区段，之后会有更多信息，但目前我只能发送这些。」	ecl-batch-editorial
ecl.3.49.07934	「这一层有机密房间，座标大约在 20,15、45,55 与 20,55。」	ecl-batch-editorial
ecl.3.49.07994	「其中一处基改人开发区段已经被隔离，你们或许该去查看看。」	ecl-batch-editorial
ecl.3.49.08063	「唯一还开着的电梯井在 50,42。你们可能需要绳索才能爬上去。」	ecl-batch-editorial
ecl.3.49.08132	「超能系列基改人，是想制造出我们在船上遇到的 ECG，却失败的产物。」	ecl-batch-editorial
ecl.3.49.08207	「我这里有一份行政官遗失感应卡的通报，可能有用。」	ecl-batch-editorial
ecl.3.49.08359	这里是基因改造开发实验室。	ecl-batch-editorial
ecl.3.49.08388	你们身处一间实验室。	ecl-batch-editorial
ecl.3.49.08405	这里是反射镜设计实验室。	ecl-batch-editorial
ecl.3.50.00066	你们呼啸掠过一颗小行星，传感器随即示警：一艘海盗巡洋舰正潜伏在小行星阴影中。你们还来不及反应，对方已经开火！	ecl-batch-editorial
ecl.3.50.00184	爆炸震撼全舰，紧急照明系统随即启动。	ecl-batch-editorial
ecl.3.50.00260	工程师	ecl-batch-editorial
ecl.3.50.00272	用无线电通报引擎已经故障，武器供电连结也已受损。	ecl-batch-editorial
ecl.3.50.00336	敌舰逼近，并伸出一条登船通道。	ecl-batch-editorial
ecl.3.50.00451	打开通信线路，接收到敌舰传来的广播。	ecl-batch-editorial
ecl.3.50.00513	你们试图抢占撞击位置，但速度不够快。对方广播了一则信息。	ecl-batch-editorial
ecl.3.50.00588	你们接收到敌舰传来的广播。	ecl-batch-editorial
ecl.3.50.00628	你们试图逃跑，但对方的船速快得多。对方广播了一则信息。	ecl-batch-editorial
ecl.3.50.00700	「投降，不然就死！！！」	ecl-batch-editorial
ecl.3.50.00720	登船通道喀当一声扣上了你们的船身。	ecl-batch-editorial
ecl.3.50.00808	攻击登船部队	ecl-batch-editorial
ecl.3.50.00921	你们冲进登船通道展开攻击！	ecl-batch-editorial
ecl.3.50.00985	剩下的海盗逃回了他们的船上。	ecl-batch-editorial
ecl.3.50.01114	这座气密舱已为太空航行关闭。	ecl-batch-editorial
ecl.3.50.01231	你们逃回自己的船，拖着损伤的船身离开了那艘残破的海盗船。	ecl-batch-editorial
ecl.3.50.01299	「我们得赶回救世站。」	ecl-batch-editorial
ecl.3.50.01332	「我们还没瘫痪他们的动力厂。要是现在撤退，他们会把我们摧毁。」	ecl-batch-editorial
ecl.3.50.01391	海盗船还没被瘫痪。	ecl-batch-editorial
ecl.3.50.01451	巴克决定撤离。	ecl-batch-editorial
ecl.3.50.01482	你们试图逃离……	ecl-batch-editorial
ecl.3.50.01500	巡洋舰开火了……	ecl-batch-editorial
ecl.3.50.01540	这是一道高保安等级的门。	ecl-batch-editorial
ecl.3.50.01605	谁要试试看	ecl-batch-editorial
ecl.3.50.01699	解除了保安门的锁定。	ecl-batch-editorial
ecl.3.50.01853	这道门已被解除。	ecl-batch-editorial
ecl.3.50.01965	「这层楼有守卫，我们还是得尽量保持低调。」	ecl-batch-editorial
ecl.3.50.02087	爆破装置爆炸了……	ecl-batch-editorial
ecl.3.50.02125	一声爆炸震得舰身摇晃。警报大作，远处传来喊叫声。	ecl-batch-editorial
ecl.3.50.02360	所在楼层：	ecl-batch-editorial
ecl.3.50.02630	有人打开了门锁，低声说道：	ecl-batch-editorial
ecl.3.50.02663	「我是来帮忙的。	ecl-batch-editorial
ecl.3.50.02699	「我把你们的装备带来了。」	ecl-batch-editorial
ecl.3.50.02727	「我们得先切断这艘船的动力才能逃脱。动力厂在第一层，但正面强攻等于送死。」	ecl-batch-editorial
ecl.3.50.02830	「我们应该去找泰隆的舱房，说不定里面有用得上的东西。我还把一些装备藏在 3,7 的牢房里。」	ecl-batch-editorial
ecl.3.50.02947	你们走出牢房时，发现有人在附近。	ecl-batch-editorial
ecl.3.50.02994	他和你们握手，开口说道：	ecl-batch-editorial
ecl.3.50.03054	「我把一些装备藏在这里了。」	ecl-batch-editorial
ecl.3.50.03109	这里是一间拘留牢房。	ecl-batch-editorial
ecl.3.50.03134	你们夺得了这艘船的控制权。	ecl-batch-editorial
ecl.3.50.03187	你们捣毁了操控面板与控制装置！	ecl-batch-editorial
ecl.3.50.03241	灯光转红，警笛大响。动力厂的运转声戛然而止。	ecl-batch-editorial
ecl.3.50.03309	「我们离开这里吧，登船通道在第 11 层。」	ecl-batch-editorial
ecl.3.50.03360	这些面板已经被摧毁了。	ecl-batch-editorial
ecl.3.50.03469	西侧门上挂着写有「泰隆」字样的标示。船舰的军械库在南边。	ecl-batch-editorial
ecl.3.50.03717	「入口有陷阱。」他摆弄了一下控制面板。「现在安全了。」	ecl-batch-editorial
ecl.3.50.03784	这个入口曾设有陷阱。	ecl-batch-editorial
ecl.3.50.03808	警报响起。你们已经被发现了。	ecl-batch-editorial
ecl.3.50.03894	这间房间宽敞却朴素，墙角摆着一张床，房间中央有张书桌，桌上放着一台电脑。	ecl-batch-editorial
ecl.3.50.04021	在电脑上叫出了船舰的结构图	ecl-batch-editorial
ecl.3.50.04054	船舰结构图	ecl-batch-editorial
ecl.3.50.04074	认为只要把炸药安置在厨房适当位置，就能摧毁通信与保安系统。	ecl-batch-editorial
ecl.3.50.04159	这么一来会让全舰陷入混乱，工程层也会更容易被攻破。	ecl-batch-editorial
ecl.3.50.04266	你们进入了船舰的用餐区。这些海盗看来已经没了胃口。	ecl-batch-editorial
ecl.3.50.04390	你们进入了船舰的厨房。你们一进门，厨师们就逃了出去。	ecl-batch-editorial
ecl.3.50.04499	要在这房间里布线引爆吗？	ecl-batch-editorial
ecl.3.50.04534	你们需要爆破装置。	ecl-batch-editorial
ecl.3.50.04568	你们设置爆破装置在 4 分钟后引爆。	ecl-batch-editorial
ecl.3.50.04623	这里曾是厨房，但现在已经不是了。	ecl-batch-editorial
ecl.3.50.04658	计时器哔了一声，「	ecl-batch-editorial
ecl.3.50.04688	你们进入了船舰的储藏室。	ecl-batch-editorial
ecl.3.50.04734	一包包的食物与饮料整齐地堆放在架上。	ecl-batch-editorial
ecl.3.50.04783	这里已经一片狼藉。	ecl-batch-editorial
ecl.3.50.04801	你们身处大副的舱房。	ecl-batch-editorial
ecl.3.50.04855	他大概在舰桥上。	ecl-batch-editorial
ecl.3.50.04884	这房间堆满了箱子。	ecl-batch-editorial
ecl.3.50.04915	你们进入了一间摆满床铺的舱房。	ecl-batch-editorial
ecl.3.50.04967	有些床铺上还躺着海盗。	ecl-batch-editorial
ecl.3.50.05116	工程甲板上的所有人都发动了攻击。	ecl-batch-editorial
ecl.3.50.05200	守卫的阵容看起来单薄又松散。	ecl-batch-editorial
ecl.3.50.05286	泰隆在这里，身边带着他最后的手下与机器人。	ecl-batch-editorial
ecl.3.50.05368	「这根本是自杀！！！」	ecl-batch-editorial
ecl.3.50.05388	你们还要继续进攻吗？	ecl-batch-editorial
ecl.3.50.05421	巴克离开了。	ecl-batch-editorial
ecl.3.50.05445	警报响起，舰桥上的所有人都发动了攻击。	ecl-batch-editorial
ecl.3.50.05549	你们击败了泰隆，也拿下了舰桥。从这里的控制台应该就能驾驶这艘船。	ecl-batch-editorial
ecl.3.50.05668	驻守对接通道的海盗发动了攻击。	ecl-batch-editorial
ecl.3.50.05822	你们身处船舰的医务室。	ecl-batch-editorial
ecl.3.50.05849	队伍中的所有人都被治愈了。	ecl-batch-editorial
ecl.3.50.05948	你们进入了一间医疗物资室。	ecl-batch-editorial
ecl.3.50.06042	你们进入了海盗船的气密舱。	ecl-batch-editorial
ecl.3.50.06085	你们身处一座武器炮塔。	ecl-batch-editorial
ecl.3.50.06114	海盗闯入了你们的船，将全体船员都震昏了。	ecl-batch-editorial
ecl.3.50.06162	你们一走进对接舱门，一道刺眼的强光便照了过来。	ecl-batch-editorial
ecl.3.50.06219	你们试图撤退，但……	ecl-batch-editorial
ecl.3.50.06247	你们试图逃跑时，海盗追上并将你们打昏。	ecl-batch-editorial
ecl.3.50.06385	海盗守卫粗鲁地把你们吵醒。	ecl-batch-editorial
ecl.3.50.06424	意识逐渐恢复后，你们发现自己被关在海盗船上的一间拘留牢房里。	ecl-batch-editorial
ecl.3.50.06506	守卫的头目戳了戳你们，说道：	ecl-batch-editorial
ecl.3.50.06544	「泰隆要见你们。」	ecl-batch-editorial
ecl.3.50.06567	他把你们推出门外，示意你们跟上。	ecl-batch-editorial
ecl.3.50.06797	一个穿着战斗装甲、体型高大、神情不祥的男子走进房间，开口说道：	ecl-batch-editorial
ecl.3.50.06860	「我是泰隆」，	ecl-batch-editorial
ecl.3.50.06886	你们当中可以有一人向我单挑，赤手空拳一决胜负。	ecl-batch-editorial
ecl.3.50.06968	谁要出战	ecl-batch-editorial
ecl.3.50.07034	泰隆说道：	ecl-batch-editorial
ecl.3.50.07049	「我在公平较量中输了。你们赢得了自由。」	ecl-batch-editorial
ecl.3.50.07103	泰隆话音刚落，一名男子突然冲进房间。他扫视了一圈房间，接着望向	ecl-batch-editorial
ecl.3.50.07188	「你们赢了！真令我佩服。	ecl-batch-editorial
ecl.3.50.07217	「我们赶快离开这里，免得久留惹人厌。」	ecl-batch-editorial
ecl.3.50.07264	他催促你们赶紧上船。	ecl-batch-editorial
ecl.3.50.07296	你们驾船飞回救世站。	ecl-batch-editorial
ecl.3.50.07398	你们再度被震昏，醒来时已身处货舱区。	ecl-batch-editorial
ecl.3.50.07444	「你们没资格见我。把他们带回牢房，现在他们是 RAM 的问题了。」	ecl-batch-editorial
ecl.3.50.07521	守卫把你们押回了牢房。	ecl-batch-editorial
ecl.3.50.07591	「你们就在这里烂着吧，等我们到灶神星再说。」	ecl-batch-editorial
ecl.3.50.07627	守卫离开了房间。	ecl-batch-editorial
ecl.3.50.07771	你们看见一群海盗逼近。	ecl-batch-editorial
ecl.3.50.07939	你们试图躲藏，却被他们发现了。	ecl-batch-editorial
ecl.3.50.07985	你们什么也没找到。	ecl-batch-editorial
ecl.3.50.08136	他们逼近了。	ecl-batch-editorial
ecl.3.50.08583	你们用力撞墙，却是徒劳。	ecl-batch-editorial
ecl.3.50.08663	警报响起……	ecl-batch-editorial
ecl.3.50.08718	气密舱开始运作……	ecl-batch-editorial
ecl.3.50.08739	「我是罗吉斯上校，你们可以叫我巴克。」，	ecl-batch-editorial
ecl.3.50.08775	你们的对话	ecl-batch-editorial
ecl.3.50.08809	你们登船时，斯科特回报：「我已经分析过海盗船电脑里的数据。泰隆偷了几罐 ECG 培养罐，藏在他小行星带某处的秘密基地里。	ecl-batch-editorial
ecl.3.50.08960	「我想我们应该在它们孵化之前找到那些培养罐并摧毁。我查到有个叫『加里蒂』的人在智神星弃船逃亡的记录，他或许知道基地在哪里。」	ecl-batch-editorial
ecl.3.52.00394	你们逃回了自己的船。	ecl-batch-editorial
ecl.3.52.00419	这座气密舱已经封死。	ecl-batch-editorial
ecl.3.52.00517	第几层？	ecl-batch-editorial
ecl.3.52.00710	上面损坏得很严重……	ecl-batch-editorial
ecl.3.52.00775	下面损坏得很严重……	ecl-batch-editorial
ecl.3.52.00852	通往你们船舰的气密舱在东边。	ecl-batch-editorial
ecl.3.52.00905	你们站在敌舰气密舱前。	ecl-batch-editorial
ecl.3.52.01000	守卫从两侧同时发动攻击。	ecl-batch-editorial
ecl.3.52.01085	你们进入了船员住舱区。	ecl-batch-editorial
ecl.3.52.01130	你们身处一名船员的舱房。	ecl-batch-editorial
ecl.3.52.01173	你们进入了一间军官舱房。	ecl-batch-editorial
ecl.3.52.01259	舰桥人员发动了攻击。	ecl-batch-editorial
ecl.3.52.01333	你们找到了舰桥的大部分主控装置。	ecl-batch-editorial
ecl.3.52.01401	你们找到了一些舰桥控制装置。	ecl-batch-editorial
ecl.3.52.01458	你们找到了许多工程控制装置。	ecl-batch-editorial
ecl.3.52.01515	你们站在许多工程控制装置前。	ecl-batch-editorial
ecl.3.52.01576	你们来到工程区的紧急气密舱。	ecl-batch-editorial
ecl.3.52.01669	工程人员发动了攻击。	ecl-batch-editorial
ecl.3.52.01724	你们看见许多控制装置，但不是损坏就是已经关闭。	ecl-batch-editorial
ecl.3.52.01784	你们把它们关闭了。	ecl-batch-editorial
ecl.3.52.01852	他们追着你们一路冲进了你们的船！！！	ecl-batch-editorial
ecl.3.52.02035	已经无处可逃……	ecl-batch-editorial
ecl.3.52.02072	你们夺下了他们的船。	ecl-batch-editorial
ecl.3.52.02245	你们看见有人逼近。	ecl-batch-editorial
ecl.4.64.00148	你们身后闪过一道白光，伴随一阵模糊的声响。	ecl-batch-editorial
ecl.4.64.00207	那件武器已经开火，把基地熔为平地！	ecl-batch-editorial
ecl.4.64.00303	你们降落到了火星地表，	ecl-batch-editorial
ecl.4.64.00333	你们的抵达	ecl-batch-editorial
ecl.4.64.00350	你们走出了船舱。	ecl-batch-editorial
ecl.4.64.00381	你们面前站着一名体格强壮、神情高傲的男子，显然是首领，身旁还有一名棕褐肤色的女子。	ecl-batch-editorial
ecl.4.64.00538	他没有开口，反而	ecl-batch-editorial
ecl.4.64.00568	与	ecl-batch-editorial
ecl.4.64.00585	四目相对。	ecl-batch-editorial
ecl.4.64.00609	要迎视他的目光、别开眼神、退后，还是自卫？	ecl-batch-editorial
ecl.4.64.00708	这名跑者挺直了身子，居高临下地俯视	ecl-batch-editorial
ecl.4.64.00750	。他低吼一声。	ecl-batch-editorial
ecl.4.64.00773	他佩服你们的勇气。	ecl-batch-editorial
ecl.4.64.00795	他低沉地说道：「我是塔斯肯，我是首领，你说。」	ecl-batch-editorial
ecl.4.64.00836	怎么办，	ecl-batch-editorial
ecl.4.64.00904	电光石火间，他一巴掌打在	ecl-batch-editorial
ecl.4.64.00933	头上。	ecl-batch-editorial
ecl.4.64.00951	头昏眼花。	ecl-batch-editorial
ecl.4.64.00963	这名跑者轻蔑一笑，挑衅你们上前迎战。有人要应战吗？	ecl-batch-editorial
ecl.4.64.01099	正式向沙漠跑者致意。	ecl-batch-editorial
ecl.4.64.01130	他们望向	ecl-batch-editorial
ecl.4.64.01154	「别害怕，告诉我们你们为何来到这里。」	ecl-batch-editorial
ecl.4.64.01199	聪明地省去了那些虚礼。	ecl-batch-editorial
ecl.4.64.01226	你们警告他们即将到来的攻击。	ecl-batch-editorial
ecl.4.64.01259	塔斯肯嘶声道：「安静！」四周顿时只剩下你们粗重的呼吸声。	ecl-batch-editorial
ecl.4.64.01321	塔斯肯侧耳倾听……	ecl-batch-editorial
ecl.4.64.01350	他说：「我们住在沙漠寂静的核心，你们这些住在喧嚣之地的人，跟我们比起来根本是聋子。」	ecl-batch-editorial
ecl.4.64.01435	「我们能听见数哩外敌人的动静，笑着就能避开他们。	ecl-batch-editorial
ecl.4.64.01479	我听不到任何敌人的动静，你们在说谎！」	ecl-batch-editorial
ecl.4.64.01511	那名女子平息了他的怒气：「我是阿莎。小心点，我的族人不喜欢说谎的人。」	ecl-batch-editorial
ecl.4.64.01580	用一个字告诉我们，RAM 是怎么进攻却不被我们发现的。」	ecl-batch-editorial
ecl.4.64.01775	「他们说的是实话！离开村子！救救我们的孩子！」他大步跑开了。	ecl-batch-editorial
ecl.4.64.01837	或许我们能帮上你们的忙。我们一向自负，但我恳求你们——愿意帮我们保护孩子吗？」	ecl-batch-editorial
ecl.4.64.01917	「懦夫！」他们对你们不屑一顾。	ecl-batch-editorial
ecl.4.64.01953	让我们的战士去找 RAM 算帐，我们会带孩子躲到地下去。	ecl-batch-editorial
ecl.4.64.02008	等大家都安全了，我们会发出嚎叫。到时候你们就离开这座城镇。」	ecl-batch-editorial
ecl.4.64.02055	他们匆匆离去。	ecl-batch-editorial
ecl.4.64.02096	看来没有人生还，但是……	ecl-batch-editorial
ecl.4.64.02124	你们发现一名浑身是血的跑者，正踉跄地离开废墟。	ecl-batch-editorial
ecl.4.64.02170	你们治疗了他。	ecl-batch-editorial
ecl.4.64.02192	「为了替我的族人报仇，我能和你们并肩作战吗？」	ecl-batch-editorial
ecl.4.64.02228	他离开了。	ecl-batch-editorial
ecl.4.64.02279	你们遇见一名跑者斥候，他毫无畏惧地朝你们走来。	ecl-batch-editorial
ecl.4.64.02323	这名哨兵带你们前往跑者的隐密营地。	ecl-batch-editorial
ecl.4.64.02364	你们一进去，众人立刻起身。「是勇者们！」	ecl-batch-editorial
ecl.4.64.02423	有人喊道：「他们把我从火场救出来的！」	ecl-batch-editorial
ecl.4.64.02460	另一人说：「他们救了我的家人！」	ecl-batch-editorial
ecl.4.64.02499	「他们为我兄弟报了仇！」	ecl-batch-editorial
ecl.4.64.02530	一名老妇大声说：「他们是英雄！」她献上了一份礼物。	ecl-batch-editorial
ecl.4.64.02597	「他们是真正的战士！」	ecl-batch-editorial
ecl.4.64.02621	整座营地都在赞颂你们。	ecl-batch-editorial
ecl.4.64.02652	首领没有露出笑容。「我的族人感谢你们，但我很好奇你们为何会来到这片荒凉的沙漠。你们是来对付 RAM 的吗？」	ecl-batch-editorial
ecl.4.64.02759	「这么说你们是间谍。	ecl-batch-editorial
ecl.4.64.02779	替哪个星球做事？」	ecl-batch-editorial
ecl.4.64.02860	「我没听过那个地方。	ecl-batch-editorial
ecl.4.64.02883	但你们的仗不是我们的仗。而且我认为我们的城镇会被烧毁，就是因为你们在这里。是不是这样？」	ecl-batch-editorial
ecl.4.64.02959	「那我们为什么会被袭击？我们有什么东西会威胁到 RAM？」	ecl-batch-editorial
ecl.4.64.03009	你们告诉他，跑者知道 RAM 的秘密……	ecl-batch-editorial
ecl.4.64.03054	够了。我们看得出你们根本不在乎我们的处境，那我也没理由在乎你们的。」	ecl-batch-editorial
ecl.4.64.03127	「不过既然你们帮过我们，我们也会帮你们。」	ecl-batch-editorial
ecl.4.64.03174	「你们很诚实。我们确实知道一些秘密。」	ecl-batch-editorial
ecl.4.64.03204	「RAM 害怕我们会全盘托出……	ecl-batch-editorial
ecl.4.64.03234	那我们就说吧。」	ecl-batch-editorial
ecl.4.64.03248	塔斯肯与阿莎讲述附近大片地区如何被光束轰炸熔毁的经过。	ecl-batch-editorial
ecl.4.64.03310	「你们会去那里吗？」	ecl-batch-editorial
ecl.4.64.03337	「那你们就不能跟我们同行。要是被抓去严刑逼供，你们会把我们的秘密通道全招出来。」	ecl-batch-editorial
ecl.4.64.03410	塔斯肯若有所思。「你们打算攻击 RAM 吗？」	ecl-batch-editorial
ecl.4.64.03454	但愿不是！你们人数太少了。不，我猜你们是来打探消息的。」	ecl-batch-editorial
ecl.4.64.03512	「你们害怕那道光束，对吧？」	ecl-batch-editorial
ecl.4.64.03551	「你们会怕的。」	ecl-batch-editorial
ecl.4.64.03567	「你们是想弄清楚那是什么、又该如何阻止它？」	ecl-batch-editorial
ecl.4.64.03636	「这样吧。到这里西北方的峡谷去，找到那块蓝石，在那里等我。明白吗？」	ecl-batch-editorial
ecl.4.64.03719	「我会带你们走秘密通道，前往敌人那里。」	ecl-batch-editorial
ecl.4.64.03758	你们与跑者们一同用餐，暂时享受了片刻欢乐时光。	ecl-batch-editorial
ecl.4.64.03828	「我们得走了，祝你们顺利。」他们离开了。	ecl-batch-editorial
ecl.4.64.03898	「我们听过不少关于你们和巴克罗吉斯的事。	ecl-batch-editorial
ecl.4.64.03933	「你们太傻了。	ecl-batch-editorial
ecl.4.64.03968	「很好。这件事很危险。」	ecl-batch-editorial
ecl.4.64.04014	塔斯肯愤怒地喊道：「懦夫！你们竟敢逃跑！」	ecl-batch-editorial
ecl.4.64.04070	「要嘛我们回头，要嘛我就得丢下你们！」你们要回去吗？	ecl-batch-editorial
ecl.4.64.04200	塔斯肯带着你们远离了那座基地。	ecl-batch-editorial
ecl.4.64.04231	你们沿着一道深邃的峡谷走了一段时间。	ecl-batch-editorial
ecl.4.64.04267	你们遇见了一群跑者，由阿莎率领。	ecl-batch-editorial
ecl.4.64.04301	看见塔斯肯还活着，她喜极而泣。	ecl-batch-editorial
ecl.4.64.04338	塔斯肯有话要对你们说，	ecl-batch-editorial
ecl.4.64.04360	他诚挚的道别	ecl-batch-editorial
ecl.4.64.04380	这群跑者消失在沙漠之中。	ecl-batch-editorial
ecl.4.64.04868	「我截获了一则 RAM 的信息。他们打算突袭船舰东边的村子，杀光所有沙漠跑者！」	ecl-batch-editorial
ecl.4.64.04962	「他们似乎很怕跑者知道『那项计划』的秘密。等等……	ecl-batch-editorial
ecl.4.64.05024	不知道为什么，他们动用了滑翔机！我得走了，通话结束。」	ecl-batch-editorial
ecl.4.64.05070	信号渐渐消失。	ecl-batch-editorial
ecl.4.64.05176	更多的黑色玻璃。	ecl-batch-editorial
ecl.4.64.05306	注意到了什么，	ecl-batch-editorial
ecl.4.64.05423	在东北方的山峰间发现一丝闪光！	ecl-batch-editorial
ecl.4.64.05462	看起来像是一座金字塔。	ecl-batch-editorial
ecl.4.64.05535	察觉到了什么，	ecl-batch-editorial
ecl.4.64.05697	你们爬出了峡谷。	ecl-batch-editorial
ecl.4.64.05730	你们身处恶地。	ecl-batch-editorial
ecl.4.64.05872	你们发现动物出没的痕迹，要回避吗？	ecl-batch-editorial
ecl.4.64.05975	带着你们绕过了它们。	ecl-batch-editorial
ecl.4.64.06017	沙漠猴嗅到你们的气味，将你们团团围住。	ecl-batch-editorial
ecl.4.64.06129	你们把它们吓跑了。	ecl-batch-editorial
ecl.4.64.06202	一群六足犰狳挡住了你们的去路。	ecl-batch-editorial
ecl.4.64.06267	沙鱿鱼！	ecl-batch-editorial
ecl.4.64.06357	你们一靠近，它们就滑溜地逃开了。	ecl-batch-editorial
ecl.4.64.06404	RAM 掠行艇从头顶飞过……	ecl-batch-editorial
ecl.4.64.06439	随即消失无踪。	ecl-batch-editorial
ecl.4.64.06453	接着又绕了回来。	ecl-batch-editorial
ecl.4.64.06523	他们替你们搜索了周遭的灌木丛，很快就呼啸离去。	ecl-batch-editorial
ecl.4.64.06563	他们发现了你们。	ecl-batch-editorial
ecl.4.64.06593	他们已经飞到前方设下了埋伏！	ecl-batch-editorial
ecl.4.64.06640	他们发动冲锋！	ecl-batch-editorial
ecl.4.64.06771	在嶙峋岩壁之间，你们看见了跑者村落的土墙。	ecl-batch-editorial
ecl.4.64.06836	要进去吗？	ecl-batch-editorial
ecl.4.64.06863	里面只剩下灰烬。	ecl-batch-editorial
ecl.4.64.06890	你们靠近时，斯科特关闭了地面力场，你们爬上了船。	ecl-batch-editorial
ecl.4.64.06960	他不耐烦地听完你们的叙述。「听着，我们知道 RAM 在这里搞什么名堂，我们得查清楚才行。」	ecl-batch-editorial
ecl.4.64.07043	「要是现在离开，再回来可能会很危险。」	ecl-batch-editorial
ecl.4.64.07081	要起飞吗？	ecl-batch-editorial
ecl.4.64.07108	你们重新整装，再度出发。	ecl-batch-editorial
ecl.4.64.07140	他很高兴你们回来了，但接着你们说出了自己的发现，	ecl-batch-editorial
ecl.4.64.07185	他的回应	ecl-batch-editorial
ecl.4.64.07199	「没时间耽搁了，准备起飞！」	ecl-batch-editorial
ecl.4.64.07279	这里是悬崖与死巷峡谷交错的迷宫。	ecl-batch-editorial
ecl.4.64.07327	你们找到一块蓝石，在这颗星球上相当罕见。	ecl-batch-editorial
ecl.4.64.07376	塔斯肯与阿莎已经在这里等着你们。	ecl-batch-editorial
ecl.4.64.07414	阿莎抓着一个包袱。「这些制服或许派得上用场。」要伪装队伍吗？	ecl-batch-editorial
ecl.4.64.07519	阿莎坚持要自己试试看。	ecl-batch-editorial
ecl.4.64.07539	很快地，所有人都换上了 RAM 的装束。	ecl-batch-editorial
ecl.4.64.07573	看起来相当逼真。	ecl-batch-editorial
ecl.4.64.07602	戴上护目镜与遮阳罩后，就连塔斯肯看起来都像个战斗基改人。	ecl-batch-editorial
ecl.4.64.07657	阿莎紧握了塔斯肯一下，便离开了。	ecl-batch-editorial
ecl.4.64.07693	他叹了口气。「我已经决定要跟你们并肩作战了，走吧。」	ecl-batch-editorial
ecl.4.64.07753	你们沿着陡峭的峡谷前进，吃力地翻越巨石。	ecl-batch-editorial
ecl.4.64.07801	你们下降至一片荒芜的平原。	ecl-batch-editorial
ecl.4.64.07854	你们在安全距离外，目睹了村庄在烈焰中被摧毁。	ecl-batch-editorial
ecl.4.64.07937	阿莎打断了话。「	ecl-batch-editorial
ecl.4.64.07962	她有一张绿卡，本来想剪碎当作饰品。你们用一张弹痕累累的卡片跟她交换了下来。	ecl-batch-editorial
ecl.4.64.08031	「你们在说谎。你们当然会这么做，这就是你们来这里的原因！」	ecl-batch-editorial
ecl.4.64.08092	你们走上一片坚实的黑曜岩湖面，脚下发出碎裂声。	ecl-batch-editorial
ecl.4.64.08143	突然间，视频电话急促地响了起来。	ecl-batch-editorial
ecl.4.64.08192	空气中弥漫着浓烟与死亡的气息。	ecl-batch-editorial
ecl.4.64.08220	地势变得越来越崎岖险恶。	ecl-batch-editorial
ecl.4.64.08277	「RAM 出动滑翔机了！你们要是想去警告村子，动作得快！」	ecl-batch-editorial
ecl.4.64.08346	「我们感谢你们。	ecl-batch-editorial
ecl.4.64.08477	他给了你们一张绿卡。「我想这应该很值钱。」	ecl-batch-editorial
ecl.4.64.08526	「如果你们想找到 RAM……」	ecl-batch-editorial
ecl.4.64.08551	「他们是从北边山区里的一座隐密基地来的。」	ecl-batch-editorial
ecl.4.64.08599	谁要去做？	ecl-batch-editorial
ecl.4.64.08622	那个人不行。	ecl-batch-editorial
ecl.4.65.00199	守在门口的沙漠跑者带你们前往村子中心。	ecl-batch-editorial
ecl.4.65.00272	你们试图解释，却没有用。这些跑者离开了。	ecl-batch-editorial
ecl.4.65.00352	你们一进去，就听见激烈的战斗声，门口周围散落着尸体。	ecl-batch-editorial
ecl.4.65.00557	你们想离开这座村子吗？	ecl-batch-editorial
ecl.4.65.00993	RAM 部队已经到了！	ecl-batch-editorial
ecl.4.65.01072	沙漠跑者们涌上前来，有些人为死者哭泣……	ecl-batch-editorial
ecl.4.65.01116	有些人则在倒下的敌人之间手舞足蹈。	ecl-batch-editorial
ecl.4.65.01155	许多人赞赏你们的武器与护甲。	ecl-batch-editorial
ecl.4.65.01192	他们承认你们对这次攻击的预警是对的。	ecl-batch-editorial
ecl.4.65.01229	他们跑去寻找更多敌人。	ecl-batch-editorial
ecl.4.65.01364	你们走进一	ecl-batch-editorial
ecl.4.65.01383	群沙漠跑者之中。	ecl-batch-editorial
ecl.4.65.01412	他们催促你们与他们并肩作战。	ecl-batch-editorial
ecl.4.65.01449	神情戒备地举起武器对着你们。	ecl-batch-editorial
ecl.4.65.01524	他们松了口气，发现你们不是 RAM，便示意你们靠近。	ecl-batch-editorial
ecl.4.65.01583	你们举起武器戒备，跑者们受到惊吓，随即开火。	ecl-batch-editorial
ecl.4.65.01652	还击	ecl-batch-editorial
ecl.4.65.01724	你们上前一步，却为时已晚才发现这是个严重的错误。	ecl-batch-editorial
ecl.4.65.01775	你们狼狈撤退，耳边回荡着嘲笑的怒吼。	ecl-batch-editorial
ecl.4.65.01833	你们想加入他们吗？	ecl-batch-editorial
ecl.4.65.01884	你们上前一步。	ecl-batch-editorial
ecl.4.65.01998	前方聚集了一群沙漠跑者。	ecl-batch-editorial
ecl.4.65.02052	前方有神情肃杀的跑者驻守。	ecl-batch-editorial
ecl.4.65.02136	前方横陈着尸体。	ecl-batch-editorial
ecl.4.65.02243	跑者战士在此等候。	ecl-batch-editorial
ecl.4.65.02308	跑者们让开一条路，让你们通过。	ecl-batch-editorial
ecl.4.65.02368	沙漠跑者正在撤离这些建筑，还有少数人留下守卫。	ecl-batch-editorial
ecl.4.65.02487	你们一同等待敌人到来。	ecl-batch-editorial
ecl.4.65.02550	跑者们举起了十字弓……	ecl-batch-editorial
ecl.4.65.02631	你们面对着主门。	ecl-batch-editorial
ecl.4.65.02663	这里是共用的寝室。	ecl-batch-editorial
ecl.4.65.02718	在厨房里，	ecl-batch-editorial
ecl.4.65.02759	这里是一间工作室。	ecl-batch-editorial
ecl.4.65.02796	一间储藏室。	ecl-batch-editorial
ecl.4.65.02827	人们带着包袱和孩子，正快速消失进地窖里。	ecl-batch-editorial
ecl.4.65.02893	你们想下去吗？	ecl-batch-editorial
ecl.4.65.03013	一名女守卫厉声道：「懦夫！孩子们还身处险境！撑到嚎叫信号发出前都不准停！」	ecl-batch-editorial
ecl.4.65.03084	她砰地一声关上了门。	ecl-batch-editorial
ecl.4.65.03118	这只是个地窖。你们要爬进去吗？	ecl-batch-editorial
ecl.4.65.03155	这里有条通道可供逃生。	ecl-batch-editorial
ecl.4.65.03213	一名跑者哨兵示意你们跟上。	ecl-batch-editorial
ecl.4.65.03273	通道里满是肿胀的尸体。你们作呕地关上了门。	ecl-batch-editorial
ecl.4.65.03334	显然是间户外厕所。	ecl-batch-editorial
ecl.4.65.03361	一间育婴室。	ecl-batch-editorial
ecl.4.65.03396	大厅。	ecl-batch-editorial
ecl.4.65.03526	RAM 的援军到了！	ecl-batch-editorial
ecl.4.65.03673	一名信使跑了过来。显然 RAM 部队已经分头行动，正涌入村子各处。	ecl-batch-editorial
ecl.4.65.03759	跑者们分成小队，匆忙散去猎杀敌人。	ecl-batch-editorial
ecl.4.65.03838	你们闻到了烟味。	ecl-batch-editorial
ecl.4.65.03855	燃烧建筑冒出的滚滚浓烟弥漫在空气中。	ecl-batch-editorial
ecl.4.65.03982	RAM 入侵者！	ecl-batch-editorial
ecl.4.65.04034	惨不忍睹的屠杀。	ecl-batch-editorial
ecl.4.65.04079	一台 RAM 机器人。	ecl-batch-editorial
ecl.4.65.04112	这里的跑者守军已经全灭。你们小心翼翼地穿行于尸体之间。	ecl-batch-editorial
ecl.4.65.04200	沙漠跑者正与 RAM 部队缠斗。你们要帮忙吗？	ecl-batch-editorial
ecl.4.65.04293	RAM 部队已经杀光了这房间里的所有人。	ecl-batch-editorial
ecl.4.65.04464	这栋建筑的屋顶正在燃烧。	ecl-batch-editorial
ecl.4.65.04511	浓烟弥漫了整个房间。	ecl-batch-editorial
ecl.4.65.04621	你们发现	ecl-batch-editorial
ecl.4.65.04635	有沙漠跑者受困浓烟、动弹不得，于是将他们抬到了屋外。	ecl-batch-editorial
ecl.4.65.04690	他们逃往安全处。	ecl-batch-editorial
ecl.4.65.04738	你们什么也看不见，只有浓烟与火焰。	ecl-batch-editorial
ecl.4.65.04779	燃烧的余烬如雨般不断落下。	ecl-batch-editorial
ecl.4.65.04815	你们正踏入一片熊熊烈焰，要跳回去吗？	ecl-batch-editorial
ecl.4.65.04874	受到浓烟与火焰的伤害！	ecl-batch-editorial
ecl.4.65.04955	更多 RAM 工兵出现了！他们一面对你们，村民便再度奋力反击。	ecl-batch-editorial
ecl.4.65.05098	村民正与 RAM 工兵苦战。	ecl-batch-editorial
ecl.4.65.05204	沙漠跑者为你们及时的介入而欢庆。	ecl-batch-editorial
ecl.4.65.05274	这房间似乎已遭遗弃。	ecl-batch-editorial
ecl.4.65.05396	四面八方，跑者们发出了诡异的嚎叫！	ecl-batch-editorial
ecl.4.65.05560	猿形食腐基改人。	ecl-batch-editorial
ecl.4.65.05613	你们一靠近，它们就逃跑了。	ecl-batch-editorial
ecl.4.65.05647	它们躁动起来，发动冲锋！	ecl-batch-editorial
ecl.4.65.05710	一只猴子掉落了一张有意思的绿卡，你们要拿吗？	ecl-batch-editorial
ecl.4.65.05789	这片区域散落着蜷缩的尸体与千疮百孔的机器人残骸。	ecl-batch-editorial
ecl.4.65.05875	你们还发现一颗拳头大小的金属球体。	ecl-batch-editorial
ecl.4.65.05974	它爆炸了！	ecl-batch-editorial
ecl.4.65.05993	被一道液态火焰喷流浇了个正着！	ecl-batch-editorial
ecl.4.65.06024	黏附的绿色火焰正缓缓炙烤着	ecl-batch-editorial
ecl.4.65.06088	闷声尖叫着，	ecl-batch-editorial
ecl.4.65.06109	盲目地狂奔而去。	ecl-batch-editorial
ecl.4.65.06131	你们发狂似地追了上去。	ecl-batch-editorial
ecl.4.65.06211	当你们抵达水井时，	ecl-batch-editorial
ecl.4.65.06237	已经不见踪影。	ecl-batch-editorial
ecl.4.65.06253	它毫无杀伤力地爆炸了。	ecl-batch-editorial
ecl.4.65.06282	你们往井里望去，看见	ecl-batch-editorial
ecl.4.65.06316	痛苦地跳了进去。	ecl-batch-editorial
ecl.4.65.06339	必须有人设法搭救	ecl-batch-editorial
ecl.4.65.06393	你们想让	ecl-batch-editorial
ecl.4.65.06407	自行脱困吗？	ecl-batch-editorial
ecl.4.65.06439	你们的队伍有绳索，要使用吗？	ecl-batch-editorial
ecl.4.65.06489	滑入了冰冷的水中……	ecl-batch-editorial
ecl.4.65.06557	失败了，你们再试一次。	ecl-batch-editorial
ecl.4.65.06587	救起了狼狈不堪的	ecl-batch-editorial
ecl.4.65.06663	已经溺毙了。	ecl-batch-editorial
ecl.4.65.06677	你们打捞起了那具没有生命的躯体。	ecl-batch-editorial
ecl.4.65.06711	你们不能丢下同伴不管！	ecl-batch-editorial
ecl.4.65.06754	一片战场，有些尸体仍在燃烧。	ecl-batch-editorial
ecl.4.65.06813	这里躺着半掩于土中的尸体。	ecl-batch-editorial
ecl.4.65.06880	沙鱿鱼基改人正把尸体拖进沙土之下。	ecl-batch-editorial
ecl.4.65.06929	你们一靠近，它们就消失无踪。	ecl-batch-editorial
ecl.4.65.06977	……但又在你们脚边冒了出来。	ecl-batch-editorial
ecl.4.65.07029	地面隆起一道道沟痕，其余的纷纷逃窜。	ecl-batch-editorial
ecl.4.65.07110	RAM 部队已经重新集结！	ecl-batch-editorial
ecl.4.65.07203	村子的水井。	ecl-batch-editorial
ecl.4.65.07220	你们的示警来得太迟了。	ecl-batch-editorial
ecl.4.65.07249	这里空无一人，值钱的东西也都被拿走了。	ecl-batch-editorial
ecl.4.65.07295	跑者们似乎全都不见了！	ecl-batch-editorial
ecl.4.65.07324	你们跨过了	ecl-batch-editorial
ecl.4.65.07342	名遭杀害的沙漠跑者尸体。	ecl-batch-editorial
ecl.4.65.07372	这里的地面浸满了鲜血。	ecl-batch-editorial
ecl.4.65.07404	这里的墙面布满了激光灼烧的痕迹。	ecl-batch-editorial
ecl.4.65.07439	母亲与孩子的尸体倒卧在此。	ecl-batch-editorial
ecl.4.65.07471	这里可以看见 RAM 机器人所犯下的残暴行径。	ecl-batch-editorial
ecl.4.65.07543	你们拿走了	ecl-batch-editorial
ecl.4.65.07610	人们丢下织到一半的衣物，急着收拾珍贵的工具。	ecl-batch-editorial
ecl.4.65.07670	许多本地人从你们身边挤过，带着食物与家当匆匆穿过一道小门。	ecl-batch-editorial
ecl.4.65.07739	忧心忡忡的父母正抱起自己的孩子。	ecl-batch-editorial
ecl.4.65.07825	地板	ecl-batch-editorial
ecl.4.65.07842	上满是跑者的尸体。	ecl-batch-editorial
ecl.4.65.07867	这里有些尸体被活活烧死。	ecl-batch-editorial
ecl.4.65.07909	你们看见前方蜷缩着几个身影，可能是敌人。	ecl-batch-editorial
ecl.4.65.08001	有样东西吸引了你们的目光……	ecl-batch-editorial
ecl.4.65.08028	……结果原来是	ecl-batch-editorial
ecl.4.65.08069	几乎什么都没有。	ecl-batch-editorial
ecl.4.65.08108	这群游牧民族正忙着收拾少许家当。	ecl-batch-editorial
ecl.4.65.08162	一名阵亡的 RAM 战士脖子上挂着一张	ecl-batch-editorial
ecl.4.65.08196	卡片。	ecl-batch-editorial
ecl.4.65.08217	你们想要吗？	ecl-batch-editorial
ecl.4.65.08281	运气不好，一道流弹激光刚好把它打穿了。	ecl-batch-editorial
ecl.4.65.08330	跑者们兴奋地大喊！敌方滑翔机来了！	ecl-batch-editorial
ecl.4.65.08407	笨重的东西都被留下了。	ecl-batch-editorial
ecl.4.65.08487	喊声四起！RAM 就要发动攻击了！	ecl-batch-editorial
ecl.4.65.08577	村子遭到蹂躏并陷入火海，空气中弥漫着死亡的气息。	ecl-batch-editorial
ecl.4.65.08759	跑者们听见敌人的动静从四面八方传来。	ecl-batch-editorial
ecl.4.65.08799	前方的路上有东西。	ecl-batch-editorial
ecl.4.65.08832	你们来不及了。	ecl-batch-editorial
ecl.4.65.08859	注意到脚下有一道活板门，要打开吗？	ecl-batch-editorial
ecl.4.65.08909	前方的人影笼罩在战斗硝烟中，你们分不清是敌是友。	ecl-batch-editorial
ecl.4.65.09013	你们想要这件物品吗？	ecl-batch-editorial
ecl.4.65.09036	谁要拿走它？	ecl-batch-editorial
ecl.4.65.09073	雕骨饰品	ecl-batch-editorial
ecl.4.65.09089	猿齿项链	ecl-batch-editorial
ecl.4.65.09109	木雕	ecl-batch-editorial
ecl.4.65.09125	石英块	ecl-batch-editorial
ecl.4.65.09144	稀有RAM钱币	ecl-batch-editorial
ecl.4.66.00168	越过瞭望塔，你们看见一座阴森的建筑——RAM 基地格拉迪乌斯山。	ecl-batch-editorial
ecl.4.66.00243	你们走近了正门。	ecl-batch-editorial
ecl.4.66.00334	塔斯肯领着你们进入这些洞窟，那是火星水源尚且丰沛的远古时代所凿刻而成。	ecl-batch-editorial
ecl.4.66.00486	「敌人的检查哨。」塔斯肯低吼道。	ecl-batch-editorial
ecl.4.66.00707	一道上锁的厚重大门，要打开吗？	ecl-batch-editorial
ecl.4.66.00924	一道装甲保安门，左侧有个控制盒，上头有一个	ecl-batch-editorial
ecl.4.66.01035	爆破装置	ecl-batch-editorial
ecl.4.66.01062	什么颜色？	ecl-batch-editorial
ecl.4.66.01251	门开了。	ecl-batch-editorial
ecl.4.66.01324	要继续前进吗？	ecl-batch-editorial
ecl.4.66.01573	你们的伪装被拆穿了。	ecl-batch-editorial
ecl.4.66.01601	你们身上没有。	ecl-batch-editorial
ecl.4.66.01620	这道门太坚固，爆破装置炸不开。	ecl-batch-editorial
ecl.4.66.01705	一个声音用平板的语调说道：「小队	ecl-batch-editorial
ecl.4.66.01730	。你们迟到了，有损失吗？」	ecl-batch-editorial
ecl.4.66.01760	「多少人？」	ecl-batch-editorial
ecl.4.66.01832	「我们接获通报说有 NEO 间谍，你们能确认吗？」	ecl-batch-editorial
ecl.4.66.01877	「到第一层的正门报到。」	ecl-batch-editorial
ecl.4.66.01916	其余的人呢？带齐整支小队再回来。	ecl-batch-editorial
ecl.4.66.01963	这些多出来的人是谁？」	ecl-batch-editorial
ecl.4.66.02041	「到第二层接受简报。」	ecl-batch-editorial
ecl.4.66.02088	一个声音说道：「保安人员来了，等一下。」你们要等待吗？	ecl-batch-editorial
ecl.4.66.02365	上锁的门，要爆破吗？	ecl-batch-editorial
ecl.4.66.02399	门板烫得都快熔在一起了！	ecl-batch-editorial
ecl.4.66.02443	一道厚重的门，贴满了警告标示，要继续吗？	ecl-batch-editorial
ecl.4.66.02500	一个声音宣布：「此区域禁止进入，请将装备放入置物箱。」一个箱子滑开了。	ecl-batch-editorial
ecl.4.66.02570	你们要照做吗？	ecl-batch-editorial
ecl.4.66.02610	箱子滑上了盖子。	ecl-batch-editorial
ecl.4.66.02633	就在你们动手前，一名火星人走了出来。	ecl-batch-editorial
ecl.4.66.02673	「别管那个了，回答几个问题就好。」	ecl-batch-editorial
ecl.4.66.02716	「你们看见几个间谍？」	ecl-batch-editorial
ecl.4.66.02758	「杀了几个？	ecl-batch-editorial
ecl.4.66.02798	「你们把他们全杀了？」	ecl-batch-editorial
ecl.4.66.02820	「到第一层向队长报到。」	ecl-batch-editorial
ecl.4.66.02870	所在楼层：	ecl-batch-editorial
ecl.4.66.02889	。你们持有	ecl-batch-editorial
ecl.4.66.02919	张红卡、1 张绿卡，以及	ecl-batch-editorial
ecl.4.66.02940	张蓝卡。	ecl-batch-editorial
ecl.4.66.02962	你们都穿着 RAM 制服。	ecl-batch-editorial
ecl.4.66.02993	你们手无寸铁！	ecl-batch-editorial
ecl.4.66.03015	警示灯闪烁不停！	ecl-batch-editorial
ecl.4.66.03212	这条路通往沙漠，要继续吗？	ecl-batch-editorial
ecl.4.66.03307	单调乏味的工人卧铺。	ecl-batch-editorial
ecl.4.66.03333	一间办公室。	ecl-batch-editorial
ecl.4.66.03357	你们找到一份文档，	ecl-batch-editorial
ecl.4.66.03393	上面盖着「水星马利波萨三号」的戳印。	ecl-batch-editorial
ecl.4.66.03433	武器储物柜，要打开吗？	ecl-batch-editorial
ecl.4.66.03502	南侧的门上写着「金库」。	ecl-batch-editorial
ecl.4.66.03536	一片广大的制造区，所有东西都已经收拾妥当。	ecl-batch-editorial
ecl.4.66.03609	狗吠了起来！「间谍！」	ecl-batch-editorial
ecl.4.66.03682	「技匠」正在工作。	ecl-batch-editorial
ecl.4.66.03725	他们对你们视而不见。	ecl-batch-editorial
ecl.4.66.03772	他们看见你们的武器，拔腿就跑。	ecl-batch-editorial
ecl.4.66.03819	他们大惊失色。「NEO 的间谍！」	ecl-batch-editorial
ecl.4.66.03902	桌上放着一张白色通行卡，要拿走吗？	ecl-batch-editorial
ecl.4.66.03949	保险库似乎是空的……	ecl-batch-editorial
ecl.4.66.03983	但你们在紧急逃生包里找到一张蓝色通行卡。	ecl-batch-editorial
ecl.4.66.04053	这里有个置物箱！	ecl-batch-editorial
ecl.4.66.04113	一个猴穴！	ecl-batch-editorial
ecl.4.66.04141	一间空犬舍。	ecl-batch-editorial
ecl.4.66.04212	基改看门犬发动攻击！	ecl-batch-editorial
ecl.4.66.04262	这里的电力装置散发着辐射光！	ecl-batch-editorial
ecl.4.66.04395	激光开火了。	ecl-batch-editorial
ecl.4.66.04455	「弃守基地！」	ecl-batch-editorial
ecl.4.66.04512	「入侵警报！发现目标请回报各控制台。」	ecl-batch-editorial
ecl.4.66.04674	「出口已有人看守。继续进行第四层激光测试。」	ecl-batch-editorial
ecl.4.66.04733	RAM 巡逻队！	ecl-batch-editorial
ecl.4.66.04758	基改犬！	ecl-batch-editorial
ecl.4.66.04805	要回头吗？	ecl-batch-editorial
ecl.4.66.04850	他们从旁边经过。	ecl-batch-editorial
ecl.4.66.04882	一个声音单调地念出一份清单，	ecl-batch-editorial
ecl.4.66.04912	要去哪一层？	ecl-batch-editorial
ecl.4.66.05040	你们站在一座垂直竖井的边缘！	ecl-batch-editorial
ecl.4.66.05153	上方一具吊笼挡住了去路。	ecl-batch-editorial
ecl.4.66.05331	差点摔下去！你们惊魂未定，退回了原地。	ecl-batch-editorial
ecl.4.66.05378	你们进入竖井。下方传来吊笼正在上升的声音！	ecl-batch-editorial
ecl.4.66.05424	你们跳上吊笼，以免被夹碎。	ecl-batch-editorial
ecl.4.66.05518	一名战士招手道：「跟我来。」要跟上吗？	ecl-batch-editorial
ecl.4.66.05632	一名队长走上前来。「唔……」	ecl-batch-editorial
ecl.4.66.05659	「谁是你们的头？」	ecl-batch-editorial
ecl.4.66.05677	谁要回答？	ecl-batch-editorial
ecl.4.66.05693	队长把	ecl-batch-editorial
ecl.4.66.05715	上下打量了一番。	ecl-batch-editorial
ecl.4.66.05728	「看来你经历了不少苦头。回去休息吧。」	ecl-batch-editorial
ecl.4.66.05804	一个声音喊道：「站住！」	ecl-batch-editorial
ecl.4.66.05838	他走了。	ecl-batch-editorial
ecl.4.66.05861	一部电梯嗡嗡作响。	ecl-batch-editorial
ecl.4.66.05918	你们进入第四层，	ecl-batch-editorial
ecl.4.66.05935	映入眼帘的景象，	ecl-batch-editorial
ecl.4.66.05947	激光旁的技术人员瞪大了眼，其中一人按下按键，平台开始上升。	ecl-batch-editorial
ecl.4.66.06040	你们奋勇冲上前，但	ecl-batch-editorial
ecl.4.66.06065	「警报。激光测试遭到干扰。全面封锁所有门禁。」	ecl-batch-editorial
ecl.4.66.06119	技术人员从上方朝你们开火。	ecl-batch-editorial
ecl.4.66.06151	要开火反击吗？	ecl-batch-editorial
ecl.4.66.06184	你们开火了……	ecl-batch-editorial
ecl.4.66.06225	这里有部小型升降机，要使用吗？	ecl-batch-editorial
ecl.4.66.06259	谁要留下来操纵它？	ecl-batch-editorial
ecl.4.66.06298	留下操控台，其余人则登上升降机。	ecl-batch-editorial
ecl.4.66.06332	你们朝武器所在处升起……	ecl-batch-editorial
ecl.4.66.06378	伏击！技术人员突袭	ecl-batch-editorial
ecl.4.66.06403	，其余人只能无助地在上方漂浮。	ecl-batch-editorial
ecl.4.66.06480	技术人员关掉了升降机，你们坠落了……	ecl-batch-editorial
ecl.4.66.06537	你们把几名鬼鬼祟祟的技术人员逼出了藏身处。	ecl-batch-editorial
ecl.4.66.06589	你们正查看着它时，技术人员发动突袭！	ecl-batch-editorial
ecl.4.66.06654	带你们飞上了大平台。	ecl-batch-editorial
ecl.4.66.06687	你们一个接一个跳了过去。	ecl-batch-editorial
ecl.4.66.06713	测试用的末日激光正在此地准备开火！	ecl-batch-editorial
ecl.4.66.06755	平台操控台旁的一名技术人员朝你们开火。	ecl-batch-editorial
ecl.4.66.06831	猛然转身反击，将他一击毙命。	ecl-batch-editorial
ecl.4.66.06853	那名技术人员撞上控制面板，身体随着四溅的火花不断抽搐，面板随即爆炸了！！！	ecl-batch-editorial
ecl.4.66.06945	平台剧烈摇晃，开始坠落。	ecl-batch-editorial
ecl.4.66.07007	你们坠入竖井时，	ecl-batch-editorial
ecl.4.66.07035	一跃而上！	ecl-batch-editorial
ecl.4.66.07047	平台朝地面直坠而下……	ecl-batch-editorial
ecl.4.66.07189	激光平台坠毁了！	ecl-batch-editorial
ecl.4.66.07217	你们爬起身时，一名惊恐的技术人员边跑边尖叫着冲出房间：	ecl-batch-editorial
ecl.4.66.07282	「她要爆炸了！」	ecl-batch-editorial
ecl.4.66.07301	激光开始发出尖鸣。	ecl-batch-editorial
ecl.4.66.07329	战斗机器人闯入房间。	ecl-batch-editorial
ecl.4.66.07378	那声音越来越响。	ecl-batch-editorial
ecl.4.66.07427	要使用控制台吗？	ecl-batch-editorial
ecl.4.66.07472	动手操作了起来。	ecl-batch-editorial
ecl.4.66.07541	……基地还是数据作业？」	ecl-batch-editorial
ecl.4.66.07593	文件已经开启。	ecl-batch-editorial
ecl.4.66.07609	谁要搜查这些文件？	ecl-batch-editorial
ecl.4.66.07687	「基地警戒。保安锁定。」要破解吗？	ecl-batch-editorial
ecl.4.66.07746	要尝试关闭警报吗？	ecl-batch-editorial
ecl.4.66.07793	要编造什么假报告，让	ecl-batch-editorial
ecl.4.66.07818	来谎报？「间谍就在……」	ecl-batch-editorial
ecl.4.66.07863	假称是谁呈报的？	ecl-batch-editorial
ecl.4.66.07908	在哪一层？	ecl-batch-editorial
ecl.4.66.07932	呈交了这份假报告……	ecl-batch-editorial
ecl.4.66.08054	警报停止了。	ecl-batch-editorial
ecl.4.66.08183	要继续搜查吗？	ecl-batch-editorial
ecl.4.66.08259	没有查到任何新线索。	ecl-batch-editorial
ecl.4.66.08291	发现了保留给	ecl-batch-editorial
ecl.4.66.08334	糟了！	ecl-batch-editorial
ecl.4.66.08361	屏幕闪烁着，	ecl-batch-editorial
ecl.4.66.08379	那则骇人的信息	ecl-batch-editorial
ecl.4.66.08397	意思是「立即销毁」。	ecl-batch-editorial
ecl.4.66.08445	你们拿回了自己的物品。	ecl-batch-editorial
ecl.4.66.08489	前方出现一支庞大的 RAM 部队！	ecl-batch-editorial
ecl.4.66.08532	警报大作！「	ecl-batch-editorial
ecl.4.66.08581	大门遭突破！维修机器人与	ecl-batch-editorial
ecl.4.66.08617	控制台警报！	ecl-batch-editorial
ecl.4.66.08657	小队逾时未归！	ecl-batch-editorial
ecl.4.66.08676	未找到间谍！	ecl-batch-editorial
ecl.4.66.08691	搜查各层楼。」	ecl-batch-editorial
ecl.4.66.08710	巡逻至第	ecl-batch-editorial
ecl.4.66.08759	扫描	ecl-batch-editorial
ecl.4.66.08797	跳出文字，	ecl-batch-editorial
ecl.4.66.08893	没有效果。	ecl-batch-editorial
ecl.4.66.08906	「感应器显示，距离你们	ecl-batch-editorial
ecl.4.66.08924	处。」	ecl-batch-editorial
ecl.4.66.08937	没有手把可抓。	ecl-batch-editorial
ecl.4.66.08952	入侵者位于第	ecl-batch-editorial
ecl.4.66.09107	平台位于金字塔顶端，你们构不着。	ecl-batch-editorial
ecl.4.66.09150	你们的火力扫过平台，一名技术人员坠落。	ecl-batch-editorial
ecl.4.67.00562	RAM 部队发动攻击。	ecl-batch-editorial
ecl.4.67.00606	一台机器人发动攻击。	ecl-batch-editorial
ecl.4.67.00655	RAM 已经备妥一支迎宾队伍在等着你们。	ecl-batch-editorial
ecl.4.67.00710	一个声音在坑道中回荡：「我是吉尔伯特指挥官。你们确实如情报所说的那么难缠，但这次你们遇上对手了。」	ecl-batch-editorial
ecl.4.67.00932	一群发狂的沙漠猴被一台机器人驱赶着冲了过来。	ecl-batch-editorial
ecl.4.67.00996	吉尔伯特大笑：「家乡送来的礼物。你们要找的那个原始人不在这里。」	ecl-batch-editorial
ecl.4.67.01183	指挥官说道：「越来越接近了，但还是不对。	ecl-batch-editorial
ecl.4.67.01291	你们进门的同时，RAM 战士从对面的门冲了进来。一名指挥官上前一步，掏出一份文档，开始宣读：「泰隆，因你办事不力，此基地即刻没收，你的性命也一并没收。」	ecl-batch-editorial
ecl.4.67.01448	有人在他耳边低语。他露出惊讶的表情：「不管他们是谁，杀了就是了。」说完转身离开。	ecl-batch-editorial
ecl.4.67.01577	你们进门时，指挥官露出惊讶之色：「这太不寻常了。」他转头对手下说：「想办法解决他们，我还有宝藏要找。」说完便离开了。	ecl-batch-editorial
ecl.4.67.01739	基改犬发动攻击。	ecl-batch-editorial
ecl.4.67.01788	这个房间曾放置着床铺，如今破碎的床架与撕烂的被褥漂浮四散。	ecl-batch-editorial
ecl.4.67.01876	房里堆满了机器人维修设备，却不见任何机器人的踪影。	ecl-batch-editorial
ecl.4.67.01958	这是一处老旧矿区，陈年矿渣漂浮在空中。	ecl-batch-editorial
ecl.4.67.02034	技术人员正在两面面板上作业，卫兵转身发动攻击。	ecl-batch-editorial
ecl.4.67.02169	察觉这座控制台正将信息发送给附近的某样东西，但你们无法确定目标的位置。	ecl-batch-editorial
ecl.4.67.02339	注意到这套内部传感系统正将信息回传给右侧的控制台。	ecl-batch-editorial
ecl.4.67.02499	指挥官从远处的门仓皇逃走，他的卫兵则发动攻击。	ecl-batch-editorial
ecl.4.67.02583	更多部队发动攻击。	ecl-batch-editorial
ecl.4.67.02634	指挥官集结了他的亲卫部队。	ecl-batch-editorial
ecl.4.67.02706	指挥官蜷缩在远处的控制台下方。	ecl-batch-editorial
ecl.4.67.02764	控制台传出一个声音：「真高兴看到我的敌人自相残杀。剩下的宝藏不多了，但全部都给你们！」他放声狂笑。	ecl-batch-editorial
ecl.4.67.02886	隐藏的墙板滑开，一台机器人窜出，将指挥官轰成灰烬。	ecl-batch-editorial
ecl.4.67.02988	「读数显示辐射浓度过高。这里绝对是座镭矿，别浪费时间！」	ecl-batch-editorial
ecl.4.67.03088	一台机器人用单调的语气说：「此区禁止进入，我将使用致命武力。」	ecl-batch-editorial
ecl.4.67.03177	警报已经拉响，机器人正朝你们集结而来。	ecl-batch-editorial
ecl.4.67.03255	墙上醒目地标示着辐射警告，你们感到皮肤阵阵刺痛。	ecl-batch-editorial
ecl.4.67.03336	无毛的尸体在干燥的空气中几乎风干成了木乃伊。	ecl-batch-editorial
ecl.4.67.03403	一名男子被夹在两块巨石之间，身上带着一些装备。	ecl-batch-editorial
ecl.4.67.03502	另一台机器人挡住了你们的去路。	ecl-batch-editorial
ecl.4.67.03577	这台辐射侦测器的读数已进入致命范围。	ecl-batch-editorial
ecl.4.67.03632	这座控制台控制着一套内部防御机制。要尝试重新设置，让它接受你们吗？	ecl-batch-editorial
ecl.4.67.03759	成功了，系统已将你们辨识为友军。	ecl-batch-editorial
ecl.4.67.03816	你们失败了，一台机器人被惊动。	ecl-batch-editorial
ecl.4.67.03870	一套自动防御系统锁定了你们并开火。	ecl-batch-editorial
ecl.4.67.03925	猛烈的火力逼得你们节节后退。	ecl-batch-editorial
ecl.4.67.03965	这些武器始终没有作动。	ecl-batch-editorial
ecl.4.67.04014	你们在这里找到了杰森•杜帕，他形容枯槁，虚弱地低语：「RAM 正在水星上空建造一件致命的装置，警告 NEO。」说完便昏了过去，你们只好扶着他一起走。	ecl-batch-editorial
ecl.4.67.04164	你们在这里找到另一名虚弱的囚犯，他对你们感激不已。	ecl-batch-editorial
ecl.4.67.04235	「入侵警报！」你们一踏入这座简陋的基地，警报随即大作，一面墙板打开，一台机器人冲了出来。	ecl-batch-editorial
ecl.4.67.04318	警报持续大作。	ecl-batch-editorial
ecl.4.67.04380	墙边排列着关在笼子里的沙漠猴，它们的驯养员打开笼子后便逃跑了。	ecl-batch-editorial
ecl.4.67.04489	尖叫的沙漠猴朝队伍扔了几把泥土和石子，接着逃走了。	ecl-batch-editorial
ecl.4.67.04587	沙漠猴挤在肮脏的小笼子里，可怜兮兮地望着你们，要打开笼子吗？	ecl-batch-editorial
ecl.4.67.04647	沙漠猴从笼子里窜出，攻击队伍！	ecl-batch-editorial
ecl.4.67.04713	这个房间里堆满了备用通信设备，并有一台机器人看守！	ecl-batch-editorial
ecl.4.67.04781	你们砸毁了备用设备。	ecl-batch-editorial
ecl.4.67.04829	你们吓跑了基地指挥官，他从远处的门逃走，留下卫兵与你们交战。	ecl-batch-editorial
ecl.4.67.04931	你们砸毁了这间次要通信室里的设备。	ecl-batch-editorial
ecl.4.67.05002	你们用控制面板联系 NEO，向他们回报这座基地的情况。他们向你们道贺，并开始着手清查过去的通信记录，找出保安漏洞。	ecl-batch-editorial
ecl.4.67.05123	传输完成后，你们砸毁了面板。	ecl-batch-editorial
ecl.4.67.05189	指挥官匆忙逃向另一扇门，一台守卫机器人挡住了你们的追击。	ecl-batch-editorial
ecl.4.67.05259	你们砸毁了更多通信设备。	ecl-batch-editorial
ecl.4.67.05313	指挥官逃进另一个房间，里面不见任何守卫，你们摧毁了房内的设备。	ecl-batch-editorial
ecl.4.67.05416	指挥官召来他最后的守卫，一小群毫无准备的技术人员。	ecl-batch-editorial
ecl.4.67.05508	指挥官试图躲在最后一批通信设备后方。	ecl-batch-editorial
ecl.4.67.05577	你们用猛烈的火力将他和设备一并歼灭。	ecl-batch-editorial
ecl.4.67.05651	沙鱿鱼正被训练在小行星中钻掘坑道，它们的驯养员正驱使它们朝队伍而来。	ecl-batch-editorial
ecl.4.67.05782	你们找到一批藏匿的装备。	ecl-batch-editorial
ecl.4.67.05854	狙击火力从你们右侧射来。	ecl-batch-editorial
ecl.4.67.05928	你们追上了狙击手，却有更多敌人从后方冒出。	ecl-batch-editorial
ecl.4.67.05995	指挥官甜腻的声音低吟：「费这么大工夫救一个原始人，这正是 RAM 终将获胜的原因。」	ecl-batch-editorial
ecl.4.67.06115	机器人从坑道下方冒出。吉尔伯特大笑：「越来越接近了吗？」	ecl-batch-editorial
ecl.4.67.06219	一颗地雷爆炸了！	ecl-batch-editorial
ecl.4.67.06258	战斗基改兽发动攻击。	ecl-batch-editorial
ecl.4.67.06288	「你们真是锲而不舍！而且越来越接近了！」一个兴味盎然的声音大笑。	ecl-batch-editorial
ecl.4.67.06371	一台机器人截断了你们的退路。	ecl-batch-editorial
ecl.4.67.06400	吉尔伯特指挥官挟持着阿莎，站在这里，他们身后是一个关着沙漠猴的笼子。你们一进门，吉尔伯特就把阿莎扔进笼子，说道：「你们的努力全是白费！看着她去死，见识 RAM 的实力！」	ecl-batch-editorial
ecl.4.67.06560	你们还来不及反应，一面透明护盾就在指挥官面前降下，墙内弹出了枪口。吉尔伯特掏出一个控制盒：「再打最后一场吧，接下来就轮到你们了！」她的眼中闪着期待的光芒。	ecl-batch-editorial
ecl.4.67.06729	一台机器人闯了进来。	ecl-batch-editorial
ecl.4.67.06762	吉尔伯特微笑着，手指伸向按钮。突然间，她脸上闪过一丝困惑，随即倒下。阿莎站在她身后，手里握着沙漠猴断裂的臂刺。	ecl-batch-editorial
ecl.4.67.06908	她微笑着把玩手中的臂刺：「她太高估这只猴子的力量了。我需要你们帮忙把我送到一处前哨站，之后朋友们会带我回火星。」	ecl-batch-editorial
ecl.4.67.07030	基地已经空无一人。尽管阿莎逞强，她其实伤势严重，你们得扶她回到船上。她心不甘情不愿地向你们道谢。控制盒打开了气密舱门。	ecl-batch-editorial
ecl.4.67.07175	你们想返回自己的船舰吗？	ecl-batch-editorial
ecl.4.67.07224	舱门是锁死的，你们得找到控制装置才能打开它。	ecl-batch-editorial
ecl.4.67.07285	这是一具停用的	ecl-batch-editorial
ecl.5.80.00130	你们步出基地，来到金星丛林之中。	ecl-batch-editorial
ecl.5.80.01232	RAM 战士发现了你们，发动攻击！	ecl-batch-editorial
ecl.5.80.01326	酸液蛙前来助阵！	ecl-batch-editorial
ecl.5.80.01364	一大群沼泽大黄蜂朝队伍发动攻击！	ecl-batch-editorial
ecl.5.80.01432	跟着队伍的酸液蛙挖出了一个蜂窝，	ecl-batch-editorial
ecl.5.80.01473	里头满是沼泽大黄蜂，一场激战随即爆发，要加入战局吗？	ecl-batch-editorial
ecl.5.80.01528	沼泽大黄蜂很快就被酸液蛙吃个精光。	ecl-batch-editorial
ecl.5.80.01592	你们一头闯进了熊蝮兽的巢穴！	ecl-batch-editorial
ecl.5.80.01662	一只巨大的熊蝮兽在你们面前立起身子，发出嘶嘶声并	ecl-batch-editorial
ecl.5.80.01707	凶猛地咆哮着。它身后藏着一整窝	ecl-batch-editorial
ecl.5.80.01755	嗷嗷待哺的幼兽。要后退吗？	ecl-batch-editorial
ecl.5.80.01793	你们撤退时，它猛然扑击！	ecl-batch-editorial
ecl.5.80.01824	你们缓缓后退。	ecl-batch-editorial
ecl.5.80.01857	RAM 的滑翔机正在高空进行演习。	ecl-batch-editorial
ecl.5.80.01906	不知从哪冒出一大群酸液蛙。	ecl-batch-editorial
ecl.5.80.01959	你们听见酸液湖的方向传来响亮的呱呱叫声。	ecl-batch-editorial
ecl.5.80.02011	一段中空的树桩里装着几只剁碎的沼泽大黄蜂	ecl-batch-editorial
ecl.5.80.02059	与沼泽蛞蝓，四周环绕着色彩鲜艳的亮石。	ecl-batch-editorial
ecl.5.80.02112	这里似乎是某种祭祀酸液蛙的神坛。	ecl-batch-editorial
ecl.5.80.02160	你们发现这里有处临时搭建的掩蔽所，要调查吗？	ecl-batch-editorial
ecl.5.80.02244	保全机器人从掩蔽所里涌出，发动攻击！	ecl-batch-editorial
ecl.5.80.02312	你们惊动了一群低地人，他们在你们开口前就逃走了。	ecl-batch-editorial
ecl.5.80.02373	你们发现了一群遭到屠杀的低地人尸体。	ecl-batch-editorial
ecl.5.80.02474	你们身处群山之中。	ecl-batch-editorial
ecl.5.80.02496	你们被丘陵包围着。	ecl-batch-editorial
ecl.5.80.02521	你们身处一片森林之中。	ecl-batch-editorial
ecl.5.80.02540	你们正跋涉穿过一片沼泽。	ecl-batch-editorial
ecl.5.80.02588	你们降落在金星，走出船舱。闪电	ecl-batch-editorial
ecl.5.80.02628	在附近劈落，短暂照亮了金星	ecl-batch-editorial
ecl.5.80.02670	的丛林。你们被巨大的花朵、树木与	ecl-batch-editorial
ecl.5.80.02727	根据斯科特的数据，一座低地人村落	ecl-batch-editorial
ecl.5.80.02766	位于酸液沼泽以北，再往西北方远处。	ecl-batch-editorial
ecl.5.80.02815	你们来到一座低地人村落的正门前。	ecl-batch-editorial
ecl.5.80.02855	这里的丛林一片寂静，你们侦测不到	ecl-batch-editorial
ecl.5.80.02897	村落内有任何生命迹象。	ecl-batch-editorial
ecl.5.80.02919	仍要进入村落吗？	ecl-batch-editorial
ecl.5.80.02947	你们面对着一座已被摧毁的低地人	ecl-batch-editorial
ecl.5.80.02988	村落入口，要再次进入村落吗？	ecl-batch-editorial
ecl.5.80.03026	你们的船舰就在这里，躲过了 RAM 的侦测，	ecl-batch-editorial
ecl.5.80.03065	藏身于高处的闪电与枝叶之下。要登上你们的	ecl-batch-editorial
ecl.5.80.03207	利安德说道：「我必须留在金星，组织低地人	ecl-batch-editorial
ecl.5.80.03250	反抗军对抗 RAM，再会了。」	ecl-batch-editorial
ecl.5.80.03288	利安德离开了。	ecl-batch-editorial
ecl.5.80.03396	赞恩被你们的船舰吓到了。	ecl-batch-editorial
ecl.5.80.03425	赞恩惊慌逃跑，消失在沼泽之中。	ecl-batch-editorial
ecl.5.80.03473	赞恩便跟了上去。	ecl-batch-editorial
ecl.5.80.03516	这里有条走了不少人的小径，通往一座堆满老旧缆线	ecl-batch-editorial
ecl.5.80.03558	与梁柱的洞穴。	ecl-batch-editorial
ecl.5.80.03576	要进入这处遗迹吗？	ecl-batch-editorial
ecl.5.80.03598	遗迹就在这里，要再次进入	ecl-batch-editorial
ecl.5.80.03637	这处遗迹吗？	ecl-batch-editorial
ecl.5.80.03677	两座山丘之间，你们看见一栋大半	ecl-batch-editorial
ecl.5.80.03721	埋在地下的建筑物顶端，附近就有入口。	ecl-batch-editorial
ecl.5.80.03768	要进去吗？	ecl-batch-editorial
ecl.5.80.03790	你们面对着 RAM 位于金星的	ecl-batch-editorial
ecl.5.80.03828	行动基地正门，要进去吗？	ecl-batch-editorial
ecl.5.80.03864	你们打算怎么接近？	ecl-batch-editorial
ecl.5.80.03898	躲进阴影中	ecl-batch-editorial
ecl.5.80.03925	你们的队伍试图躲进阴影里。	ecl-batch-editorial
ecl.5.80.03991	RAM 的重装保全机器人从建筑中冒出，	ecl-batch-editorial
ecl.5.80.04033	前来拦截你们。	ecl-batch-editorial
ecl.5.80.04074	现在要进入这栋建筑吗？	ecl-batch-editorial
ecl.5.80.04102	没有人注意到你们接近！	ecl-batch-editorial
ecl.5.80.04154	一座酸液湖在你们四周冒着泡沫与蒸气，你们	ecl-batch-editorial
ecl.5.80.04193	猛然察觉无数双鼓凸的眼睛	ecl-batch-editorial
ecl.5.80.04237	正从湖面上方注视着你们。	ecl-batch-editorial
ecl.5.80.04280	你们被一群人形大小、萤光色的酸液	ecl-batch-editorial
ecl.5.80.04319	蛙包围了。你们该怎么做？	ecl-batch-editorial
ecl.5.80.04356	与蛙群交好	ecl-batch-editorial
ecl.5.80.04388	你们正想后退，却发现体型最大的酸液蛙	ecl-batch-editorial
ecl.5.80.04429	就直接待在你们身后。	ecl-batch-editorial
ecl.5.80.04495	谁要跟蛙群交好？	ecl-batch-editorial
ecl.5.80.04548	你们的举动惹恼了酸液蛙。	ecl-batch-editorial
ecl.5.80.04587	酸液蛙亲昵地磨蹭着你们。	ecl-batch-editorial
ecl.5.80.04626	它们似乎急着待在你们身边。	ecl-batch-editorial
ecl.5.80.04678	酸液蛙凶狠地鸣叫着，攻击队伍！	ecl-batch-editorial
ecl.5.80.04756	你们正在酸液湖里游着，酸液正	ecl-batch-editorial
ecl.5.80.04797	渗进你们的护甲，你们该立刻离开这座湖。	ecl-batch-editorial
ecl.5.80.04858	你们被酸液湖里的酸液灼伤了。	ecl-batch-editorial
ecl.5.80.05027	你们听见东南方传来行军声。	ecl-batch-editorial
ecl.5.80.05075	你们听见南方传来行军声。	ecl-batch-editorial
ecl.5.80.05120	你们听见西南方传来行军声。	ecl-batch-editorial
ecl.5.80.05191	一群低地人跳出来包围了	ecl-batch-editorial
ecl.5.80.05230	队伍。他们个头不高但肌肉结实，鳞状的绿色	ecl-batch-editorial
ecl.5.80.05276	皮肤显然能承受任何程度的高温或酸液。	ecl-batch-editorial
ecl.5.80.05322	他们细长的下腭让说话显得含糊不清。	ecl-batch-editorial
ecl.5.80.05361	「你们是什么人？」他们质问道，手上还握着长矛	ecl-batch-editorial
ecl.5.80.05406	与激光步枪。你们该怎么做？	ecl-batch-editorial
ecl.5.80.05454	逃跑	ecl-batch-editorial
ecl.5.80.05478	低地人已经把队伍团团围住。	ecl-batch-editorial
ecl.5.80.05514	一名头戴尖状金属头饰的男子开口了。	ecl-batch-editorial
ecl.5.80.05551	「想逃跑？那正好证明你们	ecl-batch-editorial
ecl.5.80.05589	跟 RAM 是一伙的。」其他人跟着点头附和。	ecl-batch-editorial
ecl.5.80.05622	你们该如何回应？	ecl-batch-editorial
ecl.5.80.05669	你们表明自己是 NEO 特务，但	ecl-batch-editorial
ecl.5.80.05707	低地人嗤之以鼻：「你们以为我们会相信？	ecl-batch-editorial
ecl.5.80.05748	我们早就被骗过一次了。放下武器投降。」	ecl-batch-editorial
ecl.5.80.05792	你们要服从吗？	ecl-batch-editorial
ecl.5.80.05814	低地人的首领对你们发出嘶声。	ecl-batch-editorial
ecl.5.80.05850	「你们显然是 RAM 的特务，准备受死吧！」	ecl-batch-editorial
ecl.5.80.05891	事态还来不及进一步恶化，你们与	ecl-batch-editorial
ecl.5.80.05931	低地人便同时遭到 RAM 的伏击，双方都吓了一跳！	ecl-batch-editorial
ecl.5.80.06011	低地人的首领鞠了一躬：「我的名字是	ecl-batch-editorial
ecl.5.80.06050	利安德，很抱歉误会了你们，请容我	ecl-batch-editorial
ecl.5.80.06098	加入你们的队伍，助你们一同对抗	ecl-batch-editorial
ecl.5.80.06142	RAM。」	ecl-batch-editorial
ecl.5.80.06157	要让利安德加入队伍吗？	ecl-batch-editorial
ecl.5.80.06214	「你们确定吗？之后会需要我的帮助。」	ecl-batch-editorial
ecl.5.80.06252	要让利安德加入吗？	ecl-batch-editorial
ecl.5.80.06346	你们遇见一名独自穿越荒野奔逃的低地人。	ecl-batch-editorial
ecl.5.80.06394	他一看见你们的队伍便僵住了：「你们是 RAM 的军官吗？」他问道。	ecl-batch-editorial
ecl.5.80.06450	你们要表明自己是 NEO 的人吗？	ecl-batch-editorial
ecl.5.80.06485	你们告诉他，你们代表 NEO。「请帮帮我！」他说道。	ecl-batch-editorial
ecl.5.80.06533	「我的家人就躲在附近，RAM 随时可能找到	ecl-batch-editorial
ecl.5.80.06583	他们！你们愿意帮我们吗？」	ecl-batch-editorial
ecl.5.80.06613	他带着你们走了一小段路，来到一群惊恐的	ecl-batch-editorial
ecl.5.80.06657	低地人面前。你们还来不及开口询问，RAM 部队便已举枪	ecl-batch-editorial
ecl.5.80.06711	逼近。「我们只要低地人，」其中一人向你们喊话：	ecl-batch-editorial
ecl.5.80.06759	「退后。」	ecl-batch-editorial
ecl.5.80.06780	退后	ecl-batch-editorial
ecl.5.80.06808	那名低地人逃跑了。	ecl-batch-editorial
ecl.5.80.06844	你们听见远处传来枪声，那名低地人	ecl-batch-editorial
ecl.5.80.06889	用责备的眼神看了你们一眼，便朝战斗的方向跑去。	ecl-batch-editorial
ecl.5.80.06936	你们要跟上吗？	ecl-batch-editorial
ecl.5.80.06967	你们退后了。	ecl-batch-editorial
ecl.5.80.06989	你们听见远方传来武器交火声，接着是一片不祥的沉寂。	ecl-batch-editorial
ecl.5.80.07047	你们冲上前保护低地人。	ecl-batch-editorial
ecl.5.80.07111	这户低地人家庭再三向你们道谢，但不太愿意	ecl-batch-editorial
ecl.5.80.07162	回答任何问题。他们向你们道别，朝酸液湖的方向离去。	ecl-batch-editorial
ecl.5.81.00160	这座原住民城镇的地上，	ecl-batch-editorial
ecl.5.81.00200	到处散落着低地人的尸体，尸身都带有激光灼伤的痕迹，但	ecl-batch-editorial
ecl.5.81.00245	这些低地人身上都没有武装。	ecl-batch-editorial
ecl.5.81.00286	远处传来一名低地人婴儿的哭声。	ecl-batch-editorial
ecl.5.81.00617	你们来到低地人城镇的正门前。	ecl-batch-editorial
ecl.5.81.00663	你们听见远处传来婴儿的哭声。	ecl-batch-editorial
ecl.5.81.00697	你们想离开吗？	ecl-batch-editorial
ecl.5.81.00899	你们听见城镇某处传来孩童的哭声。	ecl-batch-editorial
ecl.5.81.00935	低地人的尸体散落在这一带。	ecl-batch-editorial
ecl.5.81.00977	沼泽大黄蜂覆满了这里的尸体，你们一靠近它们便一哄而散。	ecl-batch-editorial
ecl.5.81.01033	这里有一滩血迹正迅速风干。	ecl-batch-editorial
ecl.5.81.01067	你们感觉到有东西正在窥视你们。	ecl-batch-editorial
ecl.5.81.01098	一只酸液蛙睁着鼓凸的眼睛盯着你们。	ecl-batch-editorial
ecl.5.81.01130	这里有一具被巨大酸液蛙压死的	ecl-batch-editorial
ecl.5.81.01171	RAM 战士尸体。	ecl-batch-editorial
ecl.5.81.01183	一支 RAM 突击队发现了你们，发动攻击！	ecl-batch-editorial
ecl.5.81.01273	酸液蛙前来助阵。	ecl-batch-editorial
ecl.5.81.01327	这是一处酸液蛙的圈养场，透过栅栏	ecl-batch-editorial
ecl.5.81.01367	你们看见至少十几只基改人在	ecl-batch-editorial
ecl.5.81.01406	黄色泥地里蹦跳。这些蛙群因战斗声响	ecl-batch-editorial
ecl.5.81.01448	而变得狂躁不安。	ecl-batch-editorial
ecl.5.81.01469	要放走这些酸液蛙吗？	ecl-batch-editorial
ecl.5.81.01553	酸液蛙完全无视你们，径自	ecl-batch-editorial
ecl.5.81.01590	从队伍身上跳过、穿行而去。	ecl-batch-editorial
ecl.5.81.01646	酸液蛙将你们视为朋友，	ecl-batch-editorial
ecl.5.81.01684	围着队伍横冲直撞。你们听见远处传来	ecl-batch-editorial
ecl.5.81.01726	藏匿的 RAM 战士痛苦的哀嚎，因为蛙群	ecl-batch-editorial
ecl.5.81.01768	已经发现并攻击了他们。	ecl-batch-editorial
ecl.5.81.01795	酸液蛙察觉你们是敌人，其中一些	ecl-batch-editorial
ecl.5.81.01837	停下狂奔，转而发动攻击。	ecl-batch-editorial
ecl.5.81.01876	杀红了眼的酸液蛙发动攻击！	ecl-batch-editorial
ecl.5.81.01929	圈养场已经空了，酸液蛙全都	ecl-batch-editorial
ecl.5.81.01964	散逸到城镇各处去了。	ecl-batch-editorial
ecl.5.81.01993	你们听见远方北面传来孩童的哭声。	ecl-batch-editorial
ecl.5.81.02029	这是一间补给棚屋。	ecl-batch-editorial
ecl.5.81.02069	你们找到一个大帆布袋。	ecl-batch-editorial
ecl.5.81.02098	别碰	ecl-batch-editorial
ecl.5.81.02106	打开	ecl-batch-editorial
ecl.5.81.02114	拿走	ecl-batch-editorial
ecl.5.81.02139	袋子里的东西让你们作呕。	ecl-batch-editorial
ecl.5.81.02178	你们推断这袋子里装的是酸液蛙的饲料。	ecl-batch-editorial
ecl.5.81.02223	你们打算怎么处理这个袋子？	ecl-batch-editorial
ecl.5.81.02254	捡起来	ecl-batch-editorial
ecl.5.81.02272	尝尝味道	ecl-batch-editorial
ecl.5.81.02298	你们拿走了那袋酸液蛙饲料。	ecl-batch-editorial
ecl.5.81.02335	所有人都呛得又咳又干呕！！	ecl-batch-editorial
ecl.5.81.02380	你们打算怎么处理这袋蛙食？	ecl-batch-editorial
ecl.5.81.02415	带走袋子	ecl-batch-editorial
ecl.5.81.02426	留下袋子	ecl-batch-editorial
ecl.5.81.02451	你们找到一座通往地下室的金属梯。	ecl-batch-editorial
ecl.5.81.02498	你们听见下方传来哭声。	ecl-batch-editorial
ecl.5.81.02524	要爬下梯子吗？	ecl-batch-editorial
ecl.5.81.02586	这座梯子通往地下室外。	ecl-batch-editorial
ecl.5.81.02626	你们听见附近传来的哭声越来越近。	ecl-batch-editorial
ecl.5.81.02658	要爬上梯子吗？	ecl-batch-editorial
ecl.5.81.02731	一名幼小的低地人在你们找到它的	ecl-batch-editorial
ecl.5.81.02770	藏身处后停止哭泣，开始用你们	ecl-batch-editorial
ecl.5.81.02803	听不懂的语言喃喃自语。	ecl-batch-editorial
ecl.5.81.02909	你们听不懂这名低地人幼儿	ecl-batch-editorial
ecl.5.81.02950	在说什么，但它显然想跟着你们走。	ecl-batch-editorial
ecl.5.81.02991	利安德耐心听着，接着替你们翻译：	ecl-batch-editorial
ecl.5.81.03027	「它要我们帮它找到它的父亲。」	ecl-batch-editorial
ecl.5.81.03067	你们要让这名低地人婴儿加入队伍吗？	ecl-batch-editorial
ecl.5.81.03127	尽管你们不愿意，这名婴儿还是跟上了你们。	ecl-batch-editorial
ecl.5.81.03169	它会一路跟着你们到任何地方。	ecl-batch-editorial
ecl.5.81.03234	这是低地人城镇的储藏室，你们	ecl-batch-editorial
ecl.5.81.03275	从窗户看见里头满是沼泽	ecl-batch-editorial
ecl.5.81.03329	仍要调查这间储藏室吗？	ecl-batch-editorial
ecl.5.81.03385	这间储藏室的门已经被踹到	ecl-batch-editorial
ecl.5.81.03438	储藏室里如今不是大黄蜂，而是挤满了	ecl-batch-editorial
ecl.5.81.03479	一群看起来饥饿的酸液蛙。	ecl-batch-editorial
ecl.5.81.03568	酸液蛙吃光了曾经占据	ecl-batch-editorial
ecl.5.81.03610	这间储藏室的沼泽大黄蜂，室内所有补给品都沾满了	ecl-batch-editorial
ecl.5.81.03655	蛙群留下的酸液黏液。	ecl-batch-editorial
ecl.5.81.03704	酸液蛙无视你们。	ecl-batch-editorial
ecl.5.81.03728	酸液蛙盯着你们那袋蛙食，	ecl-batch-editorial
ecl.5.81.03765	满怀期待地鼓着眼睛。	ecl-batch-editorial
ecl.5.81.03795	你们要把食物给蛙群吗？	ecl-batch-editorial
ecl.5.81.03828	酸液蛙大口吞下食物，从此以后会有一两只	ecl-batch-editorial
ecl.5.81.03870	一路跟着你们，希望能再讨到一些。	ecl-batch-editorial
ecl.5.81.03936	储藏室里挤满了看起来饥饿的酸液蛙。	ecl-batch-editorial
ecl.5.81.04012	沼泽大黄蜂朝你们蜂拥而来！	ecl-batch-editorial
ecl.5.81.04063	你们搜索了储藏室，在一堆	ecl-batch-editorial
ecl.5.81.04104	原始头饰与文物后方，找到了一些	ecl-batch-editorial
ecl.5.81.04151	用于制造反引力石的科学仪器。	ecl-batch-editorial
ecl.5.81.04201	在最里面，你们找到一个装满信用点的铁盒，还有	ecl-batch-editorial
ecl.5.81.04244	几个爆破装置。	ecl-batch-editorial
ecl.5.81.04282	你们在储藏室里没有找到新的东西。	ecl-batch-editorial
ecl.5.81.04328	这扇门被牢牢地封死，	ecl-batch-editorial
ecl.5.81.04367	硬要撞开恐怕会让整间小屋倒塌。	ecl-batch-editorial
ecl.5.81.04411	你们发现一户遭到杀害的低地人家庭的尸体。	ecl-batch-editorial
ecl.5.81.04451	你们正要转身离开时，一名低地人从一张翻倒的	ecl-batch-editorial
ecl.5.81.04497	书桌后方冲了出来，颤抖着把激光步枪瞄准	ecl-batch-editorial
ecl.5.81.04543	队伍：「你们是什么人？」他质问道。	ecl-batch-editorial
ecl.5.81.04603	你们表明自己是 NEO 特务，他立刻	ecl-batch-editorial
ecl.5.81.04646	放下了枪：「真高兴你们来了，我有些	ecl-batch-editorial
ecl.5.81.04691	情报也许能帮上忙，」他说道。	ecl-batch-editorial
ecl.5.81.04735	你们持枪戒备地退出去。你们一离开，就	ecl-batch-editorial
ecl.5.81.04778	听见他把门封死的声音。	ecl-batch-editorial
ecl.5.81.04852	他告诉了你们低地人与 RAM 之间的勾结内情。	ecl-batch-editorial
ecl.5.81.04894	他说的内容	ecl-batch-editorial
ecl.5.81.04908	「你们现在得离开了，免得引来别人注意这	ecl-batch-editorial
ecl.5.81.04956	间屋子，」那名低地人说完便送你们出门。	ecl-batch-editorial
ecl.5.81.05084	你们看见一群低地人正准备爬过	ecl-batch-editorial
ecl.5.81.05124	围墙，他们抬着一名受伤的女子。	ecl-batch-editorial
ecl.5.81.05165	你们向他们的首领保证绝无恶意。	ecl-batch-editorial
ecl.5.81.05204	「请帮帮我们，」她说道：「我需要医疗	ecl-batch-editorial
ecl.5.81.05245	箱来救这个可怜的女人，但医疗补给	ecl-batch-editorial
ecl.5.81.05289	储藏室的钥匙被一名 RAM 军官拿走了。	ecl-batch-editorial
ecl.5.81.05342	去镇上西侧那间大屋。」	ecl-batch-editorial
ecl.5.81.05381	她压低声音：「保安密码是 683，拿了	ecl-batch-editorial
ecl.5.81.05436	她给了你们一件武器和一些护甲。	ecl-batch-editorial
ecl.5.81.05493	你们听见南边那栋大屋传来哭声。	ecl-batch-editorial
ecl.5.81.05535	「我看到你们拿到钥匙了，请把箱子从	ecl-batch-editorial
ecl.5.81.05547	钥匙。请把箱子从补给储藏室拿来，请找到钥匙并用它们进去	ecl-batch-editorial
ecl.5.81.05577	补给储藏室带来。	ecl-batch-editorial
ecl.5.81.05601	请找到钥匙并用它们进入	ecl-batch-editorial
ecl.5.81.05641	补给储藏室。	ecl-batch-editorial
ecl.5.81.05661	这群幸存者原本满怀期待，却失望地	ecl-batch-editorial
ecl.5.81.05702	发现你们没有带来医疗物资。	ecl-batch-editorial
ecl.5.81.05797	幸存者感激地收下医疗箱，	ecl-batch-editorial
ecl.5.81.05834	带着它翻墙逃走。首领则留了下来。	ecl-batch-editorial
ecl.5.81.05880	「我没有更多能给你们的了，」她说：「但这个	ecl-batch-editorial
ecl.5.81.05926	应该会有帮助。」	ecl-batch-editorial
ecl.5.81.05941	你们拿到一张地图，仔细研究了一番，	ecl-batch-editorial
ecl.5.81.05982	「基地就藏在南方远处的一座山里，	ecl-batch-editorial
ecl.5.81.06030	再往东走几步就到了。祝你们好运。」她离开了。	ecl-batch-editorial
ecl.5.81.06104	一名 RAM 军官正把脚搁在桌上打盹。	ecl-batch-editorial
ecl.5.81.06145	一大串至少三十把钥匙的钥匙圈，正从	ecl-batch-editorial
ecl.5.81.06190	他的口袋里露出来。你们该怎么做？	ecl-batch-editorial
ecl.5.81.06221	偷钥匙	ecl-batch-editorial
ecl.5.81.06231	杀掉那名军官	ecl-batch-editorial
ecl.5.81.06267	你们蹑手蹑脚地退出了房间。	ecl-batch-editorial
ecl.5.81.06314	谁要去扒他的口袋？	ecl-batch-editorial
ecl.5.81.06365	你们拿到了钥匙圈！	ecl-batch-editorial
ecl.5.81.06390	那名 RAM 军官仍在熟睡。	ecl-batch-editorial
ecl.5.81.06418	现在你们打算怎么做？	ecl-batch-editorial
ecl.5.81.06475	军官醒了过来！「去死吧，蠢货！」他咆哮着，	ecl-batch-editorial
ecl.5.81.06516	吹响哨子，房里瞬间涌入了保全机器人。	ecl-batch-editorial
ecl.5.81.06637	那串巨大的钥匙圈就躺在	ecl-batch-editorial
ecl.5.81.06679	军官尸体旁的地上。你们捡起它，放进自己的口袋。	ecl-batch-editorial
ecl.5.81.06728	你们拿到一串钥匙圈	ecl-batch-editorial
ecl.5.81.06801	这座医疗补给储藏室用你们不认得的低地人	ecl-batch-editorial
ecl.5.81.06843	技术上了锁，需要一把钥匙和一组	ecl-batch-editorial
ecl.5.81.06886	保安密码才能进入。	ecl-batch-editorial
ecl.5.81.06918	医疗补给储藏室的门开着。	ecl-batch-editorial
ecl.5.81.06958	你们输入了保安密码，但仍然无法	ecl-batch-editorial
ecl.5.81.06999	在没有钥匙的情况下打开这扇门。	ecl-batch-editorial
ecl.5.81.07031	钥匙圈上有三十把钥匙，但你们最终	ecl-batch-editorial
ecl.5.81.07073	找到了正确的那一把。然而，你们仍需要	ecl-batch-editorial
ecl.5.81.07118	保安密码才能打开这扇门。	ecl-batch-editorial
ecl.5.81.07199	找到了正确的那一把。你们输入了保安	ecl-batch-editorial
ecl.5.81.07244	密码，医疗补给储藏室的门开了。	ecl-batch-editorial
ecl.5.81.07297	这里的医疗物资大多是给低地人用的，	ecl-batch-editorial
ecl.5.81.07340	但你们还是找到了一些解毒剂，还有两件不错的武器	ecl-batch-editorial
ecl.5.81.07388	藏在最里面。	ecl-batch-editorial
ecl.5.81.07430	你们拿到了一套低地人医疗补给箱。	ecl-batch-editorial
ecl.5.81.07479	这间大屋似乎曾是	ecl-batch-editorial
ecl.5.81.07520	这座村落的政务中心。	ecl-batch-editorial
ecl.5.81.07553	你们听见东北方传来哭声。	ecl-batch-editorial
ecl.5.81.07674	激光灼痕布满了这间小屋的墙面。	ecl-batch-editorial
ecl.5.81.07707	两名低地人正准备偷偷溜出城镇，	ecl-batch-editorial
ecl.5.81.07749	他们催促你们到东北角落与他们会合。	ecl-batch-editorial
ecl.5.81.07793	这间小屋空无一人，墙上有人用	ecl-batch-editorial
ecl.5.81.07832	小字潦草刻着「东北角」。	ecl-batch-editorial
ecl.5.81.07863	这间小屋的主人陈尸地上。	ecl-batch-editorial
ecl.5.81.07905	地板上满是血迹。	ecl-batch-editorial
ecl.5.81.07932	屋里的低地人虽然战死，但也带走了	ecl-batch-editorial
ecl.5.81.07971	四名 RAM 刺客同归于尽。	ecl-batch-editorial
ecl.5.81.07997	一名低地人婴儿陈尸摇篮中，RAM	ecl-batch-editorial
ecl.5.81.08036	一个也不放过。	ecl-batch-editorial
ecl.5.81.08051	眼前的景象惨不忍睹，RAM	ecl-batch-editorial
ecl.5.81.08090	做得相当彻底。	ecl-batch-editorial
ecl.5.81.08118	这是镇上最大的一间小屋，看起来相对完好无损。	ecl-batch-editorial
ecl.5.81.08178	你们听见屋内传来哭声。	ecl-batch-editorial
ecl.5.82.00174	这条坑道尽头是一间八人营房的后方。	ecl-batch-editorial
ecl.5.82.00217	墙内传出阵阵嗡鸣，显然这里是比你们刚才	ecl-batch-editorial
ecl.5.82.00263	离开的那处更完备的 RAM 前哨站。	ecl-batch-editorial
ecl.5.82.00368	你们两侧的墙上都印着 RAM 徽章。	ecl-batch-editorial
ecl.5.82.00413	地板上的栅格启动了吸力，把你们靴子上的	ecl-batch-editorial
ecl.5.82.00460	酸泥全部清干净了。	ecl-batch-editorial
ecl.5.82.00502	机库里的爆炸已经让 RAM 察觉到	ecl-batch-editorial
ecl.5.82.00542	你们的存在！你们遭到伏击！	ecl-batch-editorial
ecl.5.82.00574	一支 RAM 突击队早已埋伏在门内	ecl-batch-editorial
ecl.5.82.00617	等着你们，你们遭到伏击！	ecl-batch-editorial
ecl.5.82.01205	这里闻起来有股硫磺味。	ecl-batch-editorial
ecl.5.82.01230	你们听见附近传来靴子踩踏地板的声音。	ecl-batch-editorial
ecl.5.82.01267	一个失败的实验品扭动着爬了过去。	ecl-batch-editorial
ecl.5.82.01298	墙上印着 RAM 徽章。	ecl-batch-editorial
ecl.5.82.01348	你们的肚子咕噜咕噜叫。	ecl-batch-editorial
ecl.5.82.01378	你们很想再吃点垃圾食物。	ecl-batch-editorial
ecl.5.82.01401	远方传来一声巨响。	ecl-batch-editorial
ecl.5.82.01430	你们听见附近房间传来鼾声。	ecl-batch-editorial
ecl.5.82.01472	你们听见附近传来低语声，你们把耳朵贴上墙壁，	ecl-batch-editorial
ecl.5.82.01511	隐约听到一些关于囚犯的内容，就在	ecl-batch-editorial
ecl.5.82.01553	第三层。	ecl-batch-editorial
ecl.5.82.01573	墙上印着的 RAM 徽章，	ecl-batch-editorial
ecl.5.82.01611	被人画上了两撇胡子。	ecl-batch-editorial
ecl.5.82.01663	你们发现一批垃圾食物，要吃掉吗？	ecl-batch-editorial
ecl.5.82.01701	你们狼吞虎咽吃掉了垃圾食物。	ecl-batch-editorial
ecl.5.82.01734	你们没有动那些垃圾食物。	ecl-batch-editorial
ecl.5.82.01762	你们又发现一批垃圾食物！要吃掉吗？	ecl-batch-editorial
ecl.5.82.01804	你们吃坏了肚子。	ecl-batch-editorial
ecl.5.82.01832	前方走廊上有一只酸蚀怪正滑行而来。	ecl-batch-editorial
ecl.5.82.01873	墙上的涂鸦写着：	ecl-batch-editorial
ecl.5.82.01898	「基尔罗伊到此一游。」	ecl-batch-editorial
ecl.5.82.01917	你们发现一双沾满黄色酸液残渣的靴子。	ecl-batch-editorial
ecl.5.82.01955	电脑运转的嗡嗡声在你们四周回荡。	ecl-batch-editorial
ecl.5.82.01981	对讲机嗡嗡作响、劈啪几声后归于沉寂。	ecl-batch-editorial
ecl.5.82.02024	你们突然升起一股不祥的预感。	ecl-batch-editorial
ecl.5.82.02058	你们听见一台保全机器人就在附近！	ecl-batch-editorial
ecl.5.82.02147	RAM 战士发现你们，展开攻击！	ecl-batch-editorial
ecl.5.82.02200	酸蚀怪察觉你们，展开攻击！	ecl-batch-editorial
ecl.5.82.02253	你们被保全机器人发现了！	ecl-batch-editorial
ecl.5.82.02319	电梯里有四个按钮，标示着	ecl-batch-editorial
ecl.5.82.02358	一到四。墙上贴着一张字条，写着：	ecl-batch-editorial
ecl.5.82.02416	你们要按哪个按钮？	ecl-batch-editorial
ecl.5.82.02484	广播传来一个声音：「如果你们不想搭乘	ecl-batch-editorial
ecl.5.82.02525	这座电梯，请立刻离开。」	ecl-batch-editorial
ecl.5.82.02563	广播传来一个声音：「你们已经在那一层了，	ecl-batch-editorial
ecl.5.82.02608	请选择别的楼层。」	ecl-batch-editorial
ecl.5.82.02642	电梯发出嗡嗡声，片刻后你们抵达了	ecl-batch-editorial
ecl.5.82.02682	一楼。	ecl-batch-editorial
ecl.5.82.02783	二楼。	ecl-batch-editorial
ecl.5.82.02885	三楼。	ecl-batch-editorial
ecl.5.82.02946	电梯摇晃颠簸了一阵，才终于抵达	ecl-batch-editorial
ecl.5.82.02987	四楼。	ecl-batch-editorial
ecl.5.82.03071	墙上的铭牌写着：	ecl-batch-editorial
ecl.5.82.03097	「一楼——实验室」	ecl-batch-editorial
ecl.5.82.03142	「二楼——营房	ecl-batch-editorial
ecl.5.82.03162	仅限授权人员」	ecl-batch-editorial
ecl.5.82.03213	「三楼——行政办公室	ecl-batch-editorial
ecl.5.82.03269	墙上贴着一张字条，写着：	ecl-batch-editorial
ecl.5.82.03298	「危险——施工中。」	ecl-batch-editorial
ecl.5.82.03371	墙上贴着一张字条，写着：	ecl-batch-editorial
ecl.5.82.03396	酸蚀素化合物 →	ecl-batch-editorial
ecl.5.82.03421	← 战斗机器人（危险）」	ecl-batch-editorial
ecl.5.82.03474	← 酸蚀素化合物	ecl-batch-editorial
ecl.5.82.03496	战斗机器人（危险）→ 」	ecl-batch-editorial
ecl.5.82.03526	门上贴着一张字条，写着：	ecl-batch-editorial
ecl.5.82.03551	酸蚀素化合物	ecl-batch-editorial
ecl.5.82.03594	战斗机器人（危险）	ecl-batch-editorial
ecl.5.82.03626	成群的酸蚀怪如黏稠的软泥般朝你们涌来。	ecl-batch-editorial
ecl.5.82.03689	地板上散落着仍在冒泡的尸体，是……	ecl-batch-editorial
ecl.5.82.03752	警卫机器人锁定了你们。	ecl-batch-editorial
ecl.5.82.03804	机器人的残骸散落了一地。	ecl-batch-editorial
ecl.5.82.03904	只要在钥匙圈里找到对应的	ecl-batch-editorial
ecl.5.82.03946	钥匙，这扇保安门就会打开。	ecl-batch-editorial
ecl.5.82.03966	保安门上的标示写着：往电梯	ecl-batch-editorial
ecl.5.82.04006	这扇保安门就连爆破装置也无法击穿。	ecl-batch-editorial
ecl.5.82.04051	它打不开。	ecl-batch-editorial
ecl.5.82.04073	这是基地的主要出口，通往	ecl-batch-editorial
ecl.5.82.04115	金星丛林。你们要离开基地吗？	ecl-batch-editorial
ecl.5.82.04161	这扇门后是一条黑暗的隧道，滴滴答答地渗着	ecl-batch-editorial
ecl.5.82.04202	酸液。你们要进入隧道吗？	ecl-batch-editorial
ecl.5.82.04269	低地人技师会留在这里，直到你们	ecl-batch-editorial
ecl.5.82.04311	带来南敦的口信。	ecl-batch-editorial
ecl.5.82.04342	一群低地人科学家被囚禁	ecl-batch-editorial
ecl.5.82.04381	在这个房间里。你们与他们交谈，	ecl-batch-editorial
ecl.5.82.04410	遭遇经过	ecl-batch-editorial
ecl.5.82.04432	低地人技师匆忙赶去见南敦。	ecl-batch-editorial
ecl.5.82.04554	你们在墙上敲出低地人的胜利暗号，	ecl-batch-editorial
ecl.5.82.04593	片刻后，南敦小心翼翼地靠近。	ecl-batch-editorial
ecl.5.82.04652	「拜托去城里救救我儿子。」南敦除此之外，	ecl-batch-editorial
ecl.5.82.04695	什么都不肯多说。	ecl-batch-editorial
ecl.5.82.04799	南敦看见小赞恩，喜出望外：「我的	ecl-batch-editorial
ecl.5.82.04835	儿子！谢谢你们救了他。」	ecl-batch-editorial
ecl.5.82.04865	赞恩离开队伍，回到父亲身边。	ecl-batch-editorial
ecl.5.82.04913	「作为回报，	ecl-batch-editorial
ecl.5.82.04927	我会告诉你们，我把 RAM 的一把	ecl-batch-editorial
ecl.5.82.04965	视网膜开锁器藏在哪里。这东西对他们来说非常重要。」	ecl-batch-editorial
ecl.5.82.05008	他告诉你们，开锁器藏在	ecl-batch-editorial
ecl.5.82.05048	二号实验室的一块地板夹层下。「拿到手后，	ecl-batch-editorial
ecl.5.82.05093	回来找我，我们再一起找出那条密道。」	ecl-batch-editorial
ecl.5.82.05139	南敦问你们有没有见过他儿子赞恩，你们	ecl-batch-editorial
ecl.5.82.05181	把赞恩的遭遇告诉他，他听了悲痛欲绝。	ecl-batch-editorial
ecl.5.82.05225	「你们试着帮过他。」他终于开口：「你们值得	ecl-batch-editorial
ecl.5.82.05272	得到一些回报。」	ecl-batch-editorial
ecl.5.82.05309	「先去拿到视网膜开锁器，之后我们就去找那个秘密	ecl-batch-editorial
ecl.5.82.05380	「这一层的某处有一道密门，找到它	ecl-batch-editorial
ecl.5.82.05423	之后回来这里找我。」	ecl-batch-editorial
ecl.5.82.05446	「你们找到密门了！拜托把其他	ecl-batch-editorial
ecl.5.82.05490	技师都带来，我们才能逃出去！」	ecl-batch-editorial
ecl.5.82.05530	「拜托把其他技师都带来这里。」	ecl-batch-editorial
ecl.5.82.05570	南敦出现在你们面前：「我和其他人现在	ecl-batch-editorial
ecl.5.82.05615	就要离开了。很抱歉，但隧道里的酸液对你们和装备来说	ecl-batch-editorial
ecl.5.82.05663	太强了，撑不住。谢谢你们的帮忙。」	ecl-batch-editorial
ecl.5.82.05804	利安德对队上其他人说：「我现在必须离开	ecl-batch-editorial
ecl.5.82.05849	你们，留下来与我的族人一起。希望你们能完成	ecl-batch-editorial
ecl.5.82.05894	任务。」	ecl-batch-editorial
ecl.5.82.05925	斯科特用无线电联系你们：「我想我们	ecl-batch-editorial
ecl.5.82.05964	在金星已经没有其他事可做了。时间紧迫，	ecl-batch-editorial
ecl.5.82.06007	快回船上吧。」	ecl-batch-editorial
ecl.5.82.06040	你们找到了一道密门！	ecl-batch-editorial
ecl.5.82.06104	在地板夹层下，你们找到一把 RAM 的视网膜	ecl-batch-editorial
ecl.5.82.06145	开锁器！要不是南敦提供的线索，你们绝对找不到。	ecl-batch-editorial
ecl.5.82.06204	你们获得了一把视网膜开锁器。	ecl-batch-editorial
ecl.5.82.06236	地板夹层下的保安隔间是空的。	ecl-batch-editorial
ecl.5.82.06307	这间会议室里挤满了 RAM 军官与	ecl-batch-editorial
ecl.5.82.06345	战士。你们一进门，他们就举枪对准你们，	ecl-batch-editorial
ecl.5.82.06389	命令你们缴械投降。	ecl-batch-editorial
ecl.5.82.06422	你们要怎么做？	ecl-batch-editorial
ecl.5.82.06479	你们自信地拔出武器，冲进	ecl-batch-editorial
ecl.5.82.06518	他们之中。	ecl-batch-editorial
ecl.5.82.06555	你们搜索了房间，但没找到什么有价值的东西。	ecl-batch-editorial
ecl.5.82.06601	你们转身逃跑。他们对你们开火，并拉响了警报！	ecl-batch-editorial
ecl.5.82.06701	房里的人一致投票，决定	ecl-batch-editorial
ecl.5.82.06740	立刻开枪处决你们。	ecl-batch-editorial
ecl.5.82.06799	酸蚀怪正忙着啃食	ecl-batch-editorial
ecl.5.82.06838	房里尸体上的血肉，留下一具具还在冒烟的骸骨。	ecl-batch-editorial
ecl.5.82.06901	这是一间八人份的 RAM 营房，狭窄的床铺	ecl-batch-editorial
ecl.5.82.06943	叠了四层高。	ecl-batch-editorial
ecl.5.82.06983	你们打断了几名 RAM 军官。	ecl-batch-editorial
ecl.5.82.07015	他们朝你们扑了过来。	ecl-batch-editorial
ecl.5.82.07088	这是一间小办公室，墙上挂着一张	ecl-batch-editorial
ecl.5.82.07123	何兹汉的画像，端正地挂在办公桌上方。	ecl-batch-editorial
ecl.5.82.07174	几名 RAM 刺客拔出武器朝你们冲来。	ecl-batch-editorial
ecl.5.82.07263	房里有三名 RAM 战士，正对着	ecl-batch-editorial
ecl.5.82.07304	一台长程无线电说话。他们伸手去拿武器，却	ecl-batch-editorial
ecl.5.82.07348	在打量过你们队伍的实力后迟疑了。	ecl-batch-editorial
ecl.5.82.07390	双方陷入僵持。	ecl-batch-editorial
ecl.5.82.07428	恐吓他们	ecl-batch-editorial
ecl.5.82.07458	你们表现出明显的	ecl-batch-editorial
ecl.5.82.07494	胆怯，反而让那些战士胆子更壮，发动攻击！	ecl-batch-editorial
ecl.5.82.07530	战士们大惊，四处寻找脱身的办法……	ecl-batch-editorial
ecl.5.82.07614	斯科特联系你们：「趁你们战斗的时候，	ecl-batch-editorial
ecl.5.82.07653	我扫描了 RAM 的主机，找到一些提到	ecl-batch-editorial
ecl.5.82.07695	末日设备位于水星第三座马利波萨的记录。	ecl-batch-editorial
ecl.5.82.07738	再深入挖掘就会惊动何兹汉了。」	ecl-batch-editorial
ecl.5.82.07826	你们的恐吓手段，只让那些战士觉得好笑。	ecl-batch-editorial
ecl.5.82.07886	那些战士被吓住了，告诉你们	ecl-batch-editorial
ecl.5.82.07926	末日设备位于水星第三座	ecl-batch-editorial
ecl.5.82.07970	马利波萨，而金星透镜已经	ecl-batch-editorial
ecl.5.82.08009	运到那里了。他们苦苦哀求饶命。	ecl-batch-editorial
ecl.5.82.08043	饶他们一命	ecl-batch-editorial
ecl.5.82.08073	这些战士靠不住，你们一走他们就可能	ecl-batch-editorial
ecl.5.82.08112	拉响警报，于是你们动手攻击。	ecl-batch-editorial
ecl.5.82.08156	你们把战士们绑起来塞住嘴，关进	ecl-batch-editorial
ecl.5.82.08195	储藏室里。	ecl-batch-editorial
ecl.5.82.08239	两名 RAM 战士被绑住塞住嘴，倒在	ecl-batch-editorial
ecl.5.82.08281	这间储藏室的地上。	ecl-batch-editorial
ecl.5.82.08301	杀了他们	ecl-batch-editorial
ecl.5.82.08329	你们把他们杀了。	ecl-batch-editorial
ecl.5.82.08357	地上躺着两具 RAM 战士的尸体。	ecl-batch-editorial
ecl.5.82.08399	门上的铭牌写着：	ecl-batch-editorial
ecl.5.82.08425	主实验室	ecl-batch-editorial
ecl.5.82.08462	二号实验室	ecl-batch-editorial
ecl.5.82.08497	三号实验室	ecl-batch-editorial
ecl.5.82.08506	破损的烧杯与器材残片散落一地……	ecl-batch-editorial
ecl.5.82.08581	电脑室一	ecl-batch-editorial
ecl.5.82.08623	电脑室二	ecl-batch-editorial
ecl.5.82.08650	这里是泥土地面，还有一滩很深的酸液	ecl-batch-editorial
ecl.5.82.08690	水洼。附近一台酸液帮浦严重损毁。你们察觉	ecl-batch-editorial
ecl.5.82.08736	酸液表面下有东西在动。要调查吗？	ecl-batch-editorial
ecl.5.82.08781	一群熊蝮兽从酸液中猛然窜出，扑向你们！	ecl-batch-editorial
ecl.5.82.08845	这里有一滩很深的酸液池，酸液	ecl-batch-editorial
ecl.5.82.08884	被死去熊蝮兽的血染成了红色。	ecl-batch-editorial
ecl.5.82.08917	这里有一条满是酸液的隧道，通往丛林。	ecl-batch-editorial
ecl.5.82.08956	这里的酸液强度太高，就连护甲也无法	ecl-batch-editorial
ecl.5.82.08995	保护你们。就算你们侥幸活下来，装备也	ecl-batch-editorial
ecl.5.82.09036	会全部毁掉。	ecl-batch-editorial
ecl.5.82.09063	墙上有一张告示，写着，	ecl-batch-editorial
ecl.5.82.09088	「往电梯方向 →」	ecl-batch-editorial
ecl.5.83.00207	你们一踏入这座堆满扭曲钢梁与	ecl-batch-editorial
ecl.5.83.00246	腐朽缆线的洞穴，斯科特便现身了。	ecl-batch-editorial
ecl.5.83.00278	「你们现在所在的地方，是金星	ecl-batch-editorial
ecl.5.83.00320	太空电梯残骸的一部分。它在 2285 年被 RAM 摧毁，	ecl-batch-editorial
ecl.5.83.00366	残骸散落在整片低地各处。	ecl-batch-editorial
ecl.5.83.00404	这些残骸加上地表闪电，正在干扰	ecl-batch-editorial
ecl.5.83.00444	我的传感器，小心点。这里正好适合	ecl-batch-editorial
ecl.5.83.00488	RAM 藏匿机具或武器。」	ecl-batch-editorial
ecl.5.83.00525	「我想，或许该先去查看北边的	ecl-batch-editorial
ecl.5.83.00565	城镇才是明智之举。」	ecl-batch-editorial
ecl.5.83.00973	隧道尽头是一座小型 RAM 前哨站。	ecl-batch-editorial
ecl.5.83.01019	前哨站一片漆黑，动物的叫声回荡在	ecl-batch-editorial
ecl.5.83.01060	走廊中。藤蔓从天花板的裂缝垂落下来。	ecl-batch-editorial
ecl.5.83.01108	从这里你们可以爬回丛林。	ecl-batch-editorial
ecl.5.83.01147	你们要离开这片废墟吗？	ecl-batch-editorial
ecl.5.83.01180	一座梯子通往地下的开发区域。	ecl-batch-editorial
ecl.5.83.01219	你们要爬下梯子吗？	ecl-batch-editorial
ecl.5.83.01318	一座梯子通往太空电梯的残骸。	ecl-batch-editorial
ecl.5.83.01360	你们要爬上梯子吗？	ecl-batch-editorial
ecl.5.83.01445	扭曲变形的太空电梯残骸，耸立在你们头顶上方。	ecl-batch-editorial
ecl.5.83.01496	成堆的泥土与一滩滩烂泥，标示出一条	ecl-batch-editorial
ecl.5.83.01536	地下隧道的入口。大量的靴印显示，	ecl-batch-editorial
ecl.5.83.01581	这条隧道经常有 RAM 士兵进出。	ecl-batch-editorial
ecl.5.83.01675	这是一种你们从未见过的	ecl-batch-editorial
ecl.5.83.01717	保安门，没有钥匙就无法通过。	ecl-batch-editorial
ecl.5.83.01765	再猛烈的火力也打不开这扇门，但你们的	ecl-batch-editorial
ecl.5.83.01809	钥匙轻松就打开了它。你们解锁了这扇门。	ecl-batch-editorial
ecl.5.83.01853	这扇保安门大大敞开着。	ecl-batch-editorial
ecl.5.83.01893	你们面前是一扇巨大的保安门，	ecl-batch-editorial
ecl.5.83.01935	从这一侧根本无法打开。	ecl-batch-editorial
ecl.5.83.02099	沼泽蛞蝓在脚下被踩得吱吱作响。	ecl-batch-editorial
ecl.5.83.02125	你们听见远处传来酸液蛙的呱呱叫声。	ecl-batch-editorial
ecl.5.83.02163	你们的脚踝深陷在沼泽烂泥里。	ecl-batch-editorial
ecl.5.83.02193	墙壁上滴滴答答渗着酸液。	ecl-batch-editorial
ecl.5.83.02222	残骸在头顶嘎吱作响，墙壁也跟着震动。	ecl-batch-editorial
ecl.5.83.02261	你们闻到香烟的味道。	ecl-batch-editorial
ecl.5.83.02285	远处传来电脑运转的嗡嗡声。	ecl-batch-editorial
ecl.5.83.02312	你们在这里感到十分不安。	ecl-batch-editorial
ecl.5.83.02336	你们听见身后传来脚步声逼近。	ecl-batch-editorial
ecl.5.83.02373	你们听见附近传来低声交谈。	ecl-batch-editorial
ecl.5.83.02439	RAM 部队朝你们扑来！	ecl-batch-editorial
ecl.5.83.02492	基改人从破损的	ecl-batch-editorial
ecl.5.83.02534	圆顶闯入前哨站，发动攻击！	ecl-batch-editorial
ecl.5.83.02635	变异基改人顺着梯子朝你们蜂拥而上，	ecl-batch-editorial
ecl.5.83.02674	一边发出嘶嘶声与兴奋的嚎叫，一边发动攻击。	ecl-batch-editorial
ecl.5.83.02729	这座梯子似乎通往废墟中隐藏的	ecl-batch-editorial
ecl.5.83.02769	一个小巢穴。你们要调查吗？	ecl-batch-editorial
ecl.5.83.02802	你们发现沾满酸液的骸骨与蜕下的蛇皮。	ecl-batch-editorial
ecl.5.83.02842	这是一间小型电脑室，一名	ecl-batch-editorial
ecl.5.83.02857	这是一间小型电脑室，一名孤零零的 RAM	ecl-batch-editorial
ecl.5.83.02892	技术人员坐在其中一台终端机前。他看见	ecl-batch-editorial
ecl.5.83.02936	你们，吓得直发抖，并保证只要放他一条生路，	ecl-batch-editorial
ecl.5.83.02981	就绝不会泄漏你们的行踪。	ecl-batch-editorial
ecl.5.83.03010	放他走	ecl-batch-editorial
ecl.5.83.03020	审问他	ecl-batch-editorial
ecl.5.83.03034	杀了他	ecl-batch-editorial
ecl.5.83.03058	金星蛞蝓爬过废弃的电脑终端机，	ecl-batch-editorial
ecl.5.83.03099	留下一道道冒着烟的酸液痕迹。丛林已经	ecl-batch-editorial
ecl.5.83.03144	开始收复这座前哨站了。	ecl-batch-editorial
ecl.5.83.03177	这间电脑室已经废弃，屏幕	ecl-batch-editorial
ecl.5.83.03214	徒劳地闪烁着。	ecl-batch-editorial
ecl.5.83.03238	「谢谢你们！」技术人员从你们身边冲过，跑进	ecl-batch-editorial
ecl.5.83.03281	走廊。片刻后警报响起，你们	ecl-batch-editorial
ecl.5.83.03323	遭到 RAM 战士攻击。	ecl-batch-editorial
ecl.5.83.03354	「我只负责修滑翔机。」技术人员说：「你们	ecl-batch-editorial
ecl.5.83.03393	可以去查电脑找更多信息。这是	ecl-batch-editorial
ecl.5.83.03438	滑翔机棚的钥匙……拜托放我走！」	ecl-batch-editorial
ecl.5.83.03481	他给了你们一把机棚钥匙。	ecl-batch-editorial
ecl.5.83.03518	你们还得决定要拿这名技术人员怎么办。	ecl-batch-editorial
ecl.5.83.03579	把他绑起来	ecl-batch-editorial
ecl.5.83.03613	你们把技术人员绑起来塞住嘴，关进	ecl-batch-editorial
ecl.5.83.03654	附近的储藏室里。	ecl-batch-editorial
ecl.5.83.03678	你们知道不能轻信 RAM 的员工，	ecl-batch-editorial
ecl.5.83.03719	当场把他杀了。	ecl-batch-editorial
ecl.5.83.03749	你们叫来斯科特帮忙调查这间电脑	ecl-batch-editorial
ecl.5.83.03794	室。他搜索了数据库，找出了一些结果：	ecl-batch-editorial
ecl.5.83.03851	调查结果	ecl-batch-editorial
ecl.5.83.03883	你们在抽屉里找到一把机棚钥匙。	ecl-batch-editorial
ecl.5.83.03945	你们找到一张引爆感应卡，但还需要对应的	ecl-batch-editorial
ecl.5.83.03994	控制盒才能派上用场。	ecl-batch-editorial
ecl.5.83.04045	你们找到一个滑翔机专用的携带式控制盒，它唯一的	ecl-batch-editorial
ecl.5.83.04092	功能，就是在滑翔机被掳获时让它自毁。	ecl-batch-editorial
ecl.5.83.04138	如果你们有引爆感应卡，就能	ecl-batch-editorial
ecl.5.83.04186	设置滑翔机爆炸。	ecl-batch-editorial
ecl.5.83.04225	这是一张引爆感应卡！	ecl-batch-editorial
ecl.5.83.04254	这是一个控制盒！	ecl-batch-editorial
ecl.5.83.04296	你们还找到了一些爆炸手榴弹。	ecl-batch-editorial
ecl.5.83.04345	你们现在可以启动控制盒，设置滑翔机	ecl-batch-editorial
ecl.5.83.04394	自毁。要摧毁这些滑翔机吗？	ecl-batch-editorial
ecl.5.83.04435	你们用引爆感应卡启动控制盒，逐一	ecl-batch-editorial
ecl.5.83.04485	对准每一架滑翔机调频。	ecl-batch-editorial
ecl.5.83.04512	滑翔机接连爆炸，你们听见圆顶	ecl-batch-editorial
ecl.5.83.04553	碎裂的巨响，废墟	ecl-batch-editorial
ecl.5.83.04556	……碎裂。废墟开始下沉，发出不祥的隆隆声，沼泽污泥从天花板裂缝滴落在你们队伍身上	ecl-batch-editorial
ecl.5.83.04595	开始下沉，沼泽污泥从天花板的	ecl-batch-editorial
ecl.5.83.04643	裂缝滴落在你们队伍身上。	ecl-batch-editorial
ecl.5.83.04677	斯科特用无线电联系你们：「恭喜。	ecl-batch-editorial
ecl.5.83.04718	我想我们在金星已经没有其他事可做了，	ecl-batch-editorial
ecl.5.83.04761	尽快回到船上和我会合吧。」	ecl-batch-editorial
ecl.5.83.04815	这是一座停满 RAM 滑翔机的机棚，头顶上方	ecl-batch-editorial
ecl.5.83.04857	是一座以沼泽污泥与灌木伪装的玻璃圆顶。	ecl-batch-editorial
ecl.5.83.04901	你们找不到打开圆顶的方法，滑翔机也就派不上用场。	ecl-batch-editorial
ecl.5.83.04965	你们四周是滑翔机机棚的残骸。	ecl-batch-editorial
ecl.5.83.05005	扭曲变形的滑翔机碎片散落整个房间。	ecl-batch-editorial
ecl.5.83.05050	无法辨识的基改人正从破碎的圆顶往下窥视。	ecl-batch-editorial
ecl.5.83.05216	通风缆线在头顶嘎吱作响。	ecl-batch-editorial
ecl.5.83.05266	一团缠绕的缆线在爆炸中坍塌下来。	ecl-batch-editorial
ecl.5.83.05305	可以派一名队员试着爬过去清出一条路。	ecl-batch-editorial
ecl.5.83.05351	由谁爬过这些缆线？	ecl-batch-editorial
ecl.5.83.05406	你们试着爬过缆线时，它在脚下突然	ecl-batch-editorial
ecl.5.83.05448	移位，你们摔了下去。不过，这下路已经	ecl-batch-editorial
ecl.5.83.05490	为队上其他人清出来了。	ecl-batch-editorial
ecl.5.83.05531	你们成功爬过了缆线！队伍	ecl-batch-editorial
ecl.5.83.05573	可以继续前进了。	ecl-batch-editorial
ecl.5.83.05598	这里有一堆瓦砾。	ecl-batch-editorial
ecl.5.83.05645	这是一间 RAM 会议室，烟蒂散落了	ecl-batch-editorial
ecl.5.83.05687	满地。	ecl-batch-editorial
ecl.5.83.05699	一株金星巨型植物，从天花板的	ecl-batch-editorial
ecl.5.83.05745	破洞掉进了这个房间。要调查吗？	ecl-batch-editorial
ecl.5.83.05781	那株植物朝你们喷出带刺孢子，	ecl-batch-editorial
ecl.5.83.05821	队上所有敏捷不足、来不及闪避的成员	ecl-batch-editorial
ecl.5.83.05863	都受了伤。	ecl-batch-editorial
ecl.6.94.00026	找到马利波萨三号了……	ecl-batch-editorial
ecl.6.94.00060	斯科特把船舰识别码发送给马利波萨。	ecl-batch-editorial
ecl.6.94.00099	「你们已获准降落。」	ecl-batch-editorial
ecl.6.94.00148	马利波萨广播：	ecl-batch-editorial
ecl.6.94.00170	「你们没有正确的许可，不准降落。」	ecl-batch-editorial
ecl.6.94.00248	马利波萨开火，你们赶紧逃离……	ecl-batch-editorial
ecl.6.94.00280	这里有一道防爆门。	ecl-batch-editorial
ecl.6.94.00348	它还是打不开。	ecl-batch-editorial
ecl.6.95.00098	沙漠跑者若被长时间直视，会被激怒。	ecl-batch-editorial
ecl.6.95.00145	酸液蛙很容易被驯养。	ecl-batch-editorial
ecl.6.95.00179	没有金星低地人生产的反引力石，太空旅行根本不可能。	ecl-batch-editorial
ecl.6.95.00258	RAM 由一套先进的数字人格「何兹汉」掌控。	ecl-batch-editorial
ecl.6.95.00316	低地人与沙漠跑者几乎从不离开自己的母星。	ecl-batch-editorial
ecl.6.95.00374	小行星带里，每颗主要小行星上都有一座太空站。	ecl-batch-editorial
ecl.6.95.00432	太阳王统治着水星的马利波萨卫星群。	ecl-batch-editorial
ecl.6.95.00469	RAM 制造出最危险的基改人，是实验型战斗基改人。	ecl-batch-editorial
ecl.6.95.00598	一名金星人告诉你们：「外面有一艘 RAM 重巡洋舰，装满了低地人囚犯与珍贵的反引力石。」	ecl-batch-editorial
ecl.6.95.00715	「沙漠跑者喜欢你们直视他们的眼睛。」一名酒保这么说。	ecl-batch-editorial
ecl.6.95.00802	「我身上总是带着至少三把针刺枪。」一名佣兵吹嘘道。	ecl-batch-editorial
ecl.6.95.00880	「酸液蛙会攻击任何会动的东西。」有人这么告诉你们。	ecl-batch-editorial
ecl.6.95.00951	一名老兵建议你们：「战斗时一定要把队伍分散开来！还要保护好医生！」	ecl-batch-editorial
ecl.6.95.01049	一名年轻海盗说：「泰隆只是嘴上厉害，其实是个软脚虾。」	ecl-batch-editorial
ecl.6.95.01127	一名小行星商人向你们提起蛙王，那是一只令人肃然起敬的两栖生物。	ecl-batch-editorial
ecl.6.95.01219	一名酒馆常客声称，巴克罗吉斯与威玛•狄琳已经秘密订婚。	ecl-batch-editorial
ecl.6.95.01345	「如果侦察巡洋舰在你们的扫描仪上发出『呜—呜』声，代表它藏有武器。」侍者这样提醒你们。	ecl-batch-editorial
ecl.6.95.01485	一名顾客大喊：「嘿！你们不就是拯救了奇亚贡的那些人吗？」你们获得满堂喝采，还被请吃了一顿晚餐。	ecl-batch-editorial
ecl.6.95.01593	一名伤痕累累的战士告诉你们，一台重型战斗机器人曾朝他丢过一颗爆炸手榴弹。	ecl-batch-editorial
ecl.6.95.01695	你们听见另一桌的人在谈论小行星带里最大颗小行星附近的一座基地。	ecl-batch-editorial
ecl.6.95.01794	一名富有的驾驶员声称，他的财富是靠与 RAM 重巡洋舰作战赚来的。	ecl-batch-editorial
ecl.6.95.01881	一名盲眼乞丐提醒你们，在金星务必戴上护目镜，否则酸液会烧瞎你们的眼睛。	ecl-batch-editorial
ecl.6.95.01982	一名男子在餐厅里尖叫着奔跑，双手抓着自己的头。一名顾客低声说：「脑寄生虫。」	ecl-batch-editorial
ecl.6.95.02089	一支 RAM 青年巡逻队列队走过餐厅，其中一人朝你们挥了挥手。	ecl-batch-editorial
ecl.6.95.02176	你们听到谣言说，巴克罗吉斯其实是 RAM 的内奸，正从内部策划摧毁 NEO。	ecl-batch-editorial
ecl.6.95.02266	贾斯廷翻找架子，拿出一个原型机。突然，RAM 部队冲进房间。	ecl-batch-editorial
ecl.6.95.02347	一名男子上前一步：「我们就知道，只要把原型机留着当诱饵，连 NEO 的间谍也能一并抓到！」贾斯廷扑下掩护，护住那个装置。	ecl-batch-editorial
ecl.6.95.02514	你们拔出武器。	ecl-batch-editorial
ecl.6.95.02573	贾斯廷举起完好无损的装置：「趁更多部队赶来之前，我们快离开这里。」	ecl-batch-editorial
ecl.6.95.02644	你们朝船舰前进，却在登船通道遇上了另一批等候的部队。	ecl-batch-editorial
ecl.6.95.02828	你们被俘虏并处决了。	ecl-batch-editorial
ecl.6.95.02873	你们逃入太空，却被一艘 RAM 巡洋舰拦截……	ecl-batch-editorial
ecl.6.96.00086	你们设法穿过气密舱，潜入了马利波萨。这里是登船区，你们的技术人员通行证应该能让你们顺利通过前方的保安站。	ecl-batch-editorial
ecl.6.96.00302	机棚入口因保安警戒而被封锁，你们无法进入。	ecl-batch-editorial
ecl.6.96.00390	一个机械音说：「没有有效通行卡，不准进入。」	ecl-batch-editorial
ecl.6.96.00480	外头的人群多到让你们根本出不去。	ecl-batch-editorial
ecl.6.96.00543	门滑开了，狂欢游行的喧闹声扑面而来。你们要加入吗？	ecl-batch-editorial
ecl.6.96.00621	你们被人群卷了进去。	ecl-batch-editorial
ecl.6.96.00724	人群在这里来回穿梭。你们要往左走还是往右走？	ecl-batch-editorial
ecl.6.96.00865	你们就要进入核心区了。要继续吗？	ecl-batch-editorial
ecl.6.96.01080	一台机器人扫描你们偷来的识别证，嗡嗡作响后说：「通过。欢迎来到水星，祝你们有美好的一天。」	ecl-batch-editorial
ecl.6.96.01161	有人动过手脚破坏了这台机器人，这个岗哨目前无人看管。	ecl-batch-editorial
ecl.6.96.01234	你们一通过保安检查，威玛•狄琳上校就迎了上来。她低声说：「很高兴你们能赶来。末日设备就在马利波萨的顶端，你们的队伍必须设法穿过核心区抵达那里。」	ecl-batch-editorial
ecl.6.96.01394	她接着说道，	ecl-batch-editorial
ecl.6.96.01408	她的指示	ecl-batch-editorial
ecl.6.96.01426	「我现在要收走你们的通行证了。我的人会用这些卡引开这里的保安。避开保安闸门，设法找一条无人看守的竖井。祝好运。」	ecl-batch-editorial
ecl.6.96.01569	一名男子匆匆走过，喃喃说道，	ecl-batch-editorial
ecl.6.96.01597	「陆路一灯。」	ecl-batch-editorial
ecl.6.96.01656	那名男子继续往前走，消失在人群之中。	ecl-batch-editorial
ecl.6.96.01708	他示意你们靠到走廊边，低声说：「真高兴你们这些『舞者』赶上了。这是到核心区的走法。」他接着说道，	ecl-batch-editorial
ecl.6.96.01815	他的指示	ecl-batch-editorial
ecl.6.96.01832	他离开了，消失在人群之中。	ecl-batch-editorial
ecl.6.96.01867	他当着你们的面大笑，甩开你们，消失在人群之中。	ecl-batch-editorial
ecl.6.96.01945	欢迎来到马拉市集。任何你们想得到的奇珍异宝，这里应有尽有。	ecl-batch-editorial
ecl.6.96.02030	一只鹦鹉栖在这里的木桩上，大声尖叫着。	ecl-batch-editorial
ecl.6.96.02123	你们掏出一些零食屑喂给鹦鹉，它安静下来吞下食物。	ecl-batch-editorial
ecl.6.96.02223	你们哄它开口说话，它便跳上了你们的肩膀。	ecl-batch-editorial
ecl.6.96.02304	鹦鹉忽然对	ecl-batch-editorial
ecl.6.96.02339	起了反感，狠狠啄了一口手指。	ecl-batch-editorial
ecl.6.96.02374	鹦鹉叽叽喳喳说着：「舞者要饼干……攻占巴士底……来亲一个吧……嘎！！！」说完便飞走了。	ecl-batch-editorial
ecl.6.96.02466	看来你们和这只鹦鹉处成了朋友，它开心地唠叨着：「密码是巴士底……巴士底……舞者将夺取激光炮……激光炮。」	ecl-batch-editorial
ecl.6.96.02589	那只鸟继续说：「反制加维兰的亲 RAM 派……地球完蛋了……瞄准火星……嘎！！！」	ecl-batch-editorial
ecl.6.96.02659	鹦鹉渐渐没了力气，拍拍翅膀飞走了。	ecl-batch-editorial
ecl.6.96.02712	这里摆着一台旧型桌上电脑，配着老式键盘与单眼扫描仪。你们凑近满是灰尘的镜头一看，屏幕开始打印文字。	ecl-batch-editorial
ecl.6.96.02830	「我是斯科特。正在股票交易所的电脑里。这里动静很大，加维兰正大量放空地球公司的股票，看来末日设备快要开火了。	ecl-batch-editorial
ecl.6.96.02944	「还有件怪事，一群太阳王组成的对头财团，也在放空加维兰自己的股票。看来有人认为他快要惹上大麻烦了。我得走了，有人在追踪我，小心点。」	ecl-batch-editorial
ecl.6.96.03109	一卷绳子靠在一扇废弃的门边。透过门上的灰尘，你们只认出『太阳』两个字。你们要拿走这卷绳子吗？	ecl-batch-editorial
ecl.6.96.03256	喧闹声与阵阵乐声，从左边的门透了出来。	ecl-batch-editorial
ecl.6.96.03315	你们来到一座小广场。人们穿着令人叹为观止的服装，巨大的花车挤满了整个区域，浮空音响里的音乐震耳欲聋。	ecl-batch-editorial
ecl.6.96.03423	有人挤过来，在喧闹声中大喊：「今天是加维兰的生日！穿上服装加入游行吧！」你们要换上服装吗？	ecl-batch-editorial
ecl.6.96.03561	游行开始了！你们被人潮一起拉着往前走。	ecl-batch-editorial
ecl.6.96.03623	你们走进太阳街，喧闹声几乎震聋你们的耳朵。眼前是一片令人目眩的缤纷色彩，人群紧紧簇拥着，每个人看起来都很开心！	ecl-batch-editorial
ecl.6.96.03855	你们来到霍尔斯特广场的入口。大部分游行队伍正朝乔普林广场的方向离去。你们要趁机脱离人群吗？	ecl-batch-editorial
ecl.6.96.03998	游行队伍慢了下来。前方可以看到重重保安在盘查每一个人，门上还架着对人杀伤武器。或许该往回走比较明智。你们要回头吗？	ecl-batch-editorial
ecl.6.96.04148	保安人员正对每个人进行搜身，一个都不放过。激光炮锁定着人群。你们要让他们搜身，还是动手攻击？	ecl-batch-editorial
ecl.6.96.04255	让他们搜身	ecl-batch-editorial
ecl.6.96.04286	激光炮转向你们，士兵们拔出枪来。扩音器传出咆哮：「投降，不然就死！」	ecl-batch-editorial
ecl.6.96.04395	你们一拔出武器，激光自动加农炮立刻开火！	ecl-batch-editorial
ecl.6.96.04470	部队发动冲锋。你们要投降吗？	ecl-batch-editorial
ecl.6.96.04526	激光炮再次开火。	ecl-batch-editorial
ecl.6.96.04561	唯一没被封锁的地方是霍尔斯特广场，你们趁机溜了进去。	ecl-batch-editorial
ecl.6.96.04630	保安闸门	ecl-batch-editorial
ecl.6.96.04703	你们一进门，保安警报就响了起来，守卫纷纷伸手去拿武器。	ecl-batch-editorial
ecl.6.96.04804	门上方的标示写着	ecl-batch-editorial
ecl.6.96.04831	「水星证券交易所」	ecl-batch-editorial
ecl.6.96.04862	「别再往前走了！里面设了对付恐怖份子的大陷阱。转身，先往右再往左，快！」他话一说完立刻消失了。	ecl-batch-editorial
ecl.6.96.04970	守卫从四面八方冲出来，枪火齐发。	ecl-batch-editorial
ecl.6.96.05038	你们被逼退了回去。	ecl-batch-editorial
ecl.6.96.05067	房里的电脑都被钢板保护着。	ecl-batch-editorial
ecl.6.96.05142	这条走廊满是灰尘，早已废弃不用。	ecl-batch-editorial
ecl.6.96.05174	这里排列着一整排维修机器人。	ecl-batch-editorial
ecl.6.96.05211	乔吉磁力鞋行	ecl-batch-editorial
ecl.6.96.05260	架上摆满各式各样的磁力靴，店里空无一人。	ecl-batch-editorial
ecl.6.96.05325	米开朗基罗仿大理石行	ecl-batch-editorial
ecl.6.96.05375	喷漆罐装的仿大理石漆与几座小雕像，散落在这间打烊的店里。	ecl-batch-editorial
ecl.6.96.05437	老字号护甲铺	ecl-batch-editorial
ecl.6.96.05482	这间打烊的店里卖的是快速整形手术组合，目前主打猫王造型特惠。	ecl-batch-editorial
ecl.6.96.05556	U-R-U全息肖像馆	ecl-batch-editorial
ecl.6.96.05602	你们一踏进去，就与自己面对面。全息图像会模仿你们的一举一动，直到你们离开为止。	ecl-batch-editorial
ecl.6.96.05714	你们被一大堆杂物埋住，里头有一块旧黑板、两个痰盂，还有一幅《蒙娜丽莎》的复制画。	ecl-batch-editorial
ecl.6.96.05817	这间店关着门，里面卖的是廉价的水星风景全息图像。	ecl-batch-editorial
ecl.6.96.05892	房间里一片昏暗，柜台上摆着一排放到不新鲜的甜甜圈。	ecl-batch-editorial
ecl.6.96.05954	这间办公室里有不少有趣的记录，你们把它们拿走了	ecl-batch-editorial
ecl.6.96.06077	突如其来的寂静让你们耳朵嗡嗡作响，广场几乎空无一人。	ecl-batch-editorial
ecl.6.96.06148	你们又被卷回了游行队伍之中。	ecl-batch-editorial
ecl.6.96.06199	部队涌入广场，朝你们冲了过来。你们要逃跑吗？	ecl-batch-editorial
ecl.6.96.06286	更多部队正在赶来。你们要逃跑吗？	ecl-batch-editorial
ecl.6.96.06376	几匹古老的缎纹丝绸，叠放在一台略新一些的桌上电玩机台上。	ecl-batch-editorial
ecl.6.96.06438	一只机械狗歪着头，随着满是灰尘的留声机打起拍子吠叫。	ecl-batch-editorial
ecl.6.96.06497	这里有一箱发霉的电脑磁片，你们只能辨认出上面写着『……SI』几个字母。	ecl-batch-editorial
ecl.6.96.06576	门上方浮现出一个全息图像	ecl-batch-editorial
ecl.6.96.06646	你们被蒙上眼睛、戴上手铐，穿过人群被押走。在推挤之中，你们听见有人说：「陆路一灯。」	ecl-batch-editorial
ecl.6.96.06789	你们听见沉重的门滑开的声音。接着一阵猛烈的爆炸把你们震倒在地。有人把你们扶起来带走，手铐被剪断，你们自由了。	ecl-batch-editorial
ecl.6.96.06916	威玛神情凝重地出现在这里：「请记住，引开注意力的是我们，不是你们。核心区的入口就在前方，快走！NEO 还指望着你们。」她离开了。	ecl-batch-editorial
ecl.6.96.07078	激光炮呼啸作响，有人抓住你们的手臂把你们拉走。手铐被剪开后，你们对上一名陌生人的视线。「我老板要你们这些『舞者』活着自由。穿过那道门去见那个人。」他离开了。	ecl-batch-editorial
ecl.6.96.07377	一支保安队伍推开人群搜索，目光却从你们身上掠过。	ecl-batch-editorial
ecl.6.96.07442	一支保安队伍发现了你们，正推开人群朝你们逼近。	ecl-batch-editorial
ecl.6.96.07542	在这里开枪会波及数以百计的无辜平民，还会引来大批注意。若是徒手，你们可以悄无声息地解决他们。	ecl-batch-editorial
ecl.6.96.07701	士兵们看见你们拔出武器，其中一人对着衣领说话。机器人从天花板降了下来。	ecl-batch-editorial
ecl.6.96.07798	援军不断赶来。	ecl-batch-editorial
ecl.6.96.07833	士兵们逼近你们，却只拔出了他们的单分子剑。	ecl-batch-editorial
ecl.6.96.07900	喧闹与人群掩盖了这场战斗，目击者似乎都没兴趣再叫更多保安过来。	ecl-batch-editorial
ecl.6.96.08038	你们钻进更深的人群里，甩掉了那支保安队伍。	ecl-batch-editorial
ecl.6.96.08090	保安人员追上了你们。	ecl-batch-editorial
ecl.6.96.08152	他们狐疑地打量着你们。你们要用什么态度应对？	ecl-batch-editorial
ecl.6.96.08219	花言巧语	ecl-batch-editorial
ecl.6.96.08252	你们让他们相信自己是某位太阳王手下的人。他们连连道歉，退开了。	ecl-batch-editorial
ecl.6.96.08334	指挥官一头雾水，回头和手下的人聚在一起商量。游行队伍把你们带走了。	ecl-batch-editorial
ecl.6.96.08412	指挥官道歉说：「抱歉，我们接到恐怖活动的情报，得小心行事。请尽情享受吧，祝你们有美好的一天。」他们便离开了。	ecl-batch-editorial
ecl.6.96.08534	这里有一间关着门的店，你们可以选择进去。你们要进去吗？	ecl-batch-editorial
ecl.6.96.08637	海路双灯酒馆	ecl-batch-editorial
ecl.6.97.00375	这条无重力核心区贯穿整座	ecl-batch-editorial
ecl.6.97.00417	马利波萨。你们可以往上或往下前进。	ecl-batch-editorial
ecl.6.97.00481	往上走	ecl-batch-editorial
ecl.6.97.00508	你们也可以从这里离开核心区。	ecl-batch-editorial
ecl.6.97.00559	离开核心区	ecl-batch-editorial
ecl.6.97.00634	你们上升到了马利波萨的最顶端。	ecl-batch-editorial
ecl.6.97.00716	核心区侧壁上漆着数字 1。	ecl-batch-editorial
ecl.6.97.00777	核心区侧壁上漆着数字 2。	ecl-batch-editorial
ecl.6.97.00838	核心区侧壁上漆着数字 3。	ecl-batch-editorial
ecl.6.97.00899	核心区侧壁上漆着数字 4。	ecl-batch-editorial
ecl.6.97.00988	核心区侧壁上漆着数字 5。	ecl-batch-editorial
ecl.6.97.01057	核心区侧壁上漆着数字 6。	ecl-batch-editorial
ecl.6.97.01126	核心区侧壁上漆着数字 7。	ecl-batch-editorial
ecl.6.97.01195	核心区侧壁上漆着数字 8。	ecl-batch-editorial
ecl.6.97.01244	机械化的激光手枪与其他武器，	ecl-batch-editorial
ecl.6.97.01283	架设在核心区的墙上，它们锁定了你们的队伍	ecl-batch-editorial
ecl.6.97.01329	并开火。	ecl-batch-editorial
ecl.6.97.01395	核心区的墙上布满机械化	ecl-batch-editorial
ecl.6.97.01433	武器，但传感器侦测不到你们。	ecl-batch-editorial
ecl.6.97.01500	这里有许多机器人严阵以待，全副武装。	ecl-batch-editorial
ecl.6.97.01539	你们要逃跑吗？	ecl-batch-editorial
ecl.6.97.01575	更多机器人正在赶来！你们要逃跑吗？	ecl-batch-editorial
ecl.6.97.01615	你们奋力退回核心区上方。	ecl-batch-editorial
ecl.6.97.01714	保安机器人把你们认定为入侵者！	ecl-batch-editorial
ecl.6.97.01811	你们进入了谒见厅	ecl-batch-editorial
ecl.6.97.01837	你们看到的景象	ecl-batch-editorial
ecl.6.97.01851	「你们会说法语吗？」太阳王质问道。	ecl-batch-editorial
ecl.6.97.01916	太阳王冷笑一声：「卫兵！把这些异教徒带下去。」	ecl-batch-editorial
ecl.6.97.01971	你们被请出了谒见厅。	ecl-batch-editorial
ecl.6.97.02046	太阳王喜形于色：「很好！这里确实通法语。	ecl-batch-editorial
ecl.6.97.02091	说吧，你们来这里做什么？你们就是那些『舞者』？」	ecl-batch-editorial
ecl.6.97.02158	「不是？那你们就不是我要找的人！不过，也许我还是	ecl-batch-editorial
ecl.6.97.02200	能好好利用你们一番。	ecl-batch-editorial
ecl.6.97.02228	「哈！我的『超人』！革命万岁！我一直	ecl-batch-editorial
ecl.6.97.02271	在等你们。	ecl-batch-editorial
ecl.6.97.02287	你们要夺下 RAM 的末日设备，交给	ecl-batch-editorial
ecl.6.97.02332	我来控制，如何？」	ecl-batch-editorial
ecl.6.97.02380	「你们竟敢拒绝我的心愿？滚！」	ecl-batch-editorial
ecl.6.97.02421	很好。等这装置到了我手上，我就能统治	ecl-batch-editorial
ecl.6.97.02460	整个太阳系！如此便能名留青史……让我	ecl-batch-editorial
ecl.6.97.02504	永垂不朽！国王万岁！」	ecl-batch-editorial
ecl.6.97.02525	「我的人会解除核心区里的激光炮。	ecl-batch-editorial
ecl.6.97.02564	他们会跟在你们后面，但战斗的荣耀	ecl-batch-editorial
ecl.6.97.02606	全都归你们！拿起武器！你们是伟大的战士，不是	ecl-batch-editorial
ecl.6.97.02650	吗？凯旋归来吧！」	ecl-batch-editorial
ecl.6.97.02696	太阳王居高临下瞪着你们：「你们现在可以	ecl-batch-editorial
ecl.6.97.02737	为自己异教徒般的举止求饶了。要是能讨我欢心，	ecl-batch-editorial
ecl.6.97.02783	国王会考虑宽恕你们。」	ecl-batch-editorial
ecl.6.97.02843	「太可怕了！」	ecl-batch-editorial
ecl.6.97.02869	太阳王十分满意：「你们的过错已被宽恕。	ecl-batch-editorial
ecl.6.97.02917	我说过，没拿下末日设备的控制权就别回来。	ecl-batch-editorial
ecl.6.97.02957	RAM 还在上面。快去！	ecl-batch-editorial
ecl.6.97.03050	这扇门锁得密不透风。守卫嘲笑着，	ecl-batch-editorial
ecl.6.97.03090	从一个小小的栅栏口把垃圾扔了出来。	ecl-batch-editorial
ecl.6.97.03127	门是关着的。一名守卫透过一个小栅栏口	ecl-batch-editorial
ecl.6.97.03167	打量着你们，问你们是否想向太阳王道歉。	ecl-batch-editorial
ecl.6.97.03224	门开了。	ecl-batch-editorial
ecl.6.97.03240	门是锁着的。守卫告诉你们，	ecl-batch-editorial
ecl.6.97.03279	不完成太阳王交代的事就别回来。	ecl-batch-editorial
ecl.6.97.03326	你们面前是一扇装饰华丽却十分坚固的门。一名守卫	ecl-batch-editorial
ecl.6.97.03367	透过一个小栅栏口打量着你们：「革命万岁！你们	ecl-batch-editorial
ecl.6.97.03414	想求见太阳王吗？」	ecl-batch-editorial
ecl.6.97.03477	守卫看见了钱币：「我会把这些呈给	ecl-batch-editorial
ecl.6.97.03515	太阳王。在这里等着。」你们把钱币从栅栏口	ecl-batch-editorial
ecl.6.97.03563	递了进去，他便离开了。	ecl-batch-editorial
ecl.6.97.03581	你们等着。	ecl-batch-editorial
ecl.6.97.03593	门终于解锁了。「太阳王准许你们	ecl-batch-editorial
ecl.6.97.03635	晋见。」	ecl-batch-editorial
ecl.6.97.03650	「那就滚吧！」	ecl-batch-editorial
ecl.6.97.03672	守卫窃笑一声。「你们至少得带三份	ecl-batch-editorial
ecl.6.97.03714	礼物，才能获准晋见。」	ecl-batch-editorial
ecl.6.97.03758	一尊猫头鹰雕像面对着队伍，它的双眼	ecl-batch-editorial
ecl.6.97.03797	镶着红宝石，翅膀则镀上了银。	ecl-batch-editorial
ecl.6.97.03850	你们面前是一尊老鹰雕像，它的每根羽毛	ecl-batch-editorial
ecl.6.97.03889	都以金丝编织而成，双翼上则布满了	ecl-batch-editorial
ecl.6.97.03959	一尊隼形雕像高耸在你们头顶，它的	ecl-batch-editorial
ecl.6.97.03995	铜制镀层最近才刚抛光过。	ecl-batch-editorial
ecl.6.97.04045	这里有一尊巨大的鸟形雕像，很难	ecl-batch-editorial
ecl.6.97.04086	辨认出是哪个品种，因为雕像每一英寸	ecl-batch-editorial
ecl.6.97.04128	都镶满了宝石。	ecl-batch-editorial
ecl.6.97.04173	太阳王的一名侍从正在这里休息。	ecl-batch-editorial
ecl.6.97.04218	他穿着美国独立战争风格的华服。「嘘，」他低声说，	ecl-batch-editorial
ecl.6.97.04269	「在找太阳王吗？	ecl-batch-editorial
ecl.6.97.04298	就该去找他！只有他能关掉核心区的武器。」	ecl-batch-editorial
ecl.6.97.04349	「想跟太阳	ecl-batch-editorial
ecl.6.97.04394	王说话，就得带礼物来，」他警告道。「往我们下面的每一层楼找找看。」	ecl-batch-editorial
ecl.6.97.04455	那名穿着美国独立战争华服的侍从就在这里。	ecl-batch-editorial
ecl.6.97.04497	「我奉命跟着你们一路上核心区，以确保	ecl-batch-editorial
ecl.6.97.04545	太阳王的利益不受损害。	ecl-batch-editorial
ecl.6.97.04578	你们不会看见我，但我会在附近。」	ecl-batch-editorial
ecl.6.97.04626	这里有一台战斗机器人被设置为执行	ecl-batch-editorial
ecl.6.97.04662	清洁维护任务，正在用吸尘器清理地板，吸嘴逐渐靠近	ecl-batch-editorial
ecl.6.97.04708	一枚铜币。你们要怎么做？	ecl-batch-editorial
ecl.6.97.04740	抢夺硬币	ecl-batch-editorial
ecl.6.97.04749	攻击机器人	ecl-batch-editorial
ecl.6.97.04782	谁去抢硬币？	ecl-batch-editorial
ecl.6.97.04832	失手了！硬币被吸进了吸尘器里。更糟的是，	ecl-batch-editorial
ecl.6.97.04873	你们的动作引起了机器人的注意，它	ecl-batch-editorial
ecl.6.97.04918	拉响了警报。	ecl-batch-editorial
ecl.6.97.04949	就在你们准备投入战斗前，硬币被吸进了	ecl-batch-editorial
ecl.6.97.04994	吸尘器里。机器人发现你们来袭，拉响了警报！	ecl-batch-editorial
ecl.6.97.05053	保全机器人朝你们逼近而来！	ecl-batch-editorial
ecl.6.97.05100	在地板的残骸中，你们看见了那枚铜币！	ecl-batch-editorial
ecl.6.97.05145	你们得到一枚铜币。	ecl-batch-editorial
ecl.6.97.05173	你们转身准备离开时，看见硬币被吸进了	ecl-batch-editorial
ecl.6.97.05211	吸尘器里。机器人转过身面向你们，接着	ecl-batch-editorial
ecl.6.97.05254	拉响了警报！	ecl-batch-editorial
ecl.6.97.05285	你们一把抢下硬币。机器人完成了它的任务，	ecl-batch-editorial
ecl.6.97.05327	便缩回墙壁里的储藏格中。	ecl-batch-editorial
ecl.6.97.05412	各种小玩意和零碎物件漂浮在这座无重力	ecl-batch-editorial
ecl.6.97.05456	储藏区中。纸旗、瓷制烛台，以及	ecl-batch-editorial
ecl.6.97.05502	老旧奖章都只是其中一小部分。要搜索这个储藏柜吗？	ecl-batch-editorial
ecl.6.97.05549	你们找到一支军号和几条亚麻餐巾。要继续	ecl-batch-editorial
ecl.6.97.05604	你们找到一个象牙鞋架和两顶扑粉假发。	ecl-batch-editorial
ecl.6.97.05646	要继续搜索吗？	ecl-batch-editorial
ecl.6.97.05664	你们找到一枚刻有猫头鹰图案的银币！	ecl-batch-editorial
ecl.6.97.05705	你们把硬币收了起来。	ecl-batch-editorial
ecl.6.97.05727	你们得到一枚银币。	ecl-batch-editorial
ecl.6.97.05755	这个储藏柜里没有其他值钱的东西了。	ecl-batch-editorial
ecl.6.97.05803	这个房间里摆满了停用的机器人。	ecl-batch-editorial
ecl.6.97.05845	墙上有一块嵌着金币的匾额，币面上	ecl-batch-editorial
ecl.6.97.05888	精细地浮雕着一只老鹰图案。	ecl-batch-editorial
ecl.6.97.05916	要拿走这枚硬币吗？	ecl-batch-editorial
ecl.6.97.05935	匾额底座露出了警报线路。	ecl-batch-editorial
ecl.6.97.05976	谁来破解保安系统？	ecl-batch-editorial
ecl.6.97.06028	你们扯错了线路，房间里的	ecl-batch-editorial
ecl.6.97.06066	机器人启动了。「立刻投降，」它们下令。接着	ecl-batch-editorial
ecl.6.97.06109	便开始开火。	ecl-batch-editorial
ecl.6.97.06153	机器人在你们四周成了一堆堆冒着烟的	ecl-batch-editorial
ecl.6.97.06194	金属残骸。你们把金币从匾额上撬了下来。	ecl-batch-editorial
ecl.6.97.06234	你们得到一枚金币。	ecl-batch-editorial
ecl.6.97.06260	你们拆除了保全系统，把硬币从	ecl-batch-editorial
ecl.6.97.06301	匾额上撬了下来。	ecl-batch-editorial
ecl.6.97.06343	你们蹑手蹑脚退出房间，回到核心区。	ecl-batch-editorial
ecl.6.97.06394	这间卧室垂挂着一串串水晶	ecl-batch-editorial
ecl.6.97.06433	与珍珠。墙上铺满了色泽华丽的	ecl-batch-editorial
ecl.6.97.06477	丝绸与丝绒。	ecl-batch-editorial
ecl.6.97.06502	这是太阳王的衣帽间，房里摆满了	ecl-batch-editorial
ecl.6.97.06544	历史上法国、美国与俄国的军服。	ecl-batch-editorial
ecl.6.97.06604	你们找到一副西洋棋。棋子是以	ecl-batch-editorial
ecl.6.97.06641	RAM 军官与法国大革命士兵为造型。房里一位老	ecl-batch-editorial
ecl.6.97.06688	人开口问：「密码是什么？」你们要怎么回答？	ecl-batch-editorial
ecl.6.97.06760	老人似乎很失望，但不再愿意跟你们说话。	ecl-batch-editorial
ecl.6.97.06817	「要不要跟我下一盘棋？」	ecl-batch-editorial
ecl.6.97.06857	老人一脸失望，拖着脚步走出了	ecl-batch-editorial
ecl.6.97.06896	房间。	ecl-batch-editorial
ecl.6.97.06916	你们跟老人下了一盘棋，他以些微	ecl-batch-editorial
ecl.6.97.06958	差距获胜。临走前，他给了	ecl-batch-editorial
ecl.6.97.06997	你们一点建议。「如果你们见到太阳王，」他说，	ecl-batch-editorial
ecl.6.97.07041	「就跟他说你们会说法语。」	ecl-batch-editorial
ecl.6.97.07081	你们一踏进这个房间，数十只鸟便飞了	ecl-batch-editorial
ecl.6.97.07120	出去。更多鸟儿栖在四面	ecl-batch-editorial
ecl.6.97.07164	墙上的栖木上盯着你们，这里是座鸟舍。	ecl-batch-editorial
ecl.6.97.07192	你们在这个杂乱的房间里没找到任何有趣的东西。	ecl-batch-editorial
ecl.6.97.07246	房间里摆满了复杂的设备，一座控制台	ecl-batch-editorial
ecl.6.97.07285	上标着「武器控制。仅限授权	ecl-batch-editorial
ecl.6.97.07326	人员。」控制台上闪着一盏红灯。	ecl-batch-editorial
ecl.6.97.07363	要尝试解除核心区的武器吗？	ecl-batch-editorial
ecl.6.97.07398	响起一声警告哔声，电脑语音	ecl-batch-editorial
ecl.6.97.07438	说道：「你们无权使用这座控制台。」	ecl-batch-editorial
ecl.6.97.07478	要继续尝试解除核心区的武器吗？	ecl-batch-editorial
ecl.6.97.07562	太阳王的授权程序。」你们遭到	ecl-batch-editorial
ecl.6.97.07606	一道电击击中。	ecl-batch-editorial
ecl.6.97.07644	要离开控制台吗？	ecl-batch-editorial
ecl.6.97.07668	房间里摆满了复杂的设备，其中一座控制台	ecl-batch-editorial
ecl.6.97.07708	标着「武器控制——仅限授权	ecl-batch-editorial
ecl.6.97.07750	人员。」控制台上闪着一盏绿灯。	ecl-batch-editorial
ecl.6.97.07787	这个房间里摆满了机械装置和巨大的	ecl-batch-editorial
ecl.6.97.07826	齿轮。墙上的信息屏幕显示：	ecl-batch-editorial
ecl.6.97.07867	「运作状况正常。」	ecl-batch-editorial
ecl.6.97.07902	希腊式石柱与帷幔沿着墙面排列，	ecl-batch-editorial
ecl.6.97.07941	装点着这座大厅。一块匾额上写着——	ecl-batch-editorial
ecl.6.97.07973	「踏入此门者，舍弃一切希望。」	ecl-batch-editorial
ecl.6.97.08004	一块较小的告示写着——	ecl-batch-editorial
ecl.6.97.08027	此处通法语	ecl-batch-editorial
ecl.6.97.08139	附近的对讲机传出一个女性的声音。	ecl-batch-editorial
ecl.6.97.08177	「发射许可已由何兹汉 核准。倒数	ecl-batch-editorial
ecl.6.97.08222	即将立刻开始发射，	ecl-batch-editorial
ecl.6.97.08279	秒后开火。」	ecl-batch-editorial
ecl.6.97.08295	斯科特的全息图像出现在你们面前。「你们	ecl-batch-editorial
ecl.6.97.08337	太迟了！威玛要亲自驾船从上方撞向	ecl-batch-editorial
ecl.6.97.08379	末日武器，摧毁它！」	ecl-batch-editorial
ecl.6.97.08416	你们听见远方头顶传来金属撕裂的尖啸声，	ecl-batch-editorial
ecl.6.97.08456	接着一阵爆炸吞没了	ecl-batch-editorial
ecl.6.97.08498	马利波萨顶部，将整个区域笼罩在烈焰中！	ecl-batch-editorial
ecl.6.98.00414	紧急逃生梯	ecl-batch-editorial
ecl.6.98.00442	警报将会响起。	ecl-batch-editorial
ecl.6.98.00460	仍要开门吗？	ecl-batch-editorial
ecl.6.98.00515	门上方闪着一盏红灯。	ecl-batch-editorial
ecl.6.98.00642	附近的对讲机传出一个女性的声音。	ecl-batch-editorial
ecl.6.98.00726	即将立刻开始发射。」	ecl-batch-editorial
ecl.6.98.00796	斯科特的全息图像出现在你们面前。「你们	ecl-batch-editorial
ecl.6.98.01130	秒后自毁。」	ecl-batch-editorial
ecl.6.98.01153	一场爆炸撕裂了	ecl-batch-editorial
ecl.6.98.01192	马利波萨的顶层，但至少末日设备已经被摧毁。	ecl-batch-editorial
ecl.6.98.01322	RAM 保全机器人将你们判定为入侵者。	ecl-batch-editorial
ecl.6.98.01417	太阳王派来的战士朝你们扑来！	ecl-batch-editorial
ecl.6.98.01455	「革命万岁！」他们高喊。	ecl-batch-editorial
ecl.6.98.01539	你们身处紧急逃生梯的底部。	ecl-batch-editorial
ecl.6.98.01578	要爬上楼梯吗？	ecl-batch-editorial
ecl.6.98.01597	你们爬上了楼梯。	ecl-batch-editorial
ecl.6.98.01661	「逃生舱控制」	ecl-batch-editorial
ecl.6.98.01679	一座紧急逃生梯向上与向下延伸。	ecl-batch-editorial
ecl.6.98.01718	爬上楼梯	ecl-batch-editorial
ecl.6.98.01729	走下楼梯	ecl-batch-editorial
ecl.6.98.01824	「武器控制」	ecl-batch-editorial
ecl.6.98.01846	你们走下了楼梯	ecl-batch-editorial
ecl.6.98.01924	你们身处紧急逃生梯的顶部。	ecl-batch-editorial
ecl.6.98.01961	要走下楼梯吗？	ecl-batch-editorial
ecl.6.98.01982	你们走下了楼梯。	ecl-batch-editorial
ecl.6.98.02030	这座电梯的高科技面板上有三个按钮。	ecl-batch-editorial
ecl.6.98.02069	要使用电梯吗？	ecl-batch-editorial
ecl.6.98.02093	要按哪个按钮？	ecl-batch-editorial
ecl.6.98.02129	控制区	ecl-batch-editorial
ecl.6.98.02207	你们抵达了保全区。	ecl-batch-editorial
ecl.6.98.02290	你们抵达了逃生舱储存区。	ecl-batch-editorial
ecl.6.98.02336	「拒绝访问」	ecl-batch-editorial
ecl.6.98.02356	「你们已经身处该区域」	ecl-batch-editorial
ecl.6.98.02387	你们头顶的告示牌正闪烁着。	ecl-batch-editorial
ecl.6.98.02414	备用电力并未分配给电梯使用，	ecl-batch-editorial
ecl.6.98.02450	请改走楼梯。	ecl-batch-editorial
ecl.6.98.02471	面板一片漆黑，一个预录的声音说：「电梯访问遭拒。」	ecl-batch-editorial
ecl.6.98.02525	这是末日	ecl-batch-editorial
ecl.6.98.02562	设备的观测舱。透过一座防护圆顶，你们能看见设备	ecl-batch-editorial
ecl.6.98.02604	本体。观测屏幕上正显示着目前的系统状态。	ecl-batch-editorial
ecl.6.98.02672	「锁定目标——地球」	ecl-batch-editorial
ecl.6.98.02692	在观测屏幕上闪烁着。	ecl-batch-editorial
ecl.6.98.02718	屏幕闪烁着一则警告——	ecl-batch-editorial
ecl.6.98.02751	危险，自毁程序已启动	ecl-batch-editorial
ecl.6.98.02782	屏幕一片漆黑。	ecl-batch-editorial
ecl.6.98.02802	门上的告示写着，	ecl-batch-editorial
ecl.6.98.02827	电力室——危险	ecl-batch-editorial
ecl.6.98.02857	这个房间里纠结着一团电缆与电力	ecl-batch-editorial
ecl.6.98.02899	板。要切断末日	ecl-batch-editorial
ecl.6.98.02942	设备的电力并非不可能，但尝试起来会很危险。	ecl-batch-editorial
ecl.6.98.02984	要关闭电力吗？	ecl-batch-editorial
ecl.6.98.03005	谁要尝试？	ecl-batch-editorial
ecl.6.98.03048	电流从电力板上窜出弧光。	ecl-batch-editorial
ecl.6.98.03102	电力板嘶嘶作响后熄灭，天花板上的	ecl-batch-editorial
ecl.6.98.03144	灯光跟着闪烁。墙上的扩音器高声说道：「电力	ecl-batch-editorial
ecl.6.98.03189	中断，正在使用备用电力，倒数已暂时中止。」	ecl-batch-editorial
ecl.6.98.03266	一群技术人员正拼命想	ecl-batch-editorial
ecl.6.98.03305	重新接通自毁系统的线路。他们发现你们，随即发动攻击！	ecl-batch-editorial
ecl.6.98.03388	一大队守卫驻守在这座电梯前，	ecl-batch-editorial
ecl.6.98.03434	他们下令要你们投降。	ecl-batch-editorial
ecl.6.98.03459	你们要怎么做？	ecl-batch-editorial
ecl.6.98.03516	你们逃离房间时，守卫在背后嘲笑，但	ecl-batch-editorial
ecl.6.98.03562	仍然坚守岗位。	ecl-batch-editorial
ecl.6.98.03628	对讲机里传出一个声音：「入侵者已经	ecl-batch-editorial
ecl.6.98.03667	进入禁区，全区进入最高警戒。」	ecl-batch-editorial
ecl.6.98.03719	你们向守卫投降，被铐上手铐，	ecl-batch-editorial
ecl.6.98.03758	拖进了一间狭小的牢房。	ecl-batch-editorial
ecl.6.98.03824	这间牢房无路可逃，时间一分一秒过去。	ecl-batch-editorial
ecl.6.98.03865	「倒数开始。10……	ecl-batch-editorial
ecl.6.98.03931	头顶上方传来船舰引擎的呼啸声、金属的	ecl-batch-editorial
ecl.6.98.03976	尖叫声，以及一阵爆炸的轰鸣。你们还来不及	ecl-batch-editorial
ecl.6.98.04024	弄清楚发生了什么事，一场火风暴便已吞没整艘马利波萨。	ecl-batch-editorial
ecl.6.98.04089	过了一段时间，你们听见扩音器传来一则信息。	ecl-batch-editorial
ecl.6.98.04134	「电力已全数恢复。」	ecl-batch-editorial
ecl.6.98.04163	你们发动攻击！	ecl-batch-editorial
ecl.6.98.04212	这里是无重力核心区的顶端。你们要	ecl-batch-editorial
ecl.6.98.04264	太阳王已经在核心区启动了一道无法穿透的激光	ecl-batch-editorial
ecl.6.98.04304	力场。两侧的武器都已调到最大火力，	ecl-batch-editorial
ecl.6.98.04349	并且完全上膛备战。已经没有	ecl-batch-editorial
ecl.6.98.04394	办法能沿着核心区下去了。	ecl-batch-editorial
ecl.6.98.04425	附近的扩音器传出一连串杂乱的信息。	ecl-batch-editorial
ecl.6.98.04463	「武器系统已备便……锁定系统	ecl-batch-editorial
ecl.6.98.04504	正在进行最终测试……倒数将在取得	ecl-batch-editorial
ecl.6.98.04543	何兹汉 的确认后开始……」	ecl-batch-editorial
ecl.6.98.04578	斯科特的图像出现。「你们来得正是时候！他们正在	ecl-batch-editorial
ecl.6.98.04622	对激光做最后测试，朝附近的小行星试射。」	ecl-batch-editorial
ecl.6.98.04672	他切换出一段激光测试的全息画面。	ecl-batch-editorial
ecl.6.98.04719	「电力室就在武器控制层。找到	ecl-batch-editorial
ecl.6.98.04763	那里，中断系统电力，这样就能拖住他们，	ecl-batch-editorial
ecl.6.98.04808	让你们有足够时间摧毁武器。	ecl-batch-editorial
ecl.6.98.04844	走紧急逃生梯，别管警报了！」	ecl-batch-editorial
ecl.6.98.04900	门上有一块大告示牌，写着——	ecl-batch-editorial
ecl.6.98.04931	一号逃生舱	ecl-batch-editorial
ecl.6.98.04970	二号逃生舱	ecl-batch-editorial
ecl.6.98.05009	三号逃生舱	ecl-batch-editorial
ecl.6.98.05048	四号逃生舱	ecl-batch-editorial
ecl.6.98.05099	你们试图开门时，一盏警示灯闪了起来，	ecl-batch-editorial
ecl.6.98.05138	门上的告示也跟着闪烁——	ecl-batch-editorial
ecl.6.98.05161	「逃生舱机棚已净空」	ecl-batch-editorial
ecl.6.98.05227	一道传感光束扫过你们的队伍，过了	ecl-batch-editorial
ecl.6.98.05268	好一段时间，门才滑开。「授权通过。」	ecl-batch-editorial
ecl.6.98.05322	这座逃生舱只剩下闷烧的残骸，绝不可能载	ecl-batch-editorial
ecl.6.98.05364	你们离开马利波萨。	ecl-batch-editorial
ecl.6.98.05390	告示闪烁着：「进入逃生舱须先经	ecl-batch-editorial
ecl.6.98.05435	逃生舱控制中心核准，访问遭拒。」	ecl-batch-editorial
ecl.6.98.05481	用爆破装置炸开这扇门虽然危险，但并非不可能。	ecl-batch-editorial
ecl.6.98.05527	要试试看吗？	ecl-batch-editorial
ecl.6.98.05557	你们没有爆破装置。	ecl-batch-editorial
ecl.6.98.05594	谁来安放爆破装置？	ecl-batch-editorial
ecl.6.98.05701	一阵爆炸让你们暂时失明。等	ecl-batch-editorial
ecl.6.98.05745	烟雾散去，你们看见逃生舱大半也随着	ecl-batch-editorial
ecl.6.98.05793	那扇门一起炸毁了。	ecl-batch-editorial
ecl.6.98.05838	控制面板亮着灯，却对你们的	ecl-batch-editorial
ecl.6.98.05877	操作毫无反应。过了片刻，斯科特的图像	ecl-batch-editorial
ecl.6.98.05918	出现在其中一台屏幕上。	ecl-batch-editorial
ecl.6.98.05943	「做得好！控制系统被封锁了，但我可以	ecl-batch-editorial
ecl.6.98.05949	「做得好！控制系统被封锁了，但我可以	ecl-batch-editorial
ecl.6.98.05988	在几秒内帮你们拿到授权。」他的图像凝结，	ecl-batch-editorial
ecl.6.98.06034	静止不动，继续处理着。	ecl-batch-editorial
ecl.6.98.06051	时间飞快流逝。斯科特终于重新动了起来。「找一座	ecl-batch-editorial
ecl.6.98.06093	可用的逃生舱。威玛会驾着船在外面	ecl-batch-editorial
ecl.6.98.06135	与你们会合，快点！」	ecl-batch-editorial
ecl.6.98.06166	控制面板一片漆黑。墙上的告示写着——	ecl-batch-editorial
ecl.6.98.06210	「仅在太空站进入紧急状态时，	ecl-batch-editorial
ecl.6.98.06254	才会为这些控制装置供电。」	ecl-batch-editorial
ecl.6.98.06282	这是末日武器的控制室，	ecl-batch-editorial
ecl.6.98.06323	墙边排列着控制终端机，由 RAM 技术人员操作。	ecl-batch-editorial
ecl.6.98.06372	守卫朝你们扑了过来。	ecl-batch-editorial
ecl.6.98.06429	这个房间里只剩你们。经过一番搜索，	ecl-batch-editorial
ecl.6.98.06471	你们找到了能够摧毁末日设备的	ecl-batch-editorial
ecl.6.98.06513	紧急自毁装置。不消片刻，你们便成功	ecl-batch-editorial
ecl.6.98.06557	启动了程序。	ecl-batch-editorial
ecl.6.98.06589	「太空站现在进入紧急状态。武器的	ecl-batch-editorial
ecl.6.98.06629	销毁作业将在倒数 65 时开始，此程序将在	ecl-batch-editorial
ecl.6.98.06671	两分钟后变得无法逆转。」	ecl-batch-editorial
ecl.6.98.06709	RAM 战士冲进房间，企图关闭	ecl-batch-editorial
ecl.6.98.06753	自毁程序。	ecl-batch-editorial
ecl.6.98.06802	更多战士发动攻击！	ecl-batch-editorial
ecl.6.98.06843	「自毁程序现已无法逆转，末日武器	ecl-batch-editorial
ecl.6.98.06885	销毁倒数即将开始。」墙上的扩音器说道。	ecl-batch-editorial
ecl.6.98.06940	战斗结束后，太阳王的侍从从阴影中	ecl-batch-editorial
ecl.6.98.06984	溜了出来。「太阳王不希望末日	ecl-batch-editorial
ecl.6.98.07030	设备被摧毁！立刻关闭它！」	ecl-batch-editorial
ecl.6.98.07073	见你们不肯服从，他冲向门口。「	ecl-batch-editorial
ecl.6.98.07114	太阳王的怒火将降临在你们身上！」他喊完便消失无踪。	ecl-batch-editorial
ecl.6.98.07164	房间里满是闪烁的红灯，	ecl-batch-editorial
ecl.6.98.07208	自毁程序既已启动，已经没有办法关闭了。	ecl-batch-editorial
ecl.6.98.07260	你们成功用爆破装置炸开了门，进入了	ecl-batch-editorial
ecl.6.98.07299	逃生舱！	ecl-batch-editorial
ecl.6.98.07309	你们操纵逃生舱的控制系统，尽可能	ecl-batch-editorial
ecl.6.98.07349	远离马利波萨。	ecl-batch-editorial
ecl.6.98.07391	末日设备被一团无声的	ecl-batch-editorial
ecl.6.98.07433	火球吞噬，残骸旋转着飘入太空，化为	ecl-batch-editorial
ecl.6.98.07475	一堆太空垃圾。马利波萨顶端的几层楼	ecl-batch-editorial
ecl.6.98.07516	也随之爆炸，但其余部分似乎毫发无伤。	ecl-batch-editorial
ecl.6.98.07563	你们的逃生舱很快就被威玛接应，她	ecl-batch-editorial
ecl.6.98.07605	驾着你们的船前来救援。斯科特接手了	ecl-batch-editorial
ecl.6.98.07649	控制系统，你们就此展开返回救世站的旅程。	ecl-batch-editorial
ecl.6.98.07696	威玛拥抱了你们每一个人。「你们完成了	ecl-batch-editorial
ecl.6.98.07736	NEO 史上最重要的一项任务，」她说。	ecl-batch-editorial
ecl.6.98.07778	你们拯救了地球，也重创了 RAM。他们不仅失去了	ecl-batch-editorial
ecl.6.98.07823	盟友，也失去了末日设备。	ecl-batch-editorial
ecl.6.98.07862	再也没有人会被他们骗得团团转了。	ecl-batch-editorial
ecl.6.98.07901	你们都是 NEO 的英雄，我希望你们能	ecl-batch-editorial
ecl.6.98.07942	长久留在我们身边。你们的任务结束了。	ecl-batch-editorial
ecl.6.98.08017	这是负责马利波萨顶部区域的	ecl-batch-editorial
ecl.6.98.08060	RAM 保全办公室。	ecl-batch-editorial
ecl.6.98.08085	保全基改人朝你们冲来。	ecl-batch-editorial
ecl.6.98.08168	保全监视器显示着马利波萨顶部	ecl-batch-editorial
ecl.6.98.08207	全部三层的状态。主控指令屏幕上	ecl-batch-editorial
ecl.6.98.08252	显示：「所有系统正常，正依照倒数程序	ecl-batch-editorial
ecl.6.98.08297	迈向歼灭地球。」	ecl-batch-editorial
ecl.6.98.08316	这间保全办公室里有几台监视器	ecl-batch-editorial
ecl.6.98.08356	一片漆黑。主控指令屏幕上显示：「电力中断	ecl-batch-editorial
ecl.6.98.08403	处理中，正在使用备用电力，武器状态为未启动。」	ecl-batch-editorial
ecl.6.98.08451	这间保全室里满是闪烁的红色	ecl-batch-editorial
ecl.6.98.08489	警示灯。主控指令屏幕正闪烁着：	ecl-batch-editorial
ecl.6.98.08533	「武器自毁已启动，请立刻撤离马利波萨	ecl-batch-editorial
ecl.6.98.08577	顶部区域。」	ecl-batch-editorial
ecl.6.98.08596	这扇门上方的标示写着——	ecl-batch-editorial
ecl.6.98.08626	保全办公室	ecl-batch-editorial
ecl.6.98.08650	门上的标示写着——	ecl-batch-editorial
ecl.6.98.08677	武器控制室	ecl-batch-editorial
ecl.6.98.08709	这扇门已经电子封锁，强行炸开	ecl-batch-editorial
ecl.6.98.08752	会引发足以致命的大爆炸。	ecl-batch-editorial
ecl.6.98.08809	这扇电子门因为电力	ecl-batch-editorial
ecl.6.98.08850	中断而短路了，你们可以进入。	ecl-batch-editorial
ecl.6.98.08889	这扇高安全等级的门使用视网膜辨识	ecl-batch-editorial
ecl.6.98.08931	系统管制进出。你们从金星带来的视网膜开锁器	ecl-batch-editorial
ecl.6.98.08976	迅速发挥作用，门随即滑开。	ecl-batch-editorial
ecl.6.98.09013	门上方有一块大告示牌，写着——	ecl-batch-editorial
ecl.6.98.09045	逃生舱控制中心	ecl-batch-editorial
ecl.6.98.09063	仅限紧急状况使用	ecl-batch-editorial
ecl.6.99.00621	你们现在位于	ecl-batch-editorial
ecl.6.99.00654	月球银行的分行。	ecl-batch-editorial
ecl.6.99.00680	目前余额：	ecl-batch-editorial
ecl.6.99.00761	太高了。	ecl-batch-editorial
ecl.6.99.00776	选哪一个？	ecl-batch-editorial
ecl.6.99.00787	个人财产：	ecl-batch-editorial
ecl.6.99.00865	银行帐户：	ecl-batch-editorial
ecl.6.99.00945	NEO 帐户：	ecl-batch-editorial
ecl.6.99.00969	一旦存入回收帐户，款项便无法取回。	ecl-batch-editorial
ecl.6.99.01009	要存入多少金额？	ecl-batch-editorial
ecl.6.99.01135	你们现在位于	ecl-batch-editorial
ecl.6.99.01194	哪一位队员？	ecl-batch-editorial
ecl.6.99.01371	没有受伤。	ecl-batch-editorial
ecl.6.99.01415	你们的钱不够。	ecl-batch-editorial
ecl.6.99.01438	你们现在位于主港区。	ecl-batch-editorial
ecl.6.99.01568	「所有准备工作已完成，你们已获准发射。」	ecl-batch-editorial
ecl.6.99.02077	哪一套系统？	ecl-batch-editorial
ecl.6.99.02204	船体已	ecl-batch-editorial
ecl.6.99.02265	传感器已	ecl-batch-editorial
ecl.6.99.02329	控制系统已	ecl-batch-editorial
ecl.6.99.02395	维生系统已	ecl-batch-editorial
ecl.6.99.02463	引擎已	ecl-batch-editorial
ecl.6.99.02481	哪一项武器？	ecl-batch-editorial
ecl.6.99.02758	修复完成。	ecl-batch-editorial
ecl.6.99.02778	这套系统并未受损。	ecl-batch-editorial
ecl.6.99.02807	你们的钱不够修理这套系统。	ecl-batch-editorial
ecl.6.99.02845	NEO 帐户：	ecl-batch-editorial
ecl.6.99.02871	燃料容量：450	ecl-batch-editorial
ecl.6.99.02889	目前燃料：	ecl-batch-editorial
ecl.6.99.02909	费用：每单位燃料 20 信用点。	ecl-batch-editorial
ecl.6.99.02969	燃料槽已加满。	ecl-batch-editorial
ecl.6.99.03082	你们的钱用完了。	ecl-batch-editorial
ecl.6.99.03129	K型舰炮备弹：	ecl-batch-editorial
ecl.6.99.03151	飞弹备弹：	ecl-batch-editorial
ecl.6.99.03174	补给费用：	ecl-batch-editorial
ecl.6.99.03188	K型舰炮：1500  飞弹：300	ecl-batch-editorial
ecl.6.99.03380	目前医疗物资：	ecl-batch-editorial
ecl.6.99.03409	每单位费用 2000 信用点。	ecl-batch-editorial
ecl.6.99.03581	没有酒保愿意让你们进去。	ecl-batch-editorial
ecl.6.99.03692	你们吃得太撑，只好离开。	ecl-batch-editorial
ecl.6.99.03801	你们点了一杯饮料。	ecl-batch-editorial
ecl.6.99.03840	你们喝醉了，酒保把你们赶了出去。	ecl-batch-editorial
ecl.6.99.04018	你们的钱不够，被赶了出去。	ecl-batch-editorial
ecl.6.99.04063	你们得先点餐。	ecl-batch-editorial
ecl.6.99.04199	两名喝醉的 RAM 军官正在互吐苦水，其中一人说：「真没想到那只太空鼠贾斯廷•罗贝诺，居然会在谷神星把我们给甩掉。」	ecl-batch-editorial
ecl.6.99.04302	至少保全部门查到了他的下落，说他设法搭上了开往福尔图娜的快速运输船。」	ecl-batch-editorial
ecl.6.99.04376	他们的话题接着转向了一些没那么有趣的事。	ecl-batch-editorial
ecl.6.99.04478	你们一走进来，就被几名壮硕的 RAM 战士推到一旁。他们径直走向后方的桌子，一名技术人员正闲闲地搅着一杯热可可。	ecl-batch-editorial
ecl.6.99.04634	一名战士转身低吼：「退后。」他的手不自觉地朝武器摸去。	ecl-batch-editorial
ecl.6.99.04698	技术人员抬起头，随即钻到桌子底下。战士们拔出武器，准备开火。	ecl-batch-editorial
ecl.6.99.04822	火箭弹撕裂了那名男子。回声尚未散去，RAM 部队已经离开了餐厅。贾斯廷•罗贝诺就此永远失去，NEO 再也找不回他了。	ecl-batch-editorial
ecl.6.99.04924	RAM 战士们拔出武器，其中一人朗声说道：「贾斯廷•罗贝诺，你犯下了叛国罪。」他扣上了武器的击锤。	ecl-batch-editorial
ecl.6.99.05121	「我是贾斯廷•罗贝诺。你们一定是 NEO 派来的。我手上有你们需要的东西，只是没能把它偷渡出帕沃尼斯，我们得去那里的图书馆取回来。」罗贝诺加入了你们的队伍。	ecl-batch-editorial
ecl.6.99.05351	一名女子朝你们招手。「我是威玛•狄琳，我一直在等你们。	ecl-batch-editorial
ecl.6.99.05406	「我需要你们帮忙制造一点骚动。我得去见一个人，但 RAM 派了眼线盯着他。跟我来。」	ecl-batch-editorial
ecl.6.99.05503	威玛带你们来到一座单轨列车站，她指向一列私人列车，接着又指向附近一台维修机器人。	ecl-batch-editorial
ecl.6.99.05588	「RAM 用那台机器人监视这列火车，那其实是一台伪装过的战斗机器人。把它解决掉，我才能去赴约。	ecl-batch-editorial
ecl.6.99.05731	你们攻击了这台机器人。	ecl-batch-editorial
ecl.6.99.05772	你们看见威玛不动声色地溜上了列车。一名藏身阴影中的男子递给她一个包裹，随即离去。	ecl-batch-editorial
ecl.6.99.05851	她回到你们身边，递给你们一把针枪。「谢谢你们的帮忙。」她便离开了。	ecl-batch-editorial
ecl.6.99.05956	威玛重新没入人群之中，神情看起来有些失望。	ecl-batch-editorial
ecl.6.99.06046	你们发现加里蒂趴在卡座上不省人事，把他弄醒后，向他打听泰隆基地的下落。	ecl-batch-editorial
ecl.6.99.06119	「就在小行星带里，但我也不知道确切位置。我手上有能启动他们电子答询机的密码，不过想要的话得付钱。」	ecl-batch-editorial
ecl.6.99.06212	你们用一瓶酒换来了密码。	ecl-batch-editorial
ecl.6.99.06268	你们翻找书架，寻找任何重要信息。	ecl-batch-editorial
ecl.6.99.06350	你们迷路了，花了一整个下午才找到出路。	ecl-batch-editorial
ecl.6.99.06403	你们搜索了一番，但没找到任何有趣的东西。	ecl-batch-editorial
ecl.6.99.06496	正在浏览一份报告时，发现了一些有趣的信息。	ecl-batch-editorial
ecl.6.99.06738	泰坦刀剑行	ecl-batch-editorial
ecl.6.99.06775	热点军火行	ecl-batch-editorial
ecl.6.99.06837	新地补给行	ecl-batch-editorial
ecl.6.99.06877	希格特金属行	ecl-batch-editorial
ecl.6.99.06890	科技军火行	ecl-batch-editorial
ecl.6.99.06927	枪炮反斗行	ecl-batch-editorial
ecl.6.99.06937	USEM手榴弹行	ecl-batch-editorial
ecl.6.99.07236	补给已经全满。	ecl-batch-editorial
ecl.6.99.07287	要多少？	ecl-batch-editorial
ecl.6.99.07319	你们想去哪种等级的场所？	ecl-batch-editorial
ecl.6.99.07368	在地酒馆	ecl-batch-editorial
ecl.6.99.07380	上流社交所	ecl-batch-editorial
ecl.6.99.07502	水星上空的希耶洛轨道太空站	ecl-batch-editorial
ecl.6.99.07542	金星新伊利瑟姆太空港	ecl-batch-editorial
ecl.6.99.07575	月球第谷太空港	ecl-batch-editorial
ecl.6.99.07603	火星上空的帕沃尼斯太空港	ecl-batch-editorial
ecl.6.99.07634	太空港，位于	ecl-batch-editorial
ecl.6.99.07779	你们身处「	ecl-batch-editorial
ecl.6.99.07820	勇者号船具行	ecl-batch-editorial
ecl.6.99.07839	独眼格尼酒馆	ecl-batch-editorial
ecl.6.99.07861	吊人酒馆	ecl-batch-editorial
ecl.6.99.07882	小酌室	ecl-batch-editorial
ecl.6.99.07926	艾瑞克之箭	ecl-batch-editorial
ecl.6.99.07945	金波火箭酒吧	ecl-batch-editorial
ecl.6.99.07969	帕沃尼斯酒吧	ecl-batch-editorial
ecl.6.99.07988	谷神星俱乐部	ecl-batch-editorial
ecl.6.99.08006	黛比酒吧	ecl-batch-editorial
ecl.6.99.08023	陶德茶馆	ecl-batch-editorial
ecl.6.99.08045	红心皇后	ecl-batch-editorial
ecl.6.99.08071	扎克酒馆	ecl-batch-editorial
ecl.6.99.08090	瑞克交谊厅	ecl-batch-editorial
ecl.6.99.08127	马克果汁吧	ecl-batch-editorial
ecl.6.99.08225	露娜小馆	ecl-batch-editorial
ecl.6.99.08242	罗伯自助餐厅	ecl-batch-editorial
ecl.6.99.08282	戴夫餐馆	ecl-batch-editorial
ecl.6.99.08320	史考特海鲜坊	ecl-batch-editorial
ecl.6.99.08360	朗达巧克力坊	ecl-batch-editorial
ecl.6.99.08385	魔法煎锅	ecl-batch-editorial
ecl.6.99.08406	维克餐厅	ecl-batch-editorial
ecl.6.99.08428	雏菊餐厅	ecl-batch-editorial
ecl.6.99.08445	饥饿豹	ecl-batch-editorial
ecl.6.99.08466	乌杜咖啡馆	ecl-batch-editorial
ecl.6.99.08612	谁要付钱？	ecl-batch-editorial
ecl.6.99.08658	没有足够的钱。还有其他人要付钱吗？	ecl-batch-editorial
ecl.2.32.01606	发动攻击。	ecl-batch-editorial
ecl.2.32.04435	下方	ecl-batch-editorial
ecl.2.32.03145	啊啊啊啊啊啊——！！！」	ecl-batch-editorial
ecl.2.32.06289	女	ecl-batch-editorial
ecl.2.32.06316	他	ecl-batch-editorial
ecl.2.32.05589	自己	ecl-batch-editorial
ecl.1.17.04742	发射……	ecl-batch-editorial
