key	translation	source
ecl.1.16.00278	오리엔테이션을 위해 시카고르그 우주 공항으로 데려왔다. 도착하고 곧 소집되어	ecl-batch-editorial
ecl.1.16.01280	갑자기 북쪽에서 함선들이 굉음을 내며 저공으로 날아든다. 전투기들이 치명적인 화물을 투하하자 아수라장이 된다! 함선과 관제탑이 진홍빛 불덩이 속에 무너진다! 사람들이 겁에 질려 흩어진다.	ecl-batch-editorial
ecl.1.16.01431	장교들은 쓰러졌고 다른 신병들은 사방으로 달아난다. 졸지에 격렬한 전투 한복판에 내던져졌다!	ecl-batch-editorial
ecl.1.16.01593	밖으로 통하는 보안 문이 봉쇄되어 있다.	ecl-batch-editorial
ecl.1.16.01661	전투 중에 문이 녹아붙어 막혀 버렸다.	ecl-batch-editorial
ecl.1.16.01842	수송선들이 공격 전투기 뒤를 따라 착륙한다. 테린들이 뛰어내려 조직이 무너진 NEO 부대와 교전을 벌이고, 일부는 본관 건물 위로 내려앉고 있다.	ecl-batch-editorial
ecl.1.16.02105	테린들이 당신들을 발견하고 숨통을 끊으러 다가온다.	ecl-batch-editorial
ecl.1.16.02166	NEO 부대가 도우러 온다.	ecl-batch-editorial
ecl.1.16.02279	레이저의 날카로운 소리와 수류탄 폭음이 건물 안에 울려 퍼진다.	ecl-batch-editorial
ecl.1.16.02348	전투기 한 대가 초음속으로 굉음을 내며 지붕 위를 스치자 이가 덜덜 떨린다.	ecl-batch-editorial
ecl.1.16.02408	어디선가 저격수의 광선이 날아온다.	ecl-batch-editorial
ecl.1.16.02486	RAM의 기습 공격은 처참할 만큼 효과적이었다. 지시를 내릴 장교는 눈에 띄지 않고, 조직적으로 움직이는 부대는 이 일대를 휩쓸고 있는 테린들뿐이다.	ecl-batch-editorial
ecl.1.16.02617	RAM이 제공권을 완전히 장악했다. NEO의 대함 방어 체계는 침묵하고 전투기는 이착륙장에서 파괴되었다. 바깥은 점점 위험해지고 있다. 함선들이 보병에게 기총 소사를 퍼붓기 시작한다.	ecl-batch-editorial
ecl.1.16.02768	전투기 한 대가 굉음을 내며 지나가며 팀에게 레이저 사격을 퍼붓는다.	ecl-batch-editorial
ecl.1.16.02832	폭발의 열기에 밀려 뒤로 물러선다. 이 활주로 위에서는 완전히 노출되어 있다.	ecl-batch-editorial
ecl.1.16.02982	이 보안 문들은 산산이 부서졌다. 전사한 NEO 병사들과 테린들이 서로 뒤엉켜 쓰러져 있다.	ecl-batch-editorial
ecl.1.16.03062	남자 화장실	ecl-batch-editorial
ecl.1.16.03080	여자 화장실	ecl-batch-editorial
ecl.1.16.03119	누군가 방 안에 수류탄을 던져 넣었다. 칸막이가 모두 부서지고 바닥에 물이 흥건하다.	ecl-batch-editorial
ecl.1.16.03222	문을 열자 눈앞에 테린의 권총 총구가 있다. 그는 씩 웃으며 방아쇠를 당긴다.	ecl-batch-editorial
ecl.1.16.03331	대규모 폭발로 이 방의 가구가 갈가리 찢겼다. 지붕이 무너져 잔해 밑에 시신 몇 구가 묻혀 있다. 잠깐 살펴보니 이미 손쓸 수 없는 상태다.	ecl-batch-editorial
ecl.1.16.03346	이 방의 가구가 갈가리 찢겼다. 지붕이 무너져 잔해 밑에 시신 몇 구가 묻혀 있다. 간단한 검사	ecl-batch-editorial
ecl.1.16.03490	죽은 테린 다섯 명이 출입구에 널브러져 있다. 벽 쪽 책상 뒤에는 소총을 든 NEO 장교가 있다. 그가 당신들을 향해 얼굴을 찡그리며 총을 내린다. 「아직 여기서 버티고는 있다만 다리가 박살 났다.	ecl-batch-editorial
ecl.1.16.03641	파괴 공작원이 자동 방어 체계 연결을 끊었다. 동쪽 별관에 수동 강제 제어 장치가 있다. 그리로 가서 미사일을 가동해라. 함선이 없으면 RAM 부대는 끝장이다. 어서 움직여라!」	ecl-batch-editorial
ecl.1.16.03804	장교는 기절해 있다. 잠깐 살펴보니 상태는 안정적이다.	ecl-batch-editorial
ecl.1.16.03897	구내식당에서 테린들이 부상자들의 숨통을 끊고 있다. 무너진 천장을 보니 이 방은 직격탄을 맞은 모양이다. 방 안에는 싸구려 위스키 냄새가 코를 찌른다.	ecl-batch-editorial
ecl.1.16.04039	강당	ecl-batch-editorial
ecl.1.16.04078	간호 요원이 태아처럼 웅크리고 누운 젊은이를 살피고 있다. 그가 고개를 들어 가로저으며 말한다. 「이 아이들 중 몇몇은 진짜 전쟁을 견디지 못합니다. 지구에서 알게 된 게 다행이죠. 저는 여기서 버틸 테니 여러분은 이동하십시오.」	ecl-batch-editorial
ecl.1.16.04266	셔틀로 가던 신병 두 명이 출입구를 가로막고 쓰러져 있다. 건물로 들어가려다 등에 총을 맞았다.	ecl-batch-editorial
ecl.1.16.04411	다가가자 출입구에서 테린들이 공격해 온다.	ecl-batch-editorial
ecl.1.16.04469	전투로 문이 녹아붙어 막혔다. 다른 문으로 들어가야 한다.	ecl-batch-editorial
ecl.1.16.04528	관계자 외 출입 금지	ecl-batch-editorial
ecl.1.16.04566	RAM 부대가 이 방을 장악했다. 테린 한 분대 한복판으로 뛰어들었다. 안쪽에서 RAM 기술자가 미사일 제어반을 조작하는 모습이 보인다.	ecl-batch-editorial
ecl.1.16.04723	기술자가 한 손으로 이쪽에 사격하기 시작한다. 다른 손으로는 여전히 제어 장치를 조작하고 있다. 그를 쏘면 기지의 미사일을 운용하는 제어 장치가 손상될 수 있다.	ecl-batch-editorial
ecl.1.16.04732	기술자가 이쪽에 사격하기 시작한다. 다른 손으로는 여전히 제어 장치를 조작하고 있다. 그를 쏘면	ecl-batch-editorial
ecl.1.16.04883	엄폐하기	ecl-batch-editorial
ecl.1.16.04909	누가 쏩니까?	ecl-batch-editorial
ecl.1.16.04968	의 사격이 명중했다.	ecl-batch-editorial
ecl.1.16.04987	그 사람은 쏠 수 없다.	ecl-batch-editorial
ecl.1.16.05009	총알이 빗나가 제어반에 맞는다. 불꽃이 튀고 연기가 피어오르기 시작한다. 한 발만 더 맞으면 완전히 부서질 것이다.	ecl-batch-editorial
ecl.1.16.05162	제어반에서 불길이 치솟는다! 이제 대함 미사일을 발사할 방법이 없다. 멀리서 전투가 계속되는 소리가 들린다.	ecl-batch-editorial
ecl.1.16.05271	달아나는 동안 기술자가 환호성을 지르는 소리가 들린다. 멀리서 미사일이 쏟아지는 굉음이 울린다. 어딘가에서 누군가 외친다. 「미사일이 시카고르그에 떨어지고 있다! 도시가 불바다다! 수천 명이 죽게 된다!」	ecl-batch-editorial
ecl.1.16.05428	이어서 대형 함선이 머리 위를 지나가는 굉음이 들리고, 폭탄이 떨어지는 날카로운 소리가 뒤따른다.	ecl-batch-editorial
ecl.1.16.05507	세상이 사방에서 폭발한다!	ecl-batch-editorial
ecl.1.16.05555	기술자가 바닥에 쓰러진다. 피 묻은 입술이 웃음으로 일그러진다. 그가 쉰 목소리로 내뱉는다. 「미사일이 시카고르그를 노리지 못한다면 아예 날아갈 일도 없다!」	ecl-batch-editorial
ecl.1.16.05677	그가 수류탄을 움켜쥐고 안전핀을 뽑는다. 수류탄 위로 몸을 던지거나 엄폐물 뒤로 뛰어들 수 있다. 희생할 사람이 있습니까?	ecl-batch-editorial
ecl.1.16.05798	누가 수류탄을 덮칩니까?	ecl-batch-editorial
ecl.1.16.05872	은(는) 폭발을 막아 냈다. 미사일 제어 장치는 무사하다. 미사일을 대함 모드로 전환했다. 곧 적함들이 추락해 부서지는 굉음이 들린다.	ecl-batch-editorial
ecl.1.16.05875	폭발을 막아 냈다. 미사일 제어 장치는 무사하다. 미사일을 대함 모드로 전환했다. 곧	ecl-batch-editorial
ecl.1.16.05994	제공권을 잃은 RAM의 기습 공격은 곧 격퇴되었다. 열렬한 축하를 받으며 부상도 치료받는다.	ecl-batch-editorial
ecl.1.16.06160	수고한 대가로 소정의 보상을 받는다.	ecl-batch-editorial
ecl.1.16.06208	행렬의 배웅을 받으며 방금 도착한 셔틀에 올라 샐베이션 3호로 이송된다.	ecl-batch-editorial
ecl.1.16.06272	달려들자 기술자가 마구 총을 쏘아 댄다.	ecl-batch-editorial
ecl.1.16.06389	기술자에게 다가가 그를 쓰러뜨린다.	ecl-batch-editorial
ecl.1.16.06431	문틀 뒤에 몸을 숨겨 기술자의 사격을 피한다.	ecl-batch-editorial
ecl.1.16.06530	의무관	ecl-batch-editorial
ecl.1.16.06575	방 안은 전사자와 중상자들로 가득하다. 정신없이 바쁜 간호 요원이 외친다. 「여기는 꽉 찼습니다. 여러분은 밖에서 더 쓸모가 있습니다!」 그녀가 문밖으로 떠민다.	ecl-batch-editorial
ecl.1.16.06714	문이 닫히자 방 안에서 커다란 폭발음이 들린다.	ecl-batch-editorial
ecl.1.16.06787	방이 산산조각 났다. 간호 요원이 문에 기대어 쓰러져 있다. 생기 없는 얼굴에 놀란 표정이 남아 있다. 방 안에 생존자는 없다.	ecl-batch-editorial
ecl.1.16.06799	간호 요원이 문에 기대어 쓰러져 있다. 생기 없는 얼굴에 놀란 표정이 남아 있다. 방 안에는 아무	ecl-batch-editorial
ecl.1.16.06894	테린 하나가 부상자 한 명에게 부비트랩을 설치한 게 분명하다.	ecl-batch-editorial
ecl.1.16.06939	대기실	ecl-batch-editorial
ecl.1.16.06978	이 방은 총격전이 벌어진 현장이었다. 부상자는 모두 후송되었고, 불에 탄 소파와 부서진 탁자 위에는 시신만 남아 있다.	ecl-batch-editorial
ecl.1.16.07105	이 작은 방에는 연료 탱크 모니터가 있다. 모두 붉은 경고등이 켜져 있다. 공격으로 연료 저장고가 피격된 모양이다.	ecl-batch-editorial
ecl.1.16.07227	정비원들이 이 차고에 숨으려 했으나 순찰하던 테린 무리에게 발각된 게 분명하다. 벽이 온통 진홍빛으로 물들어 있다.	ecl-batch-editorial
ecl.1.16.07351	이 건물에는 소방 장비가 보관되어 있었다. 테린들이 건물 내부를 쑥대밭으로 만들고 로봇들을 파괴했다.	ecl-batch-editorial
ecl.1.16.07438	남쪽 문 위 표지판에 적힌 글:	ecl-batch-editorial
ecl.1.16.07468	「장교 휴게실」	ecl-batch-editorial
ecl.1.16.07492	서쪽 표지판에 적힌 글:	ecl-batch-editorial
ecl.1.16.07554	파편에 치명상을 입은 장교가 여기 쓰러져 있다. 그가 힘없이 기침하며 가까이 오라고 손짓한다.	ecl-batch-editorial
ecl.1.16.07639	그가 속삭인다. 「미사일 제어... 주 제어실... 적이 자동 체계를 끊은 게 틀림없다... 방어를 가동해라... 으아악!!!」	ecl-batch-editorial
ecl.1.16.07727	그는 한 번 경련하더니 움직이지 않는다.	ecl-batch-editorial
ecl.1.16.07757	문 위 표지판에 적힌 글:	ecl-batch-editorial
ecl.1.17.00108	홀로그램에서 본 그 남자가 인사를 건넨다.	ecl-batch-editorial
ecl.1.17.00143	「나는 칼턴 투러비언, 이 기지의 사령관이다.」	ecl-batch-editorial
ecl.1.17.00182	그의 연설	ecl-batch-editorial
ecl.1.17.00195	「여러분의 예인선은 연료를 가득 채우고 대기 중이다.」	ecl-batch-editorial
ecl.1.17.00327	「이 메시지를 수신했다.」 그가 홀로그램 재생기 앞으로 안내한다.	ecl-batch-editorial
ecl.1.17.00379	화면에 RAM 여성 지휘관이 나타난다.	ecl-batch-editorial
ecl.1.17.00417	「그라디부스 산 근처 사막 러너 마을의 여성 지도자를 붙잡았다. 간섭한 자들은 주노 근처의 지정된 소행성으로 오라. 오지 않으면 그녀는 죽는다.」	ecl-batch-editorial
ecl.1.17.00545	투러비언이 말한다. 「이 문제는 당분간 접어 두어야 한다. 지구가 임박한 위기에 처해 있다. 임무를 계속하라. 해산.」	ecl-batch-editorial
ecl.1.17.00639	벅이 복도에서 앞길을 막아선다.	ecl-batch-editorial
ecl.1.17.00671	「규칙은 때로 깨지라고 있는 거예요. 개인이 명령보다 중요하죠.」	ecl-batch-editorial
ecl.1.17.00738	그는 어슬렁거리며 자리를 뜬다.	ecl-batch-editorial
ecl.1.17.00761	「잘 해냈다. 이번 RAM 음모를 조사하도록 여러분을 이 함선에 배정했다.	ecl-batch-editorial
ecl.1.17.00825	「휴어가 컴퓨터 데이터를 분석해 중요한 사실 세 가지를 밝혀냈다.	ecl-batch-editorial
ecl.1.17.00881	소행성대의 세레스 근처에 RAM의 비밀 기지가 있다.	ecl-batch-editorial
ecl.1.17.00930	화성의 RAM 기지 그라디부스 산이 유난히 활발하게 움직이고 있다.	ecl-batch-editorial
ecl.1.17.00981	「휴어가 금성 저지대에 있는 제조 기지의 좌표를 알아냈다.	ecl-batch-editorial
ecl.1.17.01049	스콧의 자료에 따르면 이 함선은 소행성 기지로 귀환할 예정이었으니, 그곳에서 시작하기를 권한다,」	ecl-batch-editorial
ecl.1.17.01147	「여러분의 활약이 인상적이다. 우리 정보에 따르면 소행성 기지는 이미 버려졌다.」	ecl-batch-editorial
ecl.1.17.01242	벅 로저스	ecl-batch-editorial
ecl.1.17.01276	벅은 지휘관과 함께 떠난다.	ecl-batch-editorial
ecl.1.17.01370	에어록을 나서자 기지 사령관이 이끄는 대규모 인파의 환영을 받는다. 그가 환호하는 군중을 조용히 시키고 말문을 연다:	ecl-batch-editorial
ecl.1.17.01467	「돌아오신 것을 환영합니다. 여러분은 홀처하인과 그 RAM 일당의 사악한 재앙에서 지구를 구해 냈습니다...	ecl-batch-editorial
ecl.1.17.01549	벅 로저스가 어디선가 불쑥 나타나 투러비언의 말을 끊는다:	ecl-batch-editorial
ecl.1.17.01596	「악수도 하고, 지구와 모든 사람을 구해 줘서 고맙다는 인사도 전하고 싶었어요. 여러분 같은 이들이 있으면 RAM은 승산이 없죠.」	ecl-batch-editorial
ecl.1.17.01620	지구와 모든 사람을 구해 줘서 고맙다는 인사도 전하고 싶었어요. 여러분 같은 이들이 있으면 RAM은 승산이 없죠.」	ecl-batch-editorial
ecl.1.17.01702	군중이 환호하는 가운데 축하 파티로 안내된다.	ecl-batch-editorial
ecl.1.17.01809	NEO 기술자들이 달려와 장치를 회수한다. 투러비언 지휘관이 뒤이어 도착한다.	ecl-batch-editorial
ecl.1.17.01869	「잘했다! 이는 매우 중요한 정보다. 이제 종말 장치 조사를 계속해 주기 바란다.」	ecl-batch-editorial
ecl.1.17.01951	그는 악수를 나누고 자리를 떠난다.	ecl-batch-editorial
ecl.1.17.02018	지휘관이 저스틴과 면담한 뒤 이쪽으로 돌아선다.	ecl-batch-editorial
ecl.1.17.02061	「로베노 씨를 파보니스로 데려가 그의 장치를 회수하라. NEO에 귀중한 자산이 될 것이다.」	ecl-batch-editorial
ecl.1.17.02168	제이슨 듀페어를 구해 주셔서 감사합니다.	ecl-batch-editorial
ecl.1.17.02208	어디로 가시겠습니까?	ecl-batch-editorial
ecl.1.17.02283	샐베이션 휴게실에 들어선다.	ecl-batch-editorial
ecl.1.17.02317	음료 구입	ecl-batch-editorial
ecl.1.17.02326	음식 주문	ecl-batch-editorial
ecl.1.17.02373	샐베이션 휴게실에 있다.	ecl-batch-editorial
ecl.1.17.02411	커피를 받는다.	ecl-batch-editorial
ecl.1.17.02430	음료를 한 잔 받는다.	ecl-batch-editorial
ecl.1.17.02452	속이 안 좋아서 자리를 떠야 한다.	ecl-batch-editorial
ecl.1.17.02507	배가 너무 부르다.	ecl-batch-editorial
ecl.1.17.02530	음식을 주문한다.	ecl-batch-editorial
ecl.1.17.02561	잠시 이야기를 나눈다.	ecl-batch-editorial
ecl.1.17.02575	잠시 서성이며 기다린다.	ecl-batch-editorial
ecl.1.17.02599	승무원들이 찾아와 축하해 준다.	ecl-batch-editorial
ecl.1.17.02726	NEO 직원이 경고한다. 「NEO에 RAM 스파이가 득실댄다는 소문이 있어요. 누구를 믿을지 조심해요.」	ecl-batch-editorial
ecl.1.17.02830	NEO 장교가 말한다. 「RAM이 역장을 갖춘 중무장 전투 갑옷을 개발했다. 마주치면 각별히 경계하라.」	ecl-batch-editorial
ecl.1.17.02942	NEO 로켓 조종사가 조언한다. 「우주전에서는 적의 제어 체계와 무기를 먼저 파괴하세요. 그러면 승선할 수 있어요.」	ecl-batch-editorial
ecl.1.17.03054	한 병사가 소문을 들려준다. 「RAM의 포장을 맡던 회사가 개조인 수용 캡슐 납품 계약을 잃었다고 들었어요.」	ecl-batch-editorial
ecl.1.17.03168	한 기술자가 말한다. 「함선의 스캐너는 행성 표면의 마을을 알록달록한 원으로 표시해요.」	ecl-batch-editorial
ecl.1.17.03274	한 병사가 말한다. 「툴레의 라듐 광산은 태양계에서 가장 잔혹한 감옥이에요. 살아서 나온 사람은 없어요.」	ecl-batch-editorial
ecl.1.17.03383	술집 단골이 당부한다. 「디지털 인격은 절대 믿지 마세요!」	ecl-batch-editorial
ecl.1.17.03456	수성인 NEO 장교가 말한다. 「수성 마리포사 3호의 태양왕은... 별나기로 소문이 자자해요.」	ecl-batch-editorial
ecl.1.17.03557	의사가 팀 전원을 치료한다.	ecl-batch-editorial
ecl.1.17.03668	은(는) 죽었다. 안됐다.	ecl-batch-editorial
ecl.1.17.03762	「예인선을 타고 나가 쓸 만한 물품을 찾아라.	ecl-batch-editorial
ecl.1.17.03809	「세레스 근처의 소행성 기지를 조사해 보기를 권한다.	ecl-batch-editorial
ecl.1.17.03865	「화성의 그라디부스 산 기지를 반드시 조사해야 한다.	ecl-batch-editorial
ecl.1.17.03920	「우리 정보에 따르면 다음에 갈 곳은 금성의 기지다.	ecl-batch-editorial
ecl.1.17.03984	「휴어가 모든 데이터를 종합해 종말 무기의 위치를 찾아냈다. 수성의 마리포사 3호에 있다.	ecl-batch-editorial
ecl.1.17.04068	「저들이 사용하기 전에 레이저를 파괴해야 한다.	ecl-batch-editorial
ecl.1.17.04110	그동안 우리 훈련 시설을 활용하라.」	ecl-batch-editorial
ecl.1.17.04210	NEO의 최고 요원 제이슨 듀페어는 RAM의 종말 계획에 잠입했다. 지금은 툴레의 라듐 광산에 수감되어 있다. 구출하지 않으면 그는 죽는다.	ecl-batch-editorial
ecl.1.17.04338	샐베이션 항구 구역에 있다.	ecl-batch-editorial
ecl.1.17.04399	의료 보급품	ecl-batch-editorial
ecl.1.17.04448	함선의 이륙을 준비한다...	ecl-batch-editorial
ecl.1.17.04483	「모든 준비가 끝났다. 이륙을 허가한다.」	ecl-batch-editorial
ecl.1.17.04547	예인선을 준비하던 중 기지 사령관에게서 메시지가 도착한다.	ecl-batch-editorial
ecl.1.17.04606	「NEO에서의 첫 임무에 행운을 빈다.」	ecl-batch-editorial
ecl.1.17.04646	기지 관제사가 이륙을 승인하고 카운트다운을 시작한다...	ecl-batch-editorial
ecl.1.17.04756	엔진이 굉음을 내며 발진 구역을 질주한다. 순식간에 샐베이션을 벗어나 탁 트인 우주로 나선다.	ecl-batch-editorial
ecl.1.17.04841	기지 주변에 우주 쓰레기가 수 마일에 걸쳐 흩어져 있다. 그 사이를 헤치며 회수할 물건을 찾아 나선다.	ecl-batch-editorial
ecl.1.17.04943	지구를 도는 우주 쓰레기를 수색한다...	ecl-batch-editorial
ecl.1.17.04986	며칠 뒤 센서가 이상한 물체를 감지한다.	ecl-batch-editorial
ecl.1.17.05042	잔해 사이를 떠도는 버려진 우주선을 발견했다.	ecl-batch-editorial
ecl.1.17.05100	함선 수색	ecl-batch-editorial
ecl.1.17.05111	기지로 귀환	ecl-batch-editorial
ecl.1.17.05137	함선을 버려진 함선 옆에 조심스레 붙인다. 도킹한 뒤 안으로 들어선다.	ecl-batch-editorial
ecl.1.17.05214	기지에 접근하면서 버려진 함선에 관한 정보를 사령관에게 무전으로 보고한다.	ecl-batch-editorial
ecl.1.17.05286	지휘관이 말한다.	ecl-batch-editorial
ecl.1.17.05306	「가서 그 함선을 샐베이션으로 끌고 와라.」	ecl-batch-editorial
ecl.1.17.05342	방향을 돌려 버려진 함선으로 되돌아간다.	ecl-batch-editorial
ecl.1.17.05393	함선에 연료가 다시 채워졌다.	ecl-batch-editorial
ecl.1.17.05426	NEO 정비사들이 함선을 수리한다.	ecl-batch-editorial
ecl.1.17.05512	의료 보급품이 다시 채워졌다.	ecl-batch-editorial
ecl.1.17.05553	NEO 기술자들이 무기를 다시 장전하고 예비 탄약을 보충한다.	ecl-batch-editorial
ecl.1.17.05655	이(가) 치료되었다...	ecl-batch-editorial
ecl.1.18.00135	벅 로저스와 신지구 기구의 용맹한 활약을 전해 듣고, NEO에 합류해 태양계를 공포에 떨게 하는 RAM의 위협에 맞서 싸우기로 결심했다.	ecl-batch-editorial
ecl.1.18.00300	RAM은 기회만 생기면 언제든 공격할 수 있고, 실제로 그렇게 한다. 지구조차 그들의 약탈을 피할 수 없다!	ecl-batch-editorial
ecl.1.18.00402	RAM의 수많은 치명적 무기 가운데 하나가 유전자 조작으로 탄생한 테린이다.	ecl-batch-editorial
ecl.1.18.00498	당신들이 거두는 모든 승리는 NEO와 지구 전체의 승리다.	ecl-batch-editorial
ecl.1.18.00557	싸움은 지구에만 국한되지 않는다. 깊은 우주를 가로질러 수성에서 머나먼 소행성대까지 나아가게 된다.	ecl-batch-editorial
ecl.1.18.00659	숱한 위험 속에도 이따금 안전한 오아시스가 있다.	ecl-batch-editorial
ecl.1.18.00737	당신들이 혼자 싸우는 것이 아님을 명심하라. 가는 길에 도움을 줄 사람이 많다.	ecl-batch-editorial
ecl.1.18.00816	과거에서 온 전설조차 도움의 손길을 내밀 것이다.	ecl-batch-editorial
ecl.1.18.00859	당신들이 지키려고 싸우는 그 빛나는 보석을 절대 잊지 말라.	ecl-batch-editorial
ecl.2.32.00116	에어록이 쉭 소리를 내며 열리자 경보 사이렌이 귀를 때린다. 방은 전투 배치등의 섬뜩한 진홍빛에 잠겨 있다.	ecl-batch-editorial
ecl.2.32.00228	강제 제어 패널을 내리치자 갑자기 정적이 내려앉는다. 주위를 둘러보니 격렬한 전투의 흔적이 드러난다. 작고 검은 구체들이 떠다니다가 얼룩진 벽에 달라붙어 번진다.	ecl-batch-editorial
ecl.2.32.00382	붉은 빛 속에서 반투명하게 비치는 시신 하나가 바닥에서 떠오른다. 그것이 허우적거리자 빛나는 방울들이 형체의 팔에서 나선을 그리며 흩어지다가 벽에 닿으면 사라진다.	ecl-batch-editorial
ecl.2.32.00522	그것은 비명을 지르며 왼쪽 벽을 통과한다. 다시 정적이 내려앉는다...	ecl-batch-editorial
ecl.2.32.00600	그러나 곧 함선의 무기가 발사되는 굉음이 정적을 깨뜨린다! 함선이 휘청거리며 미끄러운 벽에 몸이 세게 부딪힌다.	ecl-batch-editorial
ecl.2.32.00757	에어록이 봉쇄되어 있다. 외부 손상 경고등이 깜박이고 있다.	ecl-batch-editorial
ecl.2.32.00831	바깥쪽 해치가 통째로 잘려 나간 것처럼 보인다. 함선은 어디에도 보이지 않는다.	ecl-batch-editorial
ecl.2.32.01169	3단계체 일부가 모습을 드러냈다. 아직 허약하다.」	ecl-batch-editorial
ecl.2.32.01250	3단계체 한 마리가 돌아다니며 제어 장치를 살피고 있다.」	ecl-batch-editorial
ecl.2.32.01332	개조인이 컴퓨터를 가동했다. 고속 플래시 카드 프로그램이다. 학습 속도가 빠르다.」	ecl-batch-editorial
ecl.2.32.01446	제어 장치를 조작하며 조종하는 법을 익히고 있다.」	ecl-batch-editorial
ecl.2.32.01572	이(가) 비명을 지르며 깨어난다. 눈에 초점이 없다.	ecl-batch-editorial
ecl.2.32.01708	이(가) 갑자기 쓰러진다.	ecl-batch-editorial
ecl.2.32.01748	은(는) 머리가 깨질 듯 아프다.	ecl-batch-editorial
ecl.2.32.01793	은(는) 서서히 번지는 발진을 알아챈다.	ecl-batch-editorial
ecl.2.32.01850	의 다리가 잠시 가렵다.	ecl-batch-editorial
ecl.2.32.02150	작은 ECG들이 이쪽으로 달려든다.	ecl-batch-editorial
ecl.2.32.02194	방어 로봇들이 도착한다. 한 대가 기계적인 어조로 읊조린다. 「너희는 RAM의 재산을 파괴하고 격리 명령을 어긴 책임이 있다. 제거가 필요하다.」	ecl-batch-editorial
ecl.2.32.02331	로봇들이 공격하며 되뇐다. 「제거한다, 제거한다...」	ecl-batch-editorial
ecl.2.32.02406	포탑 제어 장치가 비활성화되어 있다. 스캐너에는 함선이 감지되지 않는다.	ecl-batch-editorial
ecl.2.32.02492	문 앞에 떠 있는 시신에 시선이 꽂힌다. 팔 하나가 없는 것으로 보아 복도에서 본 유령 같은 형체와 같은 존재다. 그는 찢어지고 검게 얼룩진 실험복 잔해를 두르고 있다.	ecl-batch-editorial
ecl.2.32.02652	시신 가까이에 기록 장치와 홀로그램 투영기가 떠 있다. 기록을 재생하자 방 안에 꽤나 지루해하는 목소리가 울려 퍼진다.	ecl-batch-editorial
ecl.2.32.02764	「...지구를 불모지로 만든 뒤 투입은 예정대로 진행될 것이다.	ecl-batch-editorial
ecl.2.32.02821	「홀처하인의 말이 맞다면... 잠깐! 전력이 요동친다... 주 격리 역장이 교란되고 있다... 모든 무리에서 활동이 증가하고 있다. 스콧! 지금 당장 긴급 정지해라! 어디 있어!?	ecl-batch-editorial
ecl.2.32.02972	「스콧이 작동 불능이다... 보안에 통보했다... 탑승하는 누구에게든 홀로그램 경고를 설치하는 중이다... 부디 단순한 예방 조치이기를...	ecl-batch-editorial
ecl.2.32.03080	「투영기가 가동되는 중이다... 잠깐! 이렇게 빨리!? 저 번득이는 눈... 안 돼! 물러서!	ecl-batch-editorial
ecl.2.32.03170	마지막 비명의 여운이 방 안에 메아리친다. 시신 너머에는 뚜껑이 열린 커다란 원통이 여럿 놓여 있다.	ecl-batch-editorial
ecl.2.32.03237	기록을 챙긴다	ecl-batch-editorial
ecl.2.32.03542	위로 올라간다.	ecl-batch-editorial
ecl.2.32.03615	아래로 내려간다.	ecl-batch-editorial
ecl.2.32.03773	환기 통로에 간신히 들어갈 수 있다는 것을 알아차린다.	ecl-batch-editorial
ecl.2.32.03840	팀은 한 줄로 이동해야 한다. 맨 앞이나 맨 뒤 사람은 혼자 싸워야 할지도 모른다.	ecl-batch-editorial
ecl.2.32.03918	들어가겠습니까?	ecl-batch-editorial
ecl.2.32.03956	스텐실로 찍힌 숫자를 보니 현재 갑판	ecl-batch-editorial
ecl.2.32.04275	끔찍한 개조인들이 환기 통로로 파고든다. 진입 방향:	ecl-batch-editorial
ecl.2.32.04324	은(는) 침 흐르는 송곳니를 혼자 상대해야 한다.	ecl-batch-editorial
ecl.2.32.04401	ECG들이 도관 속으로 사라진다.	ecl-batch-editorial
ecl.2.32.04629	이 통로에는 셀 수 없이 많은 장비와 보급품이 가득 들어차 있다.	ecl-batch-editorial
ecl.2.32.04714	당장 쓸 만한 것은 보이지 않는다.	ecl-batch-editorial
ecl.2.32.04746	샅샅이 뒤진 끝에 아르곤 가스통 한 쌍을 찾아 등에 멘다. 스콧이 말한다. 「3번 갑판으로 올라가라.」	ecl-batch-editorial
ecl.2.32.04884	여기는 기관 갑판이다. 엔진은 침묵하고 있다.	ecl-batch-editorial
ecl.2.32.04949	생명 유지 갑판에 도착했다. 수경 재배 탱크의 웅웅거리는 순환음이 희미하게 들린다.	ecl-batch-editorial
ecl.2.32.05057	화물 갑판에 도착했다. 사방이 고요하다.	ecl-batch-editorial
ecl.2.32.05120	함선 속 아름다운 오아시스인 수경 재배 정원은 지금의 소동에는 전혀 영향을 받지 않은 듯 평화로워 보인다. 잎사귀들이 마음을 달래듯 바스락거리고 달콤한 향기가 방 안에 가득하다. 식물에 가려 시야가 막힌다.	ecl-batch-editorial
ecl.2.32.05295	이 방의 소리와 냄새가 서서히 긴장을 풀어 준다.	ecl-batch-editorial
ecl.2.32.05348	은(는) 오랜	ecl-batch-editorial
ecl.2.32.05389	친구와 보낸 고요한 저녁을 떠올린다. 맞잡은 손, 포옹, 입맞춤.	ecl-batch-editorial
ecl.2.32.05465	은(는) 고요한 명상에서 깨어나 때마침 목격한다:	ecl-batch-editorial
ecl.2.32.05554	은(는) 꿈에서 깨어나 보니	ecl-batch-editorial
ecl.2.32.05604	벗어나기	ecl-batch-editorial
ecl.2.32.05636	은(는) 전혀 발버둥 치지 않는다. 몸은 맥동하는 덩굴 속에 부드럽게 붙들려 있다. 아름다운 소리가 다시 들려온다.	ecl-batch-editorial
ecl.2.32.05716	고통은 전혀 없고 공포도 금세 사라진다.	ecl-batch-editorial
ecl.2.32.05755	곧 꿈이 다시 찾아온다. 지구 전체를 뒤덮을지도 모르는 꿈이다. 영원한 잠에 빠진다.	ecl-batch-editorial
ecl.2.32.05840	미친 듯이 발버둥 쳐서 기분 좋은 나른함을 떨쳐 내고 식물을 마구 찢는다. 곧 덩굴 조각과 체액이 허공에 떠다닌다. 식물에 입은 상처가 화끈거리기 시작한다.	ecl-batch-editorial
ecl.2.32.05984	뿌리째 뽑힌 식물 옆에 부서진 격리 역장 발생기와 종이 한 장이 있다. 그것을 챙긴다	ecl-batch-editorial
ecl.2.32.06062	종이	ecl-batch-editorial
ecl.2.32.06080	동료들을 버려두고 자리를 뜨려 한다. 공교롭게도 감미로운 소리가 더 강해졌다.	ecl-batch-editorial
ecl.2.32.06166	이(가) 정체불명의 식물 덩굴에 갇혀 있다. 작은 가시가 갑옷을 파고든다. 덩굴이	ecl-batch-editorial
ecl.2.32.06254	의 심장 박동에 맞춰 맥동한다.	ecl-batch-editorial
ecl.2.32.06377	ECG 한 마리가 즉시 공격해 온다.	ecl-batch-editorial
ecl.2.32.06452	또 다른 ECG가 침 흐르는 송곳니를 드러내고 다가온다.	ecl-batch-editorial
ecl.2.32.06510	이 방에는 함선의 공기 채취 장비가 있다.	ecl-batch-editorial
ecl.2.32.06570	이 장비를 손보면 함선 전체에 아르곤을 흘려 넣을 수 있을 것이다.	ecl-batch-editorial
ecl.2.32.06640	아르곤 가스통이 연결된다. 한 번 돌리자 밸브가 열리고 아르곤이 쉭 소리를 내며 공기 시스템으로 흘러든다.	ecl-batch-editorial
ecl.2.32.06726	「효과가 나타나고 있다! 제어실의 경비병들이 몸부림치며 쓰러지기 시작한다...	ecl-batch-editorial
ecl.2.32.06794	3단계체도 영향을 받고 있다!	ecl-batch-editorial
ecl.2.32.06822	「잠깐! 3단계체 하나가 제어 장치를 조작하고 있다. 흐름을 거꾸로 돌려 놓았다! ECG들이 되살아나기 시작한다! 서둘러 기관부로 내려가라. 거기 있는 패널로 공기 흐름을 강제 제어할 수 있다!」	ecl-batch-editorial
ecl.2.32.06997	방 안에 정비 도구가 많이 놓여 있다.	ecl-batch-editorial
ecl.2.32.07051	유리 파편이 방 안을 떠다닌다. 값비싼 향수의 희미한 냄새가 남아 있다.	ecl-batch-editorial
ecl.2.32.07119	방을 뒤져 보니 화물 상자 여러 개를 묶어 만든, 감쪽같이 숨겨진 생활 공간이 드러난다. 베개와 종이, 여성용 옷가지가 허공에 아무렇게나 떠다닌다.	ecl-batch-editorial
ecl.2.32.07248	종이들은 엉성하게 쓴 일기다. 한 장에는 이렇게 휘갈겨 쓰여 있다. 「발진이 번지고 있다. 시간이 얼마 없다.」 그것들을 챙긴다	ecl-batch-editorial
ecl.2.32.07364	화물칸에는 빈 통이 가득하다. 통마다 생물 한 마리가 들어가 대기권 재진입을 견딜 수 있을 것처럼 보인다.	ecl-batch-editorial
ecl.2.32.07481	제어 장치를 보니 엔진이 가동 중지되었고 보안 프로그램이 제어권을 쥐고 있다. 다시 시작하려면 제어실에 접근해야 한다.	ecl-batch-editorial
ecl.2.32.07621	여기서 강제 제어를 취소할 수 있다.	ecl-batch-editorial
ecl.2.32.07664	은(는) 콘솔 덮개를 뜯어내고 제어 회로를 엇갈려 잇기 시작한다.	ecl-batch-editorial
ecl.2.32.07725	낯선 회로를 살펴보는 동안 스콧이 말한다. 「절차를 설명하겠다.」	ecl-batch-editorial
ecl.2.32.07797	은(는) 스콧의 지시를 따르기 시작한다.	ecl-batch-editorial
ecl.2.32.07855	아르곤이 멎자 생물들이 다시 자유를 되찾는다. 그들은 당신들이 손댄 것을 알아챘고, 수많은 개체가 이쪽으로 몰려든다.	ecl-batch-editorial
ecl.2.32.07955	여기서 끝까지 버틸 수도 있고, 이 갑판을 ECG에게 내줄 수도 있다.	ecl-batch-editorial
ecl.2.32.08036	개조인들이 재빠르게 다가온다.	ecl-batch-editorial
ecl.2.32.08065	은(는) 여전히 제어 장치를 강제 제어하려 애쓰고 있다.	ecl-batch-editorial
ecl.2.32.08102	ECG 무리가 기대에 찬 눈을 번뜩이며 앞으로 뛰어오른다.	ecl-batch-editorial
ecl.2.32.08160	은(는) 마지막 연결 부위를 조인다.	ecl-batch-editorial
ecl.2.32.08185	ECG들이 들이받아 오지만 이미 쓰러지고 있다. 공중에서 몸부림치다 이내 움직임을 멈춘다.	ecl-batch-editorial
ecl.2.32.08271	「축하한다! 제어실에 남은 몇 마리의 ECG는 단말마의 몸부림을 치고 있었다. 얼마나 심했는지 한 마리가 내 스캐너를 걷어차 버렸다. 그래도 내 모니터에는 치명적인 아르곤 농도가 표시된다.	ecl-batch-editorial
ecl.2.32.08420	제어실로 올라가 NEO에 연락하라. 이것들은 지구를 노린 어떤 치명적 위협의 2단계에 불과했음을 기억하라.」	ecl-batch-editorial
ecl.2.32.08532	탈출을 시도하지만 개조인들이 더 빠르다. 그들은 가차 없이 공격해 온다.	ecl-batch-editorial
ecl.2.32.08617	마침내 갑판에서 ECG가 사라졌다. 돌아가 제어 장치 손보기를 끝낸다. 함선 곳곳에 아르곤이 쉭쉭 퍼진다.	ecl-batch-editorial
ecl.2.32.08740	기계 음성이 굉음처럼 울린다. 「자폭 시스템 가동, 카운트다운 중. 30...」	ecl-batch-editorial
ecl.2.32.08796	스콧이 말한다. 「ECG 중 한 마리가 제어반을 건드린 것이 분명하다. 즉시 10번 갑판으로 가라!」	ecl-batch-editorial
ecl.2.32.08883	누가 수리하겠습니까?	ecl-batch-editorial
ecl.2.32.08909	그 사람은 할 수 없다.	ecl-batch-editorial
ecl.2.32.08964	사다리 앞에 서 있다.	ecl-batch-editorial
ecl.2.32.08983	어디로 가겠습니까?	ecl-batch-editorial
ecl.2.32.09000	현재 갑판:	ecl-batch-editorial
ecl.2.32.09107	함선이 거대한 폭발을 일으키며 터져 나간다!	ecl-batch-editorial
ecl.2.32.09153	스콧이 말한다. 「	ecl-batch-editorial
ecl.2.33.00149	문은 바리케이드로 단단히 막혀 있다. 생물들은 벽 속 도관으로 빠져나가겠지만, 같은 수법은 자살행위다. 시도하겠습니까?	ecl-batch-editorial
ecl.2.33.00271	개조인 한 명이 단단한 벽에서 솟구쳐 나오는 듯하다.	ecl-batch-editorial
ecl.2.33.00344	좁은 도관 속으로 억지로 비집고 들어간다.	ecl-batch-editorial
ecl.2.33.00391	모두가 가렵기 시작한다.	ecl-batch-editorial
ecl.2.33.00413	교활한 개조인들이 길목에 함정을 설치해 두었다. 폭발이 팀을 뒤흔든다.	ecl-batch-editorial
ecl.2.33.00513	빠져나오는 순간 개조인들이 덮쳐 온다.	ecl-batch-editorial
ecl.2.33.00594	ECG들을 모조리 학살했다. 갑자기 눈앞이 캄캄해지고 광기가 정신을 가득 채운다. 도관 속의 무언가가 몸속으로 파고들었다.	ecl-batch-editorial
ecl.2.33.00704	쓰러진 채 적에게 총을 쏘지 못한다.	ecl-batch-editorial
ecl.2.33.00764	지키는 자가 없는 바리케이드를 손쉽게 뜯어낸다.	ecl-batch-editorial
ecl.2.33.01154	3단계체 한 마리가 부화했다. 허약하다.」	ecl-batch-editorial
ecl.2.33.01224	이리저리 움직이며 제어 장치를 살펴보고 있다.」	ecl-batch-editorial
ecl.2.33.01300	컴퓨터 한 대를 작동시켰다. 고속 플래시 카드 프로그램이다. 빠르게 학습하고 있다.」	ecl-batch-editorial
ecl.2.33.02578	층계참에 들어서자 흉측한 개조인 무리가 달려든다. 동작이 몹시 빠르다.	ecl-batch-editorial
ecl.2.33.02674	벽 뒤에서 긁어대는 소리가 들린다. 곧 더 많은 놈들이 몰려온다. 어느 쪽에서 올지는 알 수 없다.	ecl-batch-editorial
ecl.2.33.02859	환기 통로에 간신히 들어갈 수 있을 것 같다.	ecl-batch-editorial
ecl.2.33.03059	부서진 탁자들이 이곳에 둥둥 떠 있다. 잔해에는 기이한 체액이 묻어 있다. RAM 부대가 이곳에서 끝까지 버텼다.	ecl-batch-editorial
ecl.2.33.03149	이곳은 생체 감시소다. 함선 전역의 생명 징후를 추적한다.	ecl-batch-editorial
ecl.2.33.03244	스캔 결과 함선에 남은 인간은 당신들뿐이다. 정체불명의 생명체 다수가 10번 갑판에 밀집해 있다. 나머지는 함선 곳곳에 흩어져 있다.	ecl-batch-editorial
ecl.2.33.03387	지켜보는 사이 오른쪽에 새로운 수치가 나타난다.	ecl-batch-editorial
ecl.2.33.03449	눈을 돌리자 개조인이 환기 통로에서 기어 나오는 것이 보인다.	ecl-batch-editorial
ecl.2.33.03499	번개 같은 속도로 달려든다. 송곳니에서 침이 뚝뚝 떨어진다.	ecl-batch-editorial
ecl.2.33.03567	의료 연구소는 티끌 하나 없이 깨끗하다. 소형 데이터 컴퓨터가 탁자에 붙어 있다.	ecl-batch-editorial
ecl.2.33.03678	컴퓨터에서 목소리가 흘러나온다. 「이 장치는 유효한 음성 인증이 있어야만 작동한다.」	ecl-batch-editorial
ecl.2.33.03788	컴퓨터를 챙기고 해독제 몇 개를 찾아낸다.	ecl-batch-editorial
ecl.2.33.03869	스콧이 나타나 말한다. 「DATACOMP1, 스콧이다. 전체 정보를 전송하라.」	ecl-batch-editorial
ecl.2.33.03971	이 의무실은 최첨단 시설이다. 자동 수술 장치 여러 대가 티 없이 하얀 수술대 위에 매달려 있다. 구석에서는 부검이 이루어졌다.	ecl-batch-editorial
ecl.2.33.04084	시신이 정성껏 눕혀져 있다. 라벨이 분명하게 붙은 병들이 근처 선반에 꽂혀 있다. 「콘치테스 박사」라고 적힌 곱게 접은 제복과 개인 기록이 옷을 벗은 시신 곁에 떠 있다.	ecl-batch-editorial
ecl.2.33.04248	이 정보로 뇌 기생충을 적출하면 보호용 단백질 연고를 만들 수 있다. 자동 수술 장치로 뇌 기생충을 제거하겠습니까?	ecl-batch-editorial
ecl.2.33.04387	누구를 수술하겠습니까?	ecl-batch-editorial
ecl.2.33.04419	그 사람은 감염되지 않았다. 그래도 수술하겠습니까?	ecl-batch-editorial
ecl.2.33.04473	수술 장치를 가동한다. 기계의 웅웅거림과 펌프의 쉭쉭거림이 방을 채운다. 기계 음성이 단조롭게 읊조린다. 「시그마 번호를 말하라. 해당 대상은 RAM 보험 보장 대상이 아니다.」	ecl-batch-editorial
ecl.2.33.04610	끄기	ecl-batch-editorial
ecl.2.33.04646	어떤 번호를 말하겠습니까?	ecl-batch-editorial
ecl.2.33.04726	시그마 번호가 유효하지 않다. 보안 경보.」 레이저 메스가 방향을 틀어 공격한다. 다른 수술 장치들도 가동되기 시작한다.	ecl-batch-editorial
ecl.2.33.04818	수술 장치 파괴	ecl-batch-editorial
ecl.2.33.04850	「사망 증명서 등록 완료.	ecl-batch-editorial
ecl.2.33.04895	레이저 사격을 멈춘다. 안타깝게도 뇌 기생충을 제거할 방법이 없다.	ecl-batch-editorial
ecl.2.33.05013	레이저 세례를 받으며 물러난다.	ecl-batch-editorial
ecl.2.33.05072	경보에 방어 로봇들이 출동한다.	ecl-batch-editorial
ecl.2.33.05124	전원을 끈다. 다시 고요가 내려앉는다.	ecl-batch-editorial
ecl.2.33.05163	누가 재프로그래밍하겠습니까?	ecl-batch-editorial
ecl.2.33.05192	그 사람은 할 수 없다.	ecl-batch-editorial
ecl.2.33.05253	은(는) 실패한다. 컴퓨터가 응답한다. 「	ecl-batch-editorial
ecl.2.33.05299	수술은 신속하게 성공한다. 나머지도 시술을 받고 모두 치료된다.	ecl-batch-editorial
ecl.2.33.05459	뇌 수술을 진행하겠습니까?	ecl-batch-editorial
ecl.2.33.05496	팀을 치료하겠습니까?	ecl-batch-editorial
ecl.2.33.05606	방은 소박하기 그지없고 벽에는 장식이 하나도 없다. 티끌 하나 없는 책상 위에 자성 서류철이 놓여 있다. 그것을 챙긴다	ecl-batch-editorial
ecl.2.33.05721	방이 급하게 뒤져진 듯하다. 옷가지와 개인 소지품이 사방에 떠다닌다. 일기장 하나를 발견한다	ecl-batch-editorial
ecl.2.33.05826	방은 시신으로 가득하다. 그중 인간은 하나뿐이다. 그의 두 손에는 방전된 레이저 권총과 개인 기록이 꼭 쥐여 있다. 그 기록을 챙긴다	ecl-batch-editorial
ecl.2.33.05947	여기는 주 보안 콘솔이다.	ecl-batch-editorial
ecl.2.33.05988	숙련된 프로그래머라면 여기서 보안 로봇의 가동을 중지시킬 수 있다. 시도하겠습니까?	ecl-batch-editorial
ecl.2.33.06063	누가 시도하겠습니까?	ecl-batch-editorial
ecl.2.33.06146	보안 프로그램이 조작 시도를 감지했다.	ecl-batch-editorial
ecl.2.33.06198	물러서기도 전에,	ecl-batch-editorial
ecl.2.33.06243	물러서는 순간	ecl-batch-editorial
ecl.2.33.06285	로봇들이 근처 벽장에서 뛰쳐나오며 말한다. 「RAM 보안 위반. 위반자는 제거 대상이다.」	ecl-batch-editorial
ecl.2.33.06381	보안 모니터가 전부 꺼졌다.	ecl-batch-editorial
ecl.2.33.06428	콘솔에서 전기 불꽃이 터져 나온다. 보안 프로그램이 로봇 제어권을 이곳에서 다른 곳으로 돌려놓았다.	ecl-batch-editorial
ecl.2.33.06548	문이 열리자 이 벽장에서 로봇들이 튀어나온다.	ecl-batch-editorial
ecl.2.33.06609	이 벽장에는 작동하지 않는 보안 로봇이 가득하다.	ecl-batch-editorial
ecl.2.33.06653	보안 로봇용 벽장이 비어 있다.	ecl-batch-editorial
ecl.2.33.06711	홀로그램이 눈앞에 형체를 이루더니 입을 연다. 「무사히 도착해서 정말 다행이다. 여기가 내가 통신할 수 있는 유일한 곳이다. 아, 미안하다! 인사를 깜빡했다. 나는 스콧, 디지털 인격이다.	ecl-batch-editorial
ecl.2.33.06862	그는 계속해서	ecl-batch-editorial
ecl.2.33.06874	독백을 이어 간다	ecl-batch-editorial
ecl.2.33.06889	이야기가 잦아들자 최신 상황을 전해 준다.	ecl-batch-editorial
ecl.2.33.06927	함선의 상태를 전해 들은 그가 숨을 들이켠다. 「이런! 나는 승무원들을 막으려던 것이지, 갈가리 찢기게 하려던 게 아니다. 다음 콘솔로 가서 빨간 선 두 개를 이 패널에 연결해라. 그러면 내가 도울 수 있다.」	ecl-batch-editorial
ecl.2.33.07103	이 콘솔은 매우 진보한 컴퓨터 시스템용이며, 아마 RAM의 최고 걸작일 것이다. 다음 콘솔로 이어지는 배선이 이상하게 녹아붙어 있다.	ecl-batch-editorial
ecl.2.33.07215	해당하는 선을 찾아 연결한다.	ecl-batch-editorial
ecl.2.33.07261	스콧이 다시 나타난다. 「아, 훨씬 낫다. 잠깐 기다려라. 그동안 함선을 스캔해서 평가를 내리겠다.」	ecl-batch-editorial
ecl.2.33.07339	「확인했다. ECG들이 10번 갑판 제어실에 바리케이드를 치고 틀어박혔다. 일부는 허물을 벗고 3단계체가 되는 중이다. 윌리엄스 박사는 이를 초지능 단계라고 불렀다. 이 점이 마음에 걸린다.	ecl-batch-editorial
ecl.2.33.07475	ECG들을 모두 제거하기 전까지 우리는 이 함선에 고립되어 있다.	ecl-batch-editorial
ecl.2.33.07537	함선에서 기록을 찾아봐라. 윌리엄스 박사가 ECG를 통제하는 방법을 언급한 적이 있다. 어쩌면 찾을 수도 있다.	ecl-batch-editorial
ecl.2.33.07637	먼저 의료 연구소에서 가져온 생체 기록부터 스캔해 보자.	ecl-batch-editorial
ecl.2.33.07696	이 데이터에 따르면 ECG들은 아르곤 가스에 취약하게 만들어졌다. 함선에 남아 있다면 4번 갑판이나 0번 갑판에 있을 것이다. 그것을 공기 펌프에 주입해라.	ecl-batch-editorial
ecl.2.33.07714	ECG들은 아르곤 가스에 취약하게 만들어졌다. 함선에 남아 있다면 4번 갑판이나 0번 갑판에 있을 것이다. 그것을 공기 펌프에 주입해라.	ecl-batch-editorial
ecl.2.33.07801	필요하면 내가 연락하겠다. 그럼 이만.」	ecl-batch-editorial
ecl.2.33.07848	패널에 도착해 보니 카운트다운이 진행 중이다. 허둥지둥 강제 제어 시퀀스를 입력하자 컴퓨터가 응답한다. 「자폭이 중단되었다. 감사한다.」	ecl-batch-editorial
ecl.2.33.08011	우주복을 입은 남자가 비상 에어록에 서서 이쪽을 향해 사격하고 있다.	ecl-batch-editorial
ecl.2.33.08106	가까이 다가가 보니 그 얼굴은 알아볼 수 있는 어떤 종족의 것도 아니다. 표정에는 감정이 없고 눈은 죽은 듯 새까맣다.	ecl-batch-editorial
ecl.2.33.08219	이상한 개조인 앞에 다다른다.	ecl-batch-editorial
ecl.2.33.08254	에어록 안에 무언가 있다. 안을 들여다보니...	ecl-batch-editorial
ecl.2.33.08317	홀로 폭파 장치를 설치하고 있는 3단계체 한 마리. 영혼 없는 눈이 이쪽을 뚫어져라 응시한다.	ecl-batch-editorial
ecl.2.33.08384	쏘기	ecl-batch-editorial
ecl.2.33.08410	맞히자 그것이 뒤로 쓰러지며 탈출 포드의 에어록 안으로 굴러 들어간다. 문이 닫히고 포드가 튕겨 나가는 소리가 들린다. 갑자기 함선이 흔들린다. 탈출 포드 안에서 폭파 장치가 터진 것이다.	ecl-batch-editorial
ecl.2.33.08563	스콧이 나타난다. 「축하한다! 함선 어디에서도 ECG를 찾을 수 없다. NEO에 연락해서 RAM이 지구를 어떻게 불모지로 만들려는지 알아내자.」	ecl-batch-editorial
ecl.2.33.08680	함선을 몰아 샐베이션으로 귀환해 보고를 올린다.	ecl-batch-editorial
ecl.2.33.08749	ECG가 당신들을 향해 폭파 장치를 던진다.	ecl-batch-editorial
ecl.2.33.08797	중상을 입었지만 함선의 무기 제어 장치까지 기어간다. 컴퓨터를 강제 제어해 멀어져 가는 포드를 조준한다. 폭발이 화면을 밝히고, 포드는 백열하는 불덩이로 변한다.	ecl-batch-editorial
ecl.2.33.08985	새로 나타난 층계참에 내려선다. 이곳은 갑판	ecl-batch-editorial
ecl.2.34.00147	팀이 부상을 입었다.	ecl-batch-editorial
ecl.2.34.00170	진료소를 이용하겠습니까?	ecl-batch-editorial
ecl.2.34.00202	어느 팀원	ecl-batch-editorial
ecl.2.34.00272	다른 팀원도 치료하겠습니까?	ecl-batch-editorial
ecl.2.34.00560	움직일 수 없다...	ecl-batch-editorial
ecl.2.34.00577	우주를 떠다닌다...	ecl-batch-editorial
ecl.2.34.00623	무전으로 NEO에 도움을 요청한다.	ecl-batch-editorial
ecl.2.34.00683	NEO 순양함 한 척이 당신들을 발견하고 도움을 준다.	ecl-batch-editorial
ecl.2.34.01279	마리포사 3호	ecl-batch-editorial
ecl.2.34.01321	뉴 엘리시움	ecl-batch-editorial
ecl.2.34.01332	금성 저지대	ecl-batch-editorial
ecl.2.34.01426	화성 고지대 사막	ecl-batch-editorial
ecl.2.34.01475	소행성 기지	ecl-batch-editorial
ecl.2.34.01643	작은 소행성에서 오는 희미한 조난 신호를 포착한다.	ecl-batch-editorial
ecl.2.34.01898	스콧이 말한다. 「작은 소행성에서 반향이 잡히는데	ecl-batch-editorial
ecl.2.34.01941	가까운 곳이다. 누군가 NEO 통신을 감청하는 듯하다.	ecl-batch-editorial
ecl.2.34.01988	「조사해 보는 편이 좋겠다.」	ecl-batch-editorial
ecl.2.34.02037	통신 센터	ecl-batch-editorial
ecl.2.34.02111	암호를 아무렇게나 입력해 본다. 트랜스폰더가 응답한다.	ecl-batch-editorial
ecl.2.34.02176	탈론의 기지	ecl-batch-editorial
ecl.2.34.02264	기지는 수리 중이다.	ecl-batch-editorial
ecl.2.34.02417	화성 사막에 착륙하기 시작한다.	ecl-batch-editorial
ecl.2.34.02451	RAM 정찰 순양함이 정체를 밝히라고 요구한다.	ecl-batch-editorial
ecl.2.34.02524	특수 명령을 받은 RAM 요트라고 신분을 밝힌다.	ecl-batch-editorial
ecl.2.34.02571	상대는 믿지 않는다. 항복을 요구한다.	ecl-batch-editorial
ecl.2.34.02696	착륙한다.	ecl-batch-editorial
ecl.2.34.02731	기지 위치 파악됨...	ecl-batch-editorial
ecl.2.34.02758	기지가 방송한다:	ecl-batch-editorial
ecl.2.34.02777	「메일스트롬 라이더호 확인. 2번 격납고에 도킹을 허가한다.」	ecl-batch-editorial
ecl.2.34.02829	착륙 유도 신호가 도킹 구역으로 안내한다.	ecl-batch-editorial
ecl.2.34.02869	함선에서 내린다.	ecl-batch-editorial
ecl.2.34.03042	소행성의 위치를 파악하고 도킹한다.	ecl-batch-editorial
ecl.2.34.03110	감옥 위치 파악됨...	ecl-batch-editorial
ecl.2.34.03147	집결지에 도착한다...	ecl-batch-editorial
ecl.2.34.03195	소행성 위치 파악됨...	ecl-batch-editorial
ecl.2.34.03337	센서가	ecl-batch-editorial
ecl.2.34.03359	을(를) 장거리 스캐너에서 식별한다.	ecl-batch-editorial
ecl.2.34.03442	은(는) 순양함을 호출한다.	ecl-batch-editorial
ecl.2.34.03461	뭐라고 말하겠습니까?	ecl-batch-editorial
ecl.2.34.03497	도움 요청	ecl-batch-editorial
ecl.2.34.03524	허세를 부려 위기를 모면하려 한다.	ecl-batch-editorial
ecl.2.34.03592	같은 편이라고 상대를 설득하는 데 성공한다.	ecl-batch-editorial
ecl.2.34.03634	상대 함선에 도전장을 내민다.	ecl-batch-editorial
ecl.2.34.03719	상대는 물러서더니 달아난다.	ecl-batch-editorial
ecl.2.34.03745	도움을 요청한다.	ecl-batch-editorial
ecl.2.34.03825	상대가 도와준다.	ecl-batch-editorial
ecl.2.34.03896	상대는 감명받지 않았다.	ecl-batch-editorial
ecl.2.34.03968	달아날 연료가 없다.	ecl-batch-editorial
ecl.2.34.04034	스콧이 알린다. NEO가 방문해 달라고 요청한 식당은	ecl-batch-editorial
ecl.2.34.04087	「셰 루나」, 티코에 있는 곳이다.	ecl-batch-editorial
ecl.2.34.04109	도킹 위치:	ecl-batch-editorial
ecl.2.34.04177	무사히 빠져나간다...	ecl-batch-editorial
ecl.2.34.04229	RAM 정찰함	ecl-batch-editorial
ecl.2.34.04246	RAM 중형함	ecl-batch-editorial
ecl.2.34.04262	RAM 대형함	ecl-batch-editorial
ecl.2.34.04278	해적 중형함	ecl-batch-editorial
ecl.2.34.04295	수성 중형함	ecl-batch-editorial
ecl.2.34.04743	보급품이 모두 떨어졌다.	ecl-batch-editorial
ecl.2.34.04834	스콧이 보고한다:	ecl-batch-editorial
ecl.2.34.04851	「스캐너에 고속으로 단독 항행 중인 함선 한 척이 잡혔다.	ecl-batch-editorial
ecl.2.34.04897	「목표는 세레스로 향하고 있다. 뒤에서 RAM 함선들이 추격 중이다.」	ecl-batch-editorial
ecl.2.35.00116	모니터에 기압이 극히 낮게 표시된다. 비상 조명이 켜져 있으나 깜박여서 조금만 멀어도 또렷이 보이지 않는다.	ecl-batch-editorial
ecl.2.35.00243	함선으로 후퇴하겠습니까?	ecl-batch-editorial
ecl.2.35.00301	소행성의 폭발 충격에 함선이 거세게 흔들린다.	ecl-batch-editorial
ecl.2.35.00457	어디선가 치명적인 ECG들이 나타난다.	ecl-batch-editorial
ecl.2.35.00549	ECG들이 함선을 빼앗으려 한다.	ecl-batch-editorial
ecl.2.35.00623	이 에어록 문에서 공기가 새고 있다. 무언가 밀봉 부위를 잡아 뜯은 흔적이 있다. 너덜너덜한 우주복 조각이 떠서 지나간다.	ecl-batch-editorial
ecl.2.35.00732	여기는 통신실이다. 망가진 전자 부품이 사방에 떠다닌다. 사람의 그림자는 보이지 않는다.	ecl-batch-editorial
ecl.2.35.00813	갑자기 여러 형체가 사방에서 소용돌이치듯 덮쳐 온다.	ecl-batch-editorial
ecl.2.35.00898	문을 억지로 여는 데 애를 먹었다. 안에는 우주복을 입은 광부가 온몸이 찢기고 피투성이가 된 채 웅크려 있다. 그가 속삭인다. 「탈론이 우리를 배신했어. 그건 보물 따위가 아니었어.」 그는 숨을 거둔다.	ecl-batch-editorial
ecl.2.35.01053	몸이 무언가에 물어뜯긴 광부 여럿이 떠서 지나간다.	ecl-batch-editorial
ecl.2.35.01146	광부 여럿이 침상에 묶인 채로 ECG들에게 제압당했다.	ecl-batch-editorial
ecl.2.35.01208	탈론이 서명한 쪽지를 발견한다. 「전에도 내 물건을 맡아 주고 이득을 보지 않았나. 이 원통들을 보관해 두면 후하게 보상받을 것이다.」	ecl-batch-editorial
ecl.2.35.01358	ECG들이 이 출입구를 지키고 있다. 그 너머로 더 조잡한 복도가 보이고 잔해가 어지럽게 떠다닌다.	ecl-batch-editorial
ecl.2.35.01496	이곳에는 잡동사니가 엉성하게 묶여 있다. ECG들이 안에 있는 무언가를 지키려고 끓어오르듯 쏟아져 나온다.	ecl-batch-editorial
ecl.2.35.01605	더미 속에 숨어 탈피 중인 형체 몇 개를 발견하고 파괴한다.	ecl-batch-editorial
ecl.2.35.01720	숨겨 둔 폭약 더미와 빈 원통 몇 개를 찾아낸다. 원통에는 「윌리엄스 박사 소유. 생물학적 위험.」이라고 표시되어 있다.	ecl-batch-editorial
ecl.2.35.01840	나머지 폭약을 터뜨리면 소행성을 통째로 파괴할 수 있다.	ecl-batch-editorial
ecl.2.35.01908	폭발물을 설치하겠습니까?	ecl-batch-editorial
ecl.2.35.01950	지연 시간은 0에서 99 사이로 정할 수 있다. 어떤 숫자를 고르겠습니까?	ecl-batch-editorial
ecl.2.35.02034	카운트다운이 가동되었다.	ecl-batch-editorial
ecl.2.35.02134	소행성이 거대한 폭발과 함께 터져 나간다!	ecl-batch-editorial
ecl.3.48.00505	도크가 비어 있다.	ecl-batch-editorial
ecl.3.48.00544	이곳에 탈출선 한 척이 있다. 조종사가 말한다. 「아이들을 태울 구조선입니다. 아이들이 모두 탈 때까지는 떠나지 않겠습니다.」	ecl-batch-editorial
ecl.3.48.00655	아이들이 감사 인사를 전한다.	ecl-batch-editorial
ecl.3.48.00683	개조인들이 배에 실렸다.	ecl-batch-editorial
ecl.3.48.00714	짐의 할아버지가 손을 흔들며 작별한다.	ecl-batch-editorial
ecl.3.48.00752	토끼들이 배에 실렸다.	ecl-batch-editorial
ecl.3.48.00773	그들은 무사히 이륙해 떠난다.	ecl-batch-editorial
ecl.3.48.00845	「하층으로 돌아가라. 지금 무슨 일이 벌어지고 있는지 정보가 더 필요하다.」	ecl-batch-editorial
ecl.3.48.00914	함선에 탑승한다.	ecl-batch-editorial
ecl.3.48.00960	마일로가 말한다. 「저희의 대피 지점은 가장 동쪽에 있는 도킹 구역입니다. 저희는 그리로 가겠습니다. 도움에 감사드립니다. RAM이 여러분께 최고 영예를 수여하도록 건의하겠습니다.」 아이들이 자리를 뜬다.	ecl-batch-editorial
ecl.3.48.01017	그리로 가겠습니다. 도움에 감사드립니다. RAM이 여러분께 최고 영	ecl-batch-editorial
ecl.3.48.02182	엘리베이터 안에 있다.	ecl-batch-editorial
ecl.3.48.02205	내려가겠습니까?	ecl-batch-editorial
ecl.3.48.02259	이 엘리베이터 통로는 봉쇄되어 있다. 내려갈 수 없다.	ecl-batch-editorial
ecl.3.48.02308	밧줄로 내려갈 수 있다.	ecl-batch-editorial
ecl.3.48.02333	도킹 구역의 에어록 안이다. 번호	ecl-batch-editorial
ecl.3.48.02431	RAM 기지에 들어왔다.	ecl-batch-editorial
ecl.3.48.02465	RAM 담당관이 기다리고 있다.	ecl-batch-editorial
ecl.3.48.02495	「돌아와 주셔서 정말 다행입니다! 생물학적 비상사태가 터졌습니다. 아이들 몇 명이 방출 시스템을 작동시켰습니다.	ecl-batch-editorial
ecl.3.48.02577	「잠깐, 윌리엄스 박사님은 어디 계십니까?」	ecl-batch-editorial
ecl.3.48.02668	그는 납득한 듯하다. 「윌리엄스 박사님 일은 유감입니다. 탈론 쪽 분들이시군요. 오른쪽으로 가서 복도를 곧장 따라가면 엘리베이터가 나옵니다. 저는 대피를 감독해야 합니다.	ecl-batch-editorial
ecl.3.48.02818	그는 뒷걸음질 친다. 「경비병들, 침입자를 처리하라.」 그는 성큼성큼 걸어 나간다.	ecl-batch-editorial
ecl.3.48.02921	달아날 곳이 없다.	ecl-batch-editorial
ecl.3.48.02967	완전히 난장판이 된 사무실이다.	ecl-batch-editorial
ecl.3.48.03030	수석 행정관의 사무실에서 화면이 붉게 물든 홀로그램 단말기가 눈에 띈다. 화면에는 「코드 레드 대피. 예외 없이 전 인원 대피. 하층에 생물학적 위험. 그라디부스 산으로 이동하라.」라고 적혀 있다.	ecl-batch-editorial
ecl.3.48.03185	여기는 청소 로봇실이다.	ecl-batch-editorial
ecl.3.48.03223	분해되어 엉망이 된 통신실이다.	ecl-batch-editorial
ecl.3.48.03286	통신 장비가 다음 내용을 자동으로 송신하고 있다. 「EB3 격리 상태 돌입. 전 인원 대피 중.」	ecl-batch-editorial
ecl.3.48.03383	먹다 만 음식이 가득한 식당이다.	ecl-batch-editorial
ecl.3.48.03444	카트가 엎어져 쓸 만한 물건이 흩어져 있다.	ecl-batch-editorial
ecl.3.48.03528	오래전에 버려진 기술자의 방이다.	ecl-batch-editorial
ecl.3.48.03608	한 노인이 작은 권총을 겨눈다. 짐이 앞으로 달려 나가 「할아버지!」 하고 외치자 노인은 권총을 떨어뜨린다.	ecl-batch-editorial
ecl.3.48.03687	그가 눈물을 훔치며 말한다. 「짐을 구해 줘서 고맙소. 마일로 시니어가 떠날 때라고 했을 때, 나는 아이들을 기다리려고 몰래 빠져나왔다오. 갑시다, 내가 뒤따르겠소.」	ecl-batch-editorial
ecl.3.48.03817	이 창고의 음식에서 역겨운 냄새가 난다.	ecl-batch-editorial
ecl.3.48.03883	이 침실에는 개인 물품이 여기저기 흩어져 있다.	ecl-batch-editorial
ecl.3.48.03962	중독된 작업자들이 방 안 곳곳에 쓰러져 있다. 몇몇은 힘없이 숨을 헐떡인다.	ecl-batch-editorial
ecl.3.48.04038	마일로가 못마땅한 듯 지켜본다. 짐이 속삭인다. 「이 사람들 좀 도와줄 수 있어요?」	ecl-batch-editorial
ecl.3.48.04166	은(는) 개조인 작업자들을 되살리는 데 성공한다.	ecl-batch-editorial
ecl.3.48.04229	마일로가 말한다. 「이 자산들을 구해 주셨으니 대피선에 함께 태워 가겠습니다.」	ecl-batch-editorial
ecl.3.48.04293	짐이 속삭인다. 「정말 고마워요. 저는 누가 죽는 게 싫거든요.」	ecl-batch-editorial
ecl.3.48.04362	필사적으로 애써 보지만 이미 손쓸 수 없는 상태다.	ecl-batch-editorial
ecl.3.48.04420	김이 모락모락 나는 수프 냄비가 놓인 주방이다.	ecl-batch-editorial
ecl.3.48.04476	빈 사무실이다.	ecl-batch-editorial
ecl.3.48.04515	이 동력 장치들은 가동이 중지되었다.	ecl-batch-editorial
ecl.3.48.04560	발전실에 들어왔다.	ecl-batch-editorial
ecl.3.48.04604	로봇에 필요한 전력은 이 장치들에서 송출된다.	ecl-batch-editorial
ecl.3.48.04650	가동 중지	ecl-batch-editorial
ecl.3.48.04687	로봇들의 전력이 차단되었다.	ecl-batch-editorial
ecl.3.48.04766	다가가자 병사들이 경례한다. 「책임자께서 여러분이 오신다고 하셨습니다. 복도를 따라 삼거리에서 왼쪽으로 가시면 엘리베이터입니다.」	ecl-batch-editorial
ecl.3.48.04903	이 경비실에는 잘게 찢긴 종이가 널려 있다.	ecl-batch-editorial
ecl.3.48.04963	장비 몇 점이 이곳에 남아 있다...	ecl-batch-editorial
ecl.3.48.05032	이곳은 깡그리 털렸다.	ecl-batch-editorial
ecl.3.48.05109	빠르게 닫히는 에어록 너머로 외침이 들린다. 「도킹 구역에 적이다! 발진하라!」 잠시 후 로켓의 굉음이 함선의 출발을 알린다.	ecl-batch-editorial
ecl.3.48.05275	아이들이 소리친다. 「저기에 우리 배가 있어요. 야호!」	ecl-batch-editorial
ecl.3.48.05343	경비병들이 복도를 막고 있다.	ecl-batch-editorial
ecl.3.48.05390	그중 한 명이 입을 연다. 「행정관께서 여러분이 길을 잃을 수 있다고 하셨습니다. 뒤로 돌아서	ecl-batch-editorial
ecl.3.48.05454	두 번째 사거리까지 가서 왼쪽으로 꺾은 다음	ecl-batch-editorial
ecl.3.48.05488	삼거리에서 오른쪽으로 꺾고, 이어지는 사거리 두 곳에서는 왼쪽으로 꺾은 뒤	ecl-batch-editorial
ecl.3.48.05532	복도를 따라 엘리베이터까지 가십시오.」	ecl-batch-editorial
ecl.3.48.05756	북쪽과 서쪽	ecl-batch-editorial
ecl.3.48.05777	북쪽과 동쪽	ecl-batch-editorial
ecl.3.48.05807	짐이 외친다. 「대피선은	ecl-batch-editorial
ecl.3.48.05851	에 있을 거예요. 거의 다 나왔어요. 야호!」	ecl-batch-editorial
ecl.3.48.06279	경비병 한 명이 말한다. 「엘리베이터는 왼쪽입니다. 아직 분대가 근무 중입니다.」	ecl-batch-editorial
ecl.3.48.06385	긴장한 전사들이 바리케이드를 지키고 있다. 「전문가들이시군요. 저희도 곧 철수할 테니 행운을 빕니다. 내려가는 즉시 수직 통로를 폭파하겠습니다. 이 장비를 가져가십시오.」	ecl-batch-editorial
ecl.3.48.06548	「도킹 구역」	ecl-batch-editorial
ecl.3.48.06646	「갑급 거주 구역」	ecl-batch-editorial
ecl.3.48.06666	「을급 거주 구역」	ecl-batch-editorial
ecl.3.48.06686	「작업자 거주 구역」	ecl-batch-editorial
ecl.3.48.06719	여기는 인사부장의 사무실이다. 파일을 뒤져 보니 레이저 연구팀이 그라디부스 산으로 재배치된 것으로 드러난다.	ecl-batch-editorial
ecl.3.48.06868	한 여자가 다급하게 달려온다. 「아이들을 보셨나요? 아이들을 데려오라고 보낸 분대에서 아무 연락이 없어요!」 뭐라고 말하겠습니까?	ecl-batch-editorial
ecl.3.48.06986	침묵	ecl-batch-editorial
ecl.3.48.07014	그녀는 안도한다. 「다행이에요! 지금 바로 배로 가 볼게요.」 그녀는 서둘러 자리를 뜬다.	ecl-batch-editorial
ecl.3.48.07077	그녀가 비명을 지른다. 「안 돼요! 제가 직접 찾으러 갈 거예요!」 그녀는 뛰어간다.	ecl-batch-editorial
ecl.3.48.07164	깜박이는 작은 메모판이 눈길을 끈다. 「아빠, 개조인 연구소에서 수업이 있어요. 최대한 빨리 돌아올게요.」	ecl-batch-editorial
ecl.3.48.07264	지금도 운영 중인 의무실이다.	ecl-batch-editorial
ecl.3.48.07312	빈 창고다.	ecl-batch-editorial
ecl.3.48.07356	쓸 만한 장비가 있다.	ecl-batch-editorial
ecl.3.48.07530	한 무리의 남자들이 다가온다.	ecl-batch-editorial
ecl.3.48.07654	그들을 설득해 공격을 단념시킨다. 그들은 떠난다.	ecl-batch-editorial
ecl.3.48.07695	그들이 무기를 뽑아 든다.	ecl-batch-editorial
ecl.3.48.07751	그들에게 발각되었다!	ecl-batch-editorial
ecl.3.48.07811	쥐들이 공격한다.	ecl-batch-editorial
ecl.3.48.07844	확성기가 요란하게 울린다. 「	ecl-batch-editorial
ecl.3.48.07886	생물학적 위험은 아직 하층에 국한되어 있습니다.」	ecl-batch-editorial
ecl.3.48.07924	쥐들이 하층에서 빠져나왔습니다. 공격적이니 주의하십시오.」	ecl-batch-editorial
ecl.3.48.07977	대피 명령을 따르지 않는 사람은 버려집니다.」	ecl-batch-editorial
ecl.3.48.08029	침착하십시오. 반복합니다, 침착하십시오.」	ecl-batch-editorial
ecl.3.48.08063	엘리베이터는 예정대로 폭파됩니다.」	ecl-batch-editorial
ecl.3.48.08103	코드 레드 대피가 진행 중입니다.」	ecl-batch-editorial
ecl.3.48.08135	그곳을 떠난다.	ecl-batch-editorial
ecl.3.48.08150	몸을 숨긴다.	ecl-batch-editorial
ecl.3.48.08279	놈들이 공격한다!	ecl-batch-editorial
ecl.3.48.08481	치료를 받겠습니까?	ecl-batch-editorial
ecl.3.48.08506	자동 의료 장치가 팀을 치료한다.	ecl-batch-editorial
ecl.3.49.01384	엘리베이터가 박살 났고 그 통로도 막혀 있다.	ecl-batch-editorial
ecl.3.49.01449	엘리베이터는 파손됐지만 밧줄로 올라갈 수 있다.	ecl-batch-editorial
ecl.3.49.01526	짐이 밧줄을 꺼내며 말한다. 「RAM 청소년 순찰대는 언제나 준비되어 있어요.」	ecl-batch-editorial
ecl.3.49.01585	이 밧줄이면 통로를 올라갈 수 있다. 올라가겠습니까?	ecl-batch-editorial
ecl.3.49.01672	내려가고 얼마 지나지 않아 폭발이 통로를 휩쓴다. 이 엘리베이터는 이제 운행할 수 없다.	ecl-batch-editorial
ecl.3.49.01784	이 복도는 최근에 바위를 깎아 만든 것이다.	ecl-batch-editorial
ecl.3.49.01850	발견한 메모에 따르면 서로 다른 개조인 계획 4건이 진행 중이다.	ecl-batch-editorial
ecl.3.49.01933	여기 놓인 빈 용기들을 보니 첩보선에서 본 개조인 수용 캡슐이 떠오른다.	ecl-batch-editorial
ecl.3.49.02019	공병 팀이 이곳에서 하이퍼 개조인들에게 제압당했다.	ecl-batch-editorial
ecl.3.49.02124	메모장에 강력한 신형 레이저에 관한 정보와 「DNA」라는 글자가 적혀 있다.	ecl-batch-editorial
ecl.3.49.02189	특이한 레이저 장치가 방을 압도하고 있다.	ecl-batch-editorial
ecl.3.49.02246	작동시키자 눈부신 빛이 뿜어져 나와 암벽을 산산조각 낸다. 크기에 비해 위력이 엄청난 레이저다.	ecl-batch-editorial
ecl.3.49.02362	이 연구소는 사용되지 않는 듯하다.	ecl-batch-editorial
ecl.3.49.02383	「화성 그라디부스 산」행 선적 송장이 먼지 속에 놓여 있다.	ecl-batch-editorial
ecl.3.49.02464	이 연구소는 최근에 사용된 흔적이 있다.	ecl-batch-editorial
ecl.3.49.02516	방 안에 반사경이 가득하다.	ecl-batch-editorial
ecl.3.49.02561	복잡한 조준 체계에 적합해 보인다.	ecl-batch-editorial
ecl.3.49.02603	마일로 필립스의 키카드 한 장이 상자 밑에 반쯤 깔려 있다. 집어 든다.	ecl-batch-editorial
ecl.3.49.02682	이곳에서 최근에 위성이 제작되었다.	ecl-batch-editorial
ecl.3.49.02739	DL-SAT1에서 DL-SAT50까지 표기된 대형 상자 50개의 잔해가 남아 있다. 깨진 거울 조각이 사방에 흩어져 있다. 대피한 사람들이 가져가지 못한 것은 전부 부숴 버렸다.	ecl-batch-editorial
ecl.3.49.02880	이 연구소의 공책에 다음과 같은 내용이 적혀 있다.	ecl-batch-editorial
ecl.3.49.02928	「하이퍼 게 = 뛰어난 장갑」	ecl-batch-editorial
ecl.3.49.02954	「하이퍼 뱀 = 뛰어난 속도」	ecl-batch-editorial
ecl.3.49.02981	「하이퍼 전갈 = 치명적인 독」	ecl-batch-editorial
ecl.3.49.03033	개조인 수용 캡슐의 설계도에는 송수신기가 장착된 모습이 그려져 있다.	ecl-batch-editorial
ecl.3.49.03140	근처에 직접 만든 작은 라디오가 놓여 있다. 아이들 중 한 명이 머쓱해하며 자기 라디오가 캡슐을 열었다고 털어놓는다. 「하지만 정말 사고였어요.」	ecl-batch-editorial
ecl.3.49.03303	이 연구소 철창 안에는 토끼 개조인 여러 마리가 갇혀 있다. 짐이 앞으로 달려 나가며 말한다. 「우리가 탈출한다면 토끼들도 같이 가야죠.」	ecl-batch-editorial
ecl.3.49.03412	하이퍼 개조인들이 철창 뒤에서 기어 나온다. 아이를 구하려고 앞으로 달려 나간다.	ecl-batch-editorial
ecl.3.49.03484	아이들이 그 용감한 행동에 박수를 보낸다. 짐이 토끼들을 풀어 주며 미소 짓는다. 「해낼 줄 알았어요. 정말 대단하세요!」	ecl-batch-editorial
ecl.3.49.03617	개조인들이 이 연구소를 돌아다니며 발톱으로 온갖 것을 쑤셔 대고 있다.	ecl-batch-editorial
ecl.3.49.03756	물러서려는 순간 짐이 앞으로 뛰쳐나가 무언가를 움켜쥔다. 한숨을 쉬며 그를 지키려고 달려간다.	ecl-batch-editorial
ecl.3.49.03838	흉측한 개조인들에게 덤벼든다.	ecl-batch-editorial
ecl.3.49.03912	아이들 사이에서 환호성이 터진다. 짐이 악수를 하며 손안에 카드 한 장을 슬쩍 쥐여 주고는 속삭인다. 「도움이 될 것 같아서요.」	ecl-batch-editorial
ecl.3.49.04004	행정관 마일로 필립스의 개인 신분증이다.	ecl-batch-editorial
ecl.3.49.04080	가동 중인 컴퓨터 연구소다.	ecl-batch-editorial
ecl.3.49.04170	컴퓨터 쪽으로 향하자 짐이 윙크를 보내며 다른 아이들의 주의를 돌린다.	ecl-batch-editorial
ecl.3.49.04234	컴퓨터를 작동시키자 이렇게 말한다:	ecl-batch-editorial
ecl.3.49.04268	「키카드를 삽입하고 이번 주 비밀번호를 입력하십시오.」	ecl-batch-editorial
ecl.3.49.04314	카드 삽입	ecl-batch-editorial
ecl.3.49.04367	「비밀번호 입력:」	ecl-batch-editorial
ecl.3.49.04425	컴퓨터가 키카드를 뱉어 내며 말한다:	ecl-batch-editorial
ecl.3.49.04463	「잘못된 비밀번호.」	ecl-batch-editorial
ecl.3.49.04492	이미 시도해 본 것이다!	ecl-batch-editorial
ecl.3.49.04561	이 컴퓨터는 너무 복잡하다.	ecl-batch-editorial
ecl.3.49.04590	키카드가 없다.	ecl-batch-editorial
ecl.3.49.04616	「안녕하십니까, 마일로. 대기 중인 메시지가 있습니다.」 컴퓨터가 홀로그램 화면에 편지 한 통을 띄운다	ecl-batch-editorial
ecl.3.49.04688	그 메시지	ecl-batch-editorial
ecl.3.49.04717	정보를 스콧에게 전송하자 그가 말한다. 「필요한 것은 여기서 모두 찾아냈다.」	ecl-batch-editorial
ecl.3.49.04790	「함선으로 복귀하라.」	ecl-batch-editorial
ecl.3.49.04852	짐이 속삭인다. 「스파이가 일하는 걸 보니 멋져요. 마일로가 늘 험담하는 벅 로저스만큼 대단하신가 봐요.」	ecl-batch-editorial
ecl.3.49.04969	「그라디부스 산」이라고 적힌 화물표가 붙은 상자들이 바닥을 따라 늘어서 있다.	ecl-batch-editorial
ecl.3.49.05049	짐이 슬쩍 다가와 주위를 조심스레 둘러보더니 속삭인다. 「저건 먼지투성이 낡은 화성 기지예요. 바비가 몇 주 전에 그리로 가야 했거든요.」	ecl-batch-editorial
ecl.3.49.05170	여기는 레이저 개발 연구소다. 서류가 사방에 흩어져 있다.	ecl-batch-editorial
ecl.3.49.05222	일반 레이저보다 1000배 강력한 레이저의 설계도 일부를 발견한다. 설계도에는 이 기지의 초소형 시제품에 대한 언급이 있다.	ecl-batch-editorial
ecl.3.49.05344	이 레이저를 쓰려면 막대한 전력과 매우 정밀한 렌즈가 필요하다.	ecl-batch-editorial
ecl.3.49.05437	연구소에는 대형 고출력 레이저 빔을 반사하도록 설계된 위성이 반쯤 완성된 채 놓여 있다.	ecl-batch-editorial
ecl.3.49.05544	아무도 듣지 않을 때 짐이 말한다. 「팔에 단검이 달린 녀석이 이걸 가지러 오기로 돼 있어요. 마일로 아빠는 그 사람을 무서워해요.」	ecl-batch-editorial
ecl.3.49.05696	마일로가 방을 압도하는 커다란 거울 앞으로 나선다. 그가 헛기침을 한다. 「학우 여러분, 그리고 유능한 전사 여러분, 아버지께서 이 자리에 계시지 않으니 제가 연설을 해야겠습니다.	ecl-batch-editorial
ecl.3.49.05838	이것은 NEO가 부추긴 무정부 상태의 종말을 보여 줍니다. 오늘 제가 목격한 용기와 더불어, RAM은 앞으로 더 큰 성취를 이루게 되리라 믿습니다. 모두 감사합니다.」	ecl-batch-editorial
ecl.3.49.05974	짐이 힐끗 쳐다보더니 눈을 굴린다.	ecl-batch-editorial
ecl.3.49.06012	「컴퓨터 연구소」	ecl-batch-editorial
ecl.3.49.06031	「개조인 개발 연구소	ecl-batch-editorial
ecl.3.49.06075	「레이저 개발 연구소」	ecl-batch-editorial
ecl.3.49.06100	「연구소	ecl-batch-editorial
ecl.3.49.06122	「반사경 개발 연구소」	ecl-batch-editorial
ecl.3.49.06150	「위성 개발 연구소」	ecl-batch-editorial
ecl.3.49.06178	「개조인 보관소」	ecl-batch-editorial
ecl.3.49.06235	RAM 전사 한 명이 비틀거리며 다가온다. 갑옷은 갈기갈기 찢어졌다. 그는 당신들 앞에 쓰러져 숨을 헐떡이며 말한다. 「아이들을 구출하지 못했습니다, 지휘관님. 다만 개조인 개발 연구소 3번에 격리해 두었습니다. 아이들을 구해 주십시오!」 그는 더 이상 숨을 쉬지 않는다.	ecl-batch-editorial
ecl.3.49.06412	「개조인 개발 연구소 3번」이라고 적힌 이 문은 바리케이드로 막혀 있다. 폭파 장치로 열 수 있을 것 같다. 시도하겠습니까?	ecl-batch-editorial
ecl.3.49.06528	문을 폭파해 연다.	ecl-batch-editorial
ecl.3.49.06565	폭파 장치가 없다.	ecl-batch-editorial
ecl.3.49.06621	아이들이 근처 문틈으로 머리를 내민다. 그중 한 아이가 다가와 진지하게 말한다. 「저는 마일로 필립스 주니어입니다. 저희를 도우러 와 주셔서 감사합니다.」	ecl-batch-editorial
ecl.3.49.06729	다른 아이가 마일로에게 귓속말을 한다. 「DNA」라는 단어가 들린다. 마일로가 미소 짓는다. 「짐은 신경 쓰지 마십시오. 여러분이 암호를 아는지 떠보려는 겁니다. 동쪽 엘리베이터가 우리의 탈출 경로입니다. 갑시다.」	ecl-batch-editorial
ecl.3.49.06942	짐이 속삭인다. 「컴퓨터 정보를 훔치러 온 NEO 스파이죠? 괜찮아요. 저는 마일로도 그 애 아빠도 별로 안 좋아하거든요. 컴퓨터는 북쪽 구역에 있어요.」	ecl-batch-editorial
ecl.3.49.07132	짐이 말한다. 「컴퓨터 구역은 북쪽, 엘리베이터는 남쪽과 동쪽이에요.」	ecl-batch-editorial
ecl.3.49.07253	짐이 한마디 한다. 「동서 복도에 엘리베이터가 있어요. 남쪽에는 멋진 연구소도 몇 군데 있어요.」	ecl-batch-editorial
ecl.3.49.07544	살인 개조인들이 다가온다.	ecl-batch-editorial
ecl.3.49.07734	한 아이가 겁에 질려 헉 소리를 삼키지만 이미 늦었다.	ecl-batch-editorial
ecl.3.49.07773	발각되었다.	ecl-batch-editorial
ecl.3.49.07846	「기지 컴퓨터의 일부 구역에 침투했다. 추가 정보는 곧 전달하겠으나 현재는 송신만 가능하다.」	ecl-batch-editorial
ecl.3.49.07934	「이 층에는 기밀로 분류된 방이 대략 20,15, 45,55 그리고 20,55에 있다.」	ecl-batch-editorial
ecl.3.49.07994	「개조인 개발 구역 중 한 곳이 격리되어 있다. 조사해 볼 가치가 있다.」	ecl-batch-editorial
ecl.3.49.08063	「아직 열려 있는 엘리베이터 통로는 50,42에 있는 하나뿐이다. 오르려면 밧줄이 필요할지도 모른다.」	ecl-batch-editorial
ecl.3.49.08132	「하이퍼 계열 개조인은 우리 함선에서 마주친 ECG를 만들려다 실패한 결과물이다.」	ecl-batch-editorial
ecl.3.49.08207	「행정관이 통행 카드를 분실했다는 보고가 있다. 쓸모가 있을지도 모른다.」	ecl-batch-editorial
ecl.3.49.08359	여기는 개조인 개발 연구소다.	ecl-batch-editorial
ecl.3.49.08388	연구소 안에 있다.	ecl-batch-editorial
ecl.3.49.08405	여기는 반사경 설계 연구소다.	ecl-batch-editorial
ecl.3.50.00066	작은 소행성 곁을 굉음을 내며 스쳐 지나가는 순간, 센서가 소행성 그림자에 숨어 있는 해적 순양함을 감지하고 경보를 울린다. 미처 대응하기도 전에 그 함선이 발포한다!	ecl-batch-editorial
ecl.3.50.00184	폭발이 함선을 뒤흔들고 비상 조명이 켜진다.	ecl-batch-editorial
ecl.3.50.00260	엔지니어	ecl-batch-editorial
ecl.3.50.00272	은(는) 무전으로 엔진이 정지했고 무기 동력 연결선이 손상되었다고 보고한다.	ecl-batch-editorial
ecl.3.50.00336	적함이 점점 가까이 다가와 승선 통로를 내민다.	ecl-batch-editorial
ecl.3.50.00451	은(는) 통신 회선을 열어 적함의 방송을 받는다.	ecl-batch-editorial
ecl.3.50.00513	들이받을 위치로 기동하려 하지만 속도가 너무 느리다. 적이 메시지를 방송한다.	ecl-batch-editorial
ecl.3.50.00588	적함이 보낸 방송을 수신한다.	ecl-batch-editorial
ecl.3.50.00628	달아나려 하지만 상대 함선이 훨씬 빠르다. 적이 메시지를 방송한다.	ecl-batch-editorial
ecl.3.50.00700	「항복해라, 아니면 죽는다!!!」	ecl-batch-editorial
ecl.3.50.00720	승선 통로가 철컹 소리를 내며 함선 옆면에 달라붙는다.	ecl-batch-editorial
ecl.3.50.00808	승선 부대 공격	ecl-batch-editorial
ecl.3.50.00921	승선 통로로 돌진해 공격한다!	ecl-batch-editorial
ecl.3.50.00985	남은 해적들이 자기 함선으로 도망친다.	ecl-batch-editorial
ecl.3.50.01114	이 에어록은 우주 항행을 위해 폐쇄되어 있다.	ecl-batch-editorial
ecl.3.50.01231	함선으로 탈출해 만신창이가 된 해적선에서 절뚝이듯 멀어진다.	ecl-batch-editorial
ecl.3.50.01299	「샐베이션으로 돌아가야 합니다.」	ecl-batch-editorial
ecl.3.50.01332	「놈들의 동력로를 아직 무력화하지 못했습니다. 이대로 떠나면 놈들이 우리를 박살 낼 겁니다.」	ecl-batch-editorial
ecl.3.50.01391	해적선은 무력화되지 않았다.	ecl-batch-editorial
ecl.3.50.01451	벅이 철수를 결정한다.	ecl-batch-editorial
ecl.3.50.01482	도망치려 한다...	ecl-batch-editorial
ecl.3.50.01500	순양함이 발포한다...	ecl-batch-editorial
ecl.3.50.01540	이것은 고도 보안 문이다.	ecl-batch-editorial
ecl.3.50.01605	누가 해 보겠습니까	ecl-batch-editorial
ecl.3.50.01699	은(는) 보안 문을 무력화한다.	ecl-batch-editorial
ecl.3.50.01853	문이 비활성화되었다.	ecl-batch-editorial
ecl.3.50.01965	「이 층에는 경비병이 있으니 눈에 띄지 않게 움직여야 합니다.」	ecl-batch-editorial
ecl.3.50.02087	폭파 장치가 터진다...	ecl-batch-editorial
ecl.3.50.02125	폭발로 함선이 흔들린다. 경보가 울리고 멀리서 고함 소리가 들린다.	ecl-batch-editorial
ecl.3.50.02360	현재 층:	ecl-batch-editorial
ecl.3.50.02630	누군가 문의 잠금을 풀고 속삭인다:	ecl-batch-editorial
ecl.3.50.02663	「도우러 왔습니다.	ecl-batch-editorial
ecl.3.50.02699	「여러분의 장비를 가져왔습니다.」	ecl-batch-editorial
ecl.3.50.02727	「이 함선의 동력을 끊어야 탈출할 수 있습니다. 동력로는 1층에 있지만 정면 돌파는 자살행위입니다.」	ecl-batch-editorial
ecl.3.50.02830	「탈론의 선실을 찾아봅시다. 쓸 만한 물건이 있을지도 모릅니다. 3,7에 있는 감방에도 장비를 조금 숨겨 뒀습니다.」	ecl-batch-editorial
ecl.3.50.02947	감방에서 나서다가 근처에 있는 누군가를 발견한다.	ecl-batch-editorial
ecl.3.50.02994	그가 악수를 하며 입을 연다:	ecl-batch-editorial
ecl.3.50.03054	「여기에 장비를 좀 숨겨 뒀습니다.」	ecl-batch-editorial
ecl.3.50.03109	여기는 유치실이다.	ecl-batch-editorial
ecl.3.50.03134	함선의 통제권을 손에 넣는다.	ecl-batch-editorial
ecl.3.50.03187	패널과 제어 장치를 박살 낸다!	ecl-batch-editorial
ecl.3.50.03241	조명이 붉게 변하고 경보 사이렌이 울린다. 동력로의 웅웅거림이 멎는다.	ecl-batch-editorial
ecl.3.50.03309	「여기서 나갑시다. 승선 통로는 11층에 있습니다.」	ecl-batch-editorial
ecl.3.50.03360	이 패널들은 이미 파괴되었다.	ecl-batch-editorial
ecl.3.50.03469	서쪽 문에 「탈론」이라고 적힌 표지판이 걸려 있다. 함선의 무기고는 남쪽에 있다.	ecl-batch-editorial
ecl.3.50.03717	「입구에 함정이 설치되어 있습니다.」 그는 제어반을 만지작거린다. 「이제 안전합니다.」	ecl-batch-editorial
ecl.3.50.03784	입구에는 함정이 설치되어 있었다.	ecl-batch-editorial
ecl.3.50.03808	경보가 울린다. 발각되었다.	ecl-batch-editorial
ecl.3.50.03894	방은 넓지만 소박하다. 구석에 침대가 있고, 방 한가운데에는 컴퓨터가 놓인 책상이 있다.	ecl-batch-editorial
ecl.3.50.04021	은(는) 컴퓨터로 함선 설계도를 불러낸다	ecl-batch-editorial
ecl.3.50.04054	함선 설계도	ecl-batch-editorial
ecl.3.50.04074	은(는) 조리실에 폭약을 알맞게 설치하면 통신과 보안 체계를 파괴할 수 있다고 생각한다.	ecl-batch-editorial
ecl.3.50.04159	그러면 함선 전체가 혼란에 빠져 기관 층이 더 취약해질 것이다.	ecl-batch-editorial
ecl.3.50.04266	함선의 식당 구역에 들어섰다. 해적들은 더는 배고파 보이지 않는다.	ecl-batch-editorial
ecl.3.50.04390	함선의 조리실에 들어섰다. 들어서자 요리사들이 방에서 뛰쳐나간다.	ecl-batch-editorial
ecl.3.50.04499	이 방을 폭파하도록 배선하겠습니까?	ecl-batch-editorial
ecl.3.50.04534	폭파 장치가 필요하다.	ecl-batch-editorial
ecl.3.50.04568	폭파 장치를 4분 뒤에 폭발하도록 배선한다.	ecl-batch-editorial
ecl.3.50.04623	이곳은 조리실이었으나 이제는 아니다.	ecl-batch-editorial
ecl.3.50.04658	타이머가 삑 소리를 낸다. 「	ecl-batch-editorial
ecl.3.50.04688	함선의 식료품 저장실에 들어섰다.	ecl-batch-editorial
ecl.3.50.04734	선반에 식품과 음료 꾸러미가 가지런히 쌓여 있다.	ecl-batch-editorial
ecl.3.50.04783	완전히 엉망이다.	ecl-batch-editorial
ecl.3.50.04801	부함장의 선실에 와 있다.	ecl-batch-editorial
ecl.3.50.04855	아마 함교에 있을 것이다.	ecl-batch-editorial
ecl.3.50.04884	방에 상자가 가득하다.	ecl-batch-editorial
ecl.3.50.04915	침상이 가득한 선실에 들어섰다.	ecl-batch-editorial
ecl.3.50.04967	침상 몇 곳에는 해적이 누워 있다.	ecl-batch-editorial
ecl.3.50.05116	기관 갑판에 있는 모두가 공격한다.	ecl-batch-editorial
ecl.3.50.05200	경비 병력이 빈약하고 조직적이지 못해 보인다.	ecl-batch-editorial
ecl.3.50.05286	탈론이 마지막 남은 부하들과 로봇을 거느리고 여기 있다.	ecl-batch-editorial
ecl.3.50.05368	「이건 자살행위다!!!」	ecl-batch-editorial
ecl.3.50.05388	그래도 공격하겠습니까?	ecl-batch-editorial
ecl.3.50.05421	벅이 떠난다.	ecl-batch-editorial
ecl.3.50.05445	경보가 울리고 함교에 있는 모두가 공격한다.	ecl-batch-editorial
ecl.3.50.05549	탈론을 물리치고 함교를 점령했다. 제어 장치로 이 함선을 조종할 수 있을 것이다.	ecl-batch-editorial
ecl.3.50.05668	연결 통로를 지키던 해적들이 공격한다.	ecl-batch-editorial
ecl.3.50.05822	함선의 진료소에 와 있다.	ecl-batch-editorial
ecl.3.50.05849	팀원 모두가 치료되었다.	ecl-batch-editorial
ecl.3.50.05948	의료 물자실에 들어섰다.	ecl-batch-editorial
ecl.3.50.06042	해적선의 에어록에 들어섰다.	ecl-batch-editorial
ecl.3.50.06085	무기 포탑 안에 있다.	ecl-batch-editorial
ecl.3.50.06114	해적들이 함선에 난입해 승무원 전원을 기절시킨다.	ecl-batch-editorial
ecl.3.50.06162	연결 해치로 들어서자 눈부신 빛이 내리쬔다.	ecl-batch-editorial
ecl.3.50.06219	물러서려 하지만...	ecl-batch-editorial
ecl.3.50.06247	도망치려 하자 해적들이 쫓아와 때려눕혀 기절시킨다.	ecl-batch-editorial
ecl.3.50.06385	해적 경비병들이 거칠게 깨운다.	ecl-batch-editorial
ecl.3.50.06424	정신이 돌아오기 시작하자 해적선의 유치실에 갇혀 있음을 깨닫는다.	ecl-batch-editorial
ecl.3.50.06506	경비병들의 우두머리가 쿡 찌르며 말한다.	ecl-batch-editorial
ecl.3.50.06544	「탈론이 너희를 보잔다.」	ecl-batch-editorial
ecl.3.50.06567	그가 문밖으로 떠밀고는 따라오라고 지시한다.	ecl-batch-editorial
ecl.3.50.06797	전투 갑옷 차림에 덩치가 크고 불길한 인상의 사내가 방으로 들어와 말한다.	ecl-batch-editorial
ecl.3.50.06860	「나는 탈론이다」,	ecl-batch-editorial
ecl.3.50.06886	너희 중 한 명은 나와 맨손으로 일대일 승부를 겨뤄도 좋다.	ecl-batch-editorial
ecl.3.50.06968	누가 싸우겠습니까	ecl-batch-editorial
ecl.3.50.07034	탈론이 말한다.	ecl-batch-editorial
ecl.3.50.07049	「공정한 승부에서 내가 졌다. 너희는 자유를 얻었다.」	ecl-batch-editorial
ecl.3.50.07103	탈론의 말이 끝나자 한 사내가 방으로 뛰어든다. 방을 훑어본 그가 이윽고 바라본 사람은	ecl-batch-editorial
ecl.3.50.07188	「이겼군요! 감탄했습니다.	ecl-batch-editorial
ecl.3.50.07217	「눈총 받기 전에 어서 여기서 나갑시다.」	ecl-batch-editorial
ecl.3.50.07264	그가 재촉해 함선에 태운다.	ecl-batch-editorial
ecl.3.50.07296	함선으로 샐베이션에 돌아간다.	ecl-batch-editorial
ecl.3.50.07398	다시 기절해 화물 구역에서 눈을 뜬다.	ecl-batch-editorial
ecl.3.50.07444	「너희는 내 앞에 설 자격이 없다. 저들을 감방으로 끌고 가라. 이제 RAM의 골칫거리다.」	ecl-batch-editorial
ecl.3.50.07521	경비병들이 감방으로 돌려보낸다.	ecl-batch-editorial
ecl.3.50.07591	「베스타에 도착할 때까지 여기서 썩고 있어라.」	ecl-batch-editorial
ecl.3.50.07627	경비병들이 방을 나간다.	ecl-batch-editorial
ecl.3.50.07771	해적 무리가 다가오는 것이 보인다.	ecl-batch-editorial
ecl.3.50.07939	숨으려 하지만 들키고 만다.	ecl-batch-editorial
ecl.3.50.07985	아무것도 찾지 못했다.	ecl-batch-editorial
ecl.3.50.08136	그들이 다가온다.	ecl-batch-editorial
ecl.3.50.08583	벽에 몸을 부딪쳐 보지만 소용없다.	ecl-batch-editorial
ecl.3.50.08663	경보가 울린다...	ecl-batch-editorial
ecl.3.50.08718	에어록이 작동한다...	ecl-batch-editorial
ecl.3.50.08739	「저는 로저스 대위입니다. 벅이라고 불러 주십시오.」,	ecl-batch-editorial
ecl.3.50.08775	당신들의 대화	ecl-batch-editorial
ecl.3.50.08809	함선에 탑승하자 스콧이 보고한다. 「해적선 컴퓨터의 정보를 분석했다. 탈론이 ECG 통 몇 개를 훔쳐 소행성대 어딘가의 비밀 기지에 숨겨 두었다.	ecl-batch-editorial
ecl.3.50.08960	「그 통들이 부화하기 전에 찾아서 파괴해야 한다고 판단한다. 팔라스에서 함선을 이탈한 『개리티』라는 자의 기록을 발견했다. 그라면 기지의 위치를 알고 있을지도 모른다.」	ecl-batch-editorial
ecl.3.52.00394	타고 온 함선으로 탈출한다.	ecl-batch-editorial
ecl.3.52.00419	이 에어록은 밀폐되어 있다.	ecl-batch-editorial
ecl.3.52.00517	몇 층입니까?	ecl-batch-editorial
ecl.3.52.00710	위쪽은 심하게 파손되어 있다...	ecl-batch-editorial
ecl.3.52.00775	아래쪽은 심하게 파손되어 있다...	ecl-batch-editorial
ecl.3.52.00852	함선으로 통하는 에어록은 동쪽에 있다.	ecl-batch-editorial
ecl.3.52.00905	적함의 에어록 앞에 서 있다.	ecl-batch-editorial
ecl.3.52.01000	경비병들이 양쪽에서 공격한다.	ecl-batch-editorial
ecl.3.52.01085	승무원 숙소 구역에 들어섰다.	ecl-batch-editorial
ecl.3.52.01130	한 승무원의 선실에 와 있다.	ecl-batch-editorial
ecl.3.52.01173	장교의 선실에 들어섰다.	ecl-batch-editorial
ecl.3.52.01259	함교 승무원들이 공격한다.	ecl-batch-editorial
ecl.3.52.01333	함교의 주요 제어 장치 다수를 찾아냈다.	ecl-batch-editorial
ecl.3.52.01401	함교 제어 장치 몇 개를 찾았다.	ecl-batch-editorial
ecl.3.52.01458	기관 제어 장치를 다수 발견한다.	ecl-batch-editorial
ecl.3.52.01515	기관 제어 장치 다수 앞에 서 있다.	ecl-batch-editorial
ecl.3.52.01576	기관 구역 비상 에어록에 와 있다.	ecl-batch-editorial
ecl.3.52.01669	기관 승무원들이 공격한다.	ecl-batch-editorial
ecl.3.52.01724	제어 장치가 많이 보이지만 파손되었거나 가동이 중지되어 있다.	ecl-batch-editorial
ecl.3.52.01784	모두 가동 중지시킨다.	ecl-batch-editorial
ecl.3.52.01852	그들이 뒤쫓아 함선 안까지 밀고 들어온다!!!	ecl-batch-editorial
ecl.3.52.02035	더는 달아날 곳이 없다...	ecl-batch-editorial
ecl.3.52.02072	그들의 함선을 나포했다.	ecl-batch-editorial
ecl.3.52.02245	다가오는 사내들이 보인다.	ecl-batch-editorial
ecl.4.64.00148	등 뒤에서 흰 섬광이 번쩍이고, 소리가 뭉개지듯 번진다.	ecl-batch-editorial
ecl.4.64.00207	무기가 발사되어 기지가 녹아내려 평지가 되었다!	ecl-batch-editorial
ecl.4.64.00303	화성 지표면에 내려서며,	ecl-batch-editorial
ecl.4.64.00333	당신들의 도착	ecl-batch-editorial
ecl.4.64.00350	함선에서 내린다.	ecl-batch-editorial
ecl.4.64.00381	거기서 강인하고 당당해 보이는 사내와 마주한다. 분명 우두머리이며, 곁에는 황갈색 피부의 여자가 서 있다.	ecl-batch-editorial
ecl.4.64.00538	그는 말이 없다. 대신	ecl-batch-editorial
ecl.4.64.00568	정면으로	ecl-batch-editorial
ecl.4.64.00585	와(과) 눈을 마주 본다.	ecl-batch-editorial
ecl.4.64.00609	시선을 맞받겠습니까, 피하겠습니까, 물러서겠습니까, 방어하겠습니까?	ecl-batch-editorial
ecl.4.64.00708	러너가 몸을 곧게 펴고 우뚝 서서	ecl-batch-editorial
ecl.4.64.00750	을(를) 내려다본다. 그가 으르렁거린다.	ecl-batch-editorial
ecl.4.64.00773	그는 용기를 높이 산다.	ecl-batch-editorial
ecl.4.64.00795	그가 굵은 목소리로 말한다. 「나는 터스콘이다. 내가 이끈다. 말해라.」	ecl-batch-editorial
ecl.4.64.00836	그럼,	ecl-batch-editorial
ecl.4.64.00904	눈 깜짝할 속도로 그가	ecl-batch-editorial
ecl.4.64.00933	의 머리를 철썩 때린다.	ecl-batch-editorial
ecl.4.64.00951	은(는) 멍해진다.	ecl-batch-editorial
ecl.4.64.00963	러너가 비웃으며 맞서 보라고 도발한다. 누군가 나서겠습니까?	ecl-batch-editorial
ecl.4.64.01099	은(는) 사막 러너들에게 정중히 인사한다.	ecl-batch-editorial
ecl.4.64.01130	그들이 바라보는 사람은	ecl-batch-editorial
ecl.4.64.01154	「두려워 마라. 너희가 왜 여기 왔는지 말해라.」	ecl-batch-editorial
ecl.4.64.01199	은(는) 현명하게도 격식을 생략한다.	ecl-batch-editorial
ecl.4.64.01226	임박한 공격을 그들에게 경고한다.	ecl-batch-editorial
ecl.4.64.01259	터스콘이 낮게 쉿 소리를 낸다. 「조용히!」 갑자기 들리는 것이라곤 거친 숨소리뿐이다.	ecl-batch-editorial
ecl.4.64.01321	터스콘이 귀를 기울인다...	ecl-batch-editorial
ecl.4.64.01350	그가 말한다. 「우리는 사막의 고요한 심장 속에 산다. 시끄러운 곳에 사는 너희는 우리에 비하면 귀먹은 자나 다름없다.」	ecl-batch-editorial
ecl.4.64.01435	「우리는 수 마일 밖의 적의 기척도 듣는다. 웃으면서 그들을 따돌린다.	ecl-batch-editorial
ecl.4.64.01479	적의 기척이 들리지 않는다. 너희는 거짓말을 하고 있다!」	ecl-batch-editorial
ecl.4.64.01511	여자가 그의 노여움을 가라앉힌다. 「나는 아사다. 조심해라, 우리 부족은 거짓말쟁이를 좋아하지 않는다.」	ecl-batch-editorial
ecl.4.64.01580	RAM이 어떻게 우리 귀에 들리지 않게 공격하는지 한 단어로 말해 보라.」	ecl-batch-editorial
ecl.4.64.01775	「저들의 말은 사실이다! 마을을 떠나라! 우리 새끼들을 구하라!」 그는 성큼성큼 뛰어간다.	ecl-batch-editorial
ecl.4.64.01837	어쩌면 우리도 도울 수 있을지 모르오. 우리는 자존심이 강하지만 간청하오. 우리 새끼들을 지키는 일을 도와주시겠소?」	ecl-batch-editorial
ecl.4.64.01917	「겁쟁이들!」 그들은 눈길조차 주지 않는다.	ecl-batch-editorial
ecl.4.64.01953	우리 전사들과 함께 RAM을 찾아 나서시오. 우리는 새끼들을 데리고 지하로 들어가겠소.	ecl-batch-editorial
ecl.4.64.02008	모두 안전해지면 우리가 울부짖겠소. 그때 마을을 떠나시오.」	ecl-batch-editorial
ecl.4.64.02055	그들이 서둘러 떠난다.	ecl-batch-editorial
ecl.4.64.02096	살아남은 사람은 없어 보이지만...	ecl-batch-editorial
ecl.4.64.02124	폐허에서 비틀거리며 벗어나는 피투성이 러너를 발견한다.	ecl-batch-editorial
ecl.4.64.02170	그를 치료해 준다.	ecl-batch-editorial
ecl.4.64.02192	「내 일족의 복수를 위해 당신들과 함께 싸워도 되겠소?」	ecl-batch-editorial
ecl.4.64.02228	그는 떠난다.	ecl-batch-editorial
ecl.4.64.02279	두려움 없이 다가오는 러너 정찰병과 마주친다.	ecl-batch-editorial
ecl.4.64.02323	보초가 러너들의 숨겨진 야영지로 안내한다.	ecl-batch-editorial
ecl.4.64.02364	들어서자 사람들이 벌떡 일어선다. 「용사들이다!」	ecl-batch-editorial
ecl.4.64.02423	한 사람이 외친다. 「저들이 불길 속에서 나를 구해 줬어!」	ecl-batch-editorial
ecl.4.64.02460	다른 사람이 말한다. 「저들이 우리 가족을 구했어!」	ecl-batch-editorial
ecl.4.64.02499	「저들이 내 형제의 복수를 해 줬어!」	ecl-batch-editorial
ecl.4.64.02530	한 노파가 큰 소리로 외친다. 「저들은 영웅이야!」 그녀가 선물을 바친다.	ecl-batch-editorial
ecl.4.64.02597	「저들은 진정한 전사야!」	ecl-batch-editorial
ecl.4.64.02621	야영지 곳곳에서 갈채가 쏟아진다.	ecl-batch-editorial
ecl.4.64.02652	우두머리는 웃지 않는다. 「우리 부족이 감사하오. 하지만 이 쓸쓸한 사막에 당신들이 왜 왔는지 궁금하오. RAM과 싸우러 왔소?」	ecl-batch-editorial
ecl.4.64.02759	「그렇다면 당신들은 첩자로구려.	ecl-batch-editorial
ecl.4.64.02779	어느 행성을 위해 일하오?」	ecl-batch-editorial
ecl.4.64.02860	「그 세계는 알지 못하오.	ecl-batch-editorial
ecl.4.64.02883	하지만 당신들의 싸움은 우리의 싸움이 아니오. 우리 마을이 불탄 것은 당신들이 여기 있기 때문이라고 생각하오. 그렇소?」	ecl-batch-editorial
ecl.4.64.02959	「그렇다면 우리는 왜 습격당했소? 우리에게 RAM을 위협할 만한 무엇이 있다는 말이오?」	ecl-batch-editorial
ecl.4.64.03009	러너들이 RAM의 비밀을 알고 있다고 그에게 말해 준다...	ecl-batch-editorial
ecl.4.64.03054	그만하시오. 당신들이 우리의 싸움에 별 관심이 없다는 것을 알겠소. 나도 당신들의 싸움을 신경 쓸 이유가 없소.」	ecl-batch-editorial
ecl.4.64.03127	「그러나 당신들이 우리를 도왔으니 우리도 당신들을 돕겠소.」	ecl-batch-editorial
ecl.4.64.03174	「당신들은 정직하오. 우리는 비밀을 알고 있소.」	ecl-batch-editorial
ecl.4.64.03204	「RAM은 우리가 다 말할까 두려워하오...	ecl-batch-editorial
ecl.4.64.03234	그러니 말해 주겠소.」	ecl-batch-editorial
ecl.4.64.03248	터스콘과 아사는 빛의 폭발이 인근의 넓은 지역을 녹여 버린 일을 들려준다.	ecl-batch-editorial
ecl.4.64.03310	「그곳에 갈 것이오?」	ecl-batch-editorial
ecl.4.64.03337	「그렇다면 우리와 함께 갈 수 없소. 고문당하면 당신들이 우리의 비밀 통로를 전부 털어놓을 테니 말이오.」	ecl-batch-editorial
ecl.4.64.03410	터스콘이 생각에 잠긴다. 「RAM을 공격할 셈이오?」	ecl-batch-editorial
ecl.4.64.03454	그렇지 않기를 바라오! 수가 너무 적소. 아니, 정보를 얻으러 온 것이라 짐작하오.」	ecl-batch-editorial
ecl.4.64.03512	「폭발하는 빛이 두렵소. 그렇지 않소?」	ecl-batch-editorial
ecl.4.64.03551	「두려워하게 될 것이오.」	ecl-batch-editorial
ecl.4.64.03567	「그것이 무엇인지, 어떻게 막을 수 있는지 알아내려는 것이오?」	ecl-batch-editorial
ecl.4.64.03636	「이렇게 하시오. 여기서 북서쪽 협곡으로 가시오. 푸른 바위를 찾아 나를 기다리시오. 알겠소?」	ecl-batch-editorial
ecl.4.64.03719	「내가 비밀 통로를 통해 적에게로 안내하겠소.」	ecl-batch-editorial
ecl.4.64.03758	잠시 동안 러너들과 함께 식사하며 즐거운 한때를 보낸다.	ecl-batch-editorial
ecl.4.64.03828	「이제 가야 하오. 좋은 사냥이 되기를 바라오.」 그들은 떠난다.	ecl-batch-editorial
ecl.4.64.03898	「우리는 당신들과 벅 로저스에 대한 이야기를 많이 들었소.	ecl-batch-editorial
ecl.4.64.03933	「당신들은 어리석소.	ecl-batch-editorial
ecl.4.64.03968	「좋소. 위험한 일이오.」	ecl-batch-editorial
ecl.4.64.04014	터스콘이 화가 나서 외친다. 「겁쟁이들! 달아나려는 것이오!」	ecl-batch-editorial
ecl.4.64.04070	「돌아가든지, 아니면 내가 당신들을 두고 떠나야 하오!」 돌아가겠습니까?	ecl-batch-editorial
ecl.4.64.04200	터스콘이 기지에서 멀리 떨어진 곳으로 이끈다.	ecl-batch-editorial
ecl.4.64.04231	한동안 깊은 협곡을 따라간다.	ecl-batch-editorial
ecl.4.64.04267	아사가 이끄는 러너 무리와 마주친다.	ecl-batch-editorial
ecl.4.64.04301	살아 있는 터스콘을 보고 아사는 기뻐서 운다.	ecl-batch-editorial
ecl.4.64.04338	터스콘이 전할 말이 있다,	ecl-batch-editorial
ecl.4.64.04360	진솔한 작별 인사	ecl-batch-editorial
ecl.4.64.04380	러너들은 사막 속으로 사라진다.	ecl-batch-editorial
ecl.4.64.04868	「RAM의 메시지를 가로챘다. 놈들이 함선 동쪽 마을을 습격해 사막 러너를 모조리 죽일 작정이다!」	ecl-batch-editorial
ecl.4.64.04962	「놈들은 러너들이 『그 계획』에 관한 비밀을 알까 봐 두려워하는 듯하다. 잠깐...	ecl-batch-editorial
ecl.4.64.05024	웬일인지 놈들이 글라이더를 쓰고 있다! 가야 한다. 교신 종료.」	ecl-batch-editorial
ecl.4.64.05070	신호가 점점 사라진다.	ecl-batch-editorial
ecl.4.64.05176	검은 유리가 더 있다.	ecl-batch-editorial
ecl.4.64.05306	은(는) 뭔가 알아채고,	ecl-batch-editorial
ecl.4.64.05423	북동쪽 봉우리들 사이에서 반짝이는 빛을 발견한다!	ecl-batch-editorial
ecl.4.64.05462	피라미드처럼 보인다.	ecl-batch-editorial
ecl.4.64.05535	은(는) 뭔가 눈치채고,	ecl-batch-editorial
ecl.4.64.05697	협곡 밖으로 올라온다.	ecl-batch-editorial
ecl.4.64.05730	배드랜즈에 들어섰다.	ecl-batch-editorial
ecl.4.64.05872	동물의 흔적이 보인다. 피하겠습니까?	ecl-batch-editorial
ecl.4.64.05975	은(는) 그것들을 피해 이끈다.	ecl-batch-editorial
ecl.4.64.06017	사막 유인원들이 냄새를 맡고 주위를 에워싼다.	ecl-batch-editorial
ecl.4.64.06129	겁을 주어 쫓아낸다.	ecl-batch-editorial
ecl.4.64.06202	헥사딜로 떼가 길을 막는다.	ecl-batch-editorial
ecl.4.64.06267	모래 오징어!	ecl-batch-editorial
ecl.4.64.06357	다가가자 그것들이 미끄러지듯 달아난다.	ecl-batch-editorial
ecl.4.64.06404	RAM 스키머들이 머리 위로 날아간다...	ecl-batch-editorial
ecl.4.64.06439	그리고 사라진다.	ecl-batch-editorial
ecl.4.64.06453	그리고 선회해 돌아온다.	ecl-batch-editorial
ecl.4.64.06523	그들이 팀을 찾아 덤불을 샅샅이 뒤진다. 곧 굉음을 내며 멀어진다.	ecl-batch-editorial
ecl.4.64.06563	그들에게 발각된다.	ecl-batch-editorial
ecl.4.64.06593	그들이 앞질러 날아가 매복을 준비해 두었다!	ecl-batch-editorial
ecl.4.64.06640	그들이 돌격한다!	ecl-batch-editorial
ecl.4.64.06771	험준한 바위 절벽 사이로 러너 마을의 흙벽이 보인다.	ecl-batch-editorial
ecl.4.64.06836	들어가겠습니까?	ecl-batch-editorial
ecl.4.64.06863	안에는 재만 남아 있다.	ecl-batch-editorial
ecl.4.64.06890	다가가자 스콧이 지면 역장을 끈다. 함선에 올라탄다.	ecl-batch-editorial
ecl.4.64.06960	그는 이야기를 조급하게 듣는다. 「들어라. RAM이 이곳에서 뭔가 꾸미고 있다는 건 안다. 그게 무엇인지 알아내야 한다.」	ecl-batch-editorial
ecl.4.64.07043	「지금 떠나면 다시 돌아오는 길이 위험할 수도 있다.」	ecl-batch-editorial
ecl.4.64.07081	이륙하겠습니까?	ecl-batch-editorial
ecl.4.64.07108	장비를 재정비하고 다시 길을 나선다.	ecl-batch-editorial
ecl.4.64.07140	그는 돌아온 것을 기뻐하지만, 발견한 것을 이야기하자,	ecl-batch-editorial
ecl.4.64.07185	그의 반응	ecl-batch-editorial
ecl.4.64.07199	「시간이 없다. 이륙을 준비하라!」	ecl-batch-editorial
ecl.4.64.07279	이곳은 절벽과 막다른 협곡이 얽힌 미로다.	ecl-batch-editorial
ecl.4.64.07327	이 행성에서는 보기 드문 푸른 바위를 발견한다.	ecl-batch-editorial
ecl.4.64.07376	터스콘과 아사가 이곳에서 기다리고 있다.	ecl-batch-editorial
ecl.4.64.07414	아사가 보따리를 움켜쥐고 있다. 「이 제복이 도움이 될지도 모르오.」 팀을 변장시키겠습니까?	ecl-batch-editorial
ecl.4.64.07519	아사는 자기가 해 보겠다고 고집한다.	ecl-batch-editorial
ecl.4.64.07539	곧 모두 RAM 복장을 갖춘다.	ecl-batch-editorial
ecl.4.64.07573	아주 그럴듯해 보인다.	ecl-batch-editorial
ecl.4.64.07602	고글과 햇빛 가리개를 쓰니 터스콘조차 전투 개조인으로 감쪽같이 통한다.	ecl-batch-editorial
ecl.4.64.07657	아사가 터스콘을 한 번 꼭 안아 주고는 떠난다.	ecl-batch-editorial
ecl.4.64.07693	그가 한숨을 쉰다. 「당신들과 함께 싸우기로 결심했소. 갑시다.」	ecl-batch-editorial
ecl.4.64.07753	가파른 협곡을 따라가며 큰 바위들을 힘겹게 넘는다.	ecl-batch-editorial
ecl.4.64.07801	황량한 평원으로 내려선다.	ecl-batch-editorial
ecl.4.64.07854	안전한 거리에서 마을이 불길 속에 파괴되는 광경을 목격한다.	ecl-batch-editorial
ecl.4.64.07937	아사가 끼어든다. 「	ecl-batch-editorial
ecl.4.64.07962	그녀는 장신구로 잘라 쓸 녹색 카드를 한 장 갖고 있다. 총알 자국투성이 카드를 주고 그것과 바꾼다.	ecl-batch-editorial
ecl.4.64.08031	「거짓말을 하고 있소. 물론 그럴 것이오. 그러려고 여기 온 것이 아니오!」	ecl-batch-editorial
ecl.4.64.08092	단단한 흑요석 호수 위로 올라선다. 발밑에서 바스락 부서지는 소리가 난다.	ecl-batch-editorial
ecl.4.64.08143	갑자기 화상 전화가 다급하게 울린다.	ecl-batch-editorial
ecl.4.64.08192	공기 중에 연기와 죽음의 기운이 감돈다.	ecl-batch-editorial
ecl.4.64.08220	지형이 갈수록 험하고 위압적이다.	ecl-batch-editorial
ecl.4.64.08277	「RAM이 글라이더를 출격시키고 있다! 마을에 경고하러 갈 거라면 서둘러라.」	ecl-batch-editorial
ecl.4.64.08346	「우리가 감사하오.	ecl-batch-editorial
ecl.4.64.08477	그가 녹색 카드를 건넨다. 「값진 물건이라고 생각하오.」	ecl-batch-editorial
ecl.4.64.08526	「RAM을 찾고자 한다면...」	ecl-batch-editorial
ecl.4.64.08551	「놈들은 북쪽 산속에 숨겨진 기지에서 왔소.」	ecl-batch-editorial
ecl.4.64.08599	누가 하겠습니까?	ecl-batch-editorial
ecl.4.64.08622	그 사람은 못 한다.	ecl-batch-editorial
ecl.4.65.00199	문을 지키던 사막 러너들이 마을 중앙으로 안내한다.	ecl-batch-editorial
ecl.4.65.00272	설명하려 하지만 소용없다. 러너들은 떠난다.	ecl-batch-editorial
ecl.4.65.00352	들어서자 격렬한 전투가 벌어지는 소리가 들린다. 문 주변에 시신들이 널려 있다.	ecl-batch-editorial
ecl.4.65.00557	마을을 떠나겠습니까?	ecl-batch-editorial
ecl.4.65.00993	RAM 부대가 도착했다!	ecl-batch-editorial
ecl.4.65.01072	사막 러너들이 달려온다. 일부는 죽은 이들을 위해 흐느낀다...	ecl-batch-editorial
ecl.4.65.01116	다른 이들은 쓰러진 적들 사이에서 춤을 춘다.	ecl-batch-editorial
ecl.4.65.01155	많은 이들이 당신들의 무기와 방어구에 감탄한다.	ecl-batch-editorial
ecl.4.65.01192	그들은 공격에 대해 당신들이 옳았음을 인정한다.	ecl-batch-editorial
ecl.4.65.01229	그들은 더 많은 적을 찾아 달려간다.	ecl-batch-editorial
ecl.4.65.01364	당신들이 발을 들인 곳은,	ecl-batch-editorial
ecl.4.65.01383	사막 러너 무리 속이다.	ecl-batch-editorial
ecl.4.65.01412	그들은 함께 싸우자고 재촉한다.	ecl-batch-editorial
ecl.4.65.01449	불안한 그들이 당신들에게 무기를 겨눈다.	ecl-batch-editorial
ecl.4.65.01524	안도한 그들은 당신들이 RAM이 아님을 알아보고 가까이 오라고 손짓한다.	ecl-batch-editorial
ecl.4.65.01583	무기를 꺼내 든다. 놀란 러너들이 발포한다.	ecl-batch-editorial
ecl.4.65.01652	응사	ecl-batch-editorial
ecl.4.65.01724	앞으로 나아간다. 너무 늦게야 치명적인 실수를 저질렀음을 깨닫는다.	ecl-batch-editorial
ecl.4.65.01775	조롱 섞인 울부짖음이 귓가에 울리는 가운데 뒤로 물러난다.	ecl-batch-editorial
ecl.4.65.01833	그들과 합류하겠습니까?	ecl-batch-editorial
ecl.4.65.01884	앞으로 나아간다.	ecl-batch-editorial
ecl.4.65.01998	앞쪽에 사막 러너들이 모여들고 있다.	ecl-batch-editorial
ecl.4.65.02052	굳은 표정의 러너들이 앞쪽 진지를 지킨다.	ecl-batch-editorial
ecl.4.65.02136	앞쪽에 시신이 널려 있다.	ecl-batch-editorial
ecl.4.65.02243	러너 전사들이 대기 중이다.	ecl-batch-editorial
ecl.4.65.02308	러너들이 비켜서서 길을 터 준다.	ecl-batch-editorial
ecl.4.65.02368	사막 러너들이 이 건물들에서 대피하고 있다. 몇 명은 남아 경비를 선다.	ecl-batch-editorial
ecl.4.65.02487	함께 적을 기다린다.	ecl-batch-editorial
ecl.4.65.02550	러너들이 석궁을 치켜든다...	ecl-batch-editorial
ecl.4.65.02631	정문을 마주한다.	ecl-batch-editorial
ecl.4.65.02663	이곳은 공동 침실이다.	ecl-batch-editorial
ecl.4.65.02718	부엌에서,	ecl-batch-editorial
ecl.4.65.02759	이곳은 작업실이다.	ecl-batch-editorial
ecl.4.65.02796	창고.	ecl-batch-editorial
ecl.4.65.02827	보따리를 든 사람들과 아이들이 지하 저장고로 재빨리 사라진다.	ecl-batch-editorial
ecl.4.65.02893	내려가겠습니까?	ecl-batch-editorial
ecl.4.65.03013	여성 경비병이 날 선 목소리로 내뱉는다. 「겁쟁이들! 새끼들이 아직 위험에 처해 있다! 울부짖는 신호가 있을 때까지 싸워라!」	ecl-batch-editorial
ecl.4.65.03084	그녀가 문을 쾅 닫는다.	ecl-batch-editorial
ecl.4.65.03118	지하 저장고일 뿐이다. 들어가겠습니까?	ecl-batch-editorial
ecl.4.65.03155	탈출할 수 있는 터널이 있다.	ecl-batch-editorial
ecl.4.65.03213	러너 보초 한 명이 따라오라고 손짓한다.	ecl-batch-editorial
ecl.4.65.03273	통로가 부풀어 오른 시신들로 가득하다. 역겨움에 문을 닫아 버린다.	ecl-batch-editorial
ecl.4.65.03334	누가 봐도 옥외 화장실이다.	ecl-batch-editorial
ecl.4.65.03361	육아실.	ecl-batch-editorial
ecl.4.65.03396	큰 홀.	ecl-batch-editorial
ecl.4.65.03526	RAM 증원군이 도착했다!	ecl-batch-editorial
ecl.4.65.03673	전령 한 명이 달려온다. RAM 부대가 흩어져 마을 곳곳으로 밀려들고 있는 모양이다.	ecl-batch-editorial
ecl.4.65.03759	러너들이 소규모로 나뉘어 적을 쫓아 서둘러 흩어진다.	ecl-batch-editorial
ecl.4.65.03838	연기 냄새가 난다.	ecl-batch-editorial
ecl.4.65.03855	불타는 건물에서 피어오른 연기가 자욱하다.	ecl-batch-editorial
ecl.4.65.03982	RAM 침입자들!	ecl-batch-editorial
ecl.4.65.04034	끔찍한 살육.	ecl-batch-editorial
ecl.4.65.04079	RAM 로봇 한 대.	ecl-batch-editorial
ecl.4.65.04112	이곳을 지키던 러너들이 전멸했다. 시신들 사이를 조심스럽게 지나간다.	ecl-batch-editorial
ecl.4.65.04200	사막 러너들이 RAM 부대와 맞붙어 싸우고 있다. 돕겠습니까?	ecl-batch-editorial
ecl.4.65.04293	RAM 부대가 이 방에 있던 사람을 모조리 죽였다.	ecl-batch-editorial
ecl.4.65.04464	이 건물의 지붕이 불타고 있다.	ecl-batch-editorial
ecl.4.65.04511	자욱한 연기가 방 안에 가득하다.	ecl-batch-editorial
ecl.4.65.04621	발견한 것:	ecl-batch-editorial
ecl.4.65.04635	명의 사막 러너. 연기 속에서 꼼짝 못 하는 그들을 밖으로 옮긴다.	ecl-batch-editorial
ecl.4.65.04690	안전한 곳으로 달아난다.	ecl-batch-editorial
ecl.4.65.04738	연기와 불길 말고는 아무것도 보이지 않는다.	ecl-batch-editorial
ecl.4.65.04779	불붙은 재가 비처럼 끊임없이 떨어진다.	ecl-batch-editorial
ecl.4.65.04815	맹렬한 불길 속으로 들어서고 있다. 도로 뛰어나가겠습니까?	ecl-batch-editorial
ecl.4.65.04874	연기와 불길에 피해를 입는다!	ecl-batch-editorial
ecl.4.65.04955	RAM 공병이 더 나타났다! 그들이 당신들과 맞서는 사이 마을 사람들이 되살아난 분노로 공격한다.	ecl-batch-editorial
ecl.4.65.05098	마을 사람들이 RAM 공병에 고전한다.	ecl-batch-editorial
ecl.4.65.05204	사막 러너들이 때맞춰 개입한 당신들에게 환호한다.	ecl-batch-editorial
ecl.4.65.05274	이 방은 버려진 듯하다.	ecl-batch-editorial
ecl.4.65.05396	사방에서 러너들이 섬뜩한 울부짖음을 터뜨린다!	ecl-batch-editorial
ecl.4.65.05560	유인원형 스캐빈저 개조인.	ecl-batch-editorial
ecl.4.65.05613	당신들이 다가가자 그들은 달아난다.	ecl-batch-editorial
ecl.4.65.05647	흥분한 그들이 돌격해 온다!	ecl-batch-editorial
ecl.4.65.05710	유인원 한 마리가 흥미로운 녹색 카드를 떨어뜨렸다. 가져가겠습니까?	ecl-batch-editorial
ecl.4.65.05789	웅크린 시신들과 벌집이 된 로봇 잔해가 이 일대에 흩어져 있다.	ecl-batch-editorial
ecl.4.65.05875	주먹만 한 금속 구체도 발견한다.	ecl-batch-editorial
ecl.4.65.05974	그것이 폭발한다!	ecl-batch-editorial
ecl.4.65.05993	은(는) 액체 불꽃 줄기를 뒤집어쓴다!	ecl-batch-editorial
ecl.4.65.06024	들러붙은 녹색 불꽃에 천천히 타는 사람,	ecl-batch-editorial
ecl.4.65.06088	비명을 삼키며,	ecl-batch-editorial
ecl.4.65.06109	은(는) 무작정 내달린다.	ecl-batch-editorial
ecl.4.65.06131	미친 듯한 속도로 뒤쫓는다.	ecl-batch-editorial
ecl.4.65.06211	우물에 이르렀을 때,	ecl-batch-editorial
ecl.4.65.06237	은(는) 사라지고 없다.	ecl-batch-editorial
ecl.4.65.06253	그것은 해를 끼치지 못하고 폭발한다.	ecl-batch-editorial
ecl.4.65.06282	우물 속을 들여다보니	ecl-batch-editorial
ecl.4.65.06316	이(가) 괴로워 뛰어들었다.	ecl-batch-editorial
ecl.4.65.06339	누군가 구해야 한다:	ecl-batch-editorial
ecl.4.65.06393	당신들은	ecl-batch-editorial
ecl.4.65.06407	이(가) 자신을 구하게 하겠습니까?	ecl-batch-editorial
ecl.4.65.06439	팀에 밧줄이 있다. 사용하겠습니까?	ecl-batch-editorial
ecl.4.65.06489	은(는) 찬물 속으로 들어간다...	ecl-batch-editorial
ecl.4.65.06557	실패했다. 다시 시도한다.	ecl-batch-editorial
ecl.4.65.06587	은(는) 초라해진 사람을 구해 낸다:	ecl-batch-editorial
ecl.4.65.06663	은(는) 익사했다.	ecl-batch-editorial
ecl.4.65.06677	숨이 끊어진 시신을 건져 올린다.	ecl-batch-editorial
ecl.4.65.06711	동료를 두고는 떠날 수 없다!	ecl-batch-editorial
ecl.4.65.06754	전장. 일부 시신은 아직도 불타고 있다.	ecl-batch-editorial
ecl.4.65.06813	반쯤 묻힌 시신들이 이곳에 누워 있다.	ecl-batch-editorial
ecl.4.65.06880	모래 오징어 개조인들이 시신을 모래 밑으로 끌고 간다.	ecl-batch-editorial
ecl.4.65.06929	당신들이 다가가자 그들은 사라진다.	ecl-batch-editorial
ecl.4.65.06977	...하지만 발치에 다시 나타난다.	ecl-batch-editorial
ecl.4.65.07029	다른 것들이 달아나면서 땅에 고랑이 파인다.	ecl-batch-editorial
ecl.4.65.07110	RAM 부대가 다시 집결했다!	ecl-batch-editorial
ecl.4.65.07203	마을 우물.	ecl-batch-editorial
ecl.4.65.07220	너무 늦게 경고를 전했다.	ecl-batch-editorial
ecl.4.65.07249	이곳에는 아무도 없고, 값나가는 것은 모두 가져가 버렸다.	ecl-batch-editorial
ecl.4.65.07295	러너들이 모두 사라진 듯하다!	ecl-batch-editorial
ecl.4.65.07324	넘어간 것:	ecl-batch-editorial
ecl.4.65.07342	구의 살해당한 사막 러너 시신.	ecl-batch-editorial
ecl.4.65.07372	이곳의 땅은 피에 흠뻑 젖어 있다.	ecl-batch-editorial
ecl.4.65.07404	이곳의 벽에는 레이저가 훑고 지나간 자국이 가득하다.	ecl-batch-editorial
ecl.4.65.07439	어머니와 아이들이 죽은 채 누워 있다.	ecl-batch-editorial
ecl.4.65.07471	RAM 로봇이 저지른 참혹한 짓이 눈앞에 펼쳐져 있다.	ecl-batch-editorial
ecl.4.65.07543	가져간 것:	ecl-batch-editorial
ecl.4.65.07610	사람들이 귀한 도구를 챙기느라 짜다 만 옷을 내팽개친다.	ecl-batch-editorial
ecl.4.65.07670	많은 원주민이 당신들을 밀치며 지나가, 식량과 소지품을 들고 작은 문으로 서둘러 빠져나간다.	ecl-batch-editorial
ecl.4.65.07739	근심 어린 부모들이 새끼들을 그러모은다.	ecl-batch-editorial
ecl.4.65.07825	바닥은	ecl-batch-editorial
ecl.4.65.07842	러너들의 시신으로 가득하다.	ecl-batch-editorial
ecl.4.65.07867	이곳에 불에 타 죽은 시신들이 있다.	ecl-batch-editorial
ecl.4.65.07909	앞쪽에 웅크린 형체들이 보인다. 아마 적일 것이다.	ecl-batch-editorial
ecl.4.65.08001	무언가가 눈길을 끈다...	ecl-batch-editorial
ecl.4.65.08028	...알고 보니 정체는	ecl-batch-editorial
ecl.4.65.08069	거의 아무것도 없다.	ecl-batch-editorial
ecl.4.65.08108	유목민들이 몇 안 되는 소지품을 챙기느라 분주하다.	ecl-batch-editorial
ecl.4.65.08162	죽은 RAM 전사 한 명은	ecl-batch-editorial
ecl.4.65.08196	목에 카드를 걸고 있다.	ecl-batch-editorial
ecl.4.65.08217	가져가겠습니까?	ecl-batch-editorial
ecl.4.65.08281	운이 나쁘다. 빗나간 레이저 한 발이 카드에 구멍을 냈다.	ecl-batch-editorial
ecl.4.65.08330	러너들이 흥분해서 외친다! 적 글라이더가 다가오고 있다!	ecl-batch-editorial
ecl.4.65.08407	부피가 큰 물건은 모두 두고 왔다.	ecl-batch-editorial
ecl.4.65.08487	고함이 터져 나온다! RAM이 곧 공격해 온다!	ecl-batch-editorial
ecl.4.65.08577	마을은 유린당해 불타고 있다. 공기 중에 죽음의 냄새가 감돈다.	ecl-batch-editorial
ecl.4.65.08759	러너들에게 사방에서 적의 기척이 들려온다.	ecl-batch-editorial
ecl.4.65.08799	앞길에 무언가 있다.	ecl-batch-editorial
ecl.4.65.08832	너무 늦었다.	ecl-batch-editorial
ecl.4.65.08859	은(는) 발밑의 바닥 문을 알아챈다. 열겠습니까?	ecl-batch-editorial
ecl.4.65.08909	앞쪽의 형체들이 전투 연기에 휩싸여 있다. 아군인지 적인지 알아볼 수 없다.	ecl-batch-editorial
ecl.4.65.09013	이 물품을 가지겠습니까?	ecl-batch-editorial
ecl.4.65.09036	누가 가져갑니까?	ecl-batch-editorial
ecl.4.65.09073	뼈 조각품	ecl-batch-editorial
ecl.4.65.09089	유인원 이빨 목걸이	ecl-batch-editorial
ecl.4.65.09109	나무 조각품	ecl-batch-editorial
ecl.4.65.09125	석영 덩어리	ecl-batch-editorial
ecl.4.65.09144	희귀한 RAM 동전	ecl-batch-editorial
ecl.4.66.00168	감시탑 너머로 위협적인 건물이 눈에 들어온다. RAM 기지 그라디부스 산이다.	ecl-batch-editorial
ecl.4.66.00243	정문에 다가간다.	ecl-batch-editorial
ecl.4.66.00334	터스콘이 화성에 물이 마음껏 흐르던 아득한 옛날에 깎여 생긴 동굴로 이끈다.	ecl-batch-editorial
ecl.4.66.00486	「적 검문소다.」 터스콘이 으르렁거린다.	ecl-batch-editorial
ecl.4.66.00707	잠긴 육중한 문이다. 열겠습니까?	ecl-batch-editorial
ecl.4.66.00924	장갑을 두른 보안 출입구다. 왼쪽에 제어 박스가 있다. 박스에 달린	ecl-batch-editorial
ecl.4.66.01035	폭파 장치	ecl-batch-editorial
ecl.4.66.01062	어떤 색입니까?	ecl-batch-editorial
ecl.4.66.01251	문이 열린다.	ecl-batch-editorial
ecl.4.66.01324	계속하겠습니까?	ecl-batch-editorial
ecl.4.66.01573	변장이 들통났다.	ecl-batch-editorial
ecl.4.66.01601	가진 것이 없다.	ecl-batch-editorial
ecl.4.66.01620	이 문은 너무 튼튼해서 폭파할 수 없다.	ecl-batch-editorial
ecl.4.66.01705	한 목소리가 단조롭게 말한다. 「분대	ecl-batch-editorial
ecl.4.66.01730	. 늦었군. 손실은 있나?」	ecl-batch-editorial
ecl.4.66.01760	「몇 명이냐?」	ecl-batch-editorial
ecl.4.66.01832	「NEO 스파이가 있다는 보고가 들어왔다. 확인할 수 있나?」	ecl-batch-editorial
ecl.4.66.01877	「레벨 1 정문으로 가서 보고해라.」	ecl-batch-editorial
ecl.4.66.01916	나머지는 어디 있나? 전원을 데리고 다시 와라.	ecl-batch-editorial
ecl.4.66.01963	이 초과 인원은 누구냐?」	ecl-batch-editorial
ecl.4.66.02041	「레벨 2에서 임무 보고를 해라.」	ecl-batch-editorial
ecl.4.66.02088	한 목소리가 말한다. 「보안 요원이 오고 있다. 기다려라.」 기다리겠습니까?	ecl-batch-editorial
ecl.4.66.02365	잠긴 문이다. 폭파하겠습니까?	ecl-batch-editorial
ecl.4.66.02399	문이 너무 뜨거워 녹아붙었다!	ecl-batch-editorial
ecl.4.66.02443	경고문이 잔뜩 붙은 육중한 문이다. 계속하겠습니까?	ecl-batch-editorial
ecl.4.66.02500	한 목소리가 알린다. 「이곳은 출입이 제한된 구역이다. 장비를 보관함에 넣어라.」 상자가 스르르 열린다.	ecl-batch-editorial
ecl.4.66.02570	지시에 따르겠습니까?	ecl-batch-editorial
ecl.4.66.02610	상자가 스르르 닫힌다.	ecl-batch-editorial
ecl.4.66.02633	그렇게 하기 전에 화성인 한 명이 걸어 나온다.	ecl-batch-editorial
ecl.4.66.02673	「그건 필요 없다. 몇 가지만 대답하면 된다.」	ecl-batch-editorial
ecl.4.66.02716	「스파이를 몇 명 봤나?」	ecl-batch-editorial
ecl.4.66.02758	「죽인 자는?	ecl-batch-editorial
ecl.4.66.02798	「전부 죽였다고?」	ecl-batch-editorial
ecl.4.66.02820	「레벨 1의 대위에게 보고해라.」	ecl-batch-editorial
ecl.4.66.02870	현재 층:	ecl-batch-editorial
ecl.4.66.02889	. 보유한 카드는	ecl-batch-editorial
ecl.4.66.02919	장이 적색, 1장이 녹색,	ecl-batch-editorial
ecl.4.66.02940	장이 청색.	ecl-batch-editorial
ecl.4.66.02962	모두 RAM 제복을 입고 있다.	ecl-batch-editorial
ecl.4.66.02993	무기가 없다!	ecl-batch-editorial
ecl.4.66.03015	경보등이 번쩍인다!	ecl-batch-editorial
ecl.4.66.03212	이 길은 사막으로 통한다. 계속하겠습니까?	ecl-batch-editorial
ecl.4.66.03307	칙칙한 작업자 침상이다.	ecl-batch-editorial
ecl.4.66.03333	사무실이다.	ecl-batch-editorial
ecl.4.66.03357	문서 한 장을 발견한다.	ecl-batch-editorial
ecl.4.66.03393	문서에는 「마리포사 3호, 수성」이라고 찍혀 있다.	ecl-batch-editorial
ecl.4.66.03433	무기 보관함이다. 열겠습니까?	ecl-batch-editorial
ecl.4.66.03502	남쪽 문에 「금고실」이라고 적혀 있다.	ecl-batch-editorial
ecl.4.66.03536	드넓은 제조 구역이다. 모든 것이 정리되어 있다.	ecl-batch-editorial
ecl.4.66.03609	개들이 짖는다! 「스파이다!」	ecl-batch-editorial
ecl.4.66.03682	테크니키들이 작업 중이다.	ecl-batch-editorial
ecl.4.66.03725	그들은 눈길도 주지 않는다.	ecl-batch-editorial
ecl.4.66.03772	그들은 무기를 보고 달아난다.	ecl-batch-editorial
ecl.4.66.03819	그들이 기겁한다. 「NEO 스파이다!」	ecl-batch-editorial
ecl.4.66.03902	책상 위에 백색 통행 카드가 놓여 있다. 가지겠습니까?	ecl-batch-editorial
ecl.4.66.03949	금고실은 비어 있는 듯하다...	ecl-batch-editorial
ecl.4.66.03983	하지만 비상 탈출 키트에서 청색 통행 카드를 발견한다.	ecl-batch-editorial
ecl.4.66.04053	여기에 보관함이 있다!	ecl-batch-editorial
ecl.4.66.04113	유인원 굴이다!	ecl-batch-editorial
ecl.4.66.04141	빈 개 사육장이다.	ecl-batch-editorial
ecl.4.66.04212	개조인 경비견들이 공격한다!	ecl-batch-editorial
ecl.4.66.04262	이곳의 동력 장치가 방사능으로 빛난다!	ecl-batch-editorial
ecl.4.66.04395	레이저가 발사된다.	ecl-batch-editorial
ecl.4.66.04455	「기지에서 대피하라!」	ecl-batch-editorial
ecl.4.66.04512	「침입자 경보! 목격 시 콘솔로 보고하라.」	ecl-batch-editorial
ecl.4.66.04674	「출구에 경비가 배치되었다. 레벨 4의 레이저 시험을 계속하라.」	ecl-batch-editorial
ecl.4.66.04733	RAM 순찰대!	ecl-batch-editorial
ecl.4.66.04758	개조견!	ecl-batch-editorial
ecl.4.66.04805	돌아가겠습니까?	ecl-batch-editorial
ecl.4.66.04850	그들이 지나쳐 간다.	ecl-batch-editorial
ecl.4.66.04882	한 목소리가 단조롭게 목록을 읊는다.	ecl-batch-editorial
ecl.4.66.04912	어느 레벨로 갑니까?	ecl-batch-editorial
ecl.4.66.05040	수직 통로의 가장자리에 서 있다!	ecl-batch-editorial
ecl.4.66.05153	위쪽의 권양기가 길을 막고 있다.	ecl-batch-editorial
ecl.4.66.05331	하마터면 떨어질 뻔했다! 놀란 채 출발한 곳에 돌아와 있다.	ecl-batch-editorial
ecl.4.66.05378	수직 통로로 들어선다. 아래에서 권양기가 올라오는 소리가 들린다!	ecl-batch-editorial
ecl.4.66.05424	깔리지 않으려고 그 위로 뛰어오른다.	ecl-batch-editorial
ecl.4.66.05518	전사 한 명이 손짓한다. 「따라와.」 따라가겠습니까?	ecl-batch-editorial
ecl.4.66.05632	대위 한 명이 앞으로 나선다. 「흠...」	ecl-batch-editorial
ecl.4.66.05659	「책임자가 누구냐?」	ecl-batch-editorial
ecl.4.66.05677	누가 대답합니까?	ecl-batch-editorial
ecl.4.66.05693	대위가	ecl-batch-editorial
ecl.4.66.05715	을(를) 위아래로 훑어본다.	ecl-batch-editorial
ecl.4.66.05728	「고생이 심했나 보군. 숙소로 돌아가 쉬어라.」	ecl-batch-editorial
ecl.4.66.05804	한 목소리가 외친다. 「멈춰라!」	ecl-batch-editorial
ecl.4.66.05838	그는 떠난다.	ecl-batch-editorial
ecl.4.66.05861	엘리베이터가 웅웅거린다.	ecl-batch-editorial
ecl.4.66.05918	레벨 4에 진입하고,	ecl-batch-editorial
ecl.4.66.05935	현장은	ecl-batch-editorial
ecl.4.66.05947	레이저 옆의 기술자들이 멍하니 바라본다. 한 명이 키를 누르자 플랫폼이 올라가기 시작한다.	ecl-batch-editorial
ecl.4.66.06040	앞으로 돌진하지만	ecl-batch-editorial
ecl.4.66.06065	「경보. 레이저 시험이 방해받았다. 모든 문을 봉쇄하라.」	ecl-batch-editorial
ecl.4.66.06119	기술자들이 위에서 사격해 온다.	ecl-batch-editorial
ecl.4.66.06151	응사하겠습니까?	ecl-batch-editorial
ecl.4.66.06184	발사한다...	ecl-batch-editorial
ecl.4.66.06225	작은 승강기가 놓여 있다. 사용하겠습니까?	ecl-batch-editorial
ecl.4.66.06259	누가 남아서 조종하겠습니까?	ecl-batch-editorial
ecl.4.66.06298	은(는) 콘솔을 맡고 나머지는 승강기에 올라선다.	ecl-batch-editorial
ecl.4.66.06332	무기를 향해 올라간다...	ecl-batch-editorial
ecl.4.66.06378	매복이다! 기술자들이	ecl-batch-editorial
ecl.4.66.06403	을(를) 덮치고 나머지는 위에서 무력하게 표류한다.	ecl-batch-editorial
ecl.4.66.06480	기술자들이 승강기를 끈다. 아래로 추락한다...	ecl-batch-editorial
ecl.4.66.06537	몰래 숨어 있던 기술자 몇 명을 몰아낸다.	ecl-batch-editorial
ecl.4.66.06589	살펴보는 사이 기술자들이 공격해 온다!	ecl-batch-editorial
ecl.4.66.06654	은(는) 큰 플랫폼까지 태워 간다.	ecl-batch-editorial
ecl.4.66.06687	한 명씩 차례로 건너뛴다.	ecl-batch-editorial
ecl.4.66.06713	시험용 종말 레이저가 이곳에서 발사를 준비하고 있다!	ecl-batch-editorial
ecl.4.66.06755	플랫폼 제어 장치 근처의 기술자가 당신들에게 사격한다.	ecl-batch-editorial
ecl.4.66.06831	은(는) 홱 돌아서 그를 쏘아 쓰러뜨린다.	ecl-batch-editorial
ecl.4.66.06853	기술자가 제어반에 세게 부딪힌다. 불꽃이 튀는 가운데 그의 몸이 제어반에 닿은 채 경련한다. 제어반이 폭발한다!!!	ecl-batch-editorial
ecl.4.66.06945	플랫폼이 흔들리며 추락하기 시작한다.	ecl-batch-editorial
ecl.4.66.07007	갱도로 떨어지는 순간,	ecl-batch-editorial
ecl.4.66.07035	은(는) 올라탄다!	ecl-batch-editorial
ecl.4.66.07047	플랫폼이 지면으로 곤두박질친다...	ecl-batch-editorial
ecl.4.66.07189	레이저 플랫폼이 추락한다!	ecl-batch-editorial
ecl.4.66.07217	몸을 일으키는 사이, 겁에 질린 기술자가 방에서 뛰쳐나가며 소리친다:	ecl-batch-editorial
ecl.4.66.07282	「곧 터진다!」	ecl-batch-editorial
ecl.4.66.07301	레이저가 날카롭게 울린다.	ecl-batch-editorial
ecl.4.66.07329	전투 로봇들이 방에 들이닥친다.	ecl-batch-editorial
ecl.4.66.07378	소리가 점점 더 커진다.	ecl-batch-editorial
ecl.4.66.07427	콘솔을 사용하겠습니까?	ecl-batch-editorial
ecl.4.66.07472	은(는) 작업을 시작한다.	ecl-batch-editorial
ecl.4.66.07541	... 기지 운영인가, 데이터 운영인가?」	ecl-batch-editorial
ecl.4.66.07593	파일이 열려 있다.	ecl-batch-editorial
ecl.4.66.07609	누가 파일을 조사하겠습니까?	ecl-batch-editorial
ecl.4.66.07687	「기지 경보. 보안 잠금.」 우회하시겠습니까?	ecl-batch-editorial
ecl.4.66.07746	경보를 꺼 보겠습니까?	ecl-batch-editorial
ecl.4.66.07793	어떤 허위 보고를	ecl-batch-editorial
ecl.4.66.07818	이(가) 하겠습니까? 「스파이가...」	ecl-batch-editorial
ecl.4.66.07863	누구 명의로 하겠습니까?	ecl-batch-editorial
ecl.4.66.07908	어느 레벨입니까?	ecl-batch-editorial
ecl.4.66.07932	은(는) 허위 보고서를 제출한다...	ecl-batch-editorial
ecl.4.66.08054	경보가 멈춘다.	ecl-batch-editorial
ecl.4.66.08183	더 살펴보겠습니까?	ecl-batch-editorial
ecl.4.66.08259	은(는) 새로 알아낸 것이 없다.	ecl-batch-editorial
ecl.4.66.08291	은(는) 열람 제한 파일을 본다:	ecl-batch-editorial
ecl.4.66.08334	이런!	ecl-batch-editorial
ecl.4.66.08361	화면이 번쩍이며,	ecl-batch-editorial
ecl.4.66.08379	그 섬뜩한 메시지	ecl-batch-editorial
ecl.4.66.08397	「즉시 파기하라」는 뜻이다.	ecl-batch-editorial
ecl.4.66.08445	물품을 되찾는다.	ecl-batch-editorial
ecl.4.66.08489	전방에 거대한 RAM 부대가 나타났다!	ecl-batch-editorial
ecl.4.66.08532	경보가 울린다! 「	ecl-batch-editorial
ecl.4.66.08581	게이트 돌파! 수리 로봇과	ecl-batch-editorial
ecl.4.66.08617	콘솔 경보!	ecl-batch-editorial
ecl.4.66.08657	분대 복귀 시간 초과!	ecl-batch-editorial
ecl.4.66.08676	스파이 미발견!	ecl-batch-editorial
ecl.4.66.08691	전 레벨을 수색하라.」	ecl-batch-editorial
ecl.4.66.08710	은(는) 순찰하러 간다: 레벨	ecl-batch-editorial
ecl.4.66.08759	은(는) 스캔한다:	ecl-batch-editorial
ecl.4.66.08797	글자가 떠오른다,	ecl-batch-editorial
ecl.4.66.08893	효과가 없다.	ecl-batch-editorial
ecl.4.66.08906	「센서에 따르면 당신들에게서	ecl-batch-editorial
ecl.4.66.08924	떨어진 곳이다.」	ecl-batch-editorial
ecl.4.66.08937	붙잡을 곳이 없다.	ecl-batch-editorial
ecl.4.66.08952	침입자 위치: 레벨	ecl-batch-editorial
ecl.4.66.09107	플랫폼은 피라미드 꼭대기에 있어 손이 닿지 않는다.	ecl-batch-editorial
ecl.4.66.09150	사격이 플랫폼을 휩쓸자 기술자 한 명이 추락한다.	ecl-batch-editorial
ecl.4.67.00562	RAM 부대가 공격한다.	ecl-batch-editorial
ecl.4.67.00606	로봇 한 대가 공격한다.	ecl-batch-editorial
ecl.4.67.00655	RAM이 환영단을 준비해 놓고 기다리고 있다.	ecl-batch-editorial
ecl.4.67.00710	터널 안에 목소리가 울려 퍼진다. 「나는 길버트 지휘관이다. 보고서에 적힌 대로 만만치 않은 자들이군. 하지만 이제 임자를 만났다.」	ecl-batch-editorial
ecl.4.67.00932	광분한 사막 유인원 떼가 로봇에게 내몰려 달려든다.	ecl-batch-editorial
ecl.4.67.00996	길버트가 웃는다. 「본국이 보내는 선물이다. 너희가 찾는 원시인은 여기 없다.」	ecl-batch-editorial
ecl.4.67.01183	지휘관이 말한다. 「점점 가까워지는군. 하지만 틀렸다.	ecl-batch-editorial
ecl.4.67.01291	들어서자 맞은편 문으로 RAM 전사들이 뛰어든다. 지휘관 한 명이 앞으로 나서서 메모를 꺼내 읽기 시작한다. 「탈론, 그대의 실패로 인해 이 기지와 그대의 목숨을 몰수한다.」	ecl-batch-editorial
ecl.4.67.01448	누군가 그의 귀에 대고 속삭인다. 그는 깜짝 놀란 표정이다. 「누가 왔든 어차피 죽이면 그만이다.」 그는 돌아서서 자리를 뜬다.	ecl-batch-editorial
ecl.4.67.01577	들어서자 지휘관이 깜짝 놀란 얼굴을 한다. 「이건 매우 이례적이군.」 그는 부하들을 돌아본다. 「저들을 처리해 보아라. 나는 보물을 찾아야 한다.」 그는 자리를 뜬다.	ecl-batch-editorial
ecl.4.67.01739	개조견들이 공격한다.	ecl-batch-editorial
ecl.4.67.01788	이 방에는 한때 침상이 놓여 있었다. 찢어진 침구와 부서진 뼈대가 아무렇게나 떠다닌다.	ecl-batch-editorial
ecl.4.67.01876	방은 로봇 정비 장비로 가득하다. 로봇은 눈에 띄지 않는다.	ecl-batch-editorial
ecl.4.67.01958	낡은 광산 구역이다. 오래된 폐석이 공중에 떠다닌다.	ecl-batch-editorial
ecl.4.67.02034	기술자들이 패널 두 개에서 작업 중이다. 경비병들이 돌아서서 공격한다.	ecl-batch-editorial
ecl.4.67.02169	은(는) 이 콘솔이 근처의 무언가에 정보를 중계하고 있음을 알아챈다. 대상의 위치는 정확히 알 수 없다.	ecl-batch-editorial
ecl.4.67.02339	은(는) 이 내부 센서 시스템이 오른쪽 콘솔에 정보를 공급하고 있음을 알아챈다.	ecl-batch-editorial
ecl.4.67.02499	지휘관이 저편 문으로 허겁지겁 달아난다. 그의 경비병들이 공격한다.	ecl-batch-editorial
ecl.4.67.02583	더 많은 부대가 공격한다.	ecl-batch-editorial
ecl.4.67.02634	지휘관이 직속 병력을 소집한다.	ecl-batch-editorial
ecl.4.67.02706	지휘관이 저편 콘솔 밑에 웅크리고 있다.	ecl-batch-editorial
ecl.4.67.02764	콘솔에서 목소리가 흘러나온다. 「내 적들이 서로 싸우는 걸 보니 기쁘군. 남은 보물은 얼마 없지만 전부 가져가도 좋다!」 그가 미친 듯이 웃는다.	ecl-batch-editorial
ecl.4.67.02886	숨겨진 벽 패널이 열리고 로봇 한 대가 튀어나와 지휘관을 잿더미로 만든다.	ecl-batch-editorial
ecl.4.67.02988	「판독값이 높은 방사선량을 가리킨다. 여기는 분명 라듐 광산이다. 시간 낭비하지 마라!」	ecl-batch-editorial
ecl.4.67.03088	로봇 한 대가 단조로운 목소리로 말한다. 「이곳은 출입 제한 구역이다. 치명적인 무력을 사용하겠다.」	ecl-batch-editorial
ecl.4.67.03177	경보가 발령되었다. 로봇들이 이쪽으로 몰려온다.	ecl-batch-editorial
ecl.4.67.03255	벽마다 방사능 경고 표지가 눈에 띄게 붙어 있다. 피부가 따끔거린다.	ecl-batch-editorial
ecl.4.67.03336	털 없는 시신들이 건조한 공기 속에서 거의 미라처럼 말라붙어 있다.	ecl-batch-editorial
ecl.4.67.03403	남자 한 명이 바위 두 개 사이에 짓눌려 있다. 장비를 조금 지니고 있다.	ecl-batch-editorial
ecl.4.67.03502	다른 로봇 한 대가 앞길을 막는다.	ecl-batch-editorial
ecl.4.67.03577	이 방사선 감시기 수치는 치명적인 범위를 훌쩍 넘었다.	ecl-batch-editorial
ecl.4.67.03632	이 콘솔은 내부 방어 장치를 제어한다. 당신들을 받아들이도록 재프로그래밍하겠습니까?	ecl-batch-editorial
ecl.4.67.03759	은(는) 성공한다. 시스템이 아군으로 인식한다.	ecl-batch-editorial
ecl.4.67.03816	실패했다. 로봇 한 대가 경계 태세에 들어간다.	ecl-batch-editorial
ecl.4.67.03870	자동 방어 시스템이 이쪽을 조준하고 발포한다.	ecl-batch-editorial
ecl.4.67.03925	무기의 화력에 밀려 뒤로 물러난다.	ecl-batch-editorial
ecl.4.67.03965	무기는 여전히 작동하지 않는다.	ecl-batch-editorial
ecl.4.67.04014	여기서 제이슨 듀페어를 발견한다. 그는 극도로 야위었다. 그가 속삭인다. 「RAM이 수성 상공에서 치명적인 장치를 만들고 있습니다. NEO에 알려 주십시오.」 그는 정신을 잃고, 당신들은 그를 부축해 데려간다.	ecl-batch-editorial
ecl.4.67.04164	여기서 쇠약한 죄수를 또 한 명 발견한다. 그는 연신 고마워한다.	ecl-batch-editorial
ecl.4.67.04235	「침입자 경보!」 허름한 기지에 들어서자 경보가 울려 퍼진다. 벽 패널이 열리며 로봇 한 대가 나타난다.	ecl-batch-editorial
ecl.4.67.04318	경보가 계속 울린다.	ecl-batch-editorial
ecl.4.67.04380	벽을 따라 우리에 갇힌 사막 유인원들이 늘어서 있다. 조련사가 우리를 열고 달아난다.	ecl-batch-editorial
ecl.4.67.04489	비명을 지르는 사막 유인원들이 팀에게 흙과 자갈을 한 줌씩 던지고는 달아난다.	ecl-batch-editorial
ecl.4.67.04587	사막 유인원들이 작고 더러운 우리 안에서 애처롭게 이쪽을 바라본다. 우리를 열겠습니까?	ecl-batch-editorial
ecl.4.67.04647	유인원들이 우리에서 뛰쳐나와 팀을 공격한다!	ecl-batch-editorial
ecl.4.67.04713	이 방에는 예비 통신 장비가 가득하다. 로봇 한 대가 지키고 있다!	ecl-batch-editorial
ecl.4.67.04781	예비 장비를 박살 낸다.	ecl-batch-editorial
ecl.4.67.04829	기지 사령관이 깜짝 놀라 저편 문으로 물러나고, 경비병들이 대신 맞선다.	ecl-batch-editorial
ecl.4.67.04931	이 보조 통신실의 장비를 박살 낸다.	ecl-batch-editorial
ecl.4.67.05002	제어반으로 NEO에 연락해 이 기지의 상황을 보고한다. NEO는 축하 인사를 전하며 과거 통신 기록에 보안 유출이 있었는지 검토하기 시작한다.	ecl-batch-editorial
ecl.4.67.05123	전송을 마치고 제어반을 박살 낸다.	ecl-batch-editorial
ecl.4.67.05189	지휘관이 다른 문으로 서둘러 빠져나간다. 경비 로봇 한 대가 추격을 막아선다.	ecl-batch-editorial
ecl.4.67.05259	통신 장비를 더 박살 낸다.	ecl-batch-editorial
ecl.4.67.05313	지휘관이 또 다른 방으로 달아난다. 경비병은 보이지 않는다. 방 안의 장비를 파괴한다.	ecl-batch-editorial
ecl.4.67.05416	지휘관이 남은 마지막 경비병들을 불러낸다. 준비가 안 된 기술자 몇 명뿐이다.	ecl-batch-editorial
ecl.4.67.05508	지휘관이 마지막 남은 통신 장비 뒤로 몸을 숨기려 한다.	ecl-batch-editorial
ecl.4.67.05577	집중 포화로 그와 장비를 함께 궤멸시킨다.	ecl-batch-editorial
ecl.4.67.05651	모래 오징어들이 소행성에 터널을 뚫도록 훈련받고 있다. 조련사들이 팀 쪽으로 몰아온다.	ecl-batch-editorial
ecl.4.67.05782	숨겨 둔 장비 더미를 발견한다.	ecl-batch-editorial
ecl.4.67.05854	오른쪽에서 저격이 날아온다.	ecl-batch-editorial
ecl.4.67.05928	저격수들을 따라잡는다. 그런데 뒤에서 적이 더 나타난다.	ecl-batch-editorial
ecl.4.67.05995	지휘관이 달콤한 목소리로 나직이 말한다. 「원시인 하나를 구하려고 이렇게 애를 쓰다니. 그러니 RAM이 승리할 수밖에 없다.」	ecl-batch-editorial
ecl.4.67.06115	터널 아래에서 로봇들이 나타난다. 길버트가 웃는다. 「점점 가까워지고 있나?」	ecl-batch-editorial
ecl.4.67.06219	지뢰가 터진다!	ecl-batch-editorial
ecl.4.67.06258	전투 개조인들이 공격한다.	ecl-batch-editorial
ecl.4.67.06288	「끈질기군! 게다가 점점 가까워지고 있다!」 즐거워하는 목소리가 웃는다.	ecl-batch-editorial
ecl.4.67.06371	로봇 한 대가 퇴로를 막는다.	ecl-batch-editorial
ecl.4.67.06400	길버트 지휘관이 아사를 붙잡고 이곳에 있다. 그들 뒤에는 우리에 갇힌 사막 유인원이 있다. 들어서자 길버트는 아사를 우리 안으로 내던지며 말한다. 「너희의 노력은 모두 헛수고였다! 그녀의 죽음을 지켜보며 RAM의 힘을 깨달아라!」	ecl-batch-editorial
ecl.4.67.06560	미처 반응하기도 전에 투명한 방어막이 지휘관 앞에 내려온다. 벽에서 총구가 튀어나온다. 길버트가 제어 박스를 꺼낸다. 「마지막으로 한판 싸워 보아라. 그다음은 너희 차례다!」 그녀의 눈이 기대감으로 번뜩인다.	ecl-batch-editorial
ecl.4.67.06729	로봇 한 대가 들어온다.	ecl-batch-editorial
ecl.4.67.06762	길버트가 미소를 지으며 버튼 쪽으로 손가락을 내린다. 그런데 갑자기 얼굴에 당혹스러운 기색이 스치더니 그녀가 쓰러진다. 그녀 뒤에는 유인원의 부러진 팔 가시를 쥔 아사가 서 있다.	ecl-batch-editorial
ecl.4.67.06908	그녀가 미소를 지으며 가시를 만지작거린다. 「그녀는 유인원의 힘을 과대평가했군요. 전초 기지까지 가는 데 여러분의 도움이 필요합니다. 친구들이 화성으로 돌아가도록 도와줄 겁니다.」	ecl-batch-editorial
ecl.4.67.07030	기지는 텅 비어 있다. 아사는 허세를 부렸지만 중상을 입어서 함선까지 부축해 가야 한다. 그녀는 마지못해 감사를 표한다. 제어 박스로 에어록이 열린다.	ecl-batch-editorial
ecl.4.67.07175	함선으로 돌아가시겠습니까?	ecl-batch-editorial
ecl.4.67.07224	에어록이 잠겨 있다. 열려면 제어 장치를 찾아야 한다.	ecl-batch-editorial
ecl.4.67.07285	이것은 작동이 멈춘	ecl-batch-editorial
ecl.5.80.00130	기지를 나서 금성 정글로 들어선다.	ecl-batch-editorial
ecl.5.80.01232	RAM 전사들이 팀을 발견하고 공격해 온다!	ecl-batch-editorial
ecl.5.80.01326	산성 개구리들이 도우러 온다!	ecl-batch-editorial
ecl.5.80.01364	늪 말벌 떼가 팀을 공격한다!	ecl-batch-editorial
ecl.5.80.01432	팀을 따라온 산성 개구리들이 벌집 하나를 파낸다.	ecl-batch-editorial
ecl.5.80.01473	안에는 늪 말벌이 가득하고, 곧 격렬한 전투가 벌어진다. 싸움에 가담하겠습니까?	ecl-batch-editorial
ecl.5.80.01528	산성 개구리들이 늪 말벌을 순식간에 먹어 치운다.	ecl-batch-editorial
ecl.5.80.01592	우르새더의 소굴에 잘못 들어섰다!	ecl-batch-editorial
ecl.5.80.01662	눈앞에서 거대한 우르새더가 몸을 일으키고 쉭쉭 소리를 내며	ecl-batch-editorial
ecl.5.80.01707	사납게 으르렁댄다. 그 뒤 둥지에는	ecl-batch-editorial
ecl.5.80.01755	어미의 새끼들이 득실댄다. 물러서겠습니까?	ecl-batch-editorial
ecl.5.80.01793	물러서는 순간 우르새더가 후려친다!	ecl-batch-editorial
ecl.5.80.01824	천천히 물러선다.	ecl-batch-editorial
ecl.5.80.01857	RAM 글라이더들이 높은 하늘에서 훈련 중이다.	ecl-batch-editorial
ecl.5.80.01906	어디선가 산성 개구리 떼가 나타난다.	ecl-batch-editorial
ecl.5.80.01959	산성 호수 쪽에서 요란한 개구리 울음소리가 들린다.	ecl-batch-editorial
ecl.5.80.02011	속이 빈 그루터기 안에 잘게 다진 늪 말벌 몇 마리와	ecl-batch-editorial
ecl.5.80.02059	늪 민달팽이가 들어 있다. 둘레엔 반짝이는 색색의 돌이 놓여 있다.	ecl-batch-editorial
ecl.5.80.02112	산성 개구리를 모시는 성소 같은 곳으로 보인다.	ecl-batch-editorial
ecl.5.80.02160	이곳에서 임시로 지은 대피소를 발견한다. 조사하겠습니까?	ecl-batch-editorial
ecl.5.80.02244	보안 로봇들이 대피소에서 쏟아져 나와 공격한다!	ecl-batch-editorial
ecl.5.80.02312	저지대인 무리가 깜짝 놀란다. 말을 걸기도 전에 그들은 달아난다.	ecl-batch-editorial
ecl.5.80.02373	학살당한 저지대인 무리의 시신을 발견한다.	ecl-batch-editorial
ecl.5.80.02474	산악 지대에 있다.	ecl-batch-editorial
ecl.5.80.02496	언덕에 둘러싸여 있다.	ecl-batch-editorial
ecl.5.80.02521	숲속에 있다.	ecl-batch-editorial
ecl.5.80.02540	늪을 헤치며 힘겹게 나아가고 있다.	ecl-batch-editorial
ecl.5.80.02588	금성에 착륙해 함선에서 내린다. 번개가	ecl-batch-editorial
ecl.5.80.02628	근처에 내리쳐 잠시 금성	ecl-batch-editorial
ecl.5.80.02670	정글을 환히 밝힌다. 주위엔 거대한 꽃과 나무, 그리고	ecl-batch-editorial
ecl.5.80.02727	스콧의 자료에 따르면 저지대인 마을은	ecl-batch-editorial
ecl.5.80.02766	산성 늪 너머 북서쪽 멀리에 있다.	ecl-batch-editorial
ecl.5.80.02815	저지대인 마을의 정문에 와 있다.	ecl-batch-editorial
ecl.5.80.02855	이곳 정글은 고요하다. 마을 안에서는	ecl-batch-editorial
ecl.5.80.02897	생명의 흔적이 전혀 감지되지 않는다.	ecl-batch-editorial
ecl.5.80.02919	그래도 마을에 들어가겠습니까?	ecl-batch-editorial
ecl.5.80.02947	파괴된 저지대인	ecl-batch-editorial
ecl.5.80.02988	마을의 입구 앞이다. 다시 들어가겠습니까?	ecl-batch-editorial
ecl.5.80.03026	함선은 이곳에 있으며, RAM의 탐지를 피해	ecl-batch-editorial
ecl.5.80.03065	머리 위 높은 곳의 번개와 나뭇잎 아래에 가려져 있다. 승선하겠습니까? 당신들의	ecl-batch-editorial
ecl.5.80.03207	리앤더가 말한다. 「저는 금성에 남아 저지대인	ecl-batch-editorial
ecl.5.80.03250	저항군을 조직해 RAM에 맞서야 합니다. 그럼 이만.」	ecl-batch-editorial
ecl.5.80.03288	리앤더가 떠난다.	ecl-batch-editorial
ecl.5.80.03396	제인은 함선을 보고 겁에 질린다.	ecl-batch-editorial
ecl.5.80.03425	제인은 허겁지겁 달아나다 늪 속으로 사라진다.	ecl-batch-editorial
ecl.5.80.03473	제인이 그를 따라간다.	ecl-batch-editorial
ecl.5.80.03516	이곳에서 사람들이 자주 다닌 길이 낡은 전선과	ecl-batch-editorial
ecl.5.80.03558	철골이 쌓인 동굴로 이어진다.	ecl-batch-editorial
ecl.5.80.03576	폐허에 들어가겠습니까?	ecl-batch-editorial
ecl.5.80.03598	폐허가 바로 여기에 있다. 다시	ecl-batch-editorial
ecl.5.80.03637	폐허에 들어가겠습니까?	ecl-batch-editorial
ecl.5.80.03677	두 언덕 사이에 대부분이 땅속에 묻힌	ecl-batch-editorial
ecl.5.80.03721	건물의 꼭대기가 보인다. 입구는 여기서 멀지 않다.	ecl-batch-editorial
ecl.5.80.03768	들어가겠습니까?	ecl-batch-editorial
ecl.5.80.03790	금성에 위치한 RAM의	ecl-batch-editorial
ecl.5.80.03828	작전 기지 정문 앞이다. 들어가겠습니까?	ecl-batch-editorial
ecl.5.80.03864	어떻게 접근하겠습니까?	ecl-batch-editorial
ecl.5.80.03898	그림자 은신	ecl-batch-editorial
ecl.5.80.03925	팀은 그림자 속에 몸을 숨기려 한다.	ecl-batch-editorial
ecl.5.80.03991	RAM의 중무장 경비 로봇들이 건물에서 튀어나와	ecl-batch-editorial
ecl.5.80.04033	앞길을 막아선다.	ecl-batch-editorial
ecl.5.80.04074	지금 이 건물에 들어가겠습니까?	ecl-batch-editorial
ecl.5.80.04102	아무도 접근을 눈치채지 못한다!	ecl-batch-editorial
ecl.5.80.04154	산성 호수가 주위에서 부글거리며 김을 뿜는다.	ecl-batch-editorial
ecl.5.80.04193	문득 수많은 쌍의 툭 튀어나온 눈이	ecl-batch-editorial
ecl.5.80.04237	수면 위에서 지켜보는 것을 알아챈다.	ecl-batch-editorial
ecl.5.80.04280	사람만 한 크기의 형광색 산성	ecl-batch-editorial
ecl.5.80.04319	개구리들에게 둘러싸였다. 어떻게 하겠습니까?	ecl-batch-editorial
ecl.5.80.04356	개구리와 친해지기	ecl-batch-editorial
ecl.5.80.04388	물러서려 하지만 가장 큰 산성 개구리가	ecl-batch-editorial
ecl.5.80.04429	바로 뒤에 서 있다.	ecl-batch-editorial
ecl.5.80.04495	누가 개구리와 친해지겠습니까?	ecl-batch-editorial
ecl.5.80.04548	팀의 행동이 산성 개구리들을 화나게 했다.	ecl-batch-editorial
ecl.5.80.04587	산성 개구리들이 다정하게 몸을 비빈다.	ecl-batch-editorial
ecl.5.80.04626	곁에 붙어 있고 싶어 안달하는 듯하다.	ecl-batch-editorial
ecl.5.80.04678	산성 개구리들이 사납게 울어 대며 팀을 공격한다!	ecl-batch-editorial
ecl.5.80.04756	산성 호수에서 헤엄치고 있다. 산성 액체가	ecl-batch-editorial
ecl.5.80.04797	방어구 속으로 스며들고 있다. 당장 호수에서 빠져나가야 한다.	ecl-batch-editorial
ecl.5.80.04858	산성 호수의 산성 액체에 화상을 입는다.	ecl-batch-editorial
ecl.5.80.05027	남동쪽에서 행군 소리가 들린다.	ecl-batch-editorial
ecl.5.80.05075	남쪽에서 행군 소리가 들린다.	ecl-batch-editorial
ecl.5.80.05120	남서쪽에서 행군 소리가 들린다.	ecl-batch-editorial
ecl.5.80.05191	저지대인 무리가 앞으로 뛰쳐나와	ecl-batch-editorial
ecl.5.80.05230	팀을 에워싼다. 이들은 키가 작지만 근육질이다. 비늘로 덮인 녹색	ecl-batch-editorial
ecl.5.80.05276	피부는 어떤 열이나 산성 액체도 분명 견뎌 낼 듯하다.	ecl-batch-editorial
ecl.5.80.05322	길쭉한 턱 때문에 말투가 어색하다.	ecl-batch-editorial
ecl.5.80.05361	「너희는 누우구냐?」 그들이 다그친다. 무기는 창과	ecl-batch-editorial
ecl.5.80.05406	레이저 소총이다. 어떻게 하겠습니까?	ecl-batch-editorial
ecl.5.80.05454	도망치기	ecl-batch-editorial
ecl.5.80.05478	저지대인들이 팀을 완전히 에워싸고 있다.	ecl-batch-editorial
ecl.5.80.05514	뾰족한 금속 머리띠를 두른 남자가 입을 연다.	ecl-batch-editorial
ecl.5.80.05551	「도오망치려고? 그게 바로 너희가	ecl-batch-editorial
ecl.5.80.05589	RAM과 한패라는 증거다.」 다른 자들도 고개를 끄덕인다.	ecl-batch-editorial
ecl.5.80.05622	어떻게 대답하겠습니까?	ecl-batch-editorial
ecl.5.80.05669	NEO 요원이라고 밝히지만	ecl-batch-editorial
ecl.5.80.05707	저지대인들은 코웃음을 친다. 「그 말을 우리더러 믿으라고?	ecl-batch-editorial
ecl.5.80.05748	우리는 전에도 속은 적이 있다. 무기를 내놓고 항복해라.」	ecl-batch-editorial
ecl.5.80.05792	복종하겠습니까?	ecl-batch-editorial
ecl.5.80.05814	저지대인 지도자가 쉭쉭거리며 위협한다.	ecl-batch-editorial
ecl.5.80.05850	「너희는 분명 RAM 요원이다. 죽을 준비나 해라!」	ecl-batch-editorial
ecl.5.80.05891	사태가 더 악화되기 전에 당신들과	ecl-batch-editorial
ecl.5.80.05931	저지대인들 모두 RAM의 매복에 허를 찔린다!	ecl-batch-editorial
ecl.5.80.06011	저지대인 지도자가 고개를 숙인다. 「제 이름은	ecl-batch-editorial
ecl.5.80.06050	리앤더입니다. 여러분을 믿지 못해 죄쏭합니다. 부디	ecl-batch-editorial
ecl.5.80.06098	제가 여러분의 팀에 합류해 전투를 도우며	ecl-batch-editorial
ecl.5.80.06142	RAM에 맞서 싸우게 해 주십시오.」	ecl-batch-editorial
ecl.5.80.06157	리앤더를 팀에 받아들이겠습니까?	ecl-batch-editorial
ecl.5.80.06214	「확씬하십니까? 나중에는 제 도움이 필요할 겁니다.」	ecl-batch-editorial
ecl.5.80.06252	리앤더를 받아들이겠습니까?	ecl-batch-editorial
ecl.5.80.06346	홀로 황야를 달려가는 저지대인 한 명과 마주친다.	ecl-batch-editorial
ecl.5.80.06394	그는 팀을 보자 굳어 버린다. 「RAM 장교이십니까?」 그가 묻는다.	ecl-batch-editorial
ecl.5.80.06450	NEO 소속이라고 밝히겠습니까?	ecl-batch-editorial
ecl.5.80.06485	그에게 NEO를 대표한다고 말해 준다. 「제에발 도와주십시오!」 그가 말한다.	ecl-batch-editorial
ecl.5.80.06533	「제 가족이 근처에 숨어 있는데, RAM이 언제라도	ecl-batch-editorial
ecl.5.80.06583	그들을 찾을지 모릅니다! 도와주시겠습니까?」	ecl-batch-editorial
ecl.5.80.06613	그는 팀을 조금 떨어진 곳에 있는, 겁에 질린	ecl-batch-editorial
ecl.5.80.06657	저지대인 무리에게 데려간다. 질문을 하기도 전에 RAM 부대가 다가와	ecl-batch-editorial
ecl.5.80.06711	무기를 겨눈다. 「우리는 저지대인만 원한다.」 그중 한 명이	ecl-batch-editorial
ecl.5.80.06759	말을 건다. 「물러서라.」	ecl-batch-editorial
ecl.5.80.06780	물러서기	ecl-batch-editorial
ecl.5.80.06808	저지대인이 달아난다.	ecl-batch-editorial
ecl.5.80.06844	멀리서 총소리가 들린다. 저지대인이	ecl-batch-editorial
ecl.5.80.06889	책망하는 눈빛으로 쳐다보더니 전투가 벌어지는 쪽으로 달려간다.	ecl-batch-editorial
ecl.5.80.06936	뒤따르겠습니까?	ecl-batch-editorial
ecl.5.80.06967	물러선다.	ecl-batch-editorial
ecl.5.80.06989	멀리서 무기가 발사되는 소리가 들리더니 불길한 정적이 흐른다.	ecl-batch-editorial
ecl.5.80.07047	저지대인들을 지키려고 달려간다.	ecl-batch-editorial
ecl.5.80.07111	저지대인 가족은 거듭 고마워하지만, 꺼리는 기색으로	ecl-batch-editorial
ecl.5.80.07162	질문에는 좀처럼 답하지 않는다. 그들은 작별을 고하고 산성 호수 쪽으로 향한다.	ecl-batch-editorial
ecl.5.81.00160	이 원주민 마을에는 죽은 저지대인들이	ecl-batch-editorial
ecl.5.81.00200	땅바닥 가득 널려 있다. 시신마다 레이저에 맞은 흔적이 있지만	ecl-batch-editorial
ecl.5.81.00245	무장한 저지대인은 아무도 없었다.	ecl-batch-editorial
ecl.5.81.00286	멀리서 저지대인 아기가 울고 있다.	ecl-batch-editorial
ecl.5.81.00617	저지대인 마을의 정문 앞에 서 있다.	ecl-batch-editorial
ecl.5.81.00663	멀리서 아기 우는 소리가 들린다.	ecl-batch-editorial
ecl.5.81.00697	떠나겠습니까?	ecl-batch-editorial
ecl.5.81.00899	마을 어딘가에서 아이 우는 소리가 들린다.	ecl-batch-editorial
ecl.5.81.00935	이 일대에 저지대인 시신이 널브러져 있다.	ecl-batch-editorial
ecl.5.81.00977	늪 말벌들이 이곳의 시신을 뒤덮고 있다. 다가가자 떼 지어 흩어진다.	ecl-batch-editorial
ecl.5.81.01033	이곳의 피 웅덩이가 빠르게 마르고 있다.	ecl-batch-editorial
ecl.5.81.01067	지켜보는 시선이 느껴진다.	ecl-batch-editorial
ecl.5.81.01098	산성 개구리 한 마리가 퉁방울눈으로 빤히 쳐다본다.	ecl-batch-editorial
ecl.5.81.01130	이곳에는 거대한 산성 개구리에게 짓눌려 죽은	ecl-batch-editorial
ecl.5.81.01171	RAM 전사 시신이 있다.	ecl-batch-editorial
ecl.5.81.01183	RAM 습격 팀이 당신들을 발견하고 공격해 온다!	ecl-batch-editorial
ecl.5.81.01273	산성 개구리들이 도우러 온다.	ecl-batch-editorial
ecl.5.81.01327	이곳은 산성 개구리 사육장이다. 쇠창살 너머로	ecl-batch-editorial
ecl.5.81.01367	적어도 열두 마리가 넘는 개조인이	ecl-batch-editorial
ecl.5.81.01406	누런 진흙에서 뛰노는 게 보인다. 개구리들은 전투 소리에	ecl-batch-editorial
ecl.5.81.01448	미쳐 날뛰고 있다.	ecl-batch-editorial
ecl.5.81.01469	산성 개구리들을 풀어 주겠습니까?	ecl-batch-editorial
ecl.5.81.01553	산성 개구리들은 당신들을 아예 무시하고	ecl-batch-editorial
ecl.5.81.01590	팀 위로 뛰어올라 곧장 뚫고 지나간다.	ecl-batch-editorial
ecl.5.81.01646	산성 개구리들이 친구로 알아보고	ecl-batch-editorial
ecl.5.81.01684	팀 주위를 미친 듯이 뛰어다닌다. 멀리서	ecl-batch-editorial
ecl.5.81.01726	숨은 RAM 전사들의 고통스러운 비명이 들린다. 개구리들이	ecl-batch-editorial
ecl.5.81.01768	그들을 찾아내 공격하고 있는 것이다.	ecl-batch-editorial
ecl.5.81.01795	산성 개구리들이 적임을 알아채고, 그중 일부가	ecl-batch-editorial
ecl.5.81.01837	잠시 날뛰기를 멈추고 공격한다.	ecl-batch-editorial
ecl.5.81.01876	전투에 미친 산성 개구리들이 공격해 온다!	ecl-batch-editorial
ecl.5.81.01929	사육장은 텅 비었다. 산성 개구리들은	ecl-batch-editorial
ecl.5.81.01964	마을 곳곳으로 흩어졌다.	ecl-batch-editorial
ecl.5.81.01993	저 멀리 북쪽에서 아이 우는 소리가 들린다.	ecl-batch-editorial
ecl.5.81.02029	이곳은 보급품 헛간이다.	ecl-batch-editorial
ecl.5.81.02069	커다란 캔버스 가방을 발견한다.	ecl-batch-editorial
ecl.5.81.02098	그냥 두기	ecl-batch-editorial
ecl.5.81.02106	열기	ecl-batch-editorial
ecl.5.81.02114	가져가기	ecl-batch-editorial
ecl.5.81.02139	가방 속 내용물을 보고 속이 메스껍다.	ecl-batch-editorial
ecl.5.81.02178	가방에 가득 든 것이 산성 개구리 먹이라고 추론한다.	ecl-batch-editorial
ecl.5.81.02223	가방을 어떻게 하겠습니까?	ecl-batch-editorial
ecl.5.81.02254	줍기	ecl-batch-editorial
ecl.5.81.02272	맛보기	ecl-batch-editorial
ecl.5.81.02298	산성 개구리 먹이가 든 가방을 챙긴다.	ecl-batch-editorial
ecl.5.81.02335	모두 캑캑거리며 헛구역질을 한다!!	ecl-batch-editorial
ecl.5.81.02380	개구리 먹이를 어떻게 하겠습니까?	ecl-batch-editorial
ecl.5.81.02415	가방 챙기기	ecl-batch-editorial
ecl.5.81.02426	가방 두고 가기	ecl-batch-editorial
ecl.5.81.02451	지하실로 이어지는 금속 사다리를 발견한다.	ecl-batch-editorial
ecl.5.81.02498	아래에서 우는 소리가 들린다.	ecl-batch-editorial
ecl.5.81.02524	사다리를 내려가겠습니까?	ecl-batch-editorial
ecl.5.81.02586	이 사다리는 지하실 밖으로 이어진다.	ecl-batch-editorial
ecl.5.81.02626	아주 가까운 곳에서 우는 소리가 들린다.	ecl-batch-editorial
ecl.5.81.02658	사다리를 올라가겠습니까?	ecl-batch-editorial
ecl.5.81.02731	작은 저지대인이 은신처를 들키자 울음을 그치고	ecl-batch-editorial
ecl.5.81.02770	옹알이를 시작한다.	ecl-batch-editorial
ecl.5.81.02803	당신들이 알아듣지 못하는 말이다.	ecl-batch-editorial
ecl.5.81.02909	작은 저지대인이 무슨	ecl-batch-editorial
ecl.5.81.02950	말을 하는지 알 수 없지만 함께 가려는 건 분명하다.	ecl-batch-editorial
ecl.5.81.02991	리앤더가 차분히 귀를 기울이더니 통역해 준다.	ecl-batch-editorial
ecl.5.81.03027	「이 아이는 아버지를 찾도록 도와 달랍니다.」	ecl-batch-editorial
ecl.5.81.03067	저지대인 아기를 팀에 받아들이겠습니까?	ecl-batch-editorial
ecl.5.81.03127	원하지 않아도 아기가 졸졸 따라온다.	ecl-batch-editorial
ecl.5.81.03169	어디를 가든 계속 따라올 것이다.	ecl-batch-editorial
ecl.5.81.03234	이곳은 저지대인 마을의 창고다.	ecl-batch-editorial
ecl.5.81.03275	창문으로 들여다보니 안이 온통 늪	ecl-batch-editorial
ecl.5.81.03329	그래도 창고를 조사하겠습니까?	ecl-batch-editorial
ecl.5.81.03385	이 창고의 문은 짓밟혀 바닥에	ecl-batch-editorial
ecl.5.81.03438	창고에는 이제 말벌 대신	ecl-batch-editorial
ecl.5.81.03479	굶주린 듯한 산성 개구리들이 들끓는다.	ecl-batch-editorial
ecl.5.81.03568	산성 개구리들이 한때 들끓던 늪 말벌을	ecl-batch-editorial
ecl.5.81.03610	창고에서 모조리 먹어 치웠다. 방 안의 물자는 온통	ecl-batch-editorial
ecl.5.81.03655	개구리가 남긴 산성 점액투성이다.	ecl-batch-editorial
ecl.5.81.03704	산성 개구리들은 무시한다.	ecl-batch-editorial
ecl.5.81.03728	산성 개구리들이 먹이 가방을 쳐다보며	ecl-batch-editorial
ecl.5.81.03765	기대에 찬 퉁방울눈을 껌뻑인다.	ecl-batch-editorial
ecl.5.81.03795	개구리들에게 먹이를 주겠습니까?	ecl-batch-editorial
ecl.5.81.03828	산성 개구리들이 먹이를 게걸스레 먹는다. 이제부터 한두 마리가	ecl-batch-editorial
ecl.5.81.03870	더 얻어먹을까 하고 졸졸 따라다닐 것이다.	ecl-batch-editorial
ecl.5.81.03936	창고 안은 굶주린 듯한 산성 개구리들로 가득하다.	ecl-batch-editorial
ecl.5.81.04012	늪 말벌 떼가 몰려든다!	ecl-batch-editorial
ecl.5.81.04063	창고를 수색한다. 갖가지	ecl-batch-editorial
ecl.5.81.04104	원시 머리 장식과 유물 뒤에서 과학	ecl-batch-editorial
ecl.5.81.04151	장비를 발견한다. 그래비톨 제조용이다.	ecl-batch-editorial
ecl.5.81.04201	맨 안쪽에서 크레딧이 가득 든 양철통을 발견한다. 그리고	ecl-batch-editorial
ecl.5.81.04244	폭파 장치도 몇 개 있다.	ecl-batch-editorial
ecl.5.81.04282	창고에서는 새로 찾은 것이 없다.	ecl-batch-editorial
ecl.5.81.04328	이 문은 어찌나 단단히 막혔는지	ecl-batch-editorial
ecl.5.81.04367	부수면 오두막 전체가 무너질 것 같다.	ecl-batch-editorial
ecl.5.81.04411	살해당한 저지대인 가족의 시신을 발견한다.	ecl-batch-editorial
ecl.5.81.04451	나가려고 돌아서는 순간, 저지대인 한 명이	ecl-batch-editorial
ecl.5.81.04497	뒤집힌 책상 뒤에서 튀어나와 떨리는 손으로 레이저 소총을	ecl-batch-editorial
ecl.5.81.04543	팀에게 겨눈다. 「누, 누구냐?」 그가 다그친다.	ecl-batch-editorial
ecl.5.81.04603	NEO 요원이라고 신분을 밝힌다. 그는	ecl-batch-editorial
ecl.5.81.04646	곧 총을 내린다. 「와 주셔서 다행입니다. 도움이 될 만한	ecl-batch-editorial
ecl.5.81.04691	정보가 있씁니다.」 그가 말한다.	ecl-batch-editorial
ecl.5.81.04735	총을 겨눈 채 뒤로 물러선다. 나가자마자	ecl-batch-editorial
ecl.5.81.04778	문을 막아 잠그는 소리가 들린다.	ecl-batch-editorial
ecl.5.81.04852	그는 저지대인들과 RAM 사이의 거래에 대해 이야기한다	ecl-batch-editorial
ecl.5.81.04894	그가 하는 말	ecl-batch-editorial
ecl.5.81.04908	「어서 떠나십씨오. 이 집에 시선이 쏠리기	ecl-batch-editorial
ecl.5.81.04956	전에요.」 저지대인은 그렇게 말하며 밖까지 배웅한다.	ecl-batch-editorial
ecl.5.81.05084	담을 넘으려는 저지대인 무리가 보인다.	ecl-batch-editorial
ecl.5.81.05124	그들은 부상당한 여성을 옮기고 있다.	ecl-batch-editorial
ecl.5.81.05165	그들의 지도자에게 해칠 뜻이 없다고 장담한다.	ecl-batch-editorial
ecl.5.81.05204	「제발 도와주십씨오.」 그녀가 말한다. 「제 의료	ecl-batch-editorial
ecl.5.81.05245	키트가 있어야 이 딱한 여인을 살릴 수 있씁니다. 하지만 의료	ecl-batch-editorial
ecl.5.81.05289	물자 보관실 열쇠는 RAM 장교가 가져갔습니다.	ecl-batch-editorial
ecl.5.81.05342	마을 서쪽 큰 오두막으로 가십씨오.」	ecl-batch-editorial
ecl.5.81.05381	그녀가 속삭인다. 「보안 코드는 683입니다. 받으십씨오	ecl-batch-editorial
ecl.5.81.05436	그녀가 무기와 방어구를 건넨다.	ecl-batch-editorial
ecl.5.81.05493	남쪽의 큰 집에서 우는 소리가 들린다.	ecl-batch-editorial
ecl.5.81.05535	「열쇠를 구하셨군요. 부디 키트를	ecl-batch-editorial
ecl.5.81.05547	열쇠. 부디 키트를 물자 보관실에서 가져와 주십씨오. 부디 열쇠를 찾아 그걸 써서 들어가	ecl-batch-editorial
ecl.5.81.05577	물자 보관실에서 가져와 주십씨오.	ecl-batch-editorial
ecl.5.81.05601	부디 열쇠를 찾아 그걸 써서	ecl-batch-editorial
ecl.5.81.05641	물자 보관실에 들어가 주십씨오.	ecl-batch-editorial
ecl.5.81.05661	생존자 무리는 실망한 얼굴로	ecl-batch-editorial
ecl.5.81.05702	의료 물자를 가져오지 않았음을 알아차린다.	ecl-batch-editorial
ecl.5.81.05797	생존자들은 보급 키트를 고맙게 받고	ecl-batch-editorial
ecl.5.81.05834	담을 넘어 달아난다. 지도자는 뒤에 남는다.	ecl-batch-editorial
ecl.5.81.05880	「더 드릴 게 별로오 없어요.」 그녀가 말한다. 「하지만 이건	ecl-batch-editorial
ecl.5.81.05926	도움이 될 거예요.」	ecl-batch-editorial
ecl.5.81.05941	지도를 받는다. 꼼꼼히 살펴보는 동안,	ecl-batch-editorial
ecl.5.81.05982	「기지는 저어 멀리 남쪽 산속에 숨어 있어요. 그리고	ecl-batch-editorial
ecl.5.81.06030	동쪽으로 몇 걸음만 더 가면 돼요. 행운을 빌어요.」 그녀가 떠난다.	ecl-batch-editorial
ecl.5.81.06104	RAM 장교가 책상에 발을 올린 채 코를 골고 있다.	ecl-batch-editorial
ecl.5.81.06145	적어도 30개의 열쇠가 달린 열쇠고리가	ecl-batch-editorial
ecl.5.81.06190	그의 주머니 밖으로 삐져나와 있다. 어떻게 하겠습니까?	ecl-batch-editorial
ecl.5.81.06221	열쇠 훔치기	ecl-batch-editorial
ecl.5.81.06231	장교 죽이기	ecl-batch-editorial
ecl.5.81.06267	발끝으로 살금살금 방에서 빠져나온다.	ecl-batch-editorial
ecl.5.81.06314	누가 주머니를 뒤지겠습니까?	ecl-batch-editorial
ecl.5.81.06365	열쇠고리를 손에 넣었다!	ecl-batch-editorial
ecl.5.81.06390	RAM 장교는 여전히 잠들어 있다.	ecl-batch-editorial
ecl.5.81.06418	이제 어떻게 하겠습니까?	ecl-batch-editorial
ecl.5.81.06475	장교가 깨어난다! 「죽어라, 멍청이들!」 그가 고함을 지르며	ecl-batch-editorial
ecl.5.81.06516	호루라기를 분다. 방 안이 보안 로봇들로 가득 찬다.	ecl-batch-editorial
ecl.5.81.06637	거대한 열쇠고리가 바닥에, 바로	ecl-batch-editorial
ecl.5.81.06679	장교의 시체 옆에 놓여 있다. 그것을 집어 당신들의 주머니에 넣는다.	ecl-batch-editorial
ecl.5.81.06728	열쇠고리를 획득했다	ecl-batch-editorial
ecl.5.81.06801	이 의료 물자 보관실은 알아볼 수 없는 저지대인	ecl-batch-editorial
ecl.5.81.06843	기술로 잠겨 있다. 들어가려면 열쇠와	ecl-batch-editorial
ecl.5.81.06886	보안 코드가 필요하다.	ecl-batch-editorial
ecl.5.81.06918	의료 물자 보관실의 문이 열려 있다.	ecl-batch-editorial
ecl.5.81.06958	보안 코드를 입력했지만 여전히	ecl-batch-editorial
ecl.5.81.06999	열쇠 없이는 이 문을 열 수 없다.	ecl-batch-editorial
ecl.5.81.07031	열쇠고리에는 열쇠가 30개나 달려 있지만 결국	ecl-batch-editorial
ecl.5.81.07073	맞는 열쇠를 찾아낸다. 하지만 아직	ecl-batch-editorial
ecl.5.81.07118	문을 열려면 보안 코드가 필요하다.	ecl-batch-editorial
ecl.5.81.07199	맞는 열쇠를 찾아낸다. 보안 코드를	ecl-batch-editorial
ecl.5.81.07244	입력하자 의료 물자 보관실의 문이 열린다.	ecl-batch-editorial
ecl.5.81.07297	이곳의 의료 물자는 대부분 저지대인용이지만	ecl-batch-editorial
ecl.5.81.07340	해독제 몇 개를 발견한다. 쓸 만한 무기 두 개도	ecl-batch-editorial
ecl.5.81.07388	맨 안쪽에 숨겨져 있다.	ecl-batch-editorial
ecl.5.81.07430	저지대인 의료 보급 키트를 얻었다.	ecl-batch-editorial
ecl.5.81.07479	이 커다란 오두막은 한때	ecl-batch-editorial
ecl.5.81.07520	마을의 행정 중심지였던 듯하다.	ecl-batch-editorial
ecl.5.81.07553	북동쪽에서 우는 소리가 들린다.	ecl-batch-editorial
ecl.5.81.07674	오두막 벽에 레이저로 그을린 자국이 있다.	ecl-batch-editorial
ecl.5.81.07707	저지대인 둘이 몰래 마을을 빠져나가려 한다.	ecl-batch-editorial
ecl.5.81.07749	그들은 북동쪽 모퉁이에서 만나자고 재촉한다.	ecl-batch-editorial
ecl.5.81.07793	이 작은 오두막은 비어 있다. 한쪽 벽에 작은 글씨로	ecl-batch-editorial
ecl.5.81.07832	누군가 「북동 모퉁이」라고 새겼다.	ecl-batch-editorial
ecl.5.81.07863	작은 오두막의 주인들이 바닥에 죽어 있다.	ecl-batch-editorial
ecl.5.81.07905	바닥에 피가 흥건하다.	ecl-batch-editorial
ecl.5.81.07932	이 오두막의 저지대인들은 죽었지만,	ecl-batch-editorial
ecl.5.81.07971	RAM 암살자 네 명을 길동무로 삼았다.	ecl-batch-editorial
ecl.5.81.07997	저지대인 갓난아기가 요람 속에 죽어 있다. RAM은	ecl-batch-editorial
ecl.5.81.08036	아무도 살려 두지 않는다.	ecl-batch-editorial
ecl.5.81.08051	차마 말할 수 없는 참상이다. RAM은	ecl-batch-editorial
ecl.5.81.08090	몹시 철저했다.	ecl-batch-editorial
ecl.5.81.08118	마을에서 가장 큰 오두막이다. 비교적 멀쩡해 보인다.	ecl-batch-editorial
ecl.5.81.08178	안에서 우는 소리가 들린다.	ecl-batch-editorial
ecl.5.82.00174	터널은 8인용 막사의 뒤편에서 끝난다.	ecl-batch-editorial
ecl.5.82.00217	벽 너머에서 분주한 기척이 웅웅 울린다. 이곳은 분명	ecl-batch-editorial
ecl.5.82.00263	방금 떠나온 곳보다 훨씬 발달한 RAM 전초 기지다.	ecl-batch-editorial
ecl.5.82.00368	양쪽 벽에 RAM 휘장이 새겨져 있다.	ecl-batch-editorial
ecl.5.82.00413	바닥의 격자가 흡입을 작동시켜 부츠에 묻은	ecl-batch-editorial
ecl.5.82.00460	산성 진흙을 말끔히 빨아들인다.	ecl-batch-editorial
ecl.5.82.00502	격납고의 폭발이 RAM에게	ecl-batch-editorial
ecl.5.82.00542	당신들의 존재를 알렸다! 기습을 당했다!	ecl-batch-editorial
ecl.5.82.00574	RAM 습격 팀이 당신들이 들어서기를 기다리며	ecl-batch-editorial
ecl.5.82.00617	문 안쪽에 숨어 있었다. 기습을 당했다!	ecl-batch-editorial
ecl.5.82.01205	이곳에서 유황 냄새가 난다.	ecl-batch-editorial
ecl.5.82.01230	근처 바닥에서 부츠 소리가 또각또각 들린다.	ecl-batch-editorial
ecl.5.82.01267	실패한 실험체 하나가 스르르 기어서 지나간다.	ecl-batch-editorial
ecl.5.82.01298	벽에 RAM 휘장이 찍혀 있다.	ecl-batch-editorial
ecl.5.82.01348	배에서 꼬르륵 소리가 난다.	ecl-batch-editorial
ecl.5.82.01378	정크푸드가 더 먹고 싶다.	ecl-batch-editorial
ecl.5.82.01401	멀리서 쾅 소리가 들린다.	ecl-batch-editorial
ecl.5.82.01430	근처 방에서 코 고는 소리가 들린다.	ecl-batch-editorial
ecl.5.82.01472	가까이서 웅얼거리는 소리가 들린다. 벽에 귀를 대고	ecl-batch-editorial
ecl.5.82.01511	죄수들에 관한 이야기를 언뜻 듣는다. 그들은	ecl-batch-editorial
ecl.5.82.01553	레벨 3에 있다고 한다.	ecl-batch-editorial
ecl.5.82.01573	누군가 벽에 찍힌 RAM 휘장에	ecl-batch-editorial
ecl.5.82.01611	콧수염을 그려 놓았다.	ecl-batch-editorial
ecl.5.82.01663	정크푸드 비축분을 발견한다. 먹겠습니까?	ecl-batch-editorial
ecl.5.82.01701	정크푸드를 게걸스럽게 먹어 치운다.	ecl-batch-editorial
ecl.5.82.01734	정크푸드를 그냥 두고 간다.	ecl-batch-editorial
ecl.5.82.01762	정크푸드 비축분을 또 발견한다! 먹겠습니까?	ecl-batch-editorial
ecl.5.82.01804	배탈이 난다.	ecl-batch-editorial
ecl.5.82.01832	애시디슘 한 마리가 앞쪽 복도를 미끄러지듯 지나간다.	ecl-batch-editorial
ecl.5.82.01873	벽에 낙서가 적혀 있다:	ecl-batch-editorial
ecl.5.82.01898	「킬로이 다녀감.」	ecl-batch-editorial
ecl.5.82.01917	노란 산성 찌꺼기로 뒤덮인 부츠 한 켤레를 발견한다.	ecl-batch-editorial
ecl.5.82.01955	사방에서 컴퓨터가 웅웅거린다.	ecl-batch-editorial
ecl.5.82.01981	인터콤이 윙윙 지직거리다가 잠잠해진다.	ecl-batch-editorial
ecl.5.82.02024	갑자기 위험이 닥칠 것 같은 예감이 든다.	ecl-batch-editorial
ecl.5.82.02058	보안 로봇 소리가 아주 가까이에서 들린다!	ecl-batch-editorial
ecl.5.82.02147	RAM 전사들이 당신들을 발견하고 공격한다!	ecl-batch-editorial
ecl.5.82.02200	애시디슘들이 당신들을 감지하고 공격한다!	ecl-batch-editorial
ecl.5.82.02253	보안 로봇들에게 발각되었다!	ecl-batch-editorial
ecl.5.82.02319	엘리베이터에는 버튼이 네 개 있는데	ecl-batch-editorial
ecl.5.82.02358	각각 1부터 4까지 표시되어 있다. 벽에 붙은 쪽지에 적혀 있다:	ecl-batch-editorial
ecl.5.82.02416	어느 버튼을 누르겠습니까?	ecl-batch-editorial
ecl.5.82.02484	녹음된 음성이 말한다. 「이용하실 생각이 없으시면	ecl-batch-editorial
ecl.5.82.02525	엘리베이터에서 즉시 나가 주십시오.」	ecl-batch-editorial
ecl.5.82.02563	녹음된 음성이 말한다. 「이미 그 층에 계십니다.	ecl-batch-editorial
ecl.5.82.02608	다른 층을 선택해 주십시오.」	ecl-batch-editorial
ecl.5.82.02642	엘리베이터가 웅웅 소리를 내더니 순식간에	ecl-batch-editorial
ecl.5.82.02682	1층에 도착한다.	ecl-batch-editorial
ecl.5.82.02783	2층에 도착한다.	ecl-batch-editorial
ecl.5.82.02885	3층에 도착한다.	ecl-batch-editorial
ecl.5.82.02946	엘리베이터가 덜컹거리며 휘청이다가	ecl-batch-editorial
ecl.5.82.02987	4층에 도착한다.	ecl-batch-editorial
ecl.5.82.03071	벽의 명판에 적혀 있다:	ecl-batch-editorial
ecl.5.82.03097	「1층: 실험실」	ecl-batch-editorial
ecl.5.82.03142	「2층: 막사	ecl-batch-editorial
ecl.5.82.03162	관계자 외 출입 금지」	ecl-batch-editorial
ecl.5.82.03213	「3층: 행정 사무실	ecl-batch-editorial
ecl.5.82.03269	벽에 붙은 쪽지에 적혀 있다:	ecl-batch-editorial
ecl.5.82.03298	「위험: 공사 중.」	ecl-batch-editorial
ecl.5.82.03371	벽에 붙은 쪽지에 적혀 있다:	ecl-batch-editorial
ecl.5.82.03396	애시디슘 화합물 →	ecl-batch-editorial
ecl.5.82.03421	← 전투 로봇 (위험)」	ecl-batch-editorial
ecl.5.82.03474	← 애시디슘 화합물	ecl-batch-editorial
ecl.5.82.03496	전투 로봇 (위험) → 」	ecl-batch-editorial
ecl.5.82.03526	문에 붙은 쪽지에 적혀 있다:	ecl-batch-editorial
ecl.5.82.03551	애시디슘 화합물	ecl-batch-editorial
ecl.5.82.03594	전투 로봇 (위험)	ecl-batch-editorial
ecl.5.82.03626	애시디슘 무리가 끈적끈적한 덩어리로 서서히 다가온다.	ecl-batch-editorial
ecl.5.82.03689	바닥에는 거품이 부글거리는 시체들이 널려 있다. 정체는	ecl-batch-editorial
ecl.5.82.03752	경비 로봇들이 당신들을 겨냥한다.	ecl-batch-editorial
ecl.5.82.03804	로봇 잔해가 방 안 곳곳에 흩어져 있다.	ecl-batch-editorial
ecl.5.82.03904	이 보안 문은 알맞은	ecl-batch-editorial
ecl.5.82.03946	열쇠를 열쇠고리에서 찾으면 열린다.	ecl-batch-editorial
ecl.5.82.03966	보안 문의 표지판에 적혀 있다: 엘리베이터 방향	ecl-batch-editorial
ecl.5.82.04006	이 보안 문은 폭파 장치로도 뚫을 수 없다.	ecl-batch-editorial
ecl.5.82.04051	열리지 않는다.	ecl-batch-editorial
ecl.5.82.04073	이곳은 기지의 주 출구로, 위쪽으로	ecl-batch-editorial
ecl.5.82.04115	금성 정글까지 이어진다. 기지를 떠나겠습니까?	ecl-batch-editorial
ecl.5.82.04161	이 문 너머에는 어두운 터널이 있고,	ecl-batch-editorial
ecl.5.82.04202	산성액이 뚝뚝 떨어진다. 터널로 들어가겠습니까?	ecl-batch-editorial
ecl.5.82.04269	저지대인 기술자들은 이곳에서	ecl-batch-editorial
ecl.5.82.04311	랜던의 전갈을 전해 줄 때까지 머문다.	ecl-batch-editorial
ecl.5.82.04342	저지대인 과학자 한 무리가	ecl-batch-editorial
ecl.5.82.04381	이 방에 갇혀 있다. 그들과 이야기를 나누고,	ecl-batch-editorial
ecl.5.82.04410	조우	ecl-batch-editorial
ecl.5.82.04432	저지대인 기술자들이 랜던을 만나러 서둘러 간다.	ecl-batch-editorial
ecl.5.82.04554	벽에 저지대인의 승리 암호를 두드리자,	ecl-batch-editorial
ecl.5.82.04593	잠시 후 랜던이 조심스럽게 다가온다.	ecl-batch-editorial
ecl.5.82.04652	「쩨발 마을로 가서 제 아들을 구해 주십시오.」 랜던은	ecl-batch-editorial
ecl.5.82.04695	다른 이야기는 전혀 하려 하지 않는다.	ecl-batch-editorial
ecl.5.82.04799	랜던은 어린 제인을 보고 기뻐 어쩔 줄 모른다. 「내	ecl-batch-editorial
ecl.5.82.04835	아들아! 이 아이를 구해 주셔서 감사합니다.」	ecl-batch-editorial
ecl.5.82.04865	제인은 팀을 떠나 아버지 곁으로 돌아간다.	ecl-batch-editorial
ecl.5.82.04913	「보답으로,	ecl-batch-editorial
ecl.5.82.04927	제가 숨겨 둔 RAM의	ecl-batch-editorial
ecl.5.82.04965	망막 자물쇠 따개 중 하나가 어디 있는지 알려 드리겠습니다. 그들에게는 아주 쭝요한 물건입니다.」	ecl-batch-editorial
ecl.5.82.05008	그는 자물쇠 따개가	ecl-batch-editorial
ecl.5.82.05048	연구소 2번의 바닥 패널 밑에 숨겨져 있다고 말해 준다. 「그걸 손에 넣은 뒤에	ecl-batch-editorial
ecl.5.82.05093	돌아오십시오. 그러면 함께 비밀 터널을 찾을 수 있습니다.」	ecl-batch-editorial
ecl.5.82.05139	랜던이 아들 제인을 본 적이 있느냐고 묻는다. 그에게	ecl-batch-editorial
ecl.5.82.05181	제인이 겪은 일을 이야기해 주자 그는 비통함에 몸을 가누지 못한다.	ecl-batch-editorial
ecl.5.82.05225	「그 애를 도우려 하셨군요.」 그가 마침내 입을 연다. 「여러분은	ecl-batch-editorial
ecl.5.82.05272	그 일에 대한 보답을 받을 짜격이 있습니다.」	ecl-batch-editorial
ecl.5.82.05309	「먼저 망막 자물쇠 따개를 손에 넣으십시오. 그런 다음 우리가 비밀	ecl-batch-editorial
ecl.5.82.05380	「이 층 어딘가에 비밀 문이 있습니다. 그것을 찾아	ecl-batch-editorial
ecl.5.82.05423	여기로 돌아와 저를 만나십시오.」	ecl-batch-editorial
ecl.5.82.05446	「비밀 문을 찾으셨군요! 쩨발 다른	ecl-batch-editorial
ecl.5.82.05490	기술자들을 데려와 주십시오. 그래야 우리가 탈출할 수 있습니다!」	ecl-batch-editorial
ecl.5.82.05530	「쩨발 다른 기술자들을 여기로 데려와 주십시오.」	ecl-batch-editorial
ecl.5.82.05570	랜던이 눈앞에 나타난다. 「다른 싸람들과 저는	ecl-batch-editorial
ecl.5.82.05615	찌금 떠납니다. 죄송하지만 터널의 산성액은 여러분과 장비에게는 너무	ecl-batch-editorial
ecl.5.82.05663	강합니다. 도와주셔서 감사합니다.」	ecl-batch-editorial
ecl.5.82.05804	리앤더가 나머지 팀원들에게 말한다. 「저는 이제	ecl-batch-editorial
ecl.5.82.05849	여러분과 헤어져 제 동족과 함께 머물러야 합니다. 여러분의 임무가	ecl-batch-editorial
ecl.5.82.05894	썽공하기를 바랍니다.」	ecl-batch-editorial
ecl.5.82.05925	스콧이 무선으로 연락해 온다. 「내 판단으로는	ecl-batch-editorial
ecl.5.82.05964	금성에서 우리가 더 할 수 있는 일은 없다. 시간이 없으니	ecl-batch-editorial
ecl.5.82.06007	함선으로 돌아와라.」	ecl-batch-editorial
ecl.5.82.06040	비밀 문을 발견했다!	ecl-batch-editorial
ecl.5.82.06104	바닥 패널 밑에서 RAM의 망막	ecl-batch-editorial
ecl.5.82.06145	자물쇠 따개를 발견한다! 랜던의 단서가 없었다면 결코 찾지 못했을 것이다.	ecl-batch-editorial
ecl.5.82.06204	망막 자물쇠 따개를 손에 넣었다.	ecl-batch-editorial
ecl.5.82.06236	바닥 패널 밑의 보안 보관칸은 비어 있다.	ecl-batch-editorial
ecl.5.82.06307	이 회의실은 RAM 장교와	ecl-batch-editorial
ecl.5.82.06345	전사들로 가득하다. 들어서자 그들이 무기를 겨눈다.	ecl-batch-editorial
ecl.5.82.06389	무기를 내려놓고 항복하라는 명령을 받는다.	ecl-batch-editorial
ecl.5.82.06422	어떻게 하겠습니까?	ecl-batch-editorial
ecl.5.82.06479	자신 있게 무기를 뽑아 들고,	ecl-batch-editorial
ecl.5.82.06518	그들 한가운데로 뛰어든다.	ecl-batch-editorial
ecl.5.82.06555	방을 수색했지만 쓸 만한 것은 아무것도 찾지 못했다.	ecl-batch-editorial
ecl.5.82.06601	몸을 돌려 달아난다. 그들이 뒤에서 총을 쏘며 경보를 울린다!	ecl-batch-editorial
ecl.5.82.06701	방 안의 모두가 만장일치로 당신들을	ecl-batch-editorial
ecl.5.82.06740	즉시 총살하는 데 찬성한다.	ecl-batch-editorial
ecl.5.82.06799	애시디슘이 부지런히 살점을	ecl-batch-editorial
ecl.5.82.06838	이 방의 시체에서 발라낸다. 연기가 나는 해골만 남는다.	ecl-batch-editorial
ecl.5.82.06901	이곳은 8인용 RAM 막사다. 좁은 침상이	ecl-batch-editorial
ecl.5.82.06943	4단으로 쌓여 있다.	ecl-batch-editorial
ecl.5.82.06983	RAM 장교 몇 명이 하던 일을 방해하고 말았다.	ecl-batch-editorial
ecl.5.82.07015	그들이 덤벼든다.	ecl-batch-editorial
ecl.5.82.07088	이곳은 작은 사무실로,	ecl-batch-editorial
ecl.5.82.07123	책상 위 정중앙에 홀처하인의 초상화가 걸려 있다.	ecl-batch-editorial
ecl.5.82.07174	RAM 암살자 몇 명이 무기를 뽑아 들고 달려든다.	ecl-batch-editorial
ecl.5.82.07263	이 방에서 RAM 전사 3명이	ecl-batch-editorial
ecl.5.82.07304	장거리 무전기에 대고 말하고 있다. 무기에 손을 뻗지만,	ecl-batch-editorial
ecl.5.82.07348	당신들 팀의 전력을 가늠해 보고는 머뭇거린다.	ecl-batch-editorial
ecl.5.82.07390	팽팽한 대치 상태다.	ecl-batch-editorial
ecl.5.82.07428	위협하기	ecl-batch-editorial
ecl.5.82.07458	전사들은 당신들이 노골적으로 드러낸	ecl-batch-editorial
ecl.5.82.07494	겁먹은 기색에 용기를 얻는다. 그들이 공격한다!	ecl-batch-editorial
ecl.5.82.07530	전사들은 놀라서 달아날 방법을 찾는다...	ecl-batch-editorial
ecl.5.82.07614	스콧이 연락해 온다. 「전투가 벌어지는 동안	ecl-batch-editorial
ecl.5.82.07653	RAM 메인프레임을 스캔해서 다음 기록을 찾았다:	ecl-batch-editorial
ecl.5.82.07695	종말 장치는 수성의 마리포사 3호에 있다.	ecl-batch-editorial
ecl.5.82.07738	더 깊이 파고들었다면 홀처하인이 눈치챘을 것이다.」	ecl-batch-editorial
ecl.5.82.07826	위협해 보려는 시도가 전사들에게는 그저 우스울 뿐이다.	ecl-batch-editorial
ecl.5.82.07886	전사들은 겁에 질렸다. 그들이 털어놓는다:	ecl-batch-editorial
ecl.5.82.07926	종말 장치는 수성의	ecl-batch-editorial
ecl.5.82.07970	마리포사 3호에 있으며, 금성의 렌즈는 이미	ecl-batch-editorial
ecl.5.82.08009	그곳에 가 있다. 그들이 살려 달라고 애원한다.	ecl-batch-editorial
ecl.5.82.08043	자비 베풀기	ecl-batch-editorial
ecl.5.82.08073	이 전사들은 믿을 수 없다. 떠나자마자	ecl-batch-editorial
ecl.5.82.08112	경보를 울릴지 모른다. 공격에 나선다.	ecl-batch-editorial
ecl.5.82.08156	전사들을 묶고 재갈을 물린 뒤	ecl-batch-editorial
ecl.5.82.08195	벽장에 가둔다.	ecl-batch-editorial
ecl.5.82.08239	RAM 전사 2명이 묶이고 재갈이 물린 채	ecl-batch-editorial
ecl.5.82.08281	이 벽장 바닥에 누워 있다.	ecl-batch-editorial
ecl.5.82.08301	죽이기	ecl-batch-editorial
ecl.5.82.08329	그들을 모조리 죽인다.	ecl-batch-editorial
ecl.5.82.08357	죽은 RAM 전사 2명이 바닥에 누워 있다.	ecl-batch-editorial
ecl.5.82.08399	문에 붙은 명판에 이렇게 적혀 있다:	ecl-batch-editorial
ecl.5.82.08425	주 연구소	ecl-batch-editorial
ecl.5.82.08462	연구소 2번	ecl-batch-editorial
ecl.5.82.08497	연구소 3번	ecl-batch-editorial
ecl.5.82.08506	깨진 비커와 장비 파편이 바닥에 널려 있다...	ecl-batch-editorial
ecl.5.82.08581	컴퓨터실 1번	ecl-batch-editorial
ecl.5.82.08623	컴퓨터실 2번	ecl-batch-editorial
ecl.5.82.08650	이곳은 흙바닥이고, 아주 깊은 산성액	ecl-batch-editorial
ecl.5.82.08690	웅덩이가 있다. 근처의 산성 펌프는 심하게 망가졌다.	ecl-batch-editorial
ecl.5.82.08736	산성액 표면 아래에서 움직임이 감지된다. 조사하겠습니까?	ecl-batch-editorial
ecl.5.82.08781	우르새더들이 산성액에서 몸부림치며 튀어나와 덤벼든다!	ecl-batch-editorial
ecl.5.82.08845	이곳에는 깊은 산성액 웅덩이가 있다. 산성액은	ecl-batch-editorial
ecl.5.82.08884	죽은 우르새더의 피로 붉게 물들어 있다.	ecl-batch-editorial
ecl.5.82.08917	산성액이 가득 찬 터널이 정글로 이어진다.	ecl-batch-editorial
ecl.5.82.08956	산성액이 너무 강해서 방어구로도	ecl-batch-editorial
ecl.5.82.08995	몸을 지킬 수 없다. 살아남는다 해도 장비가	ecl-batch-editorial
ecl.5.82.09036	전부 파괴될 것이다.	ecl-batch-editorial
ecl.5.82.09063	벽의 표지판에 이렇게 적혀 있다:	ecl-batch-editorial
ecl.5.82.09088	「엘리베이터는 이쪽 →」	ecl-batch-editorial
ecl.5.83.00207	동굴에 들어서자	ecl-batch-editorial
ecl.5.83.00246	뒤틀린 철골과 부식되어 가는 케이블 사이로 스콧이 모습을 드러낸다.	ecl-batch-editorial
ecl.5.83.00278	「지금 금성	ecl-batch-editorial
ecl.5.83.00320	우주 엘리베이터 잔해의 한 구간에 있다. 이 엘리베이터는 2285년에 RAM이 파괴했고,	ecl-batch-editorial
ecl.5.83.00366	폐허는 저지대 곳곳에 흩어져 있다.	ecl-batch-editorial
ecl.5.83.00404	폐허와 지표의 번개가	ecl-batch-editorial
ecl.5.83.00444	내 센서를 교란하고 있다. 조심해라. 이곳은	ecl-batch-editorial
ecl.5.83.00488	RAM이 기계류나 무기를 숨기기에 더없이 좋은 장소다.」	ecl-batch-editorial
ecl.5.83.00525	「내 판단으로는 마을을 살펴보는 편이 현명할지도 모른다.	ecl-batch-editorial
ecl.5.83.00565	북쪽부터 먼저.」	ecl-batch-editorial
ecl.5.83.00973	터널 끝에 작은 RAM 전초 기지가 있다.	ecl-batch-editorial
ecl.5.83.01019	전초 기지는 어둡고, 동물의 울음소리가 울리며	ecl-batch-editorial
ecl.5.83.01060	복도를 따라 메아리친다. 천장 틈새로 덩굴이 늘어져 있다.	ecl-batch-editorial
ecl.5.83.01108	여기서 정글로 다시 올라갈 수 있다.	ecl-batch-editorial
ecl.5.83.01147	폐허를 떠나겠습니까?	ecl-batch-editorial
ecl.5.83.01180	사다리가 지하의 개발된 구역으로 이어진다.	ecl-batch-editorial
ecl.5.83.01219	사다리를 내려가겠습니까?	ecl-batch-editorial
ecl.5.83.01318	사다리가 우주 엘리베이터의 폐허로 이어진다.	ecl-batch-editorial
ecl.5.83.01360	사다리를 오르겠습니까?	ecl-batch-editorial
ecl.5.83.01445	뒤틀린 우주 엘리베이터의 폐허가 머리 위로 우뚝 솟아 있다.	ecl-batch-editorial
ecl.5.83.01496	흙더미와 진흙 웅덩이가 알리는 것은	ecl-batch-editorial
ecl.5.83.01536	지하 터널의 입구다. 수많은 군화 자국이 보여 주듯	ecl-batch-editorial
ecl.5.83.01581	이 터널은 RAM 병사들이 자주 이용했다.	ecl-batch-editorial
ecl.5.83.01675	처음 보는 종류의 보안 문이다.	ecl-batch-editorial
ecl.5.83.01717	열쇠 없이는 지나갈 방법이 없다.	ecl-batch-editorial
ecl.5.83.01765	아무리 강한 화력으로도 이 문은 열 수 없지만, 당신들의	ecl-batch-editorial
ecl.5.83.01809	열쇠는 손쉽게 들어맞는다. 문의 잠금을 푼다.	ecl-batch-editorial
ecl.5.83.01853	보안 문이 활짝 열려 있다.	ecl-batch-editorial
ecl.5.83.01893	눈앞에 거대한 보안 문이 있다. 도저히	ecl-batch-editorial
ecl.5.83.01935	이쪽에서는 열 수 없다.	ecl-batch-editorial
ecl.5.83.02099	늪 민달팽이가 발밑에서 질퍽하게 뭉개진다.	ecl-batch-editorial
ecl.5.83.02125	멀리서 산성 개구리 우는 소리가 들린다.	ecl-batch-editorial
ecl.5.83.02163	발목까지 늪의 점액에 잠겨 있다.	ecl-batch-editorial
ecl.5.83.02193	벽에서 산성 액체가 뚝뚝 떨어진다.	ecl-batch-editorial
ecl.5.83.02222	머리 위에서 폐허가 삐걱거리며 벽이 떨린다.	ecl-batch-editorial
ecl.5.83.02261	담배 연기 냄새가 난다.	ecl-batch-editorial
ecl.5.83.02285	멀리서 컴퓨터가 웅웅거리는 소리가 들린다.	ecl-batch-editorial
ecl.5.83.02312	이곳에 있으니 몹시 불안하다.	ecl-batch-editorial
ecl.5.83.02336	뒤에서 발소리가 다가오는 것이 들린다.	ecl-batch-editorial
ecl.5.83.02373	가까이서 낮게 속삭이는 소리가 들린다.	ecl-batch-editorial
ecl.5.83.02439	RAM 부대가 당신들을 덮친다!	ecl-batch-editorial
ecl.5.83.02492	개조인들이 부서진	ecl-batch-editorial
ecl.5.83.02534	돔으로 전초 기지에 침입했다. 공격한다!	ecl-batch-editorial
ecl.5.83.02635	돌연변이 개조인들이 사다리를 타고 떼 지어 올라온다.	ecl-batch-editorial
ecl.5.83.02674	쉭쉭거리는 소리와 신난 울부짖음과 함께 공격해 온다.	ecl-batch-editorial
ecl.5.83.02729	사다리는 폐허 속에 숨겨진	ecl-batch-editorial
ecl.5.83.02769	작은 굴로 통하는 듯하다. 조사하겠습니까?	ecl-batch-editorial
ecl.5.83.02802	산성 액체에 얼룩진 뼈와 뱀이 벗어 놓은 허물을 발견한다.	ecl-batch-editorial
ecl.5.83.02842	이곳은 작은 컴퓨터실이다. 한	ecl-batch-editorial
ecl.5.83.02857	이곳은 작은 컴퓨터실이다. 홀로 있는 RAM	ecl-batch-editorial
ecl.5.83.02892	기술자가 단말기 중 한 대 앞에 앉아 있다. 그는	ecl-batch-editorial
ecl.5.83.02936	당신들을 보고 겁에 질려 벌벌 떤다. 그는 놓아주면 당신들의	ecl-batch-editorial
ecl.5.83.02981	존재를 발설하지 않겠다고 약속한다.	ecl-batch-editorial
ecl.5.83.03010	놓아주기	ecl-batch-editorial
ecl.5.83.03020	심문하기	ecl-batch-editorial
ecl.5.83.03034	죽이기	ecl-batch-editorial
ecl.5.83.03058	금성 민달팽이가 김 나는 산성 액체 자국을	ecl-batch-editorial
ecl.5.83.03099	버려진 컴퓨터 단말기 위에 남긴다. 정글은 이미	ecl-batch-editorial
ecl.5.83.03144	이 전초 기지를 되찾고 있다.	ecl-batch-editorial
ecl.5.83.03177	이 컴퓨터실은 버려졌다. 모니터가	ecl-batch-editorial
ecl.5.83.03214	헛되이 깜박거린다.	ecl-batch-editorial
ecl.5.83.03238	「고맙습니다!」 기술자가 당신들 곁을 스치고 지나	ecl-batch-editorial
ecl.5.83.03281	복도로 달려 나간다. 잠시 후 경보가 울리고	ecl-batch-editorial
ecl.5.83.03323	RAM 전사들의 공격을 받는다.	ecl-batch-editorial
ecl.5.83.03354	「저는 글라이더만 수리합니다.」 기술자가 말한다. 「여러분은	ecl-batch-editorial
ecl.5.83.03393	컴퓨터에서 더 알아보실 수 있습니다. 여기	ecl-batch-editorial
ecl.5.83.03438	글라이더 격납고 열쇠입니다... 제발 놓아 주십시오!」	ecl-batch-editorial
ecl.5.83.03481	그는 격납고 열쇠를 건넨다.	ecl-batch-editorial
ecl.5.83.03518	기술자를 어떻게 할지 정해야 한다.	ecl-batch-editorial
ecl.5.83.03579	묶어 두기	ecl-batch-editorial
ecl.5.83.03613	기술자를 묶고 재갈을 물린 뒤	ecl-batch-editorial
ecl.5.83.03654	근처 물자 보관실에 가둔다.	ecl-batch-editorial
ecl.5.83.03678	RAM 직원을 믿을 만큼 어리석지는 않다.	ecl-batch-editorial
ecl.5.83.03719	그를 즉시 죽인다.	ecl-batch-editorial
ecl.5.83.03749	스콧을 불러 이 컴퓨터실의 조사를 돕게 한다.	ecl-batch-editorial
ecl.5.83.03794	스콧이 데이터베이스를 뒤져 몇 가지 자료를 찾아낸다:	ecl-batch-editorial
ecl.5.83.03851	그의 조사 결과	ecl-batch-editorial
ecl.5.83.03883	서랍에서 격납고 열쇠를 발견한다.	ecl-batch-editorial
ecl.5.83.03945	기폭 키카드를 발견하지만, 대응하는	ecl-batch-editorial
ecl.5.83.03994	제어 박스가 없으면 쓸모가 없다.	ecl-batch-editorial
ecl.5.83.04045	글라이더용 휴대형 제어 박스를 발견한다. 이 상자의 유일한	ecl-batch-editorial
ecl.5.83.04092	기능은 글라이더를 자폭시키는 것이며,	ecl-batch-editorial
ecl.5.83.04138	탈취 대비용이다. 기폭 키카드가 있다면	ecl-batch-editorial
ecl.5.83.04186	글라이더가 폭발하도록 설정할 수 있다.	ecl-batch-editorial
ecl.5.83.04225	여기 기폭 키카드가 있다!	ecl-batch-editorial
ecl.5.83.04254	여기 제어 박스가 있다!	ecl-batch-editorial
ecl.5.83.04296	폭발성 수류탄도 몇 개 발견한다.	ecl-batch-editorial
ecl.5.83.04345	이제 제어 박스를 작동시켜 글라이더가 자폭	ecl-batch-editorial
ecl.5.83.04394	하도록 설정할 수 있다. 글라이더를 파괴하겠습니까?	ecl-batch-editorial
ecl.5.83.04435	기폭 키카드로 제어 박스를 작동시키고	ecl-batch-editorial
ecl.5.83.04485	각 글라이더에 맞춰 조정한다.	ecl-batch-editorial
ecl.5.83.04512	글라이더들이 폭발한다. 돔이	ecl-batch-editorial
ecl.5.83.04553	산산이 부서지는 굉음이 들린다. 불길하게 우르릉거리며 폐허가	ecl-batch-editorial
ecl.5.83.04556	...부서진다. 폐허가 내려앉으며 불길하게 우르릉거리고, 팀 위로 늪의 진창이 갈라진	ecl-batch-editorial
ecl.5.83.04595	내려앉고, 팀 위로 늪의 진창이 갈라진	ecl-batch-editorial
ecl.5.83.04643	천장 틈으로 뚝뚝 떨어진다.	ecl-batch-editorial
ecl.5.83.04677	스콧이 무선으로 연락해 온다. 「축하한다.	ecl-batch-editorial
ecl.5.83.04718	우리가 더 이룰 수 있는 일은 이곳	ecl-batch-editorial
ecl.5.83.04761	금성에는 없다고 본다. 되도록 빨리 함선으로 돌아와 합류해라.」	ecl-batch-editorial
ecl.5.83.04815	이곳은 RAM 글라이더로 가득한 격납고다. 머리 위에는	ecl-batch-editorial
ecl.5.83.04857	늪의 흙탕물과 관목으로 위장한 유리 돔이 있다.	ecl-batch-editorial
ecl.5.83.04901	돔을 열 방법을 찾지 못해 글라이더는 쓸모가 없다.	ecl-batch-editorial
ecl.5.83.04965	주위에는 글라이더 격납고의 잔해가 널려 있다.	ecl-batch-editorial
ecl.5.83.05005	뒤틀린 글라이더 파편이 방 곳곳에 흩어져 있다.	ecl-batch-editorial
ecl.5.83.05050	정체를 알 수 없는 개조인들이 부서진 돔 사이로 내려다보고 있다.	ecl-batch-editorial
ecl.5.83.05216	머리 위에서 환기 케이블이 삐걱거린다.	ecl-batch-editorial
ecl.5.83.05266	엉킨 케이블 뭉치가 폭발로 무너져 내렸다.	ecl-batch-editorial
ecl.5.83.05305	팀원 한 명이 케이블을 넘어가 길을 열어 볼 수 있다.	ecl-batch-editorial
ecl.5.83.05351	누가 케이블을 넘겠습니까?	ecl-batch-editorial
ecl.5.83.05406	케이블을 넘으려 하자 발밑에서 케이블이	ecl-batch-editorial
ecl.5.83.05448	움직이는 바람에 굴러떨어진다. 하지만 이제	ecl-batch-editorial
ecl.5.83.05490	나머지 팀원들이 지나갈 길이 열렸다.	ecl-batch-editorial
ecl.5.83.05531	케이블을 무사히 넘었다! 팀은	ecl-batch-editorial
ecl.5.83.05573	계속 나아갈 수 있다.	ecl-batch-editorial
ecl.5.83.05598	여기에 잔해 더미가 있다.	ecl-batch-editorial
ecl.5.83.05645	이곳은 RAM 회의실이다. 담배꽁초가	ecl-batch-editorial
ecl.5.83.05687	바닥에 널려 있다.	ecl-batch-editorial
ecl.5.83.05699	커다란 금성 식물이 천장에 뚫린	ecl-batch-editorial
ecl.5.83.05745	구멍으로 이 방에 떨어져 있다. 조사하겠습니까?	ecl-batch-editorial
ecl.5.83.05781	식물이 당신들에게 가시 돋친 포자를 쏜다.	ecl-batch-editorial
ecl.5.83.05821	민첩성이 부족해 피하지 못한 팀원은 모두	ecl-batch-editorial
ecl.5.83.05863	부상을 입는다.	ecl-batch-editorial
ecl.6.94.00026	마리포사 3호를 찾았다...	ecl-batch-editorial
ecl.6.94.00060	스콧이 마리포사에 식별 코드를 전송한다.	ecl-batch-editorial
ecl.6.94.00099	「착륙을 허가합니다.」	ecl-batch-editorial
ecl.6.94.00148	마리포사가 방송한다:	ecl-batch-editorial
ecl.6.94.00170	「적절한 허가가 없습니다. 착륙할 수 없습니다.」	ecl-batch-editorial
ecl.6.94.00248	마리포사가 발포하고 당신들은 달아난다...	ecl-batch-editorial
ecl.6.94.00280	여기에 방폭문이 있다.	ecl-batch-editorial
ecl.6.94.00348	여전히 열리지 않는다.	ecl-batch-editorial
ecl.6.95.00098	사막 러너는 눈을 오래 마주치면 격분한다.	ecl-batch-editorial
ecl.6.95.00145	산성 개구리는 길들이기 쉽다.	ecl-batch-editorial
ecl.6.95.00179	금성 저지대인이 생산하는 약물 그래비톨 없이는 우주여행이 불가능하다.	ecl-batch-editorial
ecl.6.95.00258	RAM은 홀처하인이라는 고도로 발달한 디지털 인격이 운영한다.	ecl-batch-editorial
ecl.6.95.00316	저지대인과 사막 러너는 자기 고향 행성을 좀처럼 떠나지 않는다.	ecl-batch-editorial
ecl.6.95.00374	소행성대의 주요 소행성마다 우주 정거장이 하나씩 있다.	ecl-batch-editorial
ecl.6.95.00432	태양왕들이 수성의 마리포사들을 다스린다.	ecl-batch-editorial
ecl.6.95.00469	RAM이 만든 개조인 중 가장 위험한 것은 실험형 전투 개조인이다.	ecl-batch-editorial
ecl.6.95.00598	한 금성인이 말해 준다. 「저 바깥에 RAM 중형 순양함이 한 척 있어요. 저지대인 죄수들과 귀한 그래비톨이 가득 실려 있대요.」	ecl-batch-editorial
ecl.6.95.00715	한 바텐더가 말한다. 「사막 러너는 상대가 눈을 똑바로 쳐다보는 걸 좋아해요.」	ecl-batch-editorial
ecl.6.95.00802	「나는 늘 바늘 총을 적어도 3자루는 들고 다니지.」라고 한 용병이 자랑한다.	ecl-batch-editorial
ecl.6.95.00880	「산성 개구리는 움직이는 건 뭐든 공격해요.」라는 말을 듣는다.	ecl-batch-editorial
ecl.6.95.00951	한 노병이 충고한다. 「전투에서는 언제나 팀을 넓게 벌려라! 그리고 의무병을 지켜라!」	ecl-batch-editorial
ecl.6.95.01049	한 젊은 해적이 말한다. 「탈론은 말만 번드르르하지, 사실은 약골이야.」	ecl-batch-editorial
ecl.6.95.01127	한 소행성 상인이 산성 개구리왕에 관해 이야기해 준다. 보는 이를 경외하게 만드는 대단한 양서류라고 한다.	ecl-batch-editorial
ecl.6.95.01219	한 술집 단골이 벅 로저스와 윌마 디어링이 몰래 약혼한 사이라고 주장한다.	ecl-batch-editorial
ecl.6.95.01345	「정찰 순양함이 스캐너에서 『위잉 위잉』 하는 소리를 내면 무기를 숨기고 있다는 뜻입니다.」라고 웨이터가 경고한다.	ecl-batch-editorial
ecl.6.95.01485	한 손님이 소리친다. 「저기요! 혹시 여러분이 시카고르그를 구한 그분들 아니에요?」 갈채를 받고 저녁 식사까지 대접받는다.	ecl-batch-editorial
ecl.6.95.01593	온몸에 심한 흉터가 있는 한 전사가 중무장 전투 로봇이 자기에게 폭발성 수류탄을 떨어뜨린 적이 있다고 말해 준다.	ecl-batch-editorial
ecl.6.95.01695	다른 테이블의 사람들이 소행성대에서 가장 큰 소행성 근처의 기지 이야기를 하는 소리가 들린다.	ecl-batch-editorial
ecl.6.95.01794	한 부유한 조종사가 RAM 중형 순양함과 싸워 재산을 모았다고 주장한다.	ecl-batch-editorial
ecl.6.95.01881	눈먼 거지가 금성에서는 반드시 고글을 쓰라고, 안 그러면 산에 눈이 타 버린다고 경고한다.	ecl-batch-editorial
ecl.6.95.01982	한 남자가 머리를 쥐어뜯으며 비명을 지르고 레스토랑을 가로질러 달려간다. 한 손님이 속삭인다. 「뇌 기생충이야.」	ecl-batch-editorial
ecl.6.95.02089	RAM 청소년 순찰대의 한 분대가 레스토랑 앞을 행진해 지나간다. 그중 한 명이 손을 흔든다.	ecl-batch-editorial
ecl.6.95.02176	벅 로저스가 사실은 RAM의 내통자로, 안에서부터 NEO를 무너뜨리려 꾀하고 있다는 소문이 들린다.	ecl-batch-editorial
ecl.6.95.02266	저스틴이 선반을 뒤지더니 시제품을 하나 꺼낸다. 그 순간 갑자기 RAM 부대가 방으로 밀어닥친다.	ecl-batch-editorial
ecl.6.95.02347	한 남자가 앞으로 나선다. 「시제품을 미끼로 남겨 두면 NEO 스파이까지 한꺼번에 잡을 수 있다는 걸 알고 있었지!」 저스틴이 엄폐물로 뛰어들어 장치를 감싼다.	ecl-batch-editorial
ecl.6.95.02514	무기를 뽑아 든다.	ecl-batch-editorial
ecl.6.95.02573	저스틴이 멀쩡한 장치를 들어 보인다. 「병력이 더 나타나기 전에 여기서 나갑시다.」	ecl-batch-editorial
ecl.6.95.02644	함선으로 향하지만, 승선 통로에서 대기하고 있던 다른 부대와 마주친다.	ecl-batch-editorial
ecl.6.95.02828	붙잡혀서 처형당한다.	ecl-batch-editorial
ecl.6.95.02873	우주로 탈출하지만 RAM 순양함이 앞길을 막아선다...	ecl-batch-editorial
ecl.6.96.00086	에어록을 빠져나가 마리포사 안으로 잠입하는 데 성공한다. 이곳은 승선 구역이다. 테크니키 통행증이면 앞에 있는 경비소를 통과할 수 있을 것이다.	ecl-batch-editorial
ecl.6.96.00302	보안 경보 때문에 격납고 입구가 봉쇄되어 있다. 들어갈 수 없다.	ecl-batch-editorial
ecl.6.96.00390	기계 음성이 말한다. 「유효한 통행 카드가 없으면 출입할 수 없습니다.」	ecl-batch-editorial
ecl.6.96.00480	밖의 인파 때문에 나갈 수 없다.	ecl-batch-editorial
ecl.6.96.00543	문이 미끄러지듯 열리자 열광적인 퍼레이드의 소음이 쏟아져 들어온다. 행렬에 합류하시겠습니까?	ecl-batch-editorial
ecl.6.96.00621	인파에 휩쓸린다.	ecl-batch-editorial
ecl.6.96.00724	이곳에서는 사람들이 이리저리 오가고 있다. 왼쪽으로 가시겠습니까, 오른쪽으로 가시겠습니까?	ecl-batch-editorial
ecl.6.96.00865	곧 중심부로 들어가게 된다. 계속하시겠습니까?	ecl-batch-editorial
ecl.6.96.01080	로봇이 훔친 신분 배지를 스캔한다. 윙윙거리는 소리를 내더니 말한다. 「통과. 수성에 오신 것을 환영합니다. 좋은 하루 보내십시오.」	ecl-batch-editorial
ecl.6.96.01161	누군가 로봇을 망가뜨려 놓았다. 경비소에는 아무도 없다.	ecl-batch-editorial
ecl.6.96.01234	보안 검색을 통과하자마자 윌마 디어링 대령이 다가온다. 그녀가 속삭인다. 「와 주셔서 다행입니다. 종말 장치는 마리포사 꼭대기에 있습니다. 여러분의 팀은 중심부를 통과해 그곳에 도달해야 합니다.」	ecl-batch-editorial
ecl.6.96.01394	그녀가 말을 잇는다.	ecl-batch-editorial
ecl.6.96.01408	그녀의 지시	ecl-batch-editorial
ecl.6.96.01426	「이제 통행증은 제가 받겠습니다. 우리 팀이 그 카드로 이곳 경비의 주의를 돌릴 겁니다. 보안 출입구는 피하십시오. 경비가 없는 수직 통로를 찾아보십시오. 행운을 빕니다.」	ecl-batch-editorial
ecl.6.96.01569	한 남자가 서둘러 지나가며 중얼거린다.	ecl-batch-editorial
ecl.6.96.01597	「육지면 하나.」	ecl-batch-editorial
ecl.6.96.01656	남자는 계속 걸어가다가 인파 속으로 사라진다.	ecl-batch-editorial
ecl.6.96.01708	그가 손짓으로 복도 한쪽 가장자리로 이끌며 속삭인다. 「댄서 여러분이 무사히 와 주어 다행입니다. 중심부로 가는 방법은 이렇습니다.」 그가 말을 잇는다.	ecl-batch-editorial
ecl.6.96.01815	그의 지시	ecl-batch-editorial
ecl.6.96.01832	그는 자리를 떠나 인파 속으로 사라진다.	ecl-batch-editorial
ecl.6.96.01867	그는 면전에서 비웃고는 몸을 빼내 인파 속으로 사라진다.	ecl-batch-editorial
ecl.6.96.01945	마라의 시장에 오신 것을 환영합니다. 원하시는 신비한 물건이라면 무엇이든 여기 다 있습니다.	ecl-batch-editorial
ecl.6.96.02030	앵무새 한 마리가 나무 기둥 위에 앉아 시끄럽게 울어 대고 있다.	ecl-batch-editorial
ecl.6.96.02123	간식 부스러기를 꺼내 앵무새에게 먹인다. 앵무새는 부스러기를 삼키는 동안만 잠시 울음을 멈춘다.	ecl-batch-editorial
ecl.6.96.02223	말을 하도록 구슬리자 앵무새가 어깨 위로 폴짝 뛰어오른다.	ecl-batch-editorial
ecl.6.96.02304	앵무새가 갑자기	ecl-batch-editorial
ecl.6.96.02339	에게 반감이 생겼는지 손가락을 콕 깨문다.	ecl-batch-editorial
ecl.6.96.02374	앵무새가 재잘재잘 떠든다. 「댄서는 크래커를 원해... 바스티유를 습격해... 뽀뽀는 어때... 꽥!!!」 앵무새는 날아가 버린다.	ecl-batch-editorial
ecl.6.96.02466	앵무새와 친해진 것 같다. 앵무새가 신나게 재잘거린다. 「암호는 바스티유... 바스티유... 댄서들이 레이저를 탈취한다... 레이저.」	ecl-batch-editorial
ecl.6.96.02589	새는 계속 재잘거린다. 「가빌란의 RAM 지지 세력에 맞서라... 지구가 구워진다... 화성을 겨냥해라... 꽥!!!」	ecl-batch-editorial
ecl.6.96.02659	앵무새는 점점 기운이 빠지더니 날개를 퍼덕이며 날아가 버린다.	ecl-batch-editorial
ecl.6.96.02712	구형 탁상 컴퓨터가 놓여 있다. 구식 키보드와 외눈 스캐너까지 달려 있다. 먼지 앉은 렌즈를 들여다보자 화면에 글자가 찍히기 시작한다.	ecl-batch-editorial
ecl.6.96.02830	「스콧이다. 증권 거래소 컴퓨터 안에 있다. 이곳은 움직임이 활발하다. 가빌란이 지구 기업들의 주식을 대량으로 공매도하고 있다. 종말 장치가 곧 발사될 것으로 예상된다.	ecl-batch-editorial
ecl.6.96.02944	「그런데 이상한 점이 있다. 태양왕들로 이뤄진 경쟁 컨소시엄도 가빌란의 주식을 공매도하고 있다. 누군가 그가 곧 큰 곤경에 빠지리라 보고 있는 것이다. 이만 끊는다. 누군가 나를 추적하려 하고 있다. 정신 바짝 차려라.」	ecl-batch-editorial
ecl.6.96.03109	밧줄 한 사리가 쓰지 않는 문에 기대어 놓여 있다. 문에 쌓인 먼지 너머로 『뤼 드 솔 방면』이라는 글자가 어렴풋이 보인다. 밧줄을 가져가시겠습니까?	ecl-batch-editorial
ecl.6.96.03256	왼쪽 문 너머에서 고함 소리와 둥둥 울리는 음악 소리가 새어 나온다.	ecl-batch-editorial
ecl.6.96.03315	작은 광장으로 나왔다. 기상천외한 의상을 입은 사람들과 커다란 퍼레이드 수레가 일대를 가득 메우고 있다. 공중에 떠 있는 스테레오 상자에서 음악이 요란하게 울려 퍼진다.	ecl-batch-editorial
ecl.6.96.03423	누군가 인파를 헤치고 다가와 소음 속에서 외친다. 「오늘은 가빌란의 생일이야! 의상을 입고 퍼레이드에 합류해!」 의상을 입으시겠습니까?	ecl-batch-editorial
ecl.6.96.03561	퍼레이드가 시작된다! 행렬에 이끌려 함께 나아간다.	ecl-batch-editorial
ecl.6.96.03623	뤼 드 솔에 들어서자 소음에 귀가 먹먹해진다. 어지러울 만큼 화려한 색의 물결이 눈을 덮친다. 인파가 바싹 붙어 밀려들고, 모두가 즐거워 보인다!	ecl-batch-editorial
ecl.6.96.03855	홀스트 광장 입구에 와 있다. 퍼레이드 대부분은 조플린 광장 쪽으로 멀어지고 있다. 인파에서 슬쩍 빠져나가시겠습니까?	ecl-batch-editorial
ecl.6.96.03998	퍼레이드 속도가 느려진다. 앞쪽에서 삼엄한 경비가 모든 사람을 검문하고 있다. 문 위에는 대인용 총이 설치되어 있다. 돌아가는 편이 현명할지도 모른다. 돌아가시겠습니까?	ecl-batch-editorial
ecl.6.96.04148	경비대가 예외 없이 모든 사람에게 몸수색 검사를 하고 있다. 레이저포가 인파를 따라 움직인다. 검사를 받으시겠습니까, 아니면 공격하시겠습니까?	ecl-batch-editorial
ecl.6.96.04255	검사 받기	ecl-batch-editorial
ecl.6.96.04286	레이저포가 이쪽으로 방향을 틀고 병사들이 총을 뽑는다. 「항복하라, 아니면 죽는다!」 확성기에서 고함이 터져 나온다.	ecl-batch-editorial
ecl.6.96.04395	무기를 뽑는 순간 레이저 기관포가 불을 뿜기 시작한다!	ecl-batch-editorial
ecl.6.96.04470	부대가 돌격해 온다. 항복하시겠습니까?	ecl-batch-editorial
ecl.6.96.04526	레이저포가 다시 불을 뿜는다.	ecl-batch-editorial
ecl.6.96.04561	봉쇄되지 않은 곳은 홀스트 광장뿐이다. 슬쩍 안으로 들어간다.	ecl-batch-editorial
ecl.6.96.04630	보안 출입구	ecl-batch-editorial
ecl.6.96.04703	들어서자 보안 경보가 울려 퍼진다. 경비병들이 무기로 손을 뻗는다.	ecl-batch-editorial
ecl.6.96.04804	문 위의 표지판에는 이렇게 적혀 있다:	ecl-batch-editorial
ecl.6.96.04831	「수성 증권 거래소」	ecl-batch-editorial
ecl.6.96.04862	「더 들어가지 마십시오! 안에 테러리스트를 노린 대형 함정이 있습니다. 돌아서서 오른쪽으로 갔다가 왼쪽으로 가십시오. 서두르십시오!」 그의 모습이 곧바로 희미해지며 사라진다.	ecl-batch-editorial
ecl.6.96.04970	사방에서 경비병들이 총을 난사하며 뛰쳐나온다.	ecl-batch-editorial
ecl.6.96.05038	뒤로 밀려난다.	ecl-batch-editorial
ecl.6.96.05067	방 안의 컴퓨터들은 강철판으로 보호되어 있다.	ecl-batch-editorial
ecl.6.96.05142	이 복도는 먼지가 쌓인 채 쓰이지 않고 있다.	ecl-batch-editorial
ecl.6.96.05174	정비 로봇들이 이곳에 줄지어 서 있다.	ecl-batch-editorial
ecl.6.96.05211	조지의 자석 신발	ecl-batch-editorial
ecl.6.96.05260	온갖 종류의 자석 부츠가 선반을 가득 채우고 있다. 가게 안에는 아무도 없다.	ecl-batch-editorial
ecl.6.96.05325	미켈란젤로의 모조 대리석	ecl-batch-editorial
ecl.6.96.05375	모조 대리석 스프레이 캔과 작은 조각상들이 문 닫은 가게 안에 널려 있다.	ecl-batch-editorial
ecl.6.96.05437	르 올드 보디 숍	ecl-batch-editorial
ecl.6.96.05482	문 닫은 가게에는 간이 성형 수술 키트가 있다. 엘비스 닮은꼴 시술을 특가로 내놓고 있다.	ecl-batch-editorial
ecl.6.96.05556	U-R-U 홀로그램 초상관	ecl-batch-editorial
ecl.6.96.05602	들어서는 순간 자기 자신과 마주 서게 된다. 홀로그램은 나갈 때까지 모든 동작을 그대로 따라 한다.	ecl-batch-editorial
ecl.6.96.05714	낡은 칠판, 타구 2개, 모나리자 복제화가 뒤섞인 커다란 잡동사니 더미에 파묻힌다.	ecl-batch-editorial
ecl.6.96.05817	이 가게는 문을 닫았다. 수성의 명소를 담은 싸구려 홀로그램을 판다.	ecl-batch-editorial
ecl.6.96.05892	방 안은 어둡다. 카운터 위에 딱딱하게 굳은 도넛이 줄지어 놓여 있다.	ecl-batch-editorial
ecl.6.96.05954	이 사무실에는 흥미로운 기록이 여럿 있다. 그것들을 챙긴다	ecl-batch-editorial
ecl.6.96.06077	갑작스러운 정적에 귀가 먹먹하다. 광장은 거의 텅 비어 있다.	ecl-batch-editorial
ecl.6.96.06148	다시 퍼레이드 행렬에 휩쓸린다.	ecl-batch-editorial
ecl.6.96.06199	부대가 광장으로 쏟아져 들어와 이쪽으로 달려온다. 도망치시겠습니까?	ecl-batch-editorial
ecl.6.96.06286	더 많은 병력이 다가온다. 도망치시겠습니까?	ecl-batch-editorial
ecl.6.96.06376	오래된 다마스크 비단 여러 필이 그보다 조금 새로운 탁상형 비디오 게임기 위에 놓여 있다.	ecl-batch-editorial
ecl.6.96.06438	기계 개가 고개를 갸웃하더니 먼지 앉은 축음기에 맞춰 박자를 타며 짖는다.	ecl-batch-editorial
ecl.6.96.06497	곰팡이 슨 컴퓨터 디스크 상자가 놓여 있다. 알아볼 수 있는 글자는 『...SI』뿐이다.	ecl-batch-editorial
ecl.6.96.06576	문 위에 홀로그램이 떠오른다	ecl-batch-editorial
ecl.6.96.06646	눈이 가려지고 수갑이 채워진 채 인파 속을 끌려간다. 이리저리 떠밀리는 동안 누군가 말하는 소리가 들린다. 「육지면 하나.」	ecl-batch-editorial
ecl.6.96.06789	육중한 문이 미끄러지듯 열리는 소리가 들린다. 이어서 거대한 폭발에 나동그라진다. 누군가 들어 올려 데려간다. 수갑이 끊어지고 자유의 몸이 된다.	ecl-batch-editorial
ecl.6.96.06916	윌마가 굳은 표정으로 서 있다. 「주의를 끄는 쪽은 여러분이 아니라 우리라는 점을 기억해 주십시오. 중심부 입구는 바로 앞입니다. 어서 움직이십시오! NEO는 여러분만 믿고 있습니다.」 그녀가 자리를 뜬다.	ecl-batch-editorial
ecl.6.96.07078	레이저포가 날카로운 소리를 내는 가운데 누군가 팔을 붙잡고 서둘러 끌고 간다. 수갑이 끊겨 풀려나고 낯선 사내와 눈이 마주친다. 「우리 보스는 댄서들이 살아서 자유롭기를 원한다. 저 문으로 들어가서 그 사람을 만나라.」 그가 떠난다.	ecl-batch-editorial
ecl.6.96.07377	경비 팀이 인파를 헤치고 지나가지만, 시선은 이쪽을 그냥 스쳐 간다.	ecl-batch-editorial
ecl.6.96.07442	경비 팀이 이쪽을 발견하고 인파를 헤치며 다가온다.	ecl-batch-editorial
ecl.6.96.07542	이곳에서 총격전을 벌이면 수백 명의 무고한 민간인이 죽고 눈길을 크게 끌게 된다. 맨손이라면 조용히 처리할 수 있다.	ecl-batch-editorial
ecl.6.96.07701	병사들이 무기를 뽑는 모습을 보고, 그중 한 명이 옷깃에 대고 말한다. 천장에서 로봇들이 내려온다.	ecl-batch-editorial
ecl.6.96.07798	증원 병력이 계속 도착한다.	ecl-batch-editorial
ecl.6.96.07833	병사들이 거리를 좁혀 오지만 단분자 검만 뽑아 든다.	ecl-batch-editorial
ecl.6.96.07900	소음과 인파가 전투를 가려 주었다. 목격한 사람 중 누구도 경비를 더 부르고 싶어 하는 것 같지 않다.	ecl-batch-editorial
ecl.6.96.08038	인파 속으로 더 깊이 파고들어 경비 팀을 따돌린다.	ecl-batch-editorial
ecl.6.96.08090	경비원들이 바로 앞까지 다가왔다.	ecl-batch-editorial
ecl.6.96.08152	그들이 의심스러운 눈초리로 위아래를 훑어본다. 어떤 어조로 대하시겠습니까?	ecl-batch-editorial
ecl.6.96.08219	말재주	ecl-batch-editorial
ecl.6.96.08252	태양왕 중 한 사람의 수하라고 그들을 납득시킨다. 그들은 연신 사과하며 물러난다.	ecl-batch-editorial
ecl.6.96.08334	지휘관은 어리둥절해하며 부하들에게 돌아가 머리를 맞댄다. 퍼레이드 행렬이 이쪽을 멀리 실어 간다.	ecl-batch-editorial
ecl.6.96.08412	지휘관이 사과한다. 「죄송합니다만 테러 활동 보고가 들어와서 신중해야 합니다. 즐거운 시간 보내십시오. 좋은 하루 되십시오.」 그들이 물러간다.	ecl-batch-editorial
ecl.6.96.08534	문이 닫힌 가게가 하나 있다. 원한다면 들어갈 수 있다. 들어가겠습니까?	ecl-batch-editorial
ecl.6.96.08637	투 이프 바이 시	ecl-batch-editorial
ecl.6.97.00375	이 무중력 코어 구역은 위아래로	ecl-batch-editorial
ecl.6.97.00417	마리포사 전체를 관통한다. 위든 아래든 나아갈 수 있다.	ecl-batch-editorial
ecl.6.97.00481	위로 가기	ecl-batch-editorial
ecl.6.97.00508	여기서 중심부를 떠날 수도 있다.	ecl-batch-editorial
ecl.6.97.00559	중심부 떠나기	ecl-batch-editorial
ecl.6.97.00634	마리포사의 맨 꼭대기까지 올라왔다.	ecl-batch-editorial
ecl.6.97.00716	중심부 벽면에 숫자 1이 칠해져 있다.	ecl-batch-editorial
ecl.6.97.00777	중심부 벽면에 숫자 2가 칠해져 있다.	ecl-batch-editorial
ecl.6.97.00838	중심부 벽면에 숫자 3이 칠해져 있다.	ecl-batch-editorial
ecl.6.97.00899	중심부 벽면에 숫자 4가 칠해져 있다.	ecl-batch-editorial
ecl.6.97.00988	중심부 벽면에 숫자 5가 칠해져 있다.	ecl-batch-editorial
ecl.6.97.01057	중심부 벽면에 숫자 6이 칠해져 있다.	ecl-batch-editorial
ecl.6.97.01126	중심부 벽면에 숫자 7이 칠해져 있다.	ecl-batch-editorial
ecl.6.97.01195	중심부 벽면에 숫자 8이 칠해져 있다.	ecl-batch-editorial
ecl.6.97.01244	기계식 레이저 권총과 기타 무기가	ecl-batch-editorial
ecl.6.97.01283	중심부 벽에 설치되어 있다. 그것들이 팀을 겨냥하여	ecl-batch-editorial
ecl.6.97.01329	발사한다.	ecl-batch-editorial
ecl.6.97.01395	중심부의 벽은 온통 기계식	ecl-batch-editorial
ecl.6.97.01433	무기로 가득하지만 센서는 팀을 감지하지 못한다.	ecl-batch-editorial
ecl.6.97.01500	수많은 로봇이 전투 태세로 무장한 채 기다리고 있다.	ecl-batch-editorial
ecl.6.97.01539	도망치겠습니까?	ecl-batch-editorial
ecl.6.97.01575	더 많은 로봇이 몰려온다! 도망치겠습니까?	ecl-batch-editorial
ecl.6.97.01615	힘겹게 중심부 위쪽으로 되돌아간다.	ecl-batch-editorial
ecl.6.97.01714	보안 로봇이 당신들을 침입자로 식별한다!	ecl-batch-editorial
ecl.6.97.01811	알현실에 들어선다	ecl-batch-editorial
ecl.6.97.01837	보이는 광경	ecl-batch-editorial
ecl.6.97.01851	「그대들은 프랑스어를 하느냐?」 태양왕이 다그친다.	ecl-batch-editorial
ecl.6.97.01916	태양왕이 코웃음을 친다. 「경비병! 이 이교도들을 끌어내라.」	ecl-batch-editorial
ecl.6.97.01971	알현실 밖으로 안내된다.	ecl-batch-editorial
ecl.6.97.02046	태양왕이 활짝 웃는다. 「좋구나! 이곳은 프랑스어를 쓰노라.	ecl-batch-editorial
ecl.6.97.02091	자, 무슨 일로 왔느냐? 그대들이 『레 당쇠르』냐?」	ecl-batch-editorial
ecl.6.97.02158	「아니라고? 그렇다면 짐이 찾는 자들이 아니로다! 하지만 어쩌면 짐이	ecl-batch-editorial
ecl.6.97.02200	그대들을 쓸 수는 있으리라.	ecl-batch-editorial
ecl.6.97.02228	「아하! 짐의 『초인』이여! 혁명 만세! 짐은 줄곧	ecl-batch-editorial
ecl.6.97.02271	기다렸노라.	ecl-batch-editorial
ecl.6.97.02287	그대들은 RAM의 종말 장치를 빼앗아	ecl-batch-editorial
ecl.6.97.02332	짐에게 넘겨라. 알겠느냐?」	ecl-batch-editorial
ecl.6.97.02380	「감히 짐의 뜻을 거절하느냐? 물러가라!」	ecl-batch-editorial
ecl.6.97.02421	매우 좋다. 그 장치를 손에 넣으면 짐이	ecl-batch-editorial
ecl.6.97.02460	태양계를 다스리리라! 이렇게 별에 이르는 법이니... 불멸을	ecl-batch-editorial
ecl.6.97.02504	짐 자신에게! 국왕 만세!」	ecl-batch-editorial
ecl.6.97.02525	「짐의 부하들이 중심부의 레이저를 무력화하리라.	ecl-batch-editorial
ecl.6.97.02564	그들이 그대들 뒤를 따르겠으나 전투의 영광은	ecl-batch-editorial
ecl.6.97.02606	모두 그대들의 것이니라! 무기를 들라! 그대들은 위대한 전사, 그렇지	ecl-batch-editorial
ecl.6.97.02650	않으냐? 개선하라!」	ecl-batch-editorial
ecl.6.97.02696	태양왕이 내려다보며 노려본다. 「이제 그대들은	ecl-batch-editorial
ecl.6.97.02737	이교도 같은 행실에 대해 용서를 빌어도 좋다. 짐을 기쁘게 하면,	ecl-batch-editorial
ecl.6.97.02783	짐이 용서를 고려해 보겠노라.」	ecl-batch-editorial
ecl.6.97.02843	「이런, 끔찍해라!」	ecl-batch-editorial
ecl.6.97.02869	태양왕이 흡족해한다. 「그대들의 잘못을 용서하노라.	ecl-batch-editorial
ecl.6.97.02917	종말 장치의 통제권 없이는 돌아오지 말라 일렀거늘,	ecl-batch-editorial
ecl.6.97.02957	RAM이 아직 위에 있다. 서둘러라!	ecl-batch-editorial
ecl.6.97.03050	문이 굳게 잠겨 있다. 경비병들이 비웃으며	ecl-batch-editorial
ecl.6.97.03090	작은 격자 틈으로 쓰레기를 던진다.	ecl-batch-editorial
ecl.6.97.03127	문이 닫혀 있다. 경비병 한 명이	ecl-batch-editorial
ecl.6.97.03167	작은 격자 틈으로 살피며 태양왕께 사과하겠냐고 묻는다.	ecl-batch-editorial
ecl.6.97.03224	문이 열린다.	ecl-batch-editorial
ecl.6.97.03240	문이 잠겨 있다. 경비병들이	ecl-batch-editorial
ecl.6.97.03279	태양왕의 명을 마치기 전에는 돌아오지 말라고 한다.	ecl-batch-editorial
ecl.6.97.03326	화려하지만 튼튼한 문이 앞에 있다. 경비병 한 명이	ecl-batch-editorial
ecl.6.97.03367	작은 격자 틈으로 살핀다. 「혁명 만세! 여러분은	ecl-batch-editorial
ecl.6.97.03414	태양왕 알현을 원하십니까?」	ecl-batch-editorial
ecl.6.97.03477	경비병이 동전을 본다. 「이것들을	ecl-batch-editorial
ecl.6.97.03515	태양왕께 올리겠습니다. 여기서 기다리십시오.」 동전을	ecl-batch-editorial
ecl.6.97.03563	격자 틈으로 밀어 넣는다. 경비병은 자리를 뜬다.	ecl-batch-editorial
ecl.6.97.03581	기다린다.	ecl-batch-editorial
ecl.6.97.03593	마침내 문의 잠금이 풀린다. 「태양왕께서 허락하셨습니다.	ecl-batch-editorial
ecl.6.97.03635	알현하십시오.」	ecl-batch-editorial
ecl.6.97.03650	「그럼 꺼져라!」	ecl-batch-editorial
ecl.6.97.03672	경비병이 킥킥거린다. 「알현하려면 최소 세	ecl-batch-editorial
ecl.6.97.03714	가지 선물을 가져와야 합니다.」	ecl-batch-editorial
ecl.6.97.03758	올빼미 조각상이 팀을 마주 보고 있다. 눈은	ecl-batch-editorial
ecl.6.97.03797	루비이며 날개는 은으로 도금되어 있다.	ecl-batch-editorial
ecl.6.97.03850	독수리 조각상이 앞에 있다. 깃털 하나하나가	ecl-batch-editorial
ecl.6.97.03889	금실을 엮어 만든 것이고, 양 날개는 온통	ecl-batch-editorial
ecl.6.97.03959	매 모양 조각상이 머리 위로 우뚝 솟아 있다. 그	ecl-batch-editorial
ecl.6.97.03995	구리 도금은 최근에 광을 낸 상태다.	ecl-batch-editorial
ecl.6.97.04045	거대한 새 조각상이 있다. 그 종류를	ecl-batch-editorial
ecl.6.97.04086	알아보기 어렵다. 조각상 구석구석에	ecl-batch-editorial
ecl.6.97.04128	보석이 빼곡해서다.	ecl-batch-editorial
ecl.6.97.04173	태양왕의 시종 한 명이 여기서 쉬고 있다.	ecl-batch-editorial
ecl.6.97.04218	그는 미국 독립 혁명 예복을 입고 있다. 「쉿,」 그가 속삭인다.	ecl-batch-editorial
ecl.6.97.04269	「태양왕을 찾으세요?	ecl-batch-editorial
ecl.6.97.04298	그러셔야죠! 중심부의 무기는 태양왕만 끌 수 있어요.」	ecl-batch-editorial
ecl.6.97.04349	「선물을 가져가야 해요. 태양왕과	ecl-batch-editorial
ecl.6.97.04394	이야기하려면요,」 하고 그가 경고한다. 「우리 아래층마다 하나씩 찾아보세요.」	ecl-batch-editorial
ecl.6.97.04455	미국 독립 혁명 예복을 입은 시종이 여기 있다.	ecl-batch-editorial
ecl.6.97.04497	「여러분을 따라 중심부를 올라가라는 명을 받았어요. 반드시	ecl-batch-editorial
ecl.6.97.04545	태양왕의 이익을 지키라는 거죠.	ecl-batch-editorial
ecl.6.97.04578	저는 보이지 않겠지만 근처에 있을게요.」	ecl-batch-editorial
ecl.6.97.04626	이곳의 전투 로봇 한 대가 정비용으로	ecl-batch-editorial
ecl.6.97.04662	프로그래밍되어 있다. 진공청소기로 바닥을 청소하는 중이다. 로봇의 흡입구가	ecl-batch-editorial
ecl.6.97.04708	동화 1닢에 다가간다. 어떻게 하겠습니까?	ecl-batch-editorial
ecl.6.97.04740	동전 붙잡기	ecl-batch-editorial
ecl.6.97.04749	로봇과 전투	ecl-batch-editorial
ecl.6.97.04782	누가 잡겠습니까?	ecl-batch-editorial
ecl.6.97.04832	놓쳤다! 동전이 진공청소기 속으로 빨려 들어간다. 설상가상으로	ecl-batch-editorial
ecl.6.97.04873	행동이 로봇의 주의를 끌었고 로봇이	ecl-batch-editorial
ecl.6.97.04918	경보를 울린다.	ecl-batch-editorial
ecl.6.97.04949	전투에 뛰어들기 직전에 동전이	ecl-batch-editorial
ecl.6.97.04994	진공청소기로 빨려 들어간다. 로봇이 낌새를 알아채고 경보를 울린다!	ecl-batch-editorial
ecl.6.97.05053	보안 로봇들이 이쪽으로 다가온다!	ecl-batch-editorial
ecl.6.97.05100	바닥에 널린 잔해 속에서 동화 1닢이 보인다!	ecl-batch-editorial
ecl.6.97.05145	동화 1닢을 얻었다.	ecl-batch-editorial
ecl.6.97.05173	돌아서서 떠나려는 순간, 동전이	ecl-batch-editorial
ecl.6.97.05211	진공청소기 속으로 사라진다. 로봇이 이쪽으로 돌아서더니	ecl-batch-editorial
ecl.6.97.05254	경보를 울린다!	ecl-batch-editorial
ecl.6.97.05285	동전을 낚아챈다. 로봇은 임무를 마치고	ecl-batch-editorial
ecl.6.97.05327	벽 속의 보관 칸으로 사라진다.	ecl-batch-editorial
ecl.6.97.05412	잡동사니와 자질구레한 장식품이 이 무중력	ecl-batch-editorial
ecl.6.97.05456	보관 구역에 떠다닌다. 종이 깃발, 도자기 촛대,	ecl-batch-editorial
ecl.6.97.05502	낡은 훈장 따위는 극히 일부일 뿐이다. 벽장을 조사하겠습니까?	ecl-batch-editorial
ecl.6.97.05549	전투 나팔과 리넨 냅킨을 발견했다. 계속	ecl-batch-editorial
ecl.6.97.05604	상아 신발 선반과 분칠한 가발 두 개를 발견했다.	ecl-batch-editorial
ecl.6.97.05646	계속 조사하겠습니까?	ecl-batch-editorial
ecl.6.97.05664	올빼미가 새겨진 은화 1닢을 발견했다!	ecl-batch-editorial
ecl.6.97.05705	동전을 챙겨 둔다.	ecl-batch-editorial
ecl.6.97.05727	은화 1닢을 얻었다.	ecl-batch-editorial
ecl.6.97.05755	이 벽장에는 더 값나가는 물건이 없다.	ecl-batch-editorial
ecl.6.97.05803	이 방에는 가동 중지된 로봇들이 있다. 벽에는	ecl-batch-editorial
ecl.6.97.05845	금화가 박힌 명판이 있다. 정교하게 묘사된	ecl-batch-editorial
ecl.6.97.05888	독수리가 동전에 돋을새김되어 있다.	ecl-batch-editorial
ecl.6.97.05916	동전을 가져가겠습니까?	ecl-batch-editorial
ecl.6.97.05935	명판 밑에서 경보선이 튀어나와 있다.	ecl-batch-editorial
ecl.6.97.05976	누가 보안을 우회하겠습니까?	ecl-batch-editorial
ecl.6.97.06028	엉뚱한 선을 잡아당기자 방 안의	ecl-batch-editorial
ecl.6.97.06066	로봇들이 작동한다. 「즉시 항복하라」라고 명령한다. 곧이어	ecl-batch-editorial
ecl.6.97.06109	사격을 시작한다.	ecl-batch-editorial
ecl.6.97.06153	로봇들이 주위에 연기 나는	ecl-batch-editorial
ecl.6.97.06194	금속 더미가 되어 흩어져 있다. 명판에서 금화를 뜯어낸다.	ecl-batch-editorial
ecl.6.97.06234	금화 1닢을 얻었다.	ecl-batch-editorial
ecl.6.97.06260	보안 장치의 연결을 끊고 금화를	ecl-batch-editorial
ecl.6.97.06301	명판에서 뜯어낸다.	ecl-batch-editorial
ecl.6.97.06343	살금살금 방을 빠져나와 중심부로 돌아간다.	ecl-batch-editorial
ecl.6.97.06394	이 침실에는 수정과	ecl-batch-editorial
ecl.6.97.06433	진주를 꿴 줄이 늘어져 있다. 벽은 화려한 색의	ecl-batch-editorial
ecl.6.97.06477	비단과 벨벳으로 덮여 있다.	ecl-batch-editorial
ecl.6.97.06502	이곳은 태양왕의 옷장이다. 방 안에는	ecl-batch-editorial
ecl.6.97.06544	역사 속 프랑스, 미국, 러시아의 군복이 가득하다.	ecl-batch-editorial
ecl.6.97.06604	체스판을 발견한다. 말들은	ecl-batch-editorial
ecl.6.97.06641	RAM 장교와 프랑스 혁명군 병사를 본뜬 모양이다. 방 안의 한	ecl-batch-editorial
ecl.6.97.06688	노인이 묻는다. 「암호가 무엇인가?」 어떻게 대답하겠습니까?	ecl-batch-editorial
ecl.6.97.06760	노인은 실망한 듯하지만 더는 말을 섞지 않는다.	ecl-batch-editorial
ecl.6.97.06817	「체스 한 판 두겠는가?」	ecl-batch-editorial
ecl.6.97.06857	노인이 실망한 얼굴로 발을 끌며	ecl-batch-editorial
ecl.6.97.06896	방을 나간다.	ecl-batch-editorial
ecl.6.97.06916	노인과 체스를 한 판 둔다. 그가	ecl-batch-editorial
ecl.6.97.06958	근소한 차이로 이긴다. 떠나기 전에 그가	ecl-batch-editorial
ecl.6.97.06997	조언을 건넨다. 「태양왕을 만나거든,」 그가 말한다.	ecl-batch-editorial
ecl.6.97.07041	「프랑스어를 할 줄 안다고 말하게.」	ecl-batch-editorial
ecl.6.97.07081	이 방에 들어서자 수십 마리의 새가 날아오른다.	ecl-batch-editorial
ecl.6.97.07120	사방 벽의 횃대에서 더 많은 새가	ecl-batch-editorial
ecl.6.97.07164	이쪽을 지켜본다. 이곳은 새장이다.	ecl-batch-editorial
ecl.6.97.07192	어수선한 이 방에서는 흥미로운 것을 찾지 못한다.	ecl-batch-editorial
ecl.6.97.07246	방이 복잡한 장비로 가득하다. 콘솔 하나에는	ecl-batch-editorial
ecl.6.97.07285	「무기 제어. 관계자	ecl-batch-editorial
ecl.6.97.07326	외 출입 금지.」라고 적혀 있다. 콘솔에서 붉은 불이 깜박인다.	ecl-batch-editorial
ecl.6.97.07363	중심부의 무기를 해제해 보겠습니까?	ecl-batch-editorial
ecl.6.97.07398	경고음이 울리고 기계 음성이	ecl-batch-editorial
ecl.6.97.07438	말한다. 「이 콘솔을 사용할 권한이 없다.」	ecl-batch-editorial
ecl.6.97.07478	중심부 무기 해제를 계속 시도하겠습니까?	ecl-batch-editorial
ecl.6.97.07562	태양왕의 허가 절차.」	ecl-batch-editorial
ecl.6.97.07606	전기 충격을 받는다.	ecl-batch-editorial
ecl.6.97.07644	콘솔에서 물러나겠습니까?	ecl-batch-editorial
ecl.6.97.07668	방이 복잡한 장비로 가득하다. 그중 콘솔 하나에는	ecl-batch-editorial
ecl.6.97.07708	「무기 제어: 관계자	ecl-batch-editorial
ecl.6.97.07750	외 출입 금지.」라고 적혀 있다. 콘솔에서 초록 불이 깜박인다.	ecl-batch-editorial
ecl.6.97.07787	이 방은 기계 장치와 거대한	ecl-batch-editorial
ecl.6.97.07826	톱니바퀴로 가득하다. 벽의 정보 화면은	ecl-batch-editorial
ecl.6.97.07867	「가동 상태 정상.」이라고 뜬다.	ecl-batch-editorial
ecl.6.97.07902	그리스식 기둥과 커튼이 벽을 따라	ecl-batch-editorial
ecl.6.97.07941	이 웅장한 홀을 장식하고 있다. 명판에 이렇게 적혀 있다:	ecl-batch-editorial
ecl.6.97.07973	「이곳에 들어서는 자여, 모든 희망을 버려라.」	ecl-batch-editorial
ecl.6.97.08004	작은 표지판에는 이렇게 적혀 있다:	ecl-batch-editorial
ecl.6.97.08027	프랑스어 가능	ecl-batch-editorial
ecl.6.97.08139	근처 인터콤에서 여자 목소리가 흘러나온다.	ecl-batch-editorial
ecl.6.97.08177	「홀처하인이 발사를 허가했다. 발사 카운트다운이	ecl-batch-editorial
ecl.6.97.08222	즉시 시작된다.	ecl-batch-editorial
ecl.6.97.08279	초 후 발사한다.」	ecl-batch-editorial
ecl.6.97.08295	스콧의 홀로그램이 눈앞에 나타난다. 「당신들은	ecl-batch-editorial
ecl.6.97.08337	너무 늦었다! 윌마가 자신의 함선을 몰고 위에서	ecl-batch-editorial
ecl.6.97.08379	종말 무기를 들이받아 부술 것이다!」	ecl-batch-editorial
ecl.6.97.08416	머리 위 저 멀리서 금속이 찢어지는 날카로운 소리가 들리고,	ecl-batch-editorial
ecl.6.97.08456	이어 폭발이 일어나	ecl-batch-editorial
ecl.6.97.08498	마리포사 꼭대기 전체가 불길에 휩싸인다!	ecl-batch-editorial
ecl.6.98.00414	비상계단.	ecl-batch-editorial
ecl.6.98.00442	경보가 울릴 것이다.	ecl-batch-editorial
ecl.6.98.00460	그래도 문을 열겠습니까?	ecl-batch-editorial
ecl.6.98.00515	문 위의 붉은 등이 깜박인다.	ecl-batch-editorial
ecl.6.98.00642	근처 인터콤에서 여자 목소리가 흘러나온다.	ecl-batch-editorial
ecl.6.98.00726	즉시 시작된다.」	ecl-batch-editorial
ecl.6.98.00796	스콧의 홀로그램이 눈앞에 나타난다. 「당신들은	ecl-batch-editorial
ecl.6.98.01130	초 후 자폭한다.」	ecl-batch-editorial
ecl.6.98.01153	폭발이 일어나	ecl-batch-editorial
ecl.6.98.01192	마리포사 상층부가 찢겨 나가지만, 적어도 종말 장치는 파괴되었다.	ecl-batch-editorial
ecl.6.98.01322	RAM 보안 로봇들이 침입자로 식별한다.	ecl-batch-editorial
ecl.6.98.01417	태양왕이 보낸 전사들이 덮쳐 온다!	ecl-batch-editorial
ecl.6.98.01455	「혁명 만세!」 하고 외친다.	ecl-batch-editorial
ecl.6.98.01539	비상계단의 맨 아래에 있다.	ecl-batch-editorial
ecl.6.98.01578	계단을 올라가겠습니까?	ecl-batch-editorial
ecl.6.98.01597	계단을 올라간다.	ecl-batch-editorial
ecl.6.98.01661	「탈출 포드 제어」	ecl-batch-editorial
ecl.6.98.01679	비상계단이 위아래로 이어져 있다.	ecl-batch-editorial
ecl.6.98.01718	계단 올라가기	ecl-batch-editorial
ecl.6.98.01729	계단 내려가기	ecl-batch-editorial
ecl.6.98.01824	「무기 제어」	ecl-batch-editorial
ecl.6.98.01846	계단을 내려간다	ecl-batch-editorial
ecl.6.98.01924	비상계단의 맨 위에 있다.	ecl-batch-editorial
ecl.6.98.01961	계단을 내려가겠습니까?	ecl-batch-editorial
ecl.6.98.01982	계단을 내려간다.	ecl-batch-editorial
ecl.6.98.02030	이 엘리베이터에는 첨단 패널에 버튼이 3개 있다.	ecl-batch-editorial
ecl.6.98.02069	엘리베이터를 타겠습니까?	ecl-batch-editorial
ecl.6.98.02093	어느 버튼을 누르겠습니까?	ecl-batch-editorial
ecl.6.98.02129	제어 구역	ecl-batch-editorial
ecl.6.98.02207	보안 구역에 도착했다.	ecl-batch-editorial
ecl.6.98.02290	탈출 포드 보관 구역에 도착했다.	ecl-batch-editorial
ecl.6.98.02336	「접근 거부」	ecl-batch-editorial
ecl.6.98.02356	「이미 해당 구역에 있다」	ecl-batch-editorial
ecl.6.98.02387	머리 위의 표지판이 깜박이고 있다.	ecl-batch-editorial
ecl.6.98.02414	엘리베이터에 할당된 예비 전원이 없다.	ecl-batch-editorial
ecl.6.98.02450	계단을 이용해 주십시오.	ecl-batch-editorial
ecl.6.98.02471	패널이 꺼져 있다. 녹음된 목소리가 말한다. 「엘리베이터 접근 거부.」	ecl-batch-editorial
ecl.6.98.02525	이곳은 종말	ecl-batch-editorial
ecl.6.98.02562	장치 관측실이다. 방호 돔 너머로 장치	ecl-batch-editorial
ecl.6.98.02604	본체가 보인다. 관측 화면에 현재 시스템 상태가 표시된다.	ecl-batch-editorial
ecl.6.98.02672	「목표 조준: 지구」	ecl-batch-editorial
ecl.6.98.02692	관측 화면에서 깜박인다.	ecl-batch-editorial
ecl.6.98.02718	화면에 경고가 깜박이고 있다:	ecl-batch-editorial
ecl.6.98.02751	위험. 자폭 시퀀스 활성화	ecl-batch-editorial
ecl.6.98.02782	화면이 꺼져 있다.	ecl-batch-editorial
ecl.6.98.02802	문의 표지판에 적힌 글:	ecl-batch-editorial
ecl.6.98.02827	전력실: 위험	ecl-batch-editorial
ecl.6.98.02857	이 방은 전기 케이블과 배전반이 얽히고설킨	ecl-batch-editorial
ecl.6.98.02899	미로다. 종말	ecl-batch-editorial
ecl.6.98.02942	장치의 전원을 끊을 수는 있지만, 시도하면 위험할 것이다.	ecl-batch-editorial
ecl.6.98.02984	전원을 끄겠습니까?	ecl-batch-editorial
ecl.6.98.03005	누가 시도하겠습니까?	ecl-batch-editorial
ecl.6.98.03048	배전반에서 전기 불꽃이 튄다.	ecl-batch-editorial
ecl.6.98.03102	배전반이 지지직거리다 꺼진다. 천장	ecl-batch-editorial
ecl.6.98.03144	조명이 깜박인다. 벽의 방송 스피커가 크게 알린다. 「전원	ecl-batch-editorial
ecl.6.98.03189	차단. 예비 전원 사용 중. 카운트다운 일시 중단.」	ecl-batch-editorial
ecl.6.98.03266	기술자 한 무리가 필사적으로	ecl-batch-editorial
ecl.6.98.03305	자폭 시스템의 배선을 다시 연결하려 한다. 그들이 이쪽을 발견하고 공격한다!	ecl-batch-editorial
ecl.6.98.03388	경비병 대부대가 이 엘리베이터를 지키고 있다.	ecl-batch-editorial
ecl.6.98.03434	항복하라고 명령한다.	ecl-batch-editorial
ecl.6.98.03459	어떻게 하겠습니까?	ecl-batch-editorial
ecl.6.98.03516	방에서 도망치자 경비병들이 뒤에서 야유를 보내지만	ecl-batch-editorial
ecl.6.98.03562	초소를 떠나지 않는다.	ecl-batch-editorial
ecl.6.98.03628	인터콤에서 목소리가 흘러나온다. 「침입자가	ecl-batch-editorial
ecl.6.98.03667	금지 구역에 진입했습니다. 전 구역 최고 경계.」	ecl-batch-editorial
ecl.6.98.03719	경비병들에게 항복한다. 수갑이 채워진 채	ecl-batch-editorial
ecl.6.98.03758	좁은 감방으로 끌려간다.	ecl-batch-editorial
ecl.6.98.03824	이 감방에서는 탈출할 방법이 없다. 시간이 흐른다.	ecl-batch-editorial
ecl.6.98.03865	「카운트다운 개시. 10...	ecl-batch-editorial
ecl.6.98.03931	위쪽에서 함선 엔진의 울부짖는 소리와 금속의	ecl-batch-editorial
ecl.6.98.03976	비명, 폭발의 굉음이 들린다. 상황을 알아볼 틈도 없이	ecl-batch-editorial
ecl.6.98.04024	화염 폭풍이 마리포사를 삼켜 버린다.	ecl-batch-editorial
ecl.6.98.04089	얼마 뒤 확성기에서 메시지가 흘러나온다.	ecl-batch-editorial
ecl.6.98.04134	「전력이 전부 복구되었습니다.」	ecl-batch-editorial
ecl.6.98.04163	공격한다!	ecl-batch-editorial
ecl.6.98.04212	무중력 코어 구역의 꼭대기다. 어떻게 하겠습니까?	ecl-batch-editorial
ecl.6.98.04264	태양왕이 중심부를 가로지르는 뚫을 수 없는 레이저	ecl-batch-editorial
ecl.6.98.04304	필드를 가동했다. 양옆의 무기는 최대 화력으로	ecl-batch-editorial
ecl.6.98.04349	설정되어 완전 무장 상태다. 더 이상	ecl-batch-editorial
ecl.6.98.04394	중심부를 따라 내려갈 방법이 없다.	ecl-batch-editorial
ecl.6.98.04425	근처 방송 스피커에서 정보가 뒤죽박죽 쏟아진다.	ecl-batch-editorial
ecl.6.98.04463	「무기 체계 준비 완료... 조준 체계	ecl-batch-editorial
ecl.6.98.04504	최종 시험 중... 카운트다운은	ecl-batch-editorial
ecl.6.98.04543	홀처하인의 확인 후 개시...」	ecl-batch-editorial
ecl.6.98.04578	스콧이 나타난다. 「딱 맞춰 왔다! 저들은 지금	ecl-batch-editorial
ecl.6.98.04622	레이저를 최종 점검하며 근처 소행성에 시험 발사 중이다.」	ecl-batch-editorial
ecl.6.98.04672	그가 시험 중인 레이저의 홀로그램으로 전환한다.	ecl-batch-editorial
ecl.6.98.04719	「전력실은 무기 제어 층에 있다. 찾아서	ecl-batch-editorial
ecl.6.98.04763	시스템 전원을 차단해라. 그러면 저들의 발이 묶여	ecl-batch-editorial
ecl.6.98.04808	무기를 파괴할 시간이 충분해질 것이다.	ecl-batch-editorial
ecl.6.98.04844	비상계단으로 가라. 경보는 신경 쓰지 마라!」	ecl-batch-editorial
ecl.6.98.04900	문에 붙은 큰 표지판에 이렇게 적혀 있다:	ecl-batch-editorial
ecl.6.98.04931	탈출 포드 1번	ecl-batch-editorial
ecl.6.98.04970	탈출 포드 2번	ecl-batch-editorial
ecl.6.98.05009	탈출 포드 3번	ecl-batch-editorial
ecl.6.98.05048	탈출 포드 4번	ecl-batch-editorial
ecl.6.98.05099	문을 열려고 하면 경고등이 깜박인다.	ecl-batch-editorial
ecl.6.98.05138	문 위의 표지판도 깜박인다:	ecl-batch-editorial
ecl.6.98.05161	「탈출 포드 격납고 비어 있음」	ecl-batch-editorial
ecl.6.98.05227	센서 광선이 팀을 훑고 지나간다. 몇 초가 길게	ecl-batch-editorial
ecl.6.98.05268	흐른 뒤에야 문이 열린다. 「허가 확인되었습니다.」	ecl-batch-editorial
ecl.6.98.05322	이 탈출 포드는 연기가 나는 잔해뿐이라 도저히	ecl-batch-editorial
ecl.6.98.05364	마리포사를 벗어날 수 없다.	ecl-batch-editorial
ecl.6.98.05390	표지판이 깜박인다. 「진입은 사전에	ecl-batch-editorial
ecl.6.98.05435	탈출 포드 관제 센터의 승인을 받을 것. 진입 거부.」	ecl-batch-editorial
ecl.6.98.05481	폭파 장치로 문을 날려 버리는 것은 위험하지만 가능하다.	ecl-batch-editorial
ecl.6.98.05527	시도하겠습니까?	ecl-batch-editorial
ecl.6.98.05557	폭파 장치가 없다.	ecl-batch-editorial
ecl.6.98.05594	누가 문을 폭파하겠습니까?	ecl-batch-editorial
ecl.6.98.05701	폭발로 잠시 시력을 잃는다. 연기가	ecl-batch-editorial
ecl.6.98.05745	걷히고 보니 탈출 포드 대부분이	ecl-batch-editorial
ecl.6.98.05793	문과 함께 폭발했다.	ecl-batch-editorial
ecl.6.98.05838	제어 장치는 불이 켜져 있지만 조작에	ecl-batch-editorial
ecl.6.98.05877	반응하지 않는다. 잠시 후 스콧의 영상이	ecl-batch-editorial
ecl.6.98.05918	모니터 한 곳에 나타난다.	ecl-batch-editorial
ecl.6.98.05943	「잘했다! 제어 장치가 막혀 있지만 내가	ecl-batch-editorial
ecl.6.98.05949	「잘했다! 제어 장치가 막혀 있지만 내가	ecl-batch-editorial
ecl.6.98.05988	몇 초 안에 허가를 받아 낼 수 있다.」 그의 영상이	ecl-batch-editorial
ecl.6.98.06034	작업하는 동안 정지한다.	ecl-batch-editorial
ecl.6.98.06051	시간이 빠르게 흐른다. 스콧이 마침내 다시 움직인다. 「사용 가능한	ecl-batch-editorial
ecl.6.98.06093	탈출 포드를 찾아라. 윌마가 밖에서	ecl-batch-editorial
ecl.6.98.06135	함선으로 합류한다. 서둘러라!」	ecl-batch-editorial
ecl.6.98.06166	제어 장치는 꺼져 있다. 벽 표지판에 이렇게 적혀 있다:	ecl-batch-editorial
ecl.6.98.06210	「이 제어 장치에는 우주 정거장이	ecl-batch-editorial
ecl.6.98.06254	비상사태일 때만 전력이 공급됩니다.」	ecl-batch-editorial
ecl.6.98.06282	종말 무기의 제어실이다.	ecl-batch-editorial
ecl.6.98.06323	벽을 따라 제어 단말기가 늘어서 있고, RAM 기술자들이 조작하고 있다.	ecl-batch-editorial
ecl.6.98.06372	경비병들이 이쪽으로 달려든다.	ecl-batch-editorial
ecl.6.98.06429	이 방에는 이제 아무도 없다. 한동안 수색한 끝에	ecl-batch-editorial
ecl.6.98.06471	종말 장치를 파괴할 긴급 자폭 장치를	ecl-batch-editorial
ecl.6.98.06513	발견한다. 곧 자폭 시퀀스를 가동하는 데	ecl-batch-editorial
ecl.6.98.06557	성공한다.	ecl-batch-editorial
ecl.6.98.06589	「우주 정거장은 현재 비상사태입니다. 무기 파괴는	ecl-batch-editorial
ecl.6.98.06629	카운트 65에 시작됩니다. 자폭 시퀀스는 2분 뒤	ecl-batch-editorial
ecl.6.98.06671	되돌릴 수 없게 됩니다.」	ecl-batch-editorial
ecl.6.98.06709	RAM 전사들이 방으로 뛰어들어	ecl-batch-editorial
ecl.6.98.06753	자폭을 해제하려 한다.	ecl-batch-editorial
ecl.6.98.06802	더 많은 전사가 공격해 온다!	ecl-batch-editorial
ecl.6.98.06843	「자폭 시퀀스는 이제 되돌릴 수 없습니다.	ecl-batch-editorial
ecl.6.98.06885	종말 무기 파괴 카운트다운 개시.」 벽면 스피커가 알린다.	ecl-batch-editorial
ecl.6.98.06940	전투가 끝나자 태양왕의 시종이 그림자 속에서	ecl-batch-editorial
ecl.6.98.06984	슬며시 나온다. 「태양왕께서는 종말	ecl-batch-editorial
ecl.6.98.07030	장치의 파괴를 원치 않으신다! 당장 꺼라!」	ecl-batch-editorial
ecl.6.98.07073	따르지 않자 그가 문으로 달려간다. 「	ecl-batch-editorial
ecl.6.98.07114	태양왕의 진노를 받으리라!」 그는 이렇게 외치고 사라진다.	ecl-batch-editorial
ecl.6.98.07164	방 안 가득 붉은 불빛이 번쩍인다.	ecl-batch-editorial
ecl.6.98.07208	이미 시작된 자폭은 더 이상 해제할 방법이 없다.	ecl-batch-editorial
ecl.6.98.07260	폭파 장치로 문을 날리는 데 성공해	ecl-batch-editorial
ecl.6.98.07299	탈출 포드에 들어선다!	ecl-batch-editorial
ecl.6.98.07309	탈출 포드의 조종간을 잡고 최대한	ecl-batch-editorial
ecl.6.98.07349	마리포사에서 멀어진다.	ecl-batch-editorial
ecl.6.98.07391	종말 장치가 소리 없는 불덩이에	ecl-batch-editorial
ecl.6.98.07433	삼켜진다. 잔해는 우주 저편으로 빙글빙글 날아가	ecl-batch-editorial
ecl.6.98.07475	우주 쓰레기로 변한다. 마리포사 꼭대기 몇 층도	ecl-batch-editorial
ecl.6.98.07516	폭발하지만 나머지는 멀쩡해 보인다.	ecl-batch-editorial
ecl.6.98.07563	탈출 포드는 곧 윌마에게 회수된다. 윌마가	ecl-batch-editorial
ecl.6.98.07605	구조를 위해 함선을 몰고 왔다. 스콧이	ecl-batch-editorial
ecl.6.98.07649	조종간을 넘겨받고 샐베이션으로 귀환길에 오른다.	ecl-batch-editorial
ecl.6.98.07696	윌마가 모두를 끌어안는다. 「여러분은	ecl-batch-editorial
ecl.6.98.07736	NEO 역사상 가장 중요한 임무를 해냈습니다.」 그녀가 말한다.	ecl-batch-editorial
ecl.6.98.07778	여러분은 지구를 구했고 RAM에 큰 타격을 입혔습니다. 그들은	ecl-batch-editorial
ecl.6.98.07823	동맹도 종말 장치도 잃었습니다.	ecl-batch-editorial
ecl.6.98.07862	다시는 아무도 그들에게 속지 않을 것입니다.	ecl-batch-editorial
ecl.6.98.07901	여러분은 모두 NEO의 영웅이며, 저는 여러분이	ecl-batch-editorial
ecl.6.98.07942	오래 우리 곁에 머물러 주길 바랍니다. 임무는 끝났습니다.	ecl-batch-editorial
ecl.6.98.08017	이곳은 마리포사 상부 구역을 담당하는	ecl-batch-editorial
ecl.6.98.08060	RAM 경비실이다.	ecl-batch-editorial
ecl.6.98.08085	경비 개조인들이 이쪽으로 달려든다.	ecl-batch-editorial
ecl.6.98.08168	경비 모니터가 마리포사 상부 세 개 층의	ecl-batch-editorial
ecl.6.98.08207	상태를 보여 준다. 주 명령 화면에는	ecl-batch-editorial
ecl.6.98.08252	이렇게 표시된다: 「모든 시스템 정상, 카운트다운에 따라	ecl-batch-editorial
ecl.6.98.08297	지구 섬멸 진행 중.」	ecl-batch-editorial
ecl.6.98.08316	이 경비실의 모니터 몇 대는	ecl-batch-editorial
ecl.6.98.08356	꺼져 있다. 주 명령 화면에는 이렇게 표시된다: 「전원 차단	ecl-batch-editorial
ecl.6.98.08403	진행 중. 예비 전원 사용 중. 무기 상태 비활성.」	ecl-batch-editorial
ecl.6.98.08451	경비실은 번쩍이는 붉은	ecl-batch-editorial
ecl.6.98.08489	경고등으로 가득하다. 주 명령 화면이 깜박인다:	ecl-batch-editorial
ecl.6.98.08533	「무기 자폭이 가동되었습니다. 마리포사 상부 구역에서	ecl-batch-editorial
ecl.6.98.08577	즉시 대피하십시오.」	ecl-batch-editorial
ecl.6.98.08596	문 위의 명패에 이렇게 적혀 있다:	ecl-batch-editorial
ecl.6.98.08626	경비실	ecl-batch-editorial
ecl.6.98.08650	문 명패에 이렇게 적혀 있다:	ecl-batch-editorial
ecl.6.98.08677	무기 제어실	ecl-batch-editorial
ecl.6.98.08709	이 문은 전자식으로 봉쇄되어 있다. 폭파하면	ecl-batch-editorial
ecl.6.98.08752	죽을 만큼 큰 폭발이 일어난다.	ecl-batch-editorial
ecl.6.98.08809	이 전자식 문은 전원	ecl-batch-editorial
ecl.6.98.08850	차단으로 합선되었다. 들어갈 수 있다.	ecl-batch-editorial
ecl.6.98.08889	이 고도 보안 문은 망막 인식으로	ecl-batch-editorial
ecl.6.98.08931	출입을 통제한다. 금성에서 가져온 망막 자물쇠 따개가	ecl-batch-editorial
ecl.6.98.08976	재빨리 작동해 문이 스르르 열린다.	ecl-batch-editorial
ecl.6.98.09013	문 위의 커다란 표지판에 이렇게 적혀 있다:	ecl-batch-editorial
ecl.6.98.09045	탈출 포드 관제 센터	ecl-batch-editorial
ecl.6.98.09063	비상시에만 사용	ecl-batch-editorial
ecl.6.99.00621	여기는	ecl-batch-editorial
ecl.6.99.00654	루나 은행 지점이다.	ecl-batch-editorial
ecl.6.99.00680	현재 잔액:	ecl-batch-editorial
ecl.6.99.00761	너무 많다.	ecl-batch-editorial
ecl.6.99.00776	어느 것입니까?	ecl-batch-editorial
ecl.6.99.00787	개인 소지금:	ecl-batch-editorial
ecl.6.99.00865	은행 계좌:	ecl-batch-editorial
ecl.6.99.00945	NEO 계좌:	ecl-batch-editorial
ecl.6.99.00969	일단 회수 계좌에 넣은 돈은 돌려받을 수 없다.	ecl-batch-editorial
ecl.6.99.01009	얼마를 입금하겠습니까?	ecl-batch-editorial
ecl.6.99.01135	현재 위치:	ecl-batch-editorial
ecl.6.99.01194	어느 팀원입니까?	ecl-batch-editorial
ecl.6.99.01371	은(는) 다치지 않았다.	ecl-batch-editorial
ecl.6.99.01415	돈이 더 필요하다.	ecl-batch-editorial
ecl.6.99.01438	여기는 주 항구 구역이다.	ecl-batch-editorial
ecl.6.99.01568	「모든 준비가 완료되었습니다. 이륙을 허가합니다.」	ecl-batch-editorial
ecl.6.99.02077	어느 시스템입니까?	ecl-batch-editorial
ecl.6.99.02204	선체가	ecl-batch-editorial
ecl.6.99.02265	센서가	ecl-batch-editorial
ecl.6.99.02329	제어 장치가	ecl-batch-editorial
ecl.6.99.02395	생명 유지 장치가	ecl-batch-editorial
ecl.6.99.02463	엔진이	ecl-batch-editorial
ecl.6.99.02481	어느 무기입니까?	ecl-batch-editorial
ecl.6.99.02758	수리되었다.	ecl-batch-editorial
ecl.6.99.02778	이 시스템은 손상되지 않았다.	ecl-batch-editorial
ecl.6.99.02807	이 시스템을 수리하려면 돈이 더 필요하다.	ecl-batch-editorial
ecl.6.99.02845	NEO 계좌:	ecl-batch-editorial
ecl.6.99.02871	연료 용량: 450	ecl-batch-editorial
ecl.6.99.02889	현재 연료:	ecl-batch-editorial
ecl.6.99.02909	비용: 연료 1단위당 20크레딧.	ecl-batch-editorial
ecl.6.99.02969	연료 탱크가 가득 찼다.	ecl-batch-editorial
ecl.6.99.03082	돈이 다 떨어졌다.	ecl-batch-editorial
ecl.6.99.03129	K형 함포 예비탄:	ecl-batch-editorial
ecl.6.99.03151	미사일 예비탄:	ecl-batch-editorial
ecl.6.99.03174	재장전 비용:	ecl-batch-editorial
ecl.6.99.03188	K형 함포: 1500    미사일: 300	ecl-batch-editorial
ecl.6.99.03380	현재 의료 보급품:	ecl-batch-editorial
ecl.6.99.03409	1단위당 2000크레딧이다.	ecl-batch-editorial
ecl.6.99.03581	어떤 바텐더도 들여보내 주지 않는다.	ecl-batch-editorial
ecl.6.99.03692	배가 너무 불러서 나가야 한다.	ecl-batch-editorial
ecl.6.99.03801	음료를 한 잔 산다.	ecl-batch-editorial
ecl.6.99.03840	술에 취했다. 바텐더가 밖으로 쫓아낸다.	ecl-batch-editorial
ecl.6.99.04018	돈이 부족하다. 밖으로 쫓겨난다.	ecl-batch-editorial
ecl.6.99.04063	먼저 주문해야 한다.	ecl-batch-editorial
ecl.6.99.04199	술에 취한 RAM 장교 두 명이 서로 신세 한탄을 하고 있다. 한 명이 말한다. 「그 스페이스 랫 저스틴 로베노가 세레스에서 우리를 따돌릴 줄은 꿈에도 몰랐어.」	ecl-batch-editorial
ecl.6.99.04302	적어도 보안 쪽에서는 그의 행방을 파악했어. 그가 포르투나행 고속 수송선을 용케 잡아탔다더군.」	ecl-batch-editorial
ecl.6.99.04376	이야기는 곧 덜 흥미로운 화제로 넘어간다.	ecl-batch-editorial
ecl.6.99.04478	들어서자 덩치 큰 RAM 전사 몇 명이 당신들을 옆으로 밀치고 지나간다. 그들은 안쪽 탁자로 곧장 향한다. 그곳에서는 기술자 한 명이 무심히 핫초코를 젓고 있다.	ecl-batch-editorial
ecl.6.99.04634	전사 한 명이 돌아서서 으르렁거린다. 「물러서.」 그의 손이 무기 쪽으로 움찔거린다.	ecl-batch-editorial
ecl.6.99.04698	기술자가 고개를 들더니 곧바로 탁자 밑으로 몸을 던진다. 전사들은 무기를 뽑아 발사 준비를 한다.	ecl-batch-editorial
ecl.6.99.04822	로켓탄이 남자의 몸을 갈기갈기 찢는다. 메아리가 채 가라앉기도 전에 RAM 부대는 레스토랑을 떠난다. 이제 NEO는 저스틴 로베노를 잃고 말았다.	ecl-batch-editorial
ecl.6.99.04924	RAM 전사들이 무기를 뽑는다. 한 명이 엄숙하게 선언한다. 「저스틴 로베노, 너는 반역죄를 범했다.」 그가 무기의 공이치기를 젖힌다.	ecl-batch-editorial
ecl.6.99.05121	「저는 저스틴 로베노입니다. NEO에서 오신 분들이군요. 여러분에게 필요한 물건을 제가 가지고 있습니다. 파보니스에서 몰래 빼내 오지 못했으니, 그곳 도서관에서 되찾아야 합니다.」 로베노가 팀에 합류한다.	ecl-batch-editorial
ecl.6.99.05351	한 여자가 손짓해 부른다. 「저는 윌마 디어링이에요. 여러분을 기다리고 있었어요.	ecl-batch-editorial
ecl.6.99.05406	「소동을 일으켜 주의를 돌리려는데 도움이 필요해요. 만나야 할 사람이 있는데, RAM 요원들이 감시하고 있어요. 저를 따라오세요.」	ecl-batch-editorial
ecl.6.99.05503	윌마가 모노레일 역으로 안내한다. 그녀는 전용 열차 한 대를 가리킨 다음 근처에 있는 정비 로봇을 가리킨다.	ecl-batch-editorial
ecl.6.99.05588	「RAM이 저 로봇으로 열차를 감시하고 있어요. 저건 위장한 전투 로봇이에요. 제가 접선할 수 있게 처리해 주세요.	ecl-batch-editorial
ecl.6.99.05731	로봇을 공격한다.	ecl-batch-editorial
ecl.6.99.05772	윌마가 들키지 않고 열차에 올라타는 모습이 보인다. 그늘에 숨은 한 남자가 윌마에게 꾸러미를 건네고는 떠난다.	ecl-batch-editorial
ecl.6.99.05851	그녀가 돌아와 바늘 발사기를 건넨다. 「도와주셔서 고마워요.」 그러고는 자리를 뜬다.	ecl-batch-editorial
ecl.6.99.05956	윌마가 다시 인파 속으로 사라진다. 그녀는 실망한 듯 보인다.	ecl-batch-editorial
ecl.6.99.06046	부스석에 엎어져 있는 개리티를 발견한다. 술을 깨워 탈론의 기지에 대해 캐묻는다.	ecl-batch-editorial
ecl.6.99.06119	「소행성대 어딘가에 있긴 한데 정확한 위치는 몰라. 놈들 트랜스폰더를 켜는 암호가 있긴 한데, 돈이 좀 들 거야.」	ecl-batch-editorial
ecl.6.99.06212	술 한 병을 주고 암호를 얻는다.	ecl-batch-editorial
ecl.6.99.06268	중요한 정보가 있는지 서가를 뒤진다.	ecl-batch-editorial
ecl.6.99.06350	길을 잃고 출구를 찾느라 오후를 통째로 허비했다.	ecl-batch-editorial
ecl.6.99.06403	샅샅이 뒤져 보지만 흥미로운 것은 아무것도 찾지 못한다.	ecl-batch-editorial
ecl.6.99.06496	은(는) 보고서를 훑어보다가 흥미로운 정보를 알아낸다.	ecl-batch-editorial
ecl.6.99.06738	타이탄 도검점	ecl-batch-editorial
ecl.6.99.06775	핫스폿 무기점	ecl-batch-editorial
ecl.6.99.06837	신지구 용품점	ecl-batch-editorial
ecl.6.99.06877	히거트 금속점	ecl-batch-editorial
ecl.6.99.06890	테크 무기점	ecl-batch-editorial
ecl.6.99.06927	건저러스	ecl-batch-editorial
ecl.6.99.06937	USEM 수류탄점	ecl-batch-editorial
ecl.6.99.07236	보급품이 가득 차 있다.	ecl-batch-editorial
ecl.6.99.07287	얼마나 필요합니까?	ecl-batch-editorial
ecl.6.99.07319	어떤 수준의 업소로 가겠습니까?	ecl-batch-editorial
ecl.6.99.07368	동네 아지트	ecl-batch-editorial
ecl.6.99.07380	상류 사회	ecl-batch-editorial
ecl.6.99.07502	수성 상공의 이엘로 궤도 우주 정거장	ecl-batch-editorial
ecl.6.99.07542	금성의 뉴 엘리시움 우주 공항	ecl-batch-editorial
ecl.6.99.07575	루나의 티코 우주 공항	ecl-batch-editorial
ecl.6.99.07603	화성 상공의 파보니스 우주 공항	ecl-batch-editorial
ecl.6.99.07634	우주 공항 위치:	ecl-batch-editorial
ecl.6.99.07779	현재 위치: 「	ecl-batch-editorial
ecl.6.99.07820	볼드 로켓	ecl-batch-editorial
ecl.6.99.07839	애꾸눈 개조인	ecl-batch-editorial
ecl.6.99.07861	매달린 남자	ecl-batch-editorial
ecl.6.99.07882	목 축이는 방	ecl-batch-editorial
ecl.6.99.07926	에릭의 화살 가게	ecl-batch-editorial
ecl.6.99.07945	짐보의 로켓 바	ecl-batch-editorial
ecl.6.99.07969	파보니스 펍	ecl-batch-editorial
ecl.6.99.07988	클럽 세레스	ecl-batch-editorial
ecl.6.99.08006	데브의 펍	ecl-batch-editorial
ecl.6.99.08023	토드의 찻집	ecl-batch-editorial
ecl.6.99.08045	하트의 여왕	ecl-batch-editorial
ecl.6.99.08071	잭의 술집	ecl-batch-editorial
ecl.6.99.08090	릭의 라운지	ecl-batch-editorial
ecl.6.99.08127	마크의 주스 바	ecl-batch-editorial
ecl.6.99.08225	셰 루나	ecl-batch-editorial
ecl.6.99.08242	롭의 뷔페	ecl-batch-editorial
ecl.6.99.08282	데이브의 식당	ecl-batch-editorial
ecl.6.99.08320	스콧의 시푸드	ecl-batch-editorial
ecl.6.99.08360	론다의 초콜릿 가게	ecl-batch-editorial
ecl.6.99.08385	마법 프라이팬	ecl-batch-editorial
ecl.6.99.08406	빅의 레스토랑	ecl-batch-editorial
ecl.6.99.08428	데이지호	ecl-batch-editorial
ecl.6.99.08445	굶주린 표범	ecl-batch-editorial
ecl.6.99.08466	우두의 카페	ecl-batch-editorial
ecl.6.99.08612	누가 내겠습니까?	ecl-batch-editorial
ecl.6.99.08658	은(는) 돈이 충분하지 않다. 다른 사람이 내겠습니까?	ecl-batch-editorial
ecl.2.32.01606	이(가) 공격한다.	ecl-batch-editorial
ecl.2.32.04435	아래	ecl-batch-editorial
ecl.2.32.03145	아아아아아아아아아악!!!!!」	ecl-batch-editorial
ecl.2.32.06289	소녀	ecl-batch-editorial
ecl.2.32.06316	그	ecl-batch-editorial
ecl.2.32.05589	자신	ecl-batch-editorial
ecl.1.17.04742	이륙...	ecl-batch-editorial
