event_key	original_length	original_sha256
frag.de766c2f727d	32	de766c2f727d8b044fbedeebfaf59bb1a1911aeabc3cff80de8ed68aad726116
frag.86e906c3c45f	32	86e906c3c45f97006aec2a82236f5bc3b535cae5f549c364f2ec270895cdcc88
frag.2060fc310dc0	32	2060fc310dc04da697291ab30b893b8a943bf9e5cdbe07659476e6a8c5ae5f18
frag.b15f76a212d0	32	b15f76a212d0eea38edd791222ce5ff995be1b38e08bdc02251be4b3074aed15
frag.ac63318fc76a	32	ac63318fc76ab6c98c0e2747eebcefec4259e31f6adfadfaff74da3df726144f
frag.af0330e0f64c	32	af0330e0f64c2172ab33e793ad2e6ae1788b1dab3ec18f0104a604a6b15424e6
frag.73cfd03ec89b	32	73cfd03ec89b5ff2a70e8acb0badf14e5083f829cfbd6634d3be3c3578cd867e
frag.ef8d72deca4e	32	ef8d72deca4e48606fde6961eb30925e6dba9d95dd1081151670d41159e5c799
frag.548068042532	32	54806804253273944a8b088323b75707c6c0bae0185010115aa8821e56c2e825
frag.968e2fa654ca	32	968e2fa654ca15e54e6389fe990eacc2caafb00b8abbc295fc170a971bc316b3
frag.20c58133b65b	32	20c58133b65be79c941ecd30580b698ff66a4ef83b3ff5c186076b5c0658092f
frag.01eb3520926c	32	01eb3520926c337fc856c788cdbc52aa1b2bb8615194d49fff843aabd43eb622
frag.ad7b3068bef5	32	ad7b3068bef57934846f71edbee9e19331df00450c73c002bf74d1b465acfb1f
frag.05e06e34267b	32	05e06e34267bde35801c428b58427c21d63ce63775270e051bd8e365f19da528
frag.8dd525db5c07	32	8dd525db5c07b02b1f1e6b1984d0e256cfeb827f36932b1ed1cbc36eed9f2a47
frag.800e2a1d8a21	32	800e2a1d8a21f144b4a095cb59461c2c89aa928c689a1005ca20f7d260eed560
frag.8a9b0e4b14f4	32	8a9b0e4b14f44c8b04e8b3afb6c9d41497763a9c0c72a0587adade1b00a93df5
frag.f2fbdfd7c100	12	f2fbdfd7c100cc057876295448e9a67cb0788b80d4bc10a818895a580cacfacb
frag.7c99ea4e653d	32	7c99ea4e653d27311f88f69d7ce41558301ad31d90cda2b4c0e70a4fb8ef1270
frag.7994a6fb91f7	32	7994a6fb91f7452274e50aadd2f28db6beed1e1362155661a0635675c0f8f34b
frag.6bdb56ad4c04	32	6bdb56ad4c046092c84f7fbda77ab12912514b6004d10fe888aae8e00b8d0c88
frag.c5e4712622ce	32	c5e4712622ce2e4590c548f73ce304e9de6ce52831bdc2196d0579c5a3704f2b
frag.637324080626	34	6373240806263f09912f32f38a4aaf6c919f30684eefcc62af7077b75672fba5
frag.42435bb98ad1	46	42435bb98ad1224b9d73a601b38f79250a6efed3a0010a56f3f88bc9d4833b9f
frag.52b2ddb536e6	24	52b2ddb536e6f465251e38ac6eb8f21d838f7bb7f2389b8b847fe28c33cae3c8
frag.a16af499c6eb	20	a16af499c6eb29052e05a1a6466b23083f11b2d07a7fed64ea49a531cc5141db
frag.b6428948c5d9	32	b6428948c5d9c164dcbb1b0dbf0357aaf8da975061ce1cccbe9357615a889312
frag.e9542d34ada6	32	e9542d34ada65dcfaf519ed872ee978a0947002589ede80c0d4409882840164b
frag.f8be4c0a6367	32	f8be4c0a636753419c100d70d00498be76d71448bfc0c68c629edcea605f42e9
frag.0a4e567a6c2b	40	0a4e567a6c2b77a5ab001cbbdf1b20d8685bbec7bf8d0f9f681c36262b0e0d37
frag.79633e2e61f2	29	79633e2e61f2ef5ea08e7e46e2624dd6393c522e3659c41a5aed92b555e07b3b
frag.d2df7f04ad2f	26	d2df7f04ad2fed23a7fd900ab0f9f25d8d227b122c1718b415068b6cd63d69da
frag.9559211ed053	32	9559211ed053babab836ade98f5dccf8e0692d8bad3dabcb5f54dec96336c188
frag.da37a16980b6	16	da37a16980b6e36f52d30f606cbf2e93ba67c7cc9360cafee1745177706224cc
frag.b16b00893636	20	b16b00893636f11ba2295e92d1bbd4075e495d45a28be16bb191c68628d160b3
frag.80f90e6a778e	17	80f90e6a778e5d77cf79a519c525efedd172c10a5c72bfe7ea2c64ea5c1f9766
frag.050a9e1f8344	24	050a9e1f8344db7de00475810a684c02ed1099597c759f1bf9a7784e53c7a167
frag.bb74e61b0d1b	44	bb74e61b0d1bc37e1b21756d2d2237ab1ca72a6e8e305886edb4788ee2e9d9f8
frag.19fc8ca7376b	75	19fc8ca7376b385ee91396b8f37559fe06b61df999b8fd40c957f6f414780f49
frag.5e1438019f87	78	5e1438019f87b51b28a286b76f38a66ea1376aef9d9647e17ec1e3c8b93f1905
frag.9ab0fa15a856	32	9ab0fa15a856f6fb3b2804066396311148ba5ac0a8fc9ebf5bd04a1d80dff25c
frag.53c3a7249b13	32	53c3a7249b130be4a970581c0ad59b95011a4d1093f2c960c50a3a935dac8f47
frag.629d4d423e85	32	629d4d423e853fadb59f013a9d5497d3c00cf646c73ee8cff0f35cae8e442d6c
frag.12e9a0c0cda7	5	12e9a0c0cda7c3451986c4d6a060da2ae7e4c93b84ad6eb428681be4ea50fbe2
frag.54b6b6331136	5	54b6b6331136cff72b62913d9d668448e431545bd5d038748347512903cd3878
frag.61296c800496	7	61296c800496d27dd4a7b7f678d82fb35c92de2f9505b1bfc8558ffbc1a5e75d
frag.f65f10298556	5	f65f10298556813522bf9e81926bcb2d30087a4c86d44a187c52864b28c01b32
frag.9a5253015a01	7	9a5253015a01bc0c383bdf1378cc0dd03549b0d149f9c6887b010a09546bee82
frag.72114d9f7221	6	72114d9f72212ead2f846aa8eceaf32407d3720cbcade67bb41ac7e6fed22ab1
frag.709ec469e9c6	32	709ec469e9c60cd3160911eba5e826f9b8cdc571763a66cc8b1b59ad624aae11
frag.57cf485824df	58	57cf485824df2ace73c9d1ff83f15054814cbbaa1c3f8e4e0033e8c981d04059
frag.76fe5efd7dc9	32	76fe5efd7dc934b2e76c8f37839870cdfb37a7c46feb0f0c35efb3ef10774a13
frag.418b784a860f	5	418b784a860f59fea1543edcbf93ced5e1b636634864af597bfd92d72f74ccff
frag.18217bad7b41	78	18217bad7b41622b530c69a4c19fea1fbb902b3d379931a31d916e8484b6eec9
frag.4eeecc4ddf92	32	4eeecc4ddf92c04ea7b86e31176e3c9e7d604703b773b88a6de0e462ab2d83d6
frag.14750e647f8c	45	14750e647f8cf9c20d9b053b51dd732dc94a63b3c0679e33cde6e1d6dbe60368
frag.2fa787bb6baf	5	2fa787bb6baff369cd9c3eb3d18abf02af2acf7ebfff4669cd26561f5f96386a
frag.0b05e966e945	6	0b05e966e9454e67248adc267e422f487e9114335758b049caefedb292fc31dd
frag.815e487859b1	32	815e487859b1c5ec20cca7281c2dc1558035b0989a9e5fb69aae8376309d9377
frag.86ecf10f360c	32	86ecf10f360c6758674d80f043c8d0bc12186d8749802c6dec987f4c5668df4b
frag.4abb1289fa79	5	4abb1289fa7932219de46efdf6fa81599f8ded83f538c976db36939f786f7a4a
frag.4b8fc6543655	32	4b8fc65436555ac6b38daa87269adc13160fc5eba3bdd22d8c9a30ce9e74618c
frag.542e923a0006	70	542e923a0006887c95cca71585a638f65b21e16b747985399ad702f6ce415e58
frag.1520b330a354	5	1520b330a35406547064236cd76d1584b68f6697cb61825eda604e36cb1a6591
frag.3faa383606fc	7	3faa383606fc511e44cb422d738ea39609b238c866f9b61b869397255ac27947
frag.c2753bcb60bc	6	c2753bcb60bc6c4ed453809bb0f00cbfc8b35f3afe1c20778b28c6c2cae1cba8
frag.d54db30a6565	32	d54db30a65652a99a7dab4c1b57f223a335afe80fbf159581089753523535e30
frag.2d53edd94f70	48	2d53edd94f703b73f0cf313c258d5be90ca69b770403f0ab68432c6aa8a3f03b
frag.3e763880e409	5	3e763880e409b8583ecfc07521c5859e16d959ca25b3ce1f199ed9711b3003b2
frag.7f7a297e2c31	6	7f7a297e2c3146c94c78db92eb7e38a86d37dcf9f7407b85bcfd0b75b08a7d80
frag.fa68c8afacd2	32	fa68c8afacd26b7353347745bc6c876b4b966d4972f6b59eb11e010bd03b17f2
frag.b51e28a55fd4	32	b51e28a55fd40b309b06fc9f95d31dcbb3235b3e2eaec86c44f932936bfc2fa0
frag.d504aeb99f3e	15	d504aeb99f3efe9cb109464852882f6786e9ea4371a4a3f73b39af5c12c905fa
frag.2e5f769687c7	4	2e5f769687c7731726bb738d6137d86e89691a3a164a80588c046c79ce99d749
frag.e3ee915a8e8c	5	e3ee915a8e8c7aa02d2fced443314522b20824abd2535d5959c41dc8ab8a09e4
frag.7471b4c4dc2d	11	7471b4c4dc2d9014d493f89364090867abf73dfadea8fcce01392f6ce0038705
frag.6ede549f7620	14	6ede549f76207817421d69fc690da5502b9dead266993f4456d04c4210071194
frag.b7a8b90f69b7	16	b7a8b90f69b725f0cad48608fe3fcf2ada698c924526e852a8dc44baeac8d48b
frag.d2e8c55edc30	15	d2e8c55edc3056250ffebbfbafccda0b090573f3772308e18dd88672ad285589
frag.5b453d0364ea	18	5b453d0364ea3f5e88b4711bbfd218300bbf8ef831eacb77d11340ec124f96d6
frag.c824b9934790	21	c824b99347906e7d71a9833eca02d6e7e69aa456ef9f2677692c90e334cbf289
frag.52801eb4ef7d	16	52801eb4ef7dac6af971fae9aa7f962c11e4ea1fff9c69a372c2dba6d2a1c503
frag.d16e41984f18	28	d16e41984f18b9b0ffc3c4604c4b9290e5c1fbbc1c219719beb84b71ffce9afe
frag.a0d2d8a76f8e	22	a0d2d8a76f8e14b9e010f694ac64a24b32fff24da361b1142e217017f3a2af70
frag.c49a37ebbcb9	17	c49a37ebbcb9085d86dec60a9efd6a6825e322c8181fd1fc092f464a18eae2a4
frag.74bc11c5490c	6	74bc11c5490c57ca17dcf5e27a46c1bd1d3d919cb9d7063ae5c50c409942b3b5
frag.1ed8f78de4b4	8	1ed8f78de4b44c9ca9c6323cb2083de65545e4fbebd2aecad0dbfea969e4d218
frag.58f6ffe741db	8	58f6ffe741db8e6d6207f1c109d628c0196c4ecdaacb50b54069d7dd731d8078
frag.9e2bbca238ae	19	9e2bbca238ae5c0a91c9caea3a3ef37782a1a8c67ea7c4a77de55747c8b42cc3
frag.2de8036df916	65	2de8036df916ca04c5d149e3c22d8eff1419319577dbaf75e780c02caff6c654
frag.1fb965a5d5ba	18	1fb965a5d5ba3289a73891dbe6666ecf1f1bbb29350c16db83d8a2bc6c686a81
frag.a69da9251206	6	a69da92512069cd60b21aed7ec07a8aba019e68f0c46dbe10ccfeb5e447ae392
frag.2af17bba7c71	14	2af17bba7c7117d7d5f8ab94b01391a97ead72bbb6fac419a10ff72c65794748
frag.ca40b06783a9	11	ca40b06783a9e0dbba8d2b3e15443de85c13c97a947fb755e37b2691bedcb9a7
frag.80a02596ee54	7	80a02596ee54c44cbca5ca19f9ac9fdfdb1fb5df0e0dd102c5098301f3e7f8d5
frag.7d2b411f3aa6	44	7d2b411f3aa6caa72feb5829767216d31bfc6b7ce27f77d33c365bc03ee3c2a0
frag.282c1693edd7	23	282c1693edd73fa516144c2d4d609f4aacf4ff4013254335a666e11b64c94af2
frag.832ce2a3b17e	10	832ce2a3b17e2c5a0563e4f70bf3d20378dd0e5b59ac2412dc0b40a05966f2eb
frag.04e7f4ee6d40	21	04e7f4ee6d40c9da4ab2531e8927a1725ab0e26e8b794c900198041a80c5eb2e
frag.2260006382e7	5	2260006382e75d7a7c48ab6cc6840c32fe0827ac4396855d6d2663582d3e2d6b
frag.9f45b7b6a9c9	7	9f45b7b6a9c90857d8b9fd0e19b119ccebbda7048424972b219c9b464ce4f00a
frag.4646967ba74a	6	4646967ba74a19fe3503c494096d51855994f8d6cadd1f1164278aac945bd38b
frag.188cac7e138b	10	188cac7e138bf2bca686a4fa8cf861473b1ee363f0de731287a6c7feeabfac58
frag.ed4c06d4db96	6	ed4c06d4db96f4d8d782868b9e60078bc2aaac33cd04689f7a1c592a1f250b6f
frag.73dc206813c0	13	73dc206813c078e72e0f1f6d9886b623a323a342bf9f5b999fed30b588558a65
frag.ebb4cacf2286	18	ebb4cacf2286bc694518d8b02bac3e9e5e42bbee5bca2b0e91c86a089fbdaf7e
frag.7339c03e2ce8	24	7339c03e2ce82cc326eef472e1964a7a376b00926dad4088f9fab93e2409543f
frag.9b466b84664f	13	9b466b84664f4a4ff11f92e197cdd7d825ea90f355f1eaea42c338449bb63780
frag.506224db42a1	23	506224db42a11c5fa4f299f4ca4893da902232996d72e89e952b447ccfe50734
frag.d465ed761bf3	23	d465ed761bf3f046a524f46f76be32be3bdb6fd7398811e220995f60043009c3
frag.93a477d3ed01	25	93a477d3ed0103e425ec118845b06b437c2e57cd3901f221d0fc6a1689692f9f
frag.47d04c442695	11	47d04c4426952e3311ac72db29be0fb42bf52083c79d57a6272ab70da1dbd489
frag.a8bdfde11f24	3	a8bdfde11f2443a17f53ad0c9eb033c86a916c4575fe9cbce4c6a0d5af432aed
frag.23dd97c506f6	12	23dd97c506f681d9c6f9b89d3adc0c885801f0c1a23168d242f3f0c58d05ff9d
frag.a79781522d3d	9	a79781522d3d365c1b8405c39e0f92d4917f9da8a306d64a6878e08108544721
frag.f390fd0a0d31	10	f390fd0a0d313900306a43cb811366753723046d5d48d7e167453b5cf340723c
frag.d8a6bd2915ab	20	d8a6bd2915ab59013acfd47519d6321bffd298720efb2d8da97033a1add0d154
frag.50d4dd209619	10	50d4dd209619a88ed7b561a0628916e7396ea27ba882ba72878c440dc9cc58c7
frag.354888db7e7a	12	354888db7e7ab6d1dd7faafbaf7ba8f54aa4fba6811d66430797af638c882022
frag.9002ad132c5e	15	9002ad132c5e67a830e0aee9a7fce4f072cad88af8893f0565da26a52962c079
frag.fd322b0c65d7	22	fd322b0c65d79cc2cfc094ab23eb41efc713244626aa2804b62959cd9a096c9f
frag.8616b2760337	16	8616b2760337809ae23ddc1a172a889e1f069ce4286832d7b6bab9c9373bd4f2
frag.114e33ca7930	20	114e33ca7930a4737aa5108ab39ca3fa6b90f1d21d697d0626b91cb955ddb44e
frag.ef27394a92fe	15	ef27394a92feed1eb0a1a6f50ca8996ccc63032d750ea46f41e0af1dc2e3a64e
frag.c8c156562b02	7	c8c156562b027dab51ece6c9ea8185d7faafd188a908d149d89d8275493ed1c3
frag.63706949222c	29	63706949222cea3654d2bdeb1e4c5e5e54e8b115fffec57825897824eb3394e3
frag.df780ec34d87	22	df780ec34d87ddc6cabe2d217c542ab2727210b2b9b5e1518b779e30cdb0c79c
frag.dc9096b19d85	21	dc9096b19d8545a594b3ec661bea3f4eb202e924d166fbf066f1ac0cf056e165
frag.65743cb10f96	7	65743cb10f969a0c29ce8b192eacd21b9f5b117bd0d42ec84d2cc3835508689b
frag.0ff3d2b8d663	12	0ff3d2b8d6633ce0217938c85ab63132c38563dc5623642825d8aaa384bee5b1
frag.840bee47957d	7	840bee47957dbb28357f7460661cbef10f7baf6dc148c8883dc95da86bf22b44
frag.c08b2b9e8fbd	8	c08b2b9e8fbdeb21d61986c68d684887c2d3cbda222f3f534036afd8df910058
frag.565a2f4131a9	11	565a2f4131a9e71c2bd45fc6bb7dce77bfa23ce2c44b3f755a2de0f8414b7258
frag.72403cdf00a1	18	72403cdf00a17952c68cc63d4a639988acbdb67a38434d66c17108b75beb1372
frag.f5e1d63728c2	18	f5e1d63728c2e2d277371486fe81f71bf50c3a6a149d994d0eca6f9a04ad0ab3
frag.b1b429582d98	18	b1b429582d98e2b36e4d8d4ecdf782fc3581a991a85d9873a02230c0af5b5af0
frag.cd70b8c7e1e4	17	cd70b8c7e1e4b8c7cb28be02e65425a4930a7b4a0eafb93ffe16241e702200a5
frag.074fc280d8fd	11	074fc280d8fd73c017923b02973e2e4d92ea12ffe25dca9f14191c7a3a3b70a1
frag.c5031dcec9ef	7	c5031dcec9ef00abe76166a38d24c48d3229720f19ac28ba7f5b29d8db674de7
frag.a9193603d2be	19	a9193603d2be5d4c0c6dff6706ed5917c55f36718c4ff76ddb0b329e431b270b
frag.1bbfbb6f8879	19	1bbfbb6f8879b0cbad8e36d9edb9cf81914c6d33835e9ac14cd269e78a7a2e32
frag.ed49082830a3	14	ed49082830a33b6172201f8340a17130dc345b27756db28bc11f43697a5044e0
frag.1a0f8b370eae	7	1a0f8b370eaee08ed4337b16b8c335840a8972b131a5ae4a0b188cb100c3d8f4
frag.b2bd1edea5b4	21	b2bd1edea5b4575eed6f35754ada173aff27fa6d0ac90e5cf89395d2fbfa31be
frag.bf61c5fa366b	49	bf61c5fa366ba5f6fb1d1ffdc12da0f5477a77bdf3d0c3567e5d58c03a3ff486
frag.7a755e4e7a7d	49	7a755e4e7a7d21cbf0b2a3f97cb49bb8437bb28ae076b59480f78971ad8ecf02
frag.27909a3c326a	49	27909a3c326a04f6b0a48b4ff87f9061a9736d0b88cbb69e30ad390673786ef8
frag.91d3d9bf3a44	49	91d3d9bf3a44ca54afa3913cd6b52182e465d2dc23f0d999180a7beb4d09d085
frag.818f340f2abc	5	818f340f2abc56bd3871f328e7462fb36f92449e367dcefe4106ce60815de0ec
frag.642e663a76fb	41	642e663a76fb75cd29380f15ddacf30f34293bc9d260265247ebd9c34672dcc4
frag.c5253d975f1c	44	c5253d975f1c0238bdb54086dcdcde454a1f842f15b64cf8dacb82c0f8e86d4a
frag.58a45dfe1239	12	58a45dfe1239b188b4673c204de31348b3c3b0670f80eedacff369439eec081b
frag.af5bca36e2de	21	af5bca36e2decd512d94556ca0350566b1ff4f44a44b0a15096381e30642d150
frag.dc0c1dbcae76	13	dc0c1dbcae76c0b2755330dbe308a36f82700afa8bba23aee8063c1f6dbce4da
frag.11e030a9b3f5	30	11e030a9b3f500e268318fa3d3fc5b6be5b41de2d825ec37d5ee284b8f892f30
frag.81ab9c803039	33	81ab9c80303998ad3b84f85a5e0a97b2ddc131d21b84c1f02cf73b50d3ac3e66
frag.127f2eade419	30	127f2eade419ef4a6b88b0839661b787275bf545b4fc93187e0c8e719966e3a8
frag.3b8246f1bb59	21	3b8246f1bb5979b0cb2d5874e0491deb981bf08e33fbbce7f2e32a442b26d23e
frag.7e9f09c355e1	46	7e9f09c355e1f2c5db48f496f82d717cfe3cf39bad70558950c927de80faf825
frag.e7c4954f0790	32	e7c4954f079039c1a2ea57f2b4dfbc5386945cb497722220501be52b71e9da94
frag.bb9624839706	32	bb9624839706d608112a35406e4b4f330f10016b71fdca53a3695d496c555cf5
frag.bbadf5d6c11b	27	bbadf5d6c11b490255d175d2a6b742acebd0a58279eb4ff5806cebe6e51129f0
frag.d36613bc4e11	32	d36613bc4e115b0b1fd5c21ba18c691cbabcb9a6b0e538caf5dffe01ad51d545
frag.ab30aeacf633	32	ab30aeacf633962de5b347a24b23f481e8446b744e5b892c2ee62eb9e0c69f15
frag.4d69e075a23d	32	4d69e075a23d9477004f2cb882923cd4f4e4c1b1b84bedfe71e8e1ed1b385131
frag.8d900e13200a	32	8d900e13200aa0e31fd8408f6d5fd75b5bdb0af641b8f91a77ca6636d972f4cf
frag.0df3981e1d69	32	0df3981e1d69e10afb0cb20618583ab0191a1392d0cca05341c9a2a88e36c5b8
frag.26a0457654d4	33	26a0457654d42ab601c5e7f6273a3fb902630f634b7866a3ec9d19551316a0a3
frag.2a6fa5569b25	32	2a6fa5569b25a51c8d75f851f3ff9fd365e7a76c307d5df8e8e7f9dbfc5ed19d
frag.08094859cc8e	36	08094859cc8ee5af85a5e5d053f0c7633998cfbe6e17e4d844b3c777e4104c80
frag.ffa023286870	21	ffa023286870e82b27fd63324285240e30a62971857fedc9a1e8af58a0e605f3
frag.5e9fc445ff43	18	5e9fc445ff436c70973011320e53c67c9d19d4779523e0770aa5866e31ce9b34
frag.42ff329e72a0	9	42ff329e72a020dd4eb3f8393e26b349745920f6b7be09bdae2deebd3d8f1390
frag.618ae3799df9	14	618ae3799df92ed84ee0a6a43adff6a9c095635c4f77736b93689ef3f8312d37
frag.81c07e496bf7	10	81c07e496bf700ff0f7618dc1eb593214f2de9bf8ba39f75907f57f9400a8a81
frag.d435ad0d238e	13	d435ad0d238e8ad2ad9f9c1b12106298285e70086f51578fd70965c620a73ed5
frag.482e22db944f	6	482e22db944ff5508e5a667a027af1e8fb8e4fc30bf7140fa406504fc687e520
frag.7be75a8dac5a	8	7be75a8dac5ad5f49e83919396cafc44711ea5bafb80f9c4f55f458dc710fdf0
frag.7d953b7831e5	7	7d953b7831e5a3cca5d1525acb5fad806fb88e9d186be8c8a68bc254d55e7840
frag.dd4b5a6e6d54	9	dd4b5a6e6d54c71bf621a736e9532375c6ffbad10884562f2e3a4cc11732a1e7
frag.cffbf7151757	39	cffbf7151757ddda5aa9bc49f9489fb98d7efd690a838d42371852f1037257bf
frag.53e77a92a134	5	53e77a92a134f705efa4c63617cc9584b2b1ed42bc3feaedb300e1be0473de94
frag.1b0594c54e49	5	1b0594c54e492fd772d51bd39a8ab9582eea478a18ff16a5766d9f9816124a57
frag.6adf71c478fa	32	6adf71c478fa0ebeeb7ff21a6f75de9249e7ade1012f37c585c99e5d2b703d63
frag.4201f9a6587b	14	4201f9a6587b9e8c71dcc4d01f91a39d7a62219424031887f3245e969adfde11
frag.8e3e8d7a009c	14	8e3e8d7a009c36e61ea3e6f872eb815cfcab18cc55bed379761301f1c496970c
frag.8f4f93ebafde	32	8f4f93ebafdeb464f6ed9d5250ccad77a53dc14182e3ccb3d26a379c52cfaed5
frag.73c0b0b807a4	42	73c0b0b807a405c8ea897a6b6313ba346d7b689f0120be49d2f331638c10ca8c
frag.038686f70c2d	11	038686f70c2d47604c9c2cd97ff4611a94f999043dd9e68fcb2893e1d034b117
frag.067ef9857799	16	067ef98577992068f889d20ba8c9246c7348e62dd55dca6ce706a1efcb3b37d0
frag.f709bffcc998	49	f709bffcc998130c2c7f0041ac0bfe1084c5a42b2e830bd23ae1c1eb8fb25cb8
frag.f7a3bd595697	4	f7a3bd595697059b19617295156d38298cc8564d4ff4524cf4c9016aa1347783
frag.f33802430b31	4	f33802430b31782db4a2af7b8989bdb2a66619859869aa8d58dce9e379841d27
frag.70d6ad8a5504	4	70d6ad8a5504a595cda43092b4903b0321384d8e792b2bf15ff990e26bc97f98
frag.6ed429e0f0de	4	6ed429e0f0de40c3766222e547b92fdc989b321d40b775e9aaa1b8ea9529c42b
frag.8901db6777c6	4	8901db6777c6d5797a20dbdbc325bfa511c3158bc8426ba02aa7ef8539565a01
frag.5e55d420a59e	4	5e55d420a59ebd6c8188cfddff54c5e022dcb441556afd141569ab160cb760bb
frag.6a05d85920fe	4	6a05d85920fecfd1accbe3e0989663e8fcae9b217503e1a27bfe3c868251b383
frag.5fe9a69f48a7	4	5fe9a69f48a7ff3c7a57f5f54431eb2353a830e8dcb3919085000e2b53d37219
frag.8c8456ebd705	4	8c8456ebd70572221762957b1d3cca8b675a1804498a2c425b852780d3681cdd
frag.b0bbdba49f0c	9	b0bbdba49f0ca5858378c3c2672db808be9ab205e2c9222670f94f13a6e44bd1
frag.c89fc2cc1330	48	c89fc2cc13303b6a33d27652b832513c87f5ae1ec44b896d6a13653098a0f43c
frag.8bb2e81590a2	48	8bb2e81590a2af858e0b4a2f384efe5a0a304274a5a710020988973ffa4bd1c7
frag.9048abc821f1	49	9048abc821f1a390162711d91259f1cab38e0598a5d25c2df18d6d5c02da1aeb
frag.2cf108e69f57	35	2cf108e69f57072b7bbdf9e2c5fb576ae7c66e968cfbb1a30ce0c14f274f5769
frag.d1546d6d7cea	35	d1546d6d7cea90a1aea37fffa109714fb941f05818174593a087809b040937c2
frag.699a27ac9965	35	699a27ac9965893d345a1185a7f126cb6e55a720b9af6ba61ebb9a14f297bdf9
frag.179e5bcb16b2	35	179e5bcb16b2d3d6b196af6db31324c727cb37cf86147ba07ba185abfbc8db9e
frag.3b92041777ef	35	3b92041777efad898b44a016ed118f9a166e2f9ed67afbf82daad279647a6dca
frag.4cc56edb3be4	32	4cc56edb3be47640dbe8afdeab78812447726a5033732398f172c8672fcd0d33
frag.dac0bb10e82e	46	dac0bb10e82e169e8a372bd00b699757d4ea0039284e4e2de540470cbbed430b
frag.2e51318f2dc7	9	2e51318f2dc706d0da0e95f6e52bb02b7c662ea4803bd111ba4c2a558c4c0fb4
frag.aefcbe4e0493	65	aefcbe4e04937a7286868810954c85dd00e40f1253996a87a886f08be803d10e
frag.55091b94b6fb	4	55091b94b6fb78b7cfa80f65e3655d35ea89f232d38a94dfe6f0c55772a3f899
frag.f542287f058b	46	f542287f058b082935af936f4718d3ea59d1fb1c89bc4db4cc13933c9c1fe0da
frag.995008e65280	4	995008e65280a9d2c2c2c19a2eae95b7f913967f06dc84df4ff4ca6bfd8924ea
frag.d38d37fe03fe	4	d38d37fe03fe78ce4b482d10828ba9ae4b6b4dfad1f22945170d626b4d17b3a6
frag.94954ed60751	3	94954ed60751dbd7c6dc72e7cda47a9fa74edcf26f6b75435c98d922f01ade96
frag.418b7be43807	4	418b7be438075d3803d6335e58206af61436dce5a99de237bca5c8b0b6d29c3b
frag.6d1ea644c785	8	6d1ea644c785e349479c877e4033e1b8326401e11c676075e9726ea2c3f9a027
frag.366f292fee41	46	366f292fee41168b04e9eb915c0f885f1545baf984d74e55d1ecc43a727aaa1e
frag.5134f0296e2b	8	5134f0296e2b0e2da4e1ea68ecef384bff1afe9bacc370e7bef759b2327e3311
frag.d91e43895d60	18	d91e43895d60c686a94483eeb557bec4c1037cd16f105166be8b4a317b197e17
frag.de249cd2b158	32	de249cd2b158643fe9df52334fca62ac2418cc545c6581be2ec5d721268d095d
frag.472e73d796e2	2	472e73d796e20aa8ff9059e6316f218e0322548f661ec4dc267507ed66317404
frag.5a6919a210c7	5	5a6919a210c70dbca53d0428f017df2a558993f2441c69d107d1c9e8deaff19e
frag.319349641c0d	3	319349641c0ddf3312f04ae28b9eb130eab8abaf306424b7b0a1ad6e50b50447
frag.7b357a9dc035	32	7b357a9dc0352b34ee54e2acc599232997f4aa5602cf82031ddcf8f419905d76
frag.8f24e7e793e7	61	8f24e7e793e7b4c184e5fe52ca27381f893e5c2f00dd87eb96460dfd672710d5
frag.dc517930cb05	77	dc517930cb05c0c4f2a91f51a879f16d9d1b3e41211f50e0a549afa7821c550b
frag.9a770e777cfd	32	9a770e777cfde7bc54c29032326d1a960d3bba7af5669f62760a07a562e9be31
frag.0d0b7eee2953	10	0d0b7eee2953750e58414add927a06f5b514817fc4669a4e537173c82c12800c
frag.0368e65a1131	3	0368e65a11318373d75faee7c7e3729b606579bbce9fadab37e637af1340438e
frag.8d89e4a829ae	4	8d89e4a829ae847dcda91ecf580f9edd03c868fde54f09a047369e4a7c5926df
frag.d31754823288	21	d31754823288b10941ac65c8731360cdc55c604ad87478ffa0f435fe17762dd9
frag.543445a687dd	13	543445a687dde4b64b7cce3b00698f4d439f917ab1e494c43074ee1cb14b799d
frag.43ae65428a8f	22	43ae65428a8fed8c276b82ef7a54c5e2b09ac4965fd0307ee35f6dbf29bed72b
frag.adfe0feb6f39	17	adfe0feb6f39631e4b7b14a12d9407e0af2a1bc12fc72dad2c1b879ca781ef90
frag.d66ac9c9894c	5	d66ac9c9894c22821494398e82ea526133a65fc9a903666de313cef4873ed948
frag.3bbfc723e7bf	12	3bbfc723e7bff6b8cc9b097716d47acb5306cb8a5671d98864b9ff039cae724f
frag.d04d143601b3	8	d04d143601b3bce718b6425bc1975300b89cc0ed4b427f04deadd1349b67f39d
frag.a76293896f6c	4	a76293896f6c733737f32bf1799d55400407a7aae76b60d82dd4f27ad849be0a
frag.e1e5a4931ff6	4	e1e5a4931ff6b1ba6a6185727fc630f49427cd064b9d07c7ae0a365c9bb4c2e0
frag.3c96a3232654	12	3c96a3232654ef800e0bed8339cf70e99cf5077ab61c4d6006036e2d9f0ba72b
frag.c16338e2b0b4	4	c16338e2b0b465610d89bba50db1b577d72e95e63bf892fa351a7fd7597c4c0c
frag.0f671a54d723	8	0f671a54d723c7dd783f0a6d623f10ec505a9cbd6e781bbfdecdb7c61321fdc8
frag.28031a836e2a	13	28031a836e2ae5f987802310c43d3f4a0a26c1059ba6497875a4155037110c7e
frag.dbf4bf8e6d73	15	dbf4bf8e6d7370a06e0ccf41a3bd82ab87f86f2e907eb276894b88d6e29bbed5
frag.2df2d437fb79	13	2df2d437fb79e760807365691a087d40ae715f3a498118f63ee863d441b4372f
frag.48363c2dec05	12	48363c2dec05bd3fd033acf0e63086ea5cfa5b779bc69ae6299a21ec2faa93f8
frag.5cd51939cf68	6	5cd51939cf68c432557f497537dc9636ce6fc6e9a515db81ebaea064d5f4eb10
frag.7c2da26ef6e0	14	7c2da26ef6e0645bc44aa53a73133b977416c5fe0f2ca3585237d4a5d5ca42df
frag.a592855d0508	5	a592855d0508d16121c443b3500e94395f2087cc9deb7f84e1a82061f1a8ec69
frag.f53d15b5032d	9	f53d15b5032dc33dc7a0a78a0b35a3c060e5a833d7cc1800d337844556f71252
frag.6aab9aaed32d	9	6aab9aaed32d9753047e02d7a8debdadc7a77b0f386a54e818285aba9f8fc5db
frag.7dd9b52819c4	11	7dd9b52819c4a2b8b67cebc77f214390d71cca1dd36ca59a23f04b32da0a78d3
frag.4eeb9335576b	9	4eeb9335576b12a0c7c2a4f70e32d976f82ff8fa3a5a98bc9ca542b6f7afef7c
frag.4cd548f3cc29	6	4cd548f3cc29cf9c99a0134a971b1be03c8f6bf80ba8f03e174e030b0d292396
frag.2ef0b50cc038	7	2ef0b50cc0385bc73eef39a46a788db388b45e0ab33be4d8a790b02fb82c618b
frag.eb45597f7b2c	13	eb45597f7b2cf9ee4b4eda336867eeb3926b02e1bfc410265845cf5825e97eff
frag.1e3a955bd202	7	1e3a955bd202b3069a93f99cc298452c948faa28abcee091de7099860d05b72f
frag.b38ae2c5b845	7	b38ae2c5b84529e8027b43a69c8ce9426a3cb081dae97b77bdcd2fdc5a9df742
frag.acad0124c4f4	10	acad0124c4f418403a7a86e781d49ee2c2a0d129ed93fa225f4c43e956eaa100
frag.86217805d468	32	86217805d468070e95a4a710321611e443e90aa773c9de29ff75409a6027fa5c
frag.497c76c22b0d	32	497c76c22b0d82663dff1fb614d737ea4c9989b4d68a2bbb9826ea0cad0619c6
frag.e31fc6b994d0	7	e31fc6b994d01f05d83c2065ee234c974900d166647d90dca6adb554d47d129b
frag.fa8e68719853	25	fa8e6871985302ae5a79a0505dfea2f7006734ba9f86bc9d767df6a5a28c6fea
frag.67e6c944f5fa	14	67e6c944f5facfe7f323e8d97d71125eb2b687be1a0c27e53bd5dbf18a15dac9
frag.1ca3b7f96fd6	12	1ca3b7f96fd6ec31981b1cafb135a1c6c4182c0c10d75e2572c2ad8cb010c2f4
frag.49f015e57ed3	7	49f015e57ed37027d7c23ffba2c12f1ef871b6e10a0adbb6227496a57baf56a2
frag.a646250fde5e	10	a646250fde5e56b29fcdf8a436b12477002e2f6670fb3e7f443ba89c98395418
frag.c398336f140f	15	c398336f140fa84e0bdb78ddfa6af779f64e33ff2707477e2110be9eb5730c32
frag.c4e0e1d86094	17	c4e0e1d860943362f885c03069af504970b7ae20b123feeb5329039280d054eb
frag.aea1058d135f	7	aea1058d135f60dfba545402db425a0a98c99472241af4441b730f3bc86bedcd
frag.64c82aaed1b4	5	64c82aaed1b4155efc23d5cfcea6ec22f8ee5826dd26f5f1274e44fe905d4fb1
frag.f9b27de7b637	6	f9b27de7b637cf5fb3db30931bfb45f0a262a9697802f3ccfd8a9c2b6d5ac49e
frag.ea0151c4cf78	4	ea0151c4cf78b351118dffcafd349230539bfe1a9c99c15aa057985b45885278
frag.0548a47dc7ac	9	0548a47dc7ac268ccfa6c09171b44aae20cdef4d26b6849acef7aa17339411dc
frag.6ba97ec386c4	14	6ba97ec386c4130c23b697ac15fb6d84e4720d173469d579aa26efb62dd01fd5
frag.18340737267a	6	18340737267a31d6caed6c1fbecdd5b91705195fd2849113bd711f288cf40dcd
frag.cb9da2bac013	14	cb9da2bac013d02d808417c284b3524d743984ff0e9244fee6035cdcfad53e1f
frag.e422300e1245	18	e422300e12454687eef9d4682010e823ec847e62b78f4ff8072bf83294f61330
frag.64e3cb0e4960	3	64e3cb0e4960ba69298843d481376d1ce7b92cd43cf70e61a982da651c0335f3
frag.be4c4baa7cfa	24	be4c4baa7cfa89854db9b28c03b7ef048e7ab81ed3a105ce0280d2a683ccb5bc
frag.764ef1bd886c	15	764ef1bd886c97a1a07ac4a7cfcb5d1ed73f99cf94699e2508b1de8d7d1c6337
frag.64990e2b5326	32	64990e2b53261a9d93c015f1c1ed849c6764f3cf5d1362444da7a019ac3dde03
frag.8fc4416436b5	3	8fc4416436b5da41fae35cdadf72ab92c82706683381934d81a133433b59e8d4
frag.f065d964304e	5	f065d964304e1df73722312a3c42c3096c34bc03e4ec11e1b72eb441ee6ffcdc
frag.254d51eae98b	6	254d51eae98b0823e36fefceacb3d3ad05906211b148794691004d7f5eb983eb
frag.4362b9594c58	73	4362b9594c58100f440ce5a4698bd2ff6023c9680426949944d15af5d22553d5
frag.11adf8e3d38b	6	11adf8e3d38bad69fbf2f40c4c143e264beef2b507416fedf7fcc3bc738a1545
frag.a3dbc4b644a9	3	a3dbc4b644a9a2c51e74509ded5c46ccf31d84c65ca417fe0126af1555c66ceb
frag.fe9fb0601672	75	fe9fb06016728cbf01eedc39e5199ddf9613e878717c3f6ac3559f4da803de2f
frag.eb87c3d001b4	4	eb87c3d001b46acb97d9372d2d31e680378e2a895c3ebb629e6b988dd9ecf7b0
frag.9a086e49819c	36	9a086e49819c8a027fe2415de74ae1028767d35e8eddd87a53296e703d02ab8d
frag.ac52bf60d1e8	30	ac52bf60d1e8c4052b842c0638b46f18a8e3d2b2a2215cadb4a31bae4833c2b9
frag.3c572f07105d	5	3c572f07105d5a762f5853e1553a15b464829708fac960c6693def9cff959c82
frag.f5a329b998d9	16	f5a329b998d9aba0a9b94c6384d5f9544a6fa9604be2833e3d0348093ed7ad5a
frag.27367ccbbbcc	22	27367ccbbbcc405c0c2d52e8aa62f6aeee90bb46165fb12bf15b218d6f36a992
frag.9ae5a4479a81	34	9ae5a4479a81bf637c66c0ae76fa782fdb52483909f353fce20aa4b1c692d8c9
frag.42f4e6b3ac82	26	42f4e6b3ac82fa337e3b395bddfe6fc033ad331998907e556136098484a11189
frag.63e40f41a77d	13	63e40f41a77d00f6ad1a1f722c6bb9c4a877032593b1a9f135af04cd301297c6
frag.942e36efce40	20	942e36efce40ffc3613f8fb8fea303b40acf3957e6643d8c6479227d43917a91
frag.02492c9d09d4	11	02492c9d09d4db21fd129234dd6b0920ca0bffa140463659de311f417c9f0a6e
frag.937223b7a35b	5	937223b7a35b5737c3150ad4077ec1fd5024624a2b4c306955868e051a6d5886
frag.246a64eabf86	16	246a64eabf869f90773d848870a32766bc838b7e766d88fce33dfa4e99d06676
frag.c82bcf72f066	15	c82bcf72f066fc9445b93ea02b1faa3472537e43cf656daa0bd36cd9c11ac23a
frag.ab2cc833ed40	9	ab2cc833ed40c8b3c97b0617e4df0ec6097084c7e3a68c2befb0d34347bf69c2
frag.0f5d983d2031	7	0f5d983d203189bbffc5f686d01f6680bc6a83718a515fe42639347efc92478e
frag.925f9d446890	18	925f9d44689040dbbecd13614cbe9c786da2e278dfeec900b17c19de3b08b572
frag.98ca5f27d964	5	98ca5f27d9642dc7c9e927251831113e537ac763f9974f4db40a1d7fc9671231
frag.bbdf31c74bb2	10	bbdf31c74bb2aeef0720d7c43fb84fc44d3b7bf18f36140c5e39b1aa81fa8b75
frag.79c84b48c2f0	6	79c84b48c2f038e86cb43bd085ef05ddb2a9ee718b9b242721c897131300f804
frag.01a562350420	11	01a5623504203a06ff5133c4d5c6839311a61c740a5e8f2191cc279b4dadeb2e
frag.92fd746751de	8	92fd746751decd04a8cf864ade241febc3982b28343d34eb732a4212c5f52dc7
frag.f05d5fa59014	8	f05d5fa590148ecfb21aad1ad125181601d7539216615124634b0eb9eceaf989
frag.75d81bf92b81	15	75d81bf92b819d150da112dafbd54031d483a6328dea264788852ad49de26bcc
frag.47fca483c89c	11	47fca483c89cad3593886ae858a87248c4c66b1dab6f8267972df3c9cd652f5d
frag.d860a6f682ed	10	d860a6f682edc753c120b45039c69be65b401f4079d5414a41a5b325c0a7284b
frag.709c88e3d9ac	36	709c88e3d9ac01ab96190bb5d330d8589187f2104de53ee777bf4ac2c35efe1b
frag.5392c12fa251	18	5392c12fa251d1af785d3417eaade323d3c8978480b8e1fe43f238ff0b233f7c
frag.7de46c972f04	19	7de46c972f04277f461e933082ce99919fa6e8c94ae86152756ff9cb3a9406a9
frag.ea0b7c7a5dd2	15	ea0b7c7a5dd252b84eaedb4365a9af72cb34ec80d55999b89a93599212285ad7
frag.7f4a1e5bff2d	4	7f4a1e5bff2d56e523ee2a34e1c389956986008e506ca77fadf7047d71c6a63f
frag.e9862c1adf95	10	e9862c1adf956f1ae5d19e9092940d9975c0af354dc84dc56b343a2d80a2e71a
frag.753cdb88284c	6	753cdb88284c6a957ebc2028fa7bc3031a992bd7522db1c400aaacc4180b98ba
frag.c031b229eabd	14	c031b229eabd36c063dad1bcfd0e38e95bca8f20660c83e5f8a1f96c11adbf9f
frag.967a6bde0596	50	967a6bde0596ae9ec141385bf28c5d66f74351d003e4fa336f5c1c397b7c2f22
frag.ac461667a825	20	ac461667a825d608971320c5e9a9b0c3beddba13cdf3a659b5d03dd578a13fa7
frag.b72f3b9868cf	10	b72f3b9868cf893482f1133adfce39b1a14b4456271cabd07fe77f96787b83db
frag.200d29352c23	17	200d29352c23c04d844e779416b0835290f2bfb5f7db2b5ad59729286cf0f854
frag.ff1c0b64b079	11	ff1c0b64b07922592c746ebe2db326f3d8aa4408007cc58d19e7c005ba0a31ce
frag.e2ee2909fe27	4	e2ee2909fe279f5cbcfc09de8e6daf6c238a3af213840182b679ac4997c50eab
frag.92df7fecbb34	7	92df7fecbb348bc0d3cc2ac1c7bbd418199c9d5cbbf1bc9dd564f71e9b51559f
frag.28026ec6e26e	10	28026ec6e26efc965ea7ef01690a5e9b094b65282b40ba6a59aca8ffe05cfc6f
frag.bf91eb6a1f56	27	bf91eb6a1f5638e5f6fb3c578e521fc3c6c9cc019c45ae5b022f2992bb10e6f0
frag.6eeee9f311c4	3	6eeee9f311c44421b8642630eb35edf478aefe23c2859885c65c8380cb350b2e
frag.8c412050a12c	32	8c412050a12c162ff2d463017a5e9500829352fe450a820f669357a3abdb0d98
frag.e7d5e377bafa	78	e7d5e377bafa33a3283f9c231e4792e22d81a10b3eec5aa255584771763d3a61
frag.3711c817270f	5	3711c817270f4c16f4c80bc52b759b942f60659e43dcf5648c552621e33a5b4e
frag.0c874f581a45	6	0c874f581a4534f15f1ed12c4a9c84723b647e51a0385aa92ea270691cb76b29
frag.96afc08178dc	6	96afc08178dc9a332b3c224808fc14b7b7146c68d971006b6da73635eb05b5cd
frag.ec9b10a4a79c	4	ec9b10a4a79c4e8a4a23be6edb064854d91b9aebf348d9a910fe6b38cad08022
frag.fcd6fea72de7	5	fcd6fea72de7e6c09ca2567674befdef61c04e783bd2e0f092aeb99c57e587e3
frag.2c1f89724a13	11	2c1f89724a1371ee3cbe18c0f3349a5c863023b14aa2a2ab9027540b6f9cb144
frag.c424b561f309	11	c424b561f3096de3a1683bae38a0434830720e3cc1418f1ce380dac1ee85ed31
frag.9ed6c2932fd8	7	9ed6c2932fd83dc77a281058bc567d3eeb3ae22ac97dee2b7e63888c0af611ef
frag.fc7e7e6bc84b	13	fc7e7e6bc84b28aeb6ca07a0f1bc8ef7bd33cb1d38c2cd22e78aacda7b5cce5c
frag.2ebda0d34bd5	18	2ebda0d34bd57c9d30b1fe066923a040ba4b76c566b386535cbc885198f95635
frag.b0685c917b72	16	b0685c917b72c06c2d9976b3e81b9464cedf44db8aed1b3130ad7ce93bcb0b52
frag.64dd65edfeaa	8	64dd65edfeaabd10a5a0f29816332bf82ca9c7b7056182a29f9e1d987cbaf016
frag.03bf10496520	8	03bf10496520a845ec7d35e287fd0414782c1139107120b1163aff110cb26372
frag.c08a9702e23e	8	c08a9702e23e79a22ece916334c33ee7aab33c1e32d53a049c9f59370ebf044e
frag.17de45aa4e16	6	17de45aa4e1638c542527854bb1e12c94b4e6c0d9f3e489368640335efbdefb5
frag.1a216279f69d	5	1a216279f69d14c99dce095178e3cfcbd94d5988ab4d69b05496267c1fcb05ec
frag.1209adac04bf	36	1209adac04bfa9154a470b53ab5fe6abdb3e1d7a8fa6aaba89ee07422fc84075
frag.f0e791ada740	42	f0e791ada7400faa7fcc97e373b3722623dc15e4d91d9d2588b1775dbadcc755
frag.0befe68474e9	22	0befe68474e91f2bc664d8bd1a8fd36a8acfe29de7e99f41220f126b98e330b8
frag.84d6851cfd65	6	84d6851cfd65ef5a5dd38ac24f399bc52b775d6fe66b5f9e9c389640a623adb9
frag.26425dced542	7	26425dced542fff5125956a4fb7a6a06a996de47b903a65114407e6718b04ec6
frag.11a6767d5674	4	11a6767d5674c7e45f7e00dc525762275b3a48491ad6045427d2609cc496c516
frag.936afffe1e99	4	936afffe1e990702b42977fec9de04712bbcf45e020daf28db2d8dbcbff5d6fc
frag.8a7cd9760cdc	16	8a7cd9760cdcb2d5b197b895792121212350a967d2c5e42c995ee3d36aa96ca5
frag.a27902f10b70	19	a27902f10b70b4ec57913daca5eba866d0893c5fae3d5155bbf45348ca876ce5
frag.4b591c8f5959	12	4b591c8f59593805185a3031494d99f2884beecbadda4e1bf70b84ba8bfc66aa
frag.ab2defcabf86	16	ab2defcabf868b7df9df4708ff74ecaf0d726de6e4312b009888d10ed52ff57d
frag.6ae066ae37be	5	6ae066ae37bead0e993b8c25d6402236c81c87459e73c40f3b0795a05ed82689
frag.b9267e64e341	9	b9267e64e341c6ee7c667c6a87adac4e44ab0126ae231196c796e98c08cb752c
frag.ffba4d02ce81	4	ffba4d02ce815080ed19f044a610ca60ff072668cf98b63d318a52a2f0d40e66
frag.e07f87e5bf6f	5	e07f87e5bf6f6b6073543e53e2a42798c8a7f67ecc7a10380155e1373c7a9e50
frag.7ab1fe96128a	3	7ab1fe96128a1641edec4496742a389add0ad5c7c59ba1e3b94d7fddfc37bfe6
frag.48fbf162c968	11	48fbf162c968570cdbfba96bd4902cce62b8dad78f7419790ea3d042410ef2ec
frag.d3e39092e348	74	d3e39092e348d08a065188e2a2925b0f89d779e8286a9b9681833a0730c5d1b0
frag.2b7430f1281a	35	2b7430f1281acc86eb337dc84be690c741b3890709bf1a91dc98333254ceae1a
frag.7e4a371352fc	76	7e4a371352fcbc66777d649ff01dfd04ffd56d55d1f815cccea94631bb954a57
frag.366dc8f46f54	24	366dc8f46f54f3b296923536cfe2c898b15498ff989349060c277a57613b56a0
frag.b7c9b5ccd3e3	5	b7c9b5ccd3e3ec741ecfa5864b577f5dab1d987bfd3caa4815f1b3f8354a5f16
frag.de24e677d554	7	de24e677d5541604808bbe583f958d702c8e2067e5a554af3d856ceac17c6354
frag.5926c704d5b3	9	5926c704d5b32b16634a0098389373f73a2826d8de37192afc7d34f6d31f9aef
frag.62ddb1ed2df3	17	62ddb1ed2df35254a6e483301eaeb4018416a6f423299a42b2f49e30d786131e
frag.f4db1e48476f	3	f4db1e48476f60753980b10d66219042b3a3d9c65c9cc77a53d81b88fd869c64
frag.5b4b8e1d9edb	10	5b4b8e1d9edbcc833c59ad4df13409828f3bf3c665beed374686555da5483890
frag.9c30cb4bfc00	21	9c30cb4bfc0030a02a3f9830a5bbdc32c45f3ad7e0d080b40099be091690e4d5
frag.d93352a70395	8	d93352a70395db3de0632a6b203cbc58aebb331e74bc417e7d75d4c6e8997434
frag.0ddcc5022a9c	38	0ddcc5022a9c1522517edf5247c3ab489e517623a474e946f8ea0674fe1be936
frag.b9bf0c84842b	7	b9bf0c84842bfa7937024fad674df9af19acc232461e6f089fc21f1a96e916d7
frag.4a22150cdb0d	4	4a22150cdb0dc11b6f18aae42319e38d0a0159792d54bc7edef03c312651b427
frag.688449dc6f1d	17	688449dc6f1dfd46198ad7dbf45effedf73896e1c85b68d54af3d9b07766ef89
frag.987c54bd7d63	9	987c54bd7d63587763e4b4f17d54574c705fcb538a5cc9ef8f6354c633810ba8
frag.50bf80da81cf	4	50bf80da81cf93a98faad116f4afea66abc5f12dcf933908a3a982ca02a1ebdc
frag.934727db12d1	34	934727db12d1c9278459ff7350274e9d32d9f640b3f88f34214b0cea3fd80d1f
frag.d17d84a60499	4	d17d84a604994b722db37b35860b1ac7e8d9e43e725d0eb50702a9f7228a2999
frag.622af18ec40b	11	622af18ec40b9e50d8ee66ca0da3e2071c85104b5fe4e3f07ea3b7ff116a7b4e
frag.081373cc63ca	32	081373cc63ca059a290f62bd0f27d6362398b4f90836e7afe4623522570ce67b
frag.fe31fddcfa85	9	fe31fddcfa85f480209fcc1a423ce62afafc9ffc652da0cfade259f8cf54eff8
frag.02a689125511	70	02a6891255118015372c4fced11723ba3fd4df17edcbac66e7e597168a60e649
frag.6eed95e01a7b	69	6eed95e01a7bd52a585edbcb6c8ba80aeb54f9b777830fd4150c141d247be8c6
frag.63d67a317b3a	30	63d67a317b3aee108667cad9a52ddbf936d9161e55dcd9a2e1258961364c8819
frag.6a926170b35a	12	6a926170b35aec3d6fe457eba356e7cec321cc2cf1ff20d57fa2513bcbce86c1
frag.6c582b62e0e5	4	6c582b62e0e5aa05647388bd045f2e3e5e7f51f479d00d9df592634c8088a22b
frag.531cb8d83b21	18	531cb8d83b217d316925fc503d29e0b834b77faece5f4467e45dfcc4b235c0e4
frag.e0ae3871e078	5	e0ae3871e0787cf9b8ca36789ce7082b1af3c2afd4cdab7519fae350d4fc9b0b
frag.e8cca808ae5a	6	e8cca808ae5aaa03a7fc3060856e6d4ad776fb1cb8cfe441a9bd240988cde151
frag.fe5b48644212	7	fe5b4864421290ea659cd77e54171106dd8419169f27ea3a071e11b431d1dda3
frag.50b3b8ca8d99	9	50b3b8ca8d99a73d82be1a7ef0ec7a49d87c8d49b0ceed601a5bd1216a3a2cdd
frag.03ed1d0d9d05	12	03ed1d0d9d053c9e5d8ce822d1b818fe0d2b662e42e1fa0b625363096fe8140e
frag.31e7bb3ab4ed	9	31e7bb3ab4edb2b2b5813c0290b30e30eeafe4617d8fd6c100d16a71644f95de
frag.38e9b86f2bcd	5	38e9b86f2bcdf9a93d346c9cafc3c214a2fe7ddda36b2ba8b1cf2987a785ac3c
frag.637c8ce00e81	5	637c8ce00e81fe444c78672d0d0b16d405bf30429ddfc6dfcd47b6972c838512
frag.3bac817c673d	7	3bac817c673d52d016cb0a2312e05bbbfcc32c162aefa508a0421dd46e292794
frag.75a4c2fe3b9e	6	75a4c2fe3b9e4d3cd2bd3d7787c7c138adf405fad5c27011227787947baf9b14
frag.218197693424	4	218197693424e0154cefc0af31aed96c084b987e08136e91d5528ddbb5461e24
frag.a80f942f4112	4	a80f942f4112036dfc2da86daf6d2ef6ede3164dd56d1000eb82fa87c992450f
frag.2eab72aadb88	17	2eab72aadb88e4b7ee0a6353b8fe86208769eab6f4270c87b30ee302847193cb
frag.3d521e6a8491	8	3d521e6a8491b14b890434f552df5f2935e98122027b85c9629bb934bb2ff355
frag.a536182d4b4f	3	a536182d4b4f7decca96ec74b3dab1e18597a41adcf12852ad0426f84b67e5a7
frag.43551a36b981	32	43551a36b9814a41cff74643bd259c3b38a9115262514c2314c06bec48bdf58f
frag.26051b553fc6	13	26051b553fc649c4cd57a4f4506856d9bd95791214febf3109477d015efcbd93
frag.14ee0629492e	61	14ee0629492ef5d006422c26707e4ce01eb89f66e29cd6a86b2e8b58ef4ad352
frag.59f994ffa301	6	59f994ffa301d768f2cedf71ca62191f90f17d1f9522c581754eff04b9c37d82
frag.35023ac32083	30	35023ac3208312fb1c932ec15a737aae88817925d6cabb26d83281bf755bdcb8
frag.e23a445d0fa7	3	e23a445d0fa70aa809addfa60760f564ab40a28474b6b47c22a4f699b512458e
frag.d6eaec65e742	4	d6eaec65e74285ce669ca036aca114a14767c1a62b04e2cfa363125055648ff7
frag.6aa1c07cf775	5	6aa1c07cf7751a5f702a92fe18dc44da264c1a5883f4205a75e3a771a13f779c
frag.74b5769c7053	6	74b5769c7053d93120f5cbee0c00c65c8052b75721a2a5a69b8b4022e4e21b8e
frag.2040e712d5f4	17	2040e712d5f46a313a27e656bff8b2a4b2d012b75fb6253fc9cf55ad27f708ac
frag.191591ed5a50	21	191591ed5a50838dbb2fa49103980f2c81e8c05d894cee97a5b0ca5e0165ffed
frag.77cba79f493d	14	77cba79f493d47edd9bcaa916b3e3db70270ce938df44f9705a866fee0c38198
frag.54cda0543a40	7	54cda0543a402949d4e223cc16e9dbd93b48c514c48026db1fbf38cf711f46cd
frag.3981d82adaf2	4	3981d82adaf2f49dbac2f114cec9803dba79ccae9d6555f95fc10b1b61a7c597
frag.06c42ad4ad2a	7	06c42ad4ad2a7f952f22828d85365d46171e32a0f6b0a1f26891d0ebb8ee64ce
frag.fd5da56f78ed	9	fd5da56f78edbf8bcec06b496dae6a3a3c76f31ffa12f586e4d7241bbd3b99eb
frag.31a4730ecf0c	7	31a4730ecf0c55582ff532e16a418b97c60ca7380e7d344e4d7794f68fdf6d7f
frag.55f6a88dc025	4	55f6a88dc02579e8f6f191ee9ec91f66067b5d362434877cfbc325e4bf23aef1
frag.c939327ca16d	4	c939327ca16dcf97ca32521d8b834bf1de16573d21deda3bb2a337cf403787a6
frag.a3c6a0e36a49	8	a3c6a0e36a49de34d81344d3b142c7f72a23d43b00b273a43e1267001b88534f
frag.74723f182aa9	7	74723f182aa96b1bae715da43a1e9bd81e688cfa3295206b9a2fc1e2b64a2bf3
frag.b9d05f332634	6	b9d05f3326341bdc5a924df0e2bd304a419b67c8ee9659445c31963ea0c946f9
frag.0323473424f1	8	0323473424f14da356d42000c75c342c0e071069fd343b07fd1ea5fc4d648bb1
frag.bb8b4c33ff1d	3	bb8b4c33ff1d1e18f808d0bc48171d3978be013196f9dfb8af1a6baf080b0859
frag.1a448b74e339	8	1a448b74e3394ccc84199ff281263c034afba88c519abc5271a47a4bd9a5b4ca
frag.699ec3219c9e	10	699ec3219c9e6dfb289630f0b611db9450dbc8e14af8f6fec34055bcfe3e6592
frag.4a2d3f9a2c67	75	4a2d3f9a2c6728d50ef29ac7ce29eed26430ea5266a74d0e95d4a6d1889e0b77
frag.2560d940847d	72	2560d940847dfa35c6f306612f7847d34a75259ad1dc816fb128817e62376a41
frag.6a7f7ad4e3d3	72	6a7f7ad4e3d3544edc0734bdcb4070c62ba083ce7bbaccbad51eeef9d25358f1
frag.512357ca10b5	72	512357ca10b50f34252bf3e1d5ae6f3caffc3eb9c1f01905830466e8a103272c
frag.fab979e292a8	72	fab979e292a8c6ea27a26ae6b6edb24654e9f0ae500e8f6ca3d0a98fa400b5f9
frag.eb8b4ca98d0d	72	eb8b4ca98d0d5fabb2afc50f4186a68cefe84df411dd344da53f11d92efae42a
frag.ee2556352ebb	4	ee2556352ebb644bd7911ed707fb7e6405c8bc5c40106c94bf09945ab575bd54
frag.49b2791c7fe7	10	49b2791c7fe7910cb9cf002ba82ce5a089ad559697f306327e39887a4b4524de
frag.dc9197c4fd55	22	dc9197c4fd550d5e5c7bc3ce97af69c06db8a8e1242654b92a3f5d2728af2abf
frag.2556d66b879b	19	2556d66b879b7ba612141195c2b9ff065d367606935d4ac4603bf0a29eef4f99
frag.736c6c9e4924	8	736c6c9e4924e0b65b2565f7b06a066a2774d986a0d9d106036e6d8428f658ca
frag.66e0988d1198	6	66e0988d1198afe049f2a5fedbb6e89c20c12dc3bc01ab3f5c13576d624f6e9b
frag.0c49e9ac3883	15	0c49e9ac3883432375a87549902d6c785ed7b46d240c5a853d4b4db7550f4030
frag.0e7696009337	7	0e769600933790607b2a13b33ddfade0fa17810eb62c3b28ee23e59516516491
frag.c35ed1964164	9	c35ed1964164e1c292c9f3c36b676ed3a0e326de9f38754f7ba416e077534649
frag.560c5f3c8b5b	12	560c5f3c8b5bafa8ca0148d3f988f81fbaafbda96af10e5540d3b3496d17b2e7
frag.d5e0cf551a8b	32	d5e0cf551a8b77c6625d59cc1ef08e08eb40a9ae1034b7a58f0af1cf9eb11016
frag.838bb792ae73	9	838bb792ae73631c7e922a2618f4a08268c9578492a3c217090b599e576375d0
frag.564c51dee4a8	4	564c51dee4a81554667cca5f7a75c213ffd72ea642837312c00a630c854bb5aa
frag.630fef850602	6	630fef850602c9e4388feb447f6c6ba864afbe8e32f01ccc83c8908985736e36
frag.d79fefdeefca	4	d79fefdeefca74d296348f247b73ea4a1fc32d649106875de287e460f3841213
frag.61083510e564	10	61083510e564d55b9080d8f6830f793368d0b84a5dbf155bcbdc76a5bbe3524c
frag.69b98de6b39c	12	69b98de6b39cc18e7323ffc7ebbc82ca02e3dce9f2f2a457f448fec1d1aeb37a
frag.ece633576dbf	12	ece633576dbfae11f7c9054f8a50dbc9c8deb8656f2c5772906829ef6ad63915
frag.923db40660cf	8	923db40660cf4da964d128c47707666e505790ef1af11c8242dc3d5dd614caef
frag.cba86cca7c1b	8	cba86cca7c1b7ff640999586663c786cae379d89fce0e3cea7fdccadebec93e7
frag.33a625e899e8	33	33a625e899e8d2226f45b79125040c9cdb486d9c017763e8e5b36b4f08413abe
frag.a3bf67830817	14	a3bf678308179de9f0ce90d9c4c90d00966161f67c3f8e4a3d78343c86800360
frag.386b0dcff4cf	4	386b0dcff4cf7bf0f7919788ec8ff2d698e532162ae4053d323b8d4fe0bdae94
frag.0605fbc471be	32	0605fbc471bec54b1b1fc73de553d938204b12f5bc2c72b27d2cbdadb1035f87
frag.370fbb51f069	3	370fbb51f069ddc08e23504f7f3a8d85d629664229f8b77f85eed5b8f5a267ed
frag.4ace3a2b3847	46	4ace3a2b3847e589cc3ab21c6853a50d90081646e069160769c9c5eae512804d
frag.ae9565315ec3	68	ae9565315ec31730b839f12a1606f017e95b4e214f6f028da9f31e4b58f3c5df
frag.2a9053a51bad	5	2a9053a51badc95ae294715c85835e35056680de0def599952a54fe543fdbed2
frag.29880ed052f6	5	29880ed052f699700a5e91a7af3506ba233bd4f6bd20fe42625f94b49460c5ba
frag.cb98eb12dd3c	3	cb98eb12dd3c9b13960a919c72e392d21f9ecda95b36251f5711bad4a9e82d8f
frag.2e98e6fc27b2	11	2e98e6fc27b2dc5180220e4387e8dd2501b34353cbaabb489a43db3d9effc0c7
frag.6d152f07d42a	59	6d152f07d42a461b8a3188bba3da58cbfb488315202c6df65f35c79d05627dda
frag.9d91d2aaae77	30	9d91d2aaae772f03ff9e0de1de2e91290f6640bd5ac39c0e74f144af07b91e69
frag.7b355cdf217c	23	7b355cdf217c759469645bc75311af9dbfa89681f049216add7868f8a339822b
frag.fe6c9d4d8e5b	21	fe6c9d4d8e5be9758ec0522a688bea504ea09b765ae6799844c5a985b32b9e43
frag.b97410f97c75	23	b97410f97c75448e1cb01d2495a3fe5a69ffc95bcffd959614809a0b35033668
frag.3995fd69e31b	23	3995fd69e31be19a5dccc181bd6bfe3957ae570125a3e37c329658f0c3248fd3
frag.f499c0e6f8ea	23	f499c0e6f8ea1646a3316fe54b08113c8b7e2aa45e3e4b52dbfc0be993d814c2
frag.f528273db22b	23	f528273db22be101f9e384a07acf8f3488df60d6ffad595dd551de8b7608ec31
frag.d26c24188d93	23	d26c24188d931836d8cb886e23fe3bd12d43cd46079efff02cdefe84ee81d0d3
frag.cbf717a6e1bb	23	cbf717a6e1bb8c345a98031dc96573988c64150486aa0854896947da187b658f
frag.12bd818b969a	32	12bd818b969ac995d41813936a64a27ed6296a334c8771d8ec307f3f9d3c9edb
frag.099d027ca3b5	36	099d027ca3b521879a034fd09d0eaf06953f5554dc9a7cf7b050b34e0f5b22fe
frag.ce8ffc01be65	19	ce8ffc01be65d6f02ba43e3a144ea20cc9c2e6c8d47f4a00d7da23926a953a82
frag.7879eb29f5ce	10	7879eb29f5ceb4bfa4ca8ebb34c0f3dc56b4446110d7a418c7a3acbb50a847ab
frag.dbd1fc90b971	11	dbd1fc90b971017aabcb125cae8a38f7b4ea2a034338a7350dc7c547df192457
frag.7425046ea84b	17	7425046ea84bd8ee003f37778b6295b55ffceba2ea15e5f49ff1bc16ea718790
frag.7308fcc58956	27	7308fcc58956b25e03216ba4c72e06b46b95150e547aac0cc7e6f2d6f8e5f21d
frag.555c7b8b3856	2	555c7b8b3856c5f4e5d6cd2ec93e4fc54678c49fd0d972d02608fab3ee7b37b3
frag.dbdfc4de61ee	14	dbdfc4de61eece635d2a7c3a45cebd046d9e1a8afd0a43f3fd357155f767c7ab
frag.c937b552a9a8	32	c937b552a9a88f98b423ebfcb45d08be9d71f39eafc3d487d7477623baa5a3ce
frag.eadd361adaa7	7	eadd361adaa75d13cd60e9f74284cd2b6d2137066ed4b51e1eb6b8b23775cc9c
frag.750745cb680d	32	750745cb680d21fa6e48a713ce1f36bc639a35b290f3add59d44e819118c7ad5
frag.8ea482cb8c60	9	8ea482cb8c605a869c083e9dbd48040cceb8e08d9c2b2c9f44148319e8703b44
frag.c3de04a6886c	32	c3de04a6886c589adbd1ef18b2b52044f770b40d61245a60a3686897e020dc48
frag.2512c909e60d	32	2512c909e60d537af8c547a6af85f85bc44b49ca390620c8f4498a487ef9b2b0
frag.f24d5c357740	32	f24d5c357740c5f063d568000c234862460991aeb729e3b53f3648e23d72e986
frag.d35edfbed216	7	d35edfbed21630e0b79e20918da3f8faec27ab03bdb5e46bcd1fed853a322af1
frag.b53caf876dfc	8	b53caf876dfc8f2d2b4a8dfffa3492f564075e8cb7e8fec19d10331380ff58fd
frag.b0f82822456b	25	b0f82822456b6fd815be97c43ce3017dd7445ec36655d265754f2e6a16a9742c
frag.a2d4a82d98d6	8	a2d4a82d98d6f1280a0816e1c0feaf7f07d8830f539e178069850feb6b7937dc
frag.c4976f810f54	8	c4976f810f54da10c447fbf3a46b0b8339dab3e6be4e4dc3c966e7862a6d9645
frag.b17f912165f0	67	b17f912165f0543cde64924ad4ebe3f989d066ffe69a9a6518d8245d9a5af208
frag.a3254a93cde0	8	a3254a93cde0a0b02f3a2b0baf31cbab55275e5b8898f80ea126952899526575
frag.adb14e42b3d6	27	adb14e42b3d6391d7029766318d6509a6e03a1d1e448adb29354936eda84345c
frag.734126e229f3	13	734126e229f375411ea0ec70fa5bb40d8e668bac458685a0e598528e88632b7f
frag.948bd02aee52	75	948bd02aee522832598bb1f16cfc61ed09b9a8c703f89606511353430a085837
frag.2886954bdb23	77	2886954bdb2381f15aed726ce3b81666b61b974b8d1a76a6bb280dfbc991f7b8
frag.6ea21679a602	8	6ea21679a6020aafe338bddc159b11329f04cdbc70a8b59b1951dfac19fd183b
frag.43aee0d00c15	6	43aee0d00c15371400a0f43a1097c8f56293d3eb4815121e2ab1dcfc5a7c169c
frag.846e26d154ce	5	846e26d154ced41e445ac0d508802798327de39f30f0efc2a129c7513260dc79
frag.d0c501fed76f	28	d0c501fed76fe1d2203b6dd61374219234e2daecb63ac96ec59bb3a70a767624
frag.6f064564d59c	78	6f064564d59cae269ee7fdefbdbb0171422a8a04eb2ef4507edd5f76a62ce243
frag.b22ecd7b4c4b	69	b22ecd7b4c4be5f87ed47d312a50d75b35a95d1d753b76c71f922482694d1f6d
frag.8728701c34c7	5	8728701c34c7b5b5f0c0a4216cfaa4e33e54d77855f4d739884f1a70b66c662c
frag.38df4d6991b6	5	38df4d6991b6894c33fd964ae943c6d8a134eb83f513efce41c8b36a9cfcd533
frag.b78c1618fd97	3	b78c1618fd97827f459e04fc52a2c15e08c2c7c59f9d6091f4b2f17eb91634f9
frag.428b84957a9d	7	428b84957a9dc93b53cd47d41430b6e3f59fbe6190db260225191f0fb3b9619b
frag.ec75f79040af	10	ec75f79040af17557c450e94a4214a484350634a433592d2eb31784c5a46e865
frag.2f4851c599eb	32	2f4851c599ebd0e1fe2279f802340af2de7bed2c12ec7423fd72baf0a4767511
frag.9ed735a61a72	32	9ed735a61a7263554375185201d9041991247967175cdf0cf47ddbc8e69f187d
frag.68ce45d1ce63	9	68ce45d1ce63885bbcd06ca93a45b9466ff2b9363b2271b5f40ba3e3cc000861
frag.0dc9a6f14fd6	14	0dc9a6f14fd67dc5cce721a7cd5c24671c64380208ede1cc99be386a14748607
frag.52d46ffedcf8	4	52d46ffedcf86c4d0859f4b77883cbe66ed1dd3e7162a72a355dc7a318ce01f4
frag.239fcd44c36d	20	239fcd44c36d4b6802d9a6c69d6b950c9a408cecb9dc737df26a444ee0332f6b
frag.c357b4d49539	12	c357b4d495390aa7c5cfa360d389f48cf814f97c6b11e70e66163b470a3d89dd
frag.6f13af18f24c	30	6f13af18f24c2087ca1620b99320dfc4189c1774009ca7e1e5e37609339f5266
frag.687ea5927c19	22	687ea5927c19bb1e77a594e50712795c23bc01e4dad1c7d52891112a81efe48d
frag.51e49f593b9b	10	51e49f593b9bb496176fa5b522be1d322cf6cfcaa84daadead231280206d6074
frag.d0d96998ceae	6	d0d96998ceaeb25a6e4f67d9091150593597849604ef95e51b676dd3c6f47f64
frag.fdc5d3719467	5	fdc5d37194674e2b6276c9ed661cc59db811b28db816dbf7b7324e11aef46602
frag.7ffbeb7f1164	15	7ffbeb7f1164aa6fe118718f48287dc9df5af7f6d8f84676df81f949c55ff4db
frag.b1edfd1bc6f9	17	b1edfd1bc6f973060fdd44d0b61824f4dc240943aec6d2a6d6f25b6172c69c45
frag.e920b38b45dd	21	e920b38b45dd6a828b466a06f4c4c4f63645f1c6a82e488599dc3da46b5280f2
frag.278253d44e93	16	278253d44e939fb193b451a3d946c21496b775d65424dde1dbd482477eae5105
frag.df6d1d6c5828	12	df6d1d6c5828179349482eb6cd93cb348ae4fe44beae6426c96b24f428334985
frag.9fdd87c0823f	12	9fdd87c0823fd9b04ff4ff9e42f6657f124d9a958af7b788447abde6962a6a8a
frag.0b681623391a	8	0b681623391a7ba01f5e4f32168ec49bc6f3ea3e66c79b39034b3908686ad4bc
frag.e58c37eb8442	32	e58c37eb8442deeb67a70e7817c729ace4c99bbe7f3363789666070c3b7810f3
frag.dab94467390d	30	dab94467390db40f42978518bce04b10cc283e41b835737073f28a8be5bd589a
frag.529e2ad27913	34	529e2ad279132c64a8906040232fb5a6c3bceae50f6b0f9907335350ae178a8f
frag.945e43d31e56	32	945e43d31e56470e7176b5d877b1d7e9f9ed74e2fac2b97bd3d57052f031f30f
frag.a9fa83557d0d	32	a9fa83557d0d713ab598f8489bf7fc71ea0a201bac7cde47147e89d7bb5558ea
frag.aef8ea06a449	28	aef8ea06a4490a425d2318038a51db18915316667c4bb05af35499ae763460f7
frag.2398e324f70a	32	2398e324f70a8f2917b87f42d20c4a39b87e0969af196a14eeb5b557a9e7fba9
frag.2b76b5a38ce5	3	2b76b5a38ce556db480eb4e18cddb9a97fdaed871f59e347acd22fdad46a598c
frag.08d5f92ca9e9	5	08d5f92ca9e9cecc2807e89018f28f8d705476ab927b7c4ca79bda0efbe4baab
frag.0a951f785273	15	0a951f785273fbc5222c78f8898da3682f9f2aea0eea2d1695903e7cbbc7e4ce
frag.475e7e92bd56	32	475e7e92bd569390e39200cd03a2801540ed9a2e4ae207f91ffdd3183f526e43
frag.03f8c1273e3d	4	03f8c1273e3da99bb315fe7b71c8e45159c826e6d3f42eecd4612078248f73a1
frag.21a508147ecc	14	21a508147eccbbd32ae15709337ed29fbb794d71950f3ea11b950445c06b95b6
frag.a09e21047e0c	11	a09e21047e0cad864a463dc15027c376df50b15ce75bd1b3c5336bf1168d6ed0
frag.a0a6ca091c70	4	a0a6ca091c70a95296d9c1bd308ae70eb64bc2ac8a35b2713045510db3d8eddb
frag.72d567c59a54	7	72d567c59a5473d826cb971bf313b8f5435f9e2eefca6b1f3c045dae4442c96a
frag.cdba6dc33e22	11	cdba6dc33e22fb468026fce488b4a6dc484e9647345ee03901eb8fc3b0ee1693
frag.3b71578e6378	18	3b71578e637832b04ef56df605837bd638cbe8b5aff684e7461e793e72e5658d
frag.02c7998a56f2	30	02c7998a56f274c87972c2a40a2e34da38d0f3d6687be0112bf8afea34c630ec
frag.06f1b3afc470	10	06f1b3afc470c64c346874b7feda5b8c854196c102deb05b82fe8feec5534313
frag.25877b98fccb	5	25877b98fccba1d5a34b052c47e3265d8723b23fb696fb358fe6fc042dddb6db
frag.442e07fe93c9	38	442e07fe93c9ff6d773c71c9072c36f8a630e392acce6774b534180d0ab93a90
frag.ad1096e9f7c3	8	ad1096e9f7c3eea62699f4602862dc59173d57980e9970d1d7e8e927d85d3adf
frag.d5a3756ccbb4	32	d5a3756ccbb438cc8553711eaf6b5b69c455a9953102bb605e531af7d25add0f
frag.c3a61f03d53c	9	c3a61f03d53c732b91be3e7144bd2762ca3b8c56e556347ba8e179517cc879e2
frag.6a7367ef7970	7	6a7367ef7970d165bf9a60a16ef4365b2b7670f5064a35438e2ea0049dbdb1dd
frag.09cb21843734	16	09cb2184373458286cabb8a8404acf26913839c80c956899b74634a4330b6474
frag.2dec143f6f8c	14	2dec143f6f8c0c42cdec3737778c32b8c697c64184d15576669858c280a7ca20
frag.c65e7c8cdec0	24	c65e7c8cdec098e353c20973822e04422bd84b6173c86fae2b7b4ac6f46eb2fb
frag.b28f26dbb733	10	b28f26dbb733cd4f7792c92f1f0a202c8e22096990f0ed98de30bf1330675141
frag.43f466ea8f14	9	43f466ea8f144a64bd71597e251075a666f9c0c0e948e9311d0d149351eb75a9
frag.63f3f9f2e37f	5	63f3f9f2e37f1cadf9158fa6c0d9354f6212f454388022a008dcc1878a10731a
frag.36f781461d9d	7	36f781461d9dff74e9540917b81acc0445abe495b13a57e140394c24bdd26ddb
frag.02456bf6eab1	13	02456bf6eab1215d29e316e046bbcb4968260a602c02890e1e12227a8b9a207c
frag.af8cb711e9c3	11	af8cb711e9c3b8f284f181ee49b3de1cc30608ec0d145edbf70dcbae700ccd8d
frag.e3755df0dcf3	4	e3755df0dcf3c90cf29636058ee5608b61827826af38c1f10289a8fd2ac771f3
frag.733a7885c841	16	733a7885c841ef139c75264e1e5daf6aac8e122383d481031e9aacaeaef8fb97
frag.b156b926dc3a	8	b156b926dc3a8ac39999c75c72cb074aad876e4dda4ca89de07212b789324fd0
frag.63c0931f7d7a	6	63c0931f7d7ad260b0db4b363d402b074dd074e09afdd90e8f0c11502c1ae632
frag.59bfc5e80fe3	32	59bfc5e80fe39ba825a0a453fe5c32b9d605c437f7bdcf83e9b382ab08b09252
frag.88488b68358e	32	88488b68358ed36fb7708564d8b05868d71d1034fcc0c3417f9dd86918b04ada
frag.6f00156cec07	4	6f00156cec078cc0c6c207117b68104f4e0e06cf67a3eebc6398b2c7f5248f45
frag.3a241d59687b	7	3a241d59687b801ed1a519fd9acf1bad288e1cc9993b2d03a7974623483fa00a
frag.c848bff204f4	5	c848bff204f4a6b93d351506deeeda5a9cc99710b63268c6f22b9739bd274ff8
frag.4b8fddb04ddc	31	4b8fddb04ddc123bc5c03da0e3d2aa1544f1f42ca989b4309bea647394625c8e
frag.c846885c500a	23	c846885c500aec3c94deb6f7647f24203197422112e5b21799d68b48e4a9bae9
frag.d504e6878a5f	9	d504e6878a5f64ae5c2fbc5d0ad1e60c4a29250362b1989bd2911827bd9bf30a
frag.b1ba3a0bb969	13	b1ba3a0bb9693843a47fbbb67525e590cc5811f56897665106694ef766d97ebb
frag.4073189b398c	11	4073189b398cd593c9ee3593b6f2e120baee3dd8c38cffdd143836e5bdaf0b39
frag.5af65b05298f	25	5af65b05298fbefb97ac33b79d3ad57eea1b6c41a4424cca624ec19363071ec8
frag.3aaab8a73c8f	17	3aaab8a73c8fdad02e2b3eba61ec562ffb43bf701c6451b0144280b8cfae866b
frag.29c54d0b7c4f	79	29c54d0b7c4f04b79e21779b8c03d1344bf7355d26e6fe7de5f6b0c26bdf1a8b
frag.a05db75acd68	65	a05db75acd681b30baff75b38979817ca9b7c962c4eeaeff03c66eeee9ae5b4c
frag.a68b50d18079	65	a68b50d180793c25e7c097b3350a56bd95190c93f65e19f3b63ac1b2646427c8
frag.d539cd97ca1a	2	d539cd97ca1a108f9f5e3f611d7606d84c0aa35ea1973304e479b99025124e16
frag.5909c88e9c2d	65	5909c88e9c2de60ddc89532ca6ca79edb22d6358e1cc8283083284796c82275b
frag.76905a556117	32	76905a556117cd62c857b02a86471ae83533e090117874497e0f46a21b808db4
frag.c1fcf83e875d	2	c1fcf83e875d32702ab99b72dfae1b4fa137dfc331d897784afaf61ca2a6e2d0
frag.dcd1d5223f73	4	dcd1d5223f73b3a965c07e3ff5dbee3eedcfedb806686a05b9b3868a2c3d6d50
frag.3db65f8c2a7d	10	3db65f8c2a7d1861b4bca37da3adec5aa7905931eb6faddbc595a35f75e6ca40
frag.8f1913f50e8a	6	8f1913f50e8a3aa0c0dda27a4e376cf45ea2dad8013d83c224c5366e5bb91b28
frag.9a2709eea5e7	6	9a2709eea5e751a706e6a8c23dc5447b5ae20489aee98742bad3d014d2b6bea6
frag.5250b5de07b3	15	5250b5de07b31f3840bd063643252cd9784fba5c74a89cbab98af05c74874ea8
frag.6bd1127b18aa	17	6bd1127b18aa3d6ab5d7c2821c3393687949ffc7fcfd47b09b5a8136b69da2a4
frag.c60b2fd627f7	19	c60b2fd627f7d94af41c118834d80facaad1a9d508c39f4b45da3be83995dc87
frag.10e55c0aaaf3	27	10e55c0aaaf3f00cadbb3cf23d8f417157c445a48b5925b5d0c3658c0fed70fd
frag.210ccefbc5e0	28	210ccefbc5e0bf15c8a82d220dc37face3c4450ba0a60830b079db316605f958
frag.4ad94e6143ad	32	4ad94e6143ad996f1004f5ecd3089910dcc988b8b9bac409d3b471a9f5cbaa82
frag.ad0063a7fb39	32	ad0063a7fb39cc5b29a4e610cb188e795c7b04ab053263e6c46c49a2da50f43f
frag.689b17a30cfd	37	689b17a30cfd3b7dede669a1bb84a654048de8695fc65abafdb0b065132be85b
frag.eace244cc8ce	9	eace244cc8ce25a1d4a81dadbe5f3b5070882388253c0e4603611ca39cddb70f
frag.44592af7565b	8	44592af7565b26e56cc513b61349422d8c90661cb35c4e67e53b858ad25ec339
frag.098542852a17	16	098542852a17aabfb2d704d402e19b5535092677fb385b2c18aa61fe4f128197
frag.cdbf2aad986c	17	cdbf2aad986ce15e8441a8c46d771702da6295069ac4e0df497f6f3a1fb06b92
frag.6e3566599b3b	21	6e3566599b3b0a844a280a113f567e0ef786dc9f530d2437702a9b14be30a274
frag.aeeabe9647b6	41	aeeabe9647b64a1bbe6c5fd8017ef5f89fb8adcfdddb9f37532ac010b32c2193
frag.6358f2cba54b	8	6358f2cba54be80307c7e63f858c02e571b7e92625cd2a4676b526553ca7a561
frag.41c1797f5878	17	41c1797f5878e070517badd1dc07caa68dfdc4a6eae322e479c482f70a8b7ba2
frag.94be0417569f	20	94be0417569f0d3180837c5628c0a64a53cea2475483fe1839d08fb3cf6bb20b
frag.65659145569b	6	65659145569b894bd67d06e685509c2decc5b2ac5e18700c085a253506b0fb75
frag.d0c14991b117	37	d0c14991b117ea85242d47a4163d8be569e7f4847813187522eabdf702adb52e
frag.552e765d816b	5	552e765d816bc9e4143c76636ee5a4e9d2833e238f7b908f1db6f9c8ecc604f0
frag.ac9086b1c4be	7	ac9086b1c4befadc3f94f1bfa9401865aff8972e6b539488921879fd97804081
frag.1b93b12ce616	17	1b93b12ce616db511a35c8201006a9a443790b294a00b6385e348c33e28843d8
frag.9db188aa27bc	67	9db188aa27bc3ef666ee456bb596592d990a295a7a1f0b0fe63a581d3ab40bc6
frag.70a78c6dc0a0	72	70a78c6dc0a0a59ba9a4c7896064d78768fee73f958e3168aba85985344646c6
frag.7c8b9c883543	74	7c8b9c88354363141525ad735ac526e5fbee16368f64facee8bee6ea61d3c3f6
frag.be0d2337a575	4	be0d2337a5752f2f464ec4ad378b0c7c6f62669ebdca0f87214e4f5a6a0dfa7b
frag.735b64972b07	20	735b64972b07c1157c98a333a19cd966d14398e0e5821f8ff95a4c61f67758fa
frag.16584052fd33	4	16584052fd337f09553dfe2ed98e35a2de86043f25e61a3acb5d1e63a949e844
frag.36fc0c15eb45	9	36fc0c15eb452da9b6f0d27ef78247fc41bab45a6e22d7e1e1e954218486de66
frag.c68f4a77e590	12	c68f4a77e59017ac4d37b7a264febf9414564b9ff3cef05c6b384dc34f00cdf2
frag.7d482f6c96d1	6	7d482f6c96d1ee875d3180e95f33751bda4451d3c3ae16149b291bfe0875988e
frag.bf651ae18dce	7	bf651ae18dcef1cc4a41921bfeb606fc8d6d449c859b9032301f65ebb0c79603
frag.64b9370e4ffa	10	64b9370e4ffa4bb6e76543fd9568458bfec91832017be3ed16a9dcbf0983abd9
frag.2e433cd6427d	29	2e433cd6427d4fde35bd367b99163db156237ed6b1216ed5d489b3505df60092
frag.b991604729c6	10	b991604729c6632e280a4f147710b6a28fce1bc56f60181b6ed69c2dfbb588e2
frag.f9662f7f6955	27	f9662f7f6955bc1e2f51decc0a143eb56ce4b03306d4dea2807fed0d0c6f0a36
frag.7584e5d86755	7	7584e5d86755837bdb5ec985354776fb27d6cce879fd22cc4d10a4cf6e194657
frag.ce732dd1274e	29	ce732dd1274e9b1058ad01ec5532e764dd7333d0fcc5ab1b840658bee494f4bb
frag.5195eed19619	3	5195eed19619a3dd6b18c6e328de46ee57a8db731582a49c4f7f6222d9d130d3
frag.58d874acc686	13	58d874acc686bd537b5650f763fa40fe29db973ed664029709433fb647e6a5f5
frag.3bc1e61b1d85	9	3bc1e61b1d85d43958df555eb0019257e52fc545cfb63e5fcc2d88321f5df758
frag.a59c2251d490	12	a59c2251d490028cf4dc70893e5cd6b8067744fff5f2b36fe70f7a3af6ed5547
frag.8b3103b059b0	32	8b3103b059b093cd60a71d6ab1d8a6c7df1100215a1d675c04989e6631772b55
frag.14f236709e51	2	14f236709e516781cb62681deb062962b0a9515c14ae8b5de15e6e974171d950
frag.24f17a736935	79	24f17a7369357f137ac04ccd4421f4fbc03e31a38c5c95dd302227d8b113f0dd
frag.2bd770efc04a	10	2bd770efc04a5ca3b2d564ab6d9b3363afae3917ce5738cbff1612d56bf24464
frag.0e04961c51ea	13	0e04961c51eaba06d3381900fcda7dc9fadfd45e772915b37d8c8bfa17a03db5
frag.51ade5b730b6	15	51ade5b730b6f318e44a9acbf81907eae07e20b01447dfc239354ed3cea0b07c
frag.349096910d3c	7	349096910d3c474b61ec0cc741486084dbd9c8f2a57e37557b35c7ab5e6205f3
frag.aa67752cdcbc	15	aa67752cdcbc6d3268f7cf6b28e5b6919a626d90bf268976fd6c087f6309f10e
frag.ba7ebb6c0b12	10	ba7ebb6c0b122ffd1c5619afce128a161bd0c0bb3ce32006692034af03011cf2
frag.d6359f6ff9fc	11	d6359f6ff9fc2a4d3930db2895a96c62907cec0270bf3155b8cf3a266bc6a91e
frag.458f2c2c0f01	12	458f2c2c0f010a7d22ae1659c910711c634248efb11cec1ac66e27aa03652d1e
frag.e932f4664fa9	9	e932f4664fa9d32f95c406fe026368eb2e88dcbdadab01fc684d95abddef0c93
frag.d818fc89e110	16	d818fc89e110e453a56fd0b548ca62f22b275e37860a7eb1ffa2119ca2b58c4e
frag.012f9df23526	12	012f9df23526751f3997c942506c4fdd5ccd2f2c74b41c9bda232706ec8e93d6
frag.43f03467ae89	16	43f03467ae899c50f6c7fef25158321ba6c8c7f68c025ad6765b670ead35df26
frag.e034aafd4a8f	14	e034aafd4a8fbc94f2b07e9098fed8a2b7134771c303d22f6c28bbb025c8701d
frag.af93da41d026	6	af93da41d0267ccfac9f8665d865d55dcc3f4690d9349355a729d970cfde2d43
frag.311f423fde0b	10	311f423fde0b448af83bf27e6e08126399a0a5e8e2885c110459d72ea2eadd66
frag.e53de187243d	18	e53de187243d39104408b38cdce1828022f672178437f3ddc156257668416379
frag.71437a4a6487	11	71437a4a64870cb0c5c823908b8c31c1b848ad5cc490eef0f5d4755e2c4c3244
frag.05cf6d7fa79e	12	05cf6d7fa79e46deb2bb59a54eaf67a87db549785653414468d3665504684f49
frag.fa4925ece175	9	fa4925ece1755efd373455b3bd85e97a5e22f3583062cac60d82ab41f387ce53
frag.2270f4657420	14	2270f46574201068b17935e8b08d3a2af2a45d276949fb8ade513b4a145d8b29
frag.282cac63534b	27	282cac63534bcf26f85cc575bf68a24c9a9a80dde9a38da95937f608f530064c
frag.993fb1fb1f8a	18	993fb1fb1f8aa955dd3249c938d915299f7727fc8e086c727c24d9ed17d42f53
frag.b53b10af0873	15	b53b10af0873b1f2524132b7f3c8969ff730e2e251d903ac4bf20450a6e7ce1a
frag.6dc21afe4ede	8	6dc21afe4edec3c11b085c474e88026cefc74581cca0c738a9fcca1466b7ff99
frag.792ac97ffa7b	32	792ac97ffa7bcc86102cf4fc05a0f07c9112802d5c5e445450a004f043189818
frag.56b32e2a15bf	7	56b32e2a15bf535a8ade32550e24cbc440fb12781e1e90a8b41e44b851cd881d
frag.961f9f766b54	5	961f9f766b54e5d57182da08278fe9520815c486ea62e520be033846ce1534b6
frag.7b45eb59343f	15	7b45eb59343f573c5929264a70705414b2b195a7e8b4f2b78b7e6eee642dbe65
frag.a0ac42731f52	27	a0ac42731f526b3b65dae4f5579cf09bb95414d3562137a4964f96a4433fabcb
frag.00df727dbe5d	33	00df727dbe5dc2fd691488463bb9a24f7b951bb3d37ac4c142b59996adf555ea
frag.43eeafc4a158	10	43eeafc4a158e55ead54179d80d5d0ac90b78a4de61562ecbfc3e67b086c2620
frag.e6aba2bd5a6b	11	e6aba2bd5a6b0b7ea8564a58f5ae3767067b97e83360ad28f625853dccec2725
frag.194eb9c38cc0	10	194eb9c38cc07f3986ff1ed3480e46f7e1ed062f5b9de38a8aaa3c037e02dff5
frag.b4128c8ceeb5	12	b4128c8ceeb5c322f98c5075e31efb1cc8d059647f1c4776d9b2385a2d3a7d57
frag.7becc6bbbf91	15	7becc6bbbf91dd65dbf3657b349ee8f207e05ec9385928cdddc87145c53d63f5
frag.faee4715888d	37	faee4715888d27b387f98daea4aa5c83666f723e643400c93ec30df508fd2121
frag.2c9e0d734b01	73	2c9e0d734b01411d011bb12bd5d01956607505e2a510d2f04d25ff4ed612e8b1
frag.a29e9feca009	37	a29e9feca009a026ba1a7388ed894836c9263358cc1761d76603cccc82601f82
frag.f77a2cc8468f	72	f77a2cc8468f9e57f47175b00474e55a3d5cb730c656da9230fcbcefd4d200db
frag.f0d155c43ee0	17	f0d155c43ee020fe63bc2fd355beab5b0c3ad9f4f3392e0ac60fe3899d894dd5
frag.54db57d4b520	3	54db57d4b5209b6a7a188cece3a28a26ab8cef1b7635e01160574b9291200843
frag.529b57f0e0db	2	529b57f0e0db6cc6316c779bf36649119534a3668abe4e1a85018ca3234d99e2
frag.95843b3de7d8	8	95843b3de7d8e824427ccff0756bccbebd21b59e271117552dd2e2c66731a690
frag.8f40f0d72538	6	8f40f0d7253841d84d90c146f71de10321fbc752872b872a633613c9b1ee6ca0
frag.b3eb37acb66b	4	b3eb37acb66ba4bbe8fb1ba296815daf194be94f5a5fb50dab2fb5e4a57ba29e
frag.de5a971d55c5	12	de5a971d55c5fc256ab8eb2294b52ac20f5269cbb6e671e9470c85e9d083f2bf
frag.1695095db892	10	1695095db8922408d000617df48d9c9020587d1981827e5160d79ba4cb65b9fe
frag.c38a51535885	12	c38a515358859a10e7a2104cab69fe10ee2d492d94024b7d8f17d69b1a409032
frag.fb79f423148b	34	fb79f423148bd6721a487f96b6858742d91764b4a1df73e0d305480a7e5afa29
frag.c47117d60469	30	c47117d60469dcb266cd92854a645633a5dae49d851844e13e63d2cd0666e7a3
frag.3f862e25b34c	69	3f862e25b34c9b392494442ac989ef622e53f76a8ae6ded2818b487c24ab196a
frag.21d483c0ad75	32	21d483c0ad75c30f59f25106e462eb142f6179462bfae5ec199f58cec5accbda
frag.c4e0d13cfdaf	7	c4e0d13cfdaf655f87e419fa2ad3daf5d8292b85ff8af5f688dac8cfcae1b386
frag.7fbb406c089a	6	7fbb406c089ae2ec8e524615b7c260b8154458f3b592820837c3a8f7957ec2d5
frag.d7925c007343	4	d7925c0073438e7486be5ddacc423b08e9c35890ee3e0059a4a3263acedfb3ea
frag.95722ac83cf7	19	95722ac83cf755ccbe970c7d4d56bda38012335cbca4310fdbeccdb636a64b56
frag.e913d0b16469	8	e913d0b1646928445d3c3f3406e6d826744c5327cab3a5df1db37e4d971fc751
frag.ce49a5d687fd	7	ce49a5d687fd115b715c36d74f41caa4f3fcdf714b46853e30910c79fa297006
frag.47399b7f7437	9	47399b7f74371fc483f6ed923ccfd7744eadc7fec3892117ff4361e6ee222757
frag.5fa7aac5375c	5	5fa7aac5375c5815787fba3f49559f9b45b14023147ce0652803387974144e5f
frag.0f7b79cee0ba	10	0f7b79cee0ba8d15a0bc799dabf19f174ffe465edc63b3eaf276ba0a7945d40e
frag.ff6bc316041a	7	ff6bc316041a74aac1791d31fd90d34ba651924dce6a6e103047af57a5519445
frag.656bae520321	26	656bae52032142182b03028d4b71c2dd7f445a84d754547b4f1ec08321e24f6a
frag.8b7853ad6235	15	8b7853ad6235284490af3d74d47649262b9acf29cdfb0ef73fe0be96ad60190d
frag.c3f8edd2a350	17	c3f8edd2a3501a616e366a7577d27e28593b77041fcc776c3beed2d21a55cb2b
frag.a79d75e5e0b6	19	a79d75e5e0b6c42f7cd4d3ed74169f5c2ddd7ac2086a21a5090814e6ee1806e5
frag.f1c727903cc9	17	f1c727903cc921ea5458d3bc5ba7d53b88de20c6a93d4373b704e740f8de43ba
frag.7755fd116d03	21	7755fd116d03653ba07dd7c6dbd4132802e45ed93b358ac782b72abb33331f3a
frag.241e29427543	18	241e2942754350e3c6a5e40c4ec17b9977932b82d5dc65e405b256a0eace471a
frag.e453ba72cd39	13	e453ba72cd39035f8fed836d3b3c2fad9d6a8d235ca62ecd40dc022f474ba30c
frag.d88ade772ab3	14	d88ade772ab314f6ee97e0961319f5865ae82c9364638f6703fbac63bcea1b54
frag.b479932c66f3	21	b479932c66f320d9eb70da2d08467246a4dbc645f3948efc0ccc79a79dc9338f
frag.0ab6fd884ac6	11	0ab6fd884ac61b5d646fce8c5bec61a5f0cd7902ddd7da29beedf0f8c529c179
frag.478e5ec5fe92	5	478e5ec5fe9296b278a897fa9189b0894f7092e40555a1ee2eef4a5bde7b5d48
frag.d40a5aca994e	6	d40a5aca994e2515589d71a99faba3f6bafaa9ef19fc72228d87b341e0614472
frag.86e1e1a33388	11	86e1e1a3338833f3ff16dfc15fc561fd99ffd1aefb2756a16afea104d57555f1
frag.0b8cdd9ec4e4	5	0b8cdd9ec4e4cbca2aeedbb7e4572400dfbd7e7cbf415dbb99acecafcccbdc21
frag.bce10c5f121b	6	bce10c5f121b0596254fe4770a0541e86e1297d84acdca78fdeffdd335908b65
frag.b6337bdcf05e	4	b6337bdcf05e243e2e92750e7b156ae2d4a135f2cdcda2a8f1f5a37055af13a2
frag.c210bfdf28ce	4	c210bfdf28cec3d9edb636d798e0f2aaf0d1cfda0b7f8d469b1a40650686ec02
frag.f031b70a2653	2	f031b70a2653be44af3a20aa33ad0f35d8a256046c108cfcaa3480988b4b383b
frag.3dcc069ae14e	32	3dcc069ae14e129ae24953136be69b31cc75f8266cdb37c15f33739c8b2a08da
frag.5482d67dcbc2	73	5482d67dcbc28e8e2702119311852e1921a3a5e48474ef148b4021c01f79f059
frag.5b3fdf6febd0	22	5b3fdf6febd07d8e432e6d38ce225810e52a6ead7075f466a81e297afe561fb7
frag.b63d07308aac	3	b63d07308aac23a26e7d9edd9d3ac206ad7704cb47f75947fcfc6fcf89f92682
frag.ec859655f60b	5	ec859655f60b4678803b0b5497ace094174a9d8d1210dfa02910b41fc911c337
frag.e1bad657cc0d	3	e1bad657cc0ddd36f29241b98e87efbe8c0342f684711d6e725dd28c2bf52704
frag.d5f6433b0d23	31	d5f6433b0d233596b14608797ce65f021e352b41d3e1161c2050398e9854d6a1
frag.072f005fc3f2	2	072f005fc3f2a49f2e29225d116c10a3904c326a1b810a6eb840d9a574526694
frag.71d377d72b48	5	71d377d72b48d5fdf57573cac394f6625b37daad694a2a26fac26f9fd7ff3f22
frag.bff4d121f688	6	bff4d121f68824e1ec529cc222de59ada472d5089513c630fd5f564e6f8eca19
frag.f5f25c5769e6	5	f5f25c5769e6107d2cec7dec87265599a9af37156f30add96e2a6daa2d4a4658
frag.b0b21f129832	17	b0b21f1298328f72d36cdc79cd9dac4cf284219c8ba540d965153037e72a7869
frag.6eac636b81bf	17	6eac636b81bf6ec458be6a7225dead3ca70d47537e41799b2d60f67249332330
frag.5db98e7af406	20	5db98e7af406235663393583c80a3f95ce970b7a99e6f2350252143964e69dea
frag.b4fc005725a0	5	b4fc005725a0f1fc9bfab5c9d7f65115505f4ed87db057835b4180751b0ca730
frag.871c7f990798	6	871c7f99079898cb0ba5796c79baa71a91345e851747a392e9605409b715a5a6
frag.8a1db462be75	5	8a1db462be7537747b0f0b48edd1ca94fc9d079a08308fc7eb73959990c9f63a
frag.f222ef3d6a3a	13	f222ef3d6a3ab42b14b8292fdb51605c07c55d9e900814fbc48939630cdc179c
frag.7423e8f79710	7	7423e8f79710b32bde874efd6400e97cb3f541b023bf8f6ffcb6e5f7897011d3
frag.2a78025de6aa	6	2a78025de6aae5e7ff88e5a951bb3a78ddd67388913529cf9e2dd9653e62b02d
frag.1f7133c21072	7	1f7133c21072a138cf98e3807f772c2cbda4a229952b12361bacc2cc1c932572
frag.a4d9c62a66cc	11	a4d9c62a66ccccc7967d9dcb17342ee9f4bb9839284252aa20ffded146d448a0
frag.1e748ea4e0f0	20	1e748ea4e0f00d9d879d97a49952e7d7864e199af2d132e04180028863681508
frag.d674aa16cd1b	16	d674aa16cd1b7a8508e93c5215e90a22c95d0fbdac9e42e9ca7de83b11c1ff83
frag.d3e4217f335c	20	d3e4217f335c56090e02e72065b85c728ed358f843797988c940006717240e03
frag.3fbe092a9139	24	3fbe092a9139f5f40aa7d0c85e11545daed976e9b4e0cbd78f6ece2b35ec0a4a
frag.741e8c5450cd	4	741e8c5450cd04daa2268607b09e5b98ae24170eeff84956b3a293586d4616ee
frag.bf46b726b66b	16	bf46b726b66b111a1792baa1c502393cf9ab1325d7a883acf1ea252af370638d
frag.76140e34f635	7	76140e34f635bb941ff5b06eb58aa6c34d688acd2c6c72d4ded71b0d7410b287
frag.3380734432d2	8	3380734432d20c8d2685a6bd93d7377f11e96beb5ec1dde6804f09a1eb1bbd03
frag.332786f741e3	17	332786f741e3b06bdc2c58ed3ed3558ae7726f6032155dc484d84d0f38a61054
frag.1b298c7cd4ce	9	1b298c7cd4ced9dd5089bd7e5ffcdd2cd0736fbefa8bf1ffceedadb31adc6e1e
frag.9656bebfdf14	31	9656bebfdf148adcc7dfee5b4c99b6a8e977a1e1488f4fe3ba3edfa3e2c74a57
frag.75df831258f0	14	75df831258f0ecfd55f33d51278613b35e9afd6318596ef496f7a9068d928d21
frag.c77b6d1ace6f	9	c77b6d1ace6f96bc62b205054ce25a07c0f243653f0ca56548eee9ae158daa6e
frag.c4e8c0fd83df	32	c4e8c0fd83df20e80f966bd2c31f86129120c8be8fd26c9386c3b40cb8372d13
frag.fce00e4fb586	10	fce00e4fb586f11bd6276a95cff0d5916dcad67fd7b6bebbd22a8d9104921be8
frag.e79ad62e715c	32	e79ad62e715c0cdc8894b108ae854e20ae3600e8036c05b07da68b6aa30215eb
frag.311ab7b6c410	7	311ab7b6c410ad1883661d7f676ab12927a83634ded22e46d66d662ac40c9528
frag.ba8909252cb2	35	ba8909252cb2e4e1130be247f829dd3820c933ad93cd2ab9d1f7cbf99ee0f788
frag.5f91cfa9787d	31	5f91cfa9787d38ad4acaf69b96d38f67f4b0f90618510ceb1caa17830a49d70e
frag.66d0f523a379	6	66d0f523a379b2de6f8d5fba3a817ebc395f7bcaa54cc132ca9dfa665d1e9378
frag.7192b2e051ff	7	7192b2e051fff7499871fac96c399d8e260f004ea762146e2026788cf622056e
frag.4b2bebbf33ae	4	4b2bebbf33aeb7aea11cbab9d95019a647ca038b638f99f593aae85b986ed2e2
frag.9b86720175e0	9	9b86720175e0bcc97ae080b85360023da3d0787c7b5868b81eb913f7dc28b82d
frag.94c736fde0c8	5	94c736fde0c8cf0ce23b8abed6e0a997635883bbe80c5b6da06bf438698db24b
frag.df233fd48468	32	df233fd48468de1a1d8711f1053a0893d2f9655f47967f9db4bf57c0ebfd0a8d
frag.27f28e95038f	13	27f28e95038f7bd53af0fc0553a634fce89ec245946af69331ee0995b25847fc
frag.d2c838f79473	39	d2c838f79473fb8b66b4a57b86725c0150cf9fb76f3a9cfc108d2e90ba8df1e2
frag.20eac5aae274	5	20eac5aae274985fd88629d19eddccbbec21dacd82a8c7a7dd99661f2135be02
frag.b2091d273986	11	b2091d273986f619d5a8004e9c3d8d3ac184c661e278a688f92984b81998bfca
frag.02c24eeb48ab	9	02c24eeb48abfbd4a58a37a7f0d89156ce058e7ad1ec3cf5990e1dc7b5fb0d80
frag.b76c62fc0261	16	b76c62fc0261dbade374a5ad0486559aeb658a4f9af0cfe7570b526870434197
frag.3d737f1fc389	5	3d737f1fc3899ca1742173cb108a71e792f8e56af667dbc8daa519c88302113c
frag.6c7a85c5708e	7	6c7a85c5708e0b0010fe616158a3a24152a0a9bb4ece5ec4e97a3106cca4a7ff
frag.90bbc8c93017	9	90bbc8c930178a49466cdbeb98c610ebca9cbbb57ea828bb316d58c90556f8a3
frag.0de7f35df9ed	33	0de7f35df9ed0bc2c501dae3516c4b04af29caa67e117ab32251c0636e00dd9d
frag.8bdde26f0d36	7	8bdde26f0d365ee3b92eef027bba2d0bcd95605154f6ced9998eadcaa0da1c09
frag.4b63b96ae5c5	4	4b63b96ae5c589ab93aa1024699b1137f822d73f3f4d6cd2749bbf4fa9193440
frag.6f9e89b67d77	7	6f9e89b67d77112fe25395befc2692931d3ff19a5b4d61065a23c39237fb4e16
frag.0d0ae56ee488	10	0d0ae56ee488b385fe7c16e86c4c278fa36f45341838ce14871f7bd078302b0c
frag.54230802dfda	8	54230802dfda0e8beeb5a86f02f85969d579ff8d6e237be0d167c83dde1cbafb
frag.d0b9cd97fa22	5	d0b9cd97fa22d3eb6903686b58febacbf778ec7435e82181e698ccd37b58d768
frag.ed695f1dd60f	43	ed695f1dd60fb42e8437b62997f53f8d24f07073d2467ac473f472ac6a24d454
frag.a3ab9074e20a	3	a3ab9074e20a1d002e3f46dc0390c930332201c37475e94f8057b0c3fcd5c48a
frag.c8e9eeb3777d	28	c8e9eeb3777d74dd7f13aa14e9fb3c9e18f349af40a11579d179895beccbd6ae
frag.5f1d19a54d87	32	5f1d19a54d877d7383fcfbb770529da274ca2ad06ca072918afe0acf8025f63f
frag.ea3fa3bdcf9b	32	ea3fa3bdcf9b360c3e16fb4c838ae57da2f997e77205f070923a09a4bfa54308
frag.8b862ba45dce	4	8b862ba45dceddf7e186fa48c1bb76f09730a23fc67f870c015d9649dab27a27
frag.5a9d29518e31	5	5a9d29518e31a4ed82e020fd6e40acc4316d74953a873b78340f64e23b5dd43d
frag.11d3491d7e05	11	11d3491d7e05d229da4d055fb1b2c632b72c0acc4fb345e68c130f26de352dbd
frag.e52a3fb722bd	6	e52a3fb722bddd911274bedb9150d675c4efda80de938898547ccb15212745b5
frag.a386fabe3a3a	12	a386fabe3a3a731c0caf82c888111171303ee3044dcb462379be66f488c2a1e1
frag.3e5738f041eb	20	3e5738f041ebee2f6523d3a4f6ab0133896de9c1f7bcbd9d4a6e794dd7b3cb4b
frag.237c59a3b965	6	237c59a3b965d0787ce08d5afcd4ec80017f7de4b6d84021f2207f865345f419
frag.5e9f5e428e01	37	5e9f5e428e01f1a698417c333baae8f05487c55748480d4d87e700cd6a0aa424
frag.2c234a550746	26	2c234a55074668c8f59ee13dc6171f00ff007ee17eadb210fce21c237cda7236
frag.9cf8321c423e	33	9cf8321c423e0f8eb60da66a36c8499dddf338ea30b5b8eefa45fcb177caa498
frag.b29f0c144714	41	b29f0c144714f1a46bc1e0a094e86869b8253f881a6493aa331555290952978b
frag.08fc07e88648	27	08fc07e8864869b3877a2152b3481980b1219b06f4db5c635de5c85663d91761
frag.752da0462acf	18	752da0462acf9865d489ff9c863e197e5bf412eedcd02dec330566779b721480
frag.df87235605e0	19	df87235605e024dcf8d95040745da784846194e0135c35f9aebd3ef68dc17beb
frag.b00aaad1f822	17	b00aaad1f8223ceb9f85ba4e9e0637dfa03e5ccc828ccb032523a8f228ffaabe
frag.27ec551cd32f	15	27ec551cd32fe637c44ba283c76515c963138b1c8f7ff308fea332756ce91dbf
frag.c620788def6d	28	c620788def6d0870fd9a942e4d7c0b645c5d32e3c9a1df6f277571090d8cb9d2
frag.c881ddacb9b0	6	c881ddacb9b0d900fae61ede30524ce8ce74577350d0befba099df25f2ec9b0d
frag.36b6ca188619	8	36b6ca1886195c9365faf3ae2c914bdeb802388526ca9b3763e5ee7854d0d8a8
frag.7996af070c23	6	7996af070c234c3acaddae80e2f758f52fcd4a507d34585f013470210bddfbd6
frag.72f5a9907af4	9	72f5a9907af4b47118ee10d3ce9790574410014bb134f252889a4204a0c29bdc
frag.eb5ce7d3c9df	16	eb5ce7d3c9df1daad04bb43feea569066d3d4b59e609514c099a2901c9efb27d
frag.e99c90db87c0	5	e99c90db87c0e400832edcedcc1b14e33cff7559988f4d7032337e17401b2945
frag.3b7cf1876cf3	15	3b7cf1876cf34fb4c980c082b6c32885b3664616c58381a204c2a90f75c8f6b2
frag.ba71bc539c29	21	ba71bc539c29a0bbc27fae2474496bd229ff3d78ec949e37aaaeafbeb0199301
frag.a8fc5b04bd6d	13	a8fc5b04bd6d4c619d7c82a4911c2492006548548d9903929a04f695f83f1d29
frag.f3098fb377e3	18	f3098fb377e382ad1d7bbc89a3a898ea4adb94077e7114d99466b503b856832d
frag.e8dd4c7827d6	15	e8dd4c7827d662acf0c7a49881f6a55c35af7b598f3ae5e7d740ea66132e3ed1
frag.49dd575bfe5f	20	49dd575bfe5fa5dc58c44c481cd0796391084d08e6cdc68a3de66af827e4c8c9
frag.338ad1b295e9	20	338ad1b295e9cc83d0454d18960a85149528f9e22d47c9a92f7009b9addf4608
frag.23aa4133ed55	32	23aa4133ed55fd8c3f912023b14239adb9af1201d264a39d842bdbc644734650
frag.26cc063e0a42	38	26cc063e0a425df99c0e2023465c8012ab1ded4d837af0974247656622d18cdf
frag.8d1e1bb3d7db	25	8d1e1bb3d7db47818949b4fbbd0cb2edbc9814ef00a5b0c61cd85ff981a2dfee
frag.dc4030f9688d	3	dc4030f9688d6e67dfc4c5f8f7afcbdbf5c30de866d8a3c6e1dd038768ab91c3
frag.8ed9a61e8db6	32	8ed9a61e8db6d0b363168581e11e4a88f5d857f6623067f4dd245377c041abca
frag.015d99b7535a	20	015d99b7535a4fcf5e1c8360ec638c155c2f884208a87836328832d8d38fa526
frag.5155f263c3ce	66	5155f263c3ce512d29ec7117cd762bd30407c7ceb53c120e2e5f06fcb5b3808e
frag.34695f140781	24	34695f1407811d276c055212e3a717077eb564bd4be4f056da4688bf2dfc4715
frag.9571965c2381	15	9571965c2381b98250262d322d9f7dd8f9d1661d2ebc98cb3c3fd3bb4dfbd330
frag.93331741a799	22	93331741a799c061994165295aad777bdc382d377380772f55627ac93d3874d7
frag.00ea02c68d14	32	00ea02c68d14771de6b57c7541b0dc6c91f3106a2d2fe09e5d0ac9f778184eb7
frag.542599d6762b	23	542599d6762bf70f9cd6012e7c7f6f75f0ac69ff5d9e58e0ea0969b9a056b18f
frag.62620037164a	10	62620037164a2a451dac4d0dddfbfed2fb8afca3f029c8a9d44ddaf0e9e0ece4
frag.fa2265bb6a5c	6	fa2265bb6a5c2257f5cda071abdb24d0ff5341f928bc427b38726df33868720d
frag.aee3b8154004	30	aee3b815400492959cd1a7fda5f5fd40e100241939cd285ded817825c8bfc2b4
frag.66773645acce	11	66773645acce0a3a700727a0191659fbdb1d32ca37eadfbcd8c5064c27ad1ce1
frag.14f1db515053	16	14f1db515053d161911a82e59a64a8a5df843eb28a6d12c9d8218b8e84e0d795
frag.7c3ecffbd956	12	7c3ecffbd95684d124d8a1c0ac1cdbc858c4e5c2a6a4073f42e986661db565fe
frag.d0d8255be98d	12	d0d8255be98db04fb36f92bbcbf07f81da227a875ef7a889ef81de62c981fc8e
frag.c54aacaac233	9	c54aacaac2336c3ea7deed6f78a596d068994d7130aa713e97380bc9c71ddd2e
frag.4f1c63f9aba8	5	4f1c63f9aba8ccb6b18ce01b92c72406a4724364dc8495c0ab48e2d52dbd1ac1
frag.eccfc43a09c5	8	eccfc43a09c5f8223244d59a821c3f4f056c24f19ea0e4e24202174ccfb61177
frag.941be93c92ae	30	941be93c92ae91f94ed96752a28185143ebb3dd905cdd2c5dbc6e5f06fe0edc7
frag.9a92a27a2688	5	9a92a27a26889ae39c9eaf9a7f05e76caa37c0dd1638cc07884956fb0d0d6743
frag.ab741ba7a7a6	14	ab741ba7a7a657e6de68f4f415415fb0082d5a159fdaf56cc2c9fc98783d41e9
frag.94913824c293	5	94913824c293c089ca13b3bfb405cc1ec1c9fb5f7bb38b616058f58c62680c44
frag.bf44f9618518	7	bf44f9618518382a3b92b4b0226660c24037d9016ce2b383127ced476b46d37e
frag.3dd5d43f43a7	28	3dd5d43f43a7d1d4edd4ddd79aaf7ee2b1aac7a1f5e15019c04ad70d0ac265c0
frag.df4f6c72ae34	34	df4f6c72ae349633838e3880675087f2795110017e1cf654ebf91c40c593f326
frag.bf29e15817ae	3	bf29e15817aefceafcbb2a2761c1bc8db9355c11686b71d1148d898fbbaf11c7
frag.405a8d5892fb	5	405a8d5892fbd33b66f26c7fd0be5f78bda30b56e37da50ee29d6cce87356938
frag.eaf0fe0a362b	7	eaf0fe0a362b58490e9d73c9584a36ef7353872dd1663afef4e2099b88bf56bf
frag.8c482cd3cba7	4	8c482cd3cba71851444160b2eedb5b0e8d8bff037e7aa7f8aab5acac6438fe2e
frag.c8dda5d5e361	5	c8dda5d5e3614733fe2d97f514755a1ecc4ff5550719acc4d6b1c15e0999c43b
frag.1710782c5d15	6	1710782c5d15b9135ea757fbcc88f5d7d9a69c3a99f904a9b4396bcae9320be6
frag.b672cec49995	21	b672cec49995ee474855f5eefc8061bd8a0b35d81780c1754f31c6e7e6421d4f
frag.82e8acbc304a	32	82e8acbc304a7809509aedb8096e8f6f1f2a2150f11bdebfbd4a357e04693a9b
frag.9af011208912	8	9af011208912ca18d9a780e923942843ae3fcb99b0605585c1004ea18fa49ffd
frag.7c108267f7a3	9	7c108267f7a33d9dfb4295e8668e07e8ace0a1f6f0e9c8166dfbbf5f10b57ea3
frag.1d271a92430d	14	1d271a92430db42281936f4f775897ee7110b180338a249f40b43b990d30c6d3
frag.8d87a8fc5a16	13	8d87a8fc5a16dbf72f5e8484a56788733b039f71491d65d2c0fd5dcc2bf40789
frag.bc334b6b24f8	9	bc334b6b24f8ee45125074908d22eced95381e314312f37f6bf4c2e5cf516b8a
frag.36d83f00858a	32	36d83f00858a46bec03b6d6d71cf92878c724229ca4e92596af3b30b6d11b62e
frag.e6a14ed14a16	9	e6a14ed14a1627110c53601a0a3ac32491ff7d20334424030cdecd1cfeeda0a6
frag.ad2ef585a1c5	69	ad2ef585a1c536ea95a0d884fa5d751e397f1542dada0636840591eb5514036d
frag.daa8b72d1f57	68	daa8b72d1f5716ee87df6ffc6cfdb8cad6640e64f0b85b02464fa97e76559289
frag.dc42a8a2f00e	80	dc42a8a2f00ecc241fbee53baaaf7cbb13a183b88617c774f73f5455209dbd28
frag.fa2dcd406e9f	79	fa2dcd406e9f910e478bac84fbbb1f2367867b9048e3ab9532cbadf05eebcf01
frag.63783b1ec102	6	63783b1ec1023714015305f070a1c692ec3215e42d9b9314b79c4c3149a6bab4
frag.1e20bf0dab4d	55	1e20bf0dab4d54df7bdba5deaec4fd9be4ae1e23618aa1d30813847e287889b6
frag.f05abba3620c	15	f05abba3620c0b3dbc24ee9e0f457f12b2a2a6872b0efd7541b5a4925ef3be2b
frag.b46fe55938ec	5	b46fe55938eca52632f51b83fc51fe3559183eee2f4c16e00eb2d1699c07bcf6
frag.8cbf3da115f1	13	8cbf3da115f14823921f32e5cecea5d6fe66ec4aca558d8253b64a1e57854b72
frag.ab7a580a315c	9	ab7a580a315caf710464ac5abacdb3c457cd8215e6c529c5bbdda7722d154ba6
frag.856b3c961811	29	856b3c9618110e48ebbc9272d3397eae86dfa8b0de21d470a03267ebe6302f85
frag.cf25bf8ab7de	17	cf25bf8ab7de0072e07d2ab0458a7ea41575f3f8e9d5392004d98e9a4bf70ab5
frag.b0e5a87c4cb1	32	b0e5a87c4cb1ff30b9b6e5a119c2266f4098afc3f69857fc31d096a3eb4cf4a1
frag.809dfe863c1c	32	809dfe863c1cc9c697c8af986044c5d00fb8a84d3e5bdc5221085a509a435648
frag.a49c62f06982	58	a49c62f06982450e8fc39d904372fe6542a41ba58e2e178c719ead947a6bf4f8
frag.6828fdb145c6	52	6828fdb145c6a87c2d1526d3bbd8cd0e57415ebdb320b11e30a18c21bb3c0c58
frag.7a859eeafdda	10	7a859eeafdda8a00192669b433d857b48befe4c61beb08b13cbdce4a59447e8d
frag.f4a9424ba83b	3	f4a9424ba83bdbf9bbd86d99817338d6e4bf77e49aa83118ebe876c0a3fc0ae9
frag.4e2aa89d576f	8	4e2aa89d576fb98afeafce2a18464275fd66d643128f27e61eb6d0f63c9079e8
frag.08e285f565e3	14	08e285f565e3bafffb2702f965bf095badbbaa7262d0c936673abdb90cbb1e38
frag.8e56e811afd0	4	8e56e811afd000ceeec48268c3286afd172cb832031845b3436dd9d83cdaa7f7
frag.1f4249d5aff0	32	1f4249d5aff0bff7a1c54687c7adb505d6c014045388759622ddb81484b042ce
frag.6852e524971b	14	6852e524971b20e71cc8fc3c7e2a1d1869097381497a822edea38f2eca720112
frag.1e236d8bce1a	7	1e236d8bce1abe63e6efaf1c56d45dd466d4bba712638e596da1e77010e87d89
frag.3d07afbdb11d	10	3d07afbdb11d3a6f45d33b7f21d6246d7729bd26d2783e5cc3b30f88a536d1a4
frag.f2d58ec704b1	32	f2d58ec704b1b1d9237ae22b0b899b8363e733e62bd9b9fa28dfd2d016f72fed
frag.4c07a5e27143	12	4c07a5e271430d43cca98b7e1657d16619fc118285a9337003ae2ec59f19bde4
frag.27cddaa3520e	32	27cddaa3520e8a0c0f8e704388dcb448bf63fce74872a71d8c0b4044251b8f4d
frag.88a92714604e	8	88a92714604e8370dd1593be626a8e8d43132f9fe058f9ef7772815f2629f3ba
frag.0b2df34af770	32	0b2df34af7702e137cd6e0f1300bb94ee6d1c5a256195ce7355e954736519a3b
frag.7ba6b35fe117	32	7ba6b35fe117fc8198fde284f524e0322b2d6a9c98edf001e1145bc361d7860c
frag.4428ee4929ad	32	4428ee4929ad69ae92f48f735ce2e434a125f6efa7caae249530bd6a0f6af65d
frag.cf8944b40c09	7	cf8944b40c09706f3131173ff80d65a1c0f25a362dcd101c6340cfe2042f16e1
frag.76ef8a2342e6	8	76ef8a2342e6d82235c070ee2707255be1dd7652cbb35f0cfa1d387ee3a599a5
frag.abd0f6826cd9	32	abd0f6826cd94c7c61d5a036ad0cf31821d24b23932c956cc672c6340c4ebc82
frag.aa4ab56c5a9a	32	aa4ab56c5a9ad4d0c3c985ed7c7f879723cfdf9a114a666fe25f99667be1561f
frag.3c482346f375	4	3c482346f375027677fa8a0d6830a32714d4f13f9e94c2d9e215e0ac205ad4e5
frag.7f409edf4491	32	7f409edf44917df766ffd32e29359efd0bf5305fc12324c3e499f9d160e87837
frag.8d3cd19902c1	32	8d3cd19902c1d86840dd792eab821595cce3fc09513757c362f714236cb9f3f5
frag.b7d3fa2c6056	32	b7d3fa2c60569d997e98f9589687d270ab3ea9f6f9ba24fe8f0df36ad70ac3ec
frag.9e08c0d76dd3	6	9e08c0d76dd3b8a09a84a7c7f108a14f3f743222885474cc5cf9ca7106f362f6
frag.1ca2756d10d1	32	1ca2756d10d118ff51dfdfbbd7b7c804d9ef2dfeb768d39b3c34c4212a569012
frag.8f41a8cb9376	6	8f41a8cb93764eae4cdcb2e2e71ddf76ba3dc954b5761f52ad6e4df43e6360a6
frag.81ec56f72a7d	7	81ec56f72a7d5fa388d9cf3d39cd04a25dea0a4b36d539e5b1ec0b670520f156
frag.c45fc8d83f0f	65	c45fc8d83f0f4f47a4a5f306d9695f5aab5e3e3dac5ef7d0e4e22e8c2aaf2022
frag.3ae0007287d2	8	3ae0007287d2dff676bcfa482ea94fb7a0e0f22e468eb916a53c86341231f686
frag.6e9bbe8d40ed	32	6e9bbe8d40edfa43503eac92bcf84e3a0a1ab7e1461b367f3bba53b348e91d42
frag.8763c24ae866	32	8763c24ae866d89190f51351a08713121c2b65aaac0e15240035df74fd463761
frag.b8baf756f827	32	b8baf756f82763f19cabe4802904619581acd22d5d41222058c5f8ee07cb6b24
frag.7263085fdf48	32	7263085fdf484ad71af2c56faf2170f6cac98390cb2d60de97e1c6aceb2ab8f0
frag.c4ff4a77d890	14	c4ff4a77d8908c876f42d8f0d065bc5b005d2d552020806b01b5370ab92c7914
frag.ac4172c5825c	32	ac4172c5825c4d1077e4892558ac3d1454133924114945b3f12217113a3df2fb
frag.0cfa875854e5	14	0cfa875854e5c3149eead6a891521630788b48a7ced8092cacacd6adf3855ada
frag.c4e8bfa16eb5	7	c4e8bfa16eb5a995eb486c5b3b16b0d34bf9c32d60794b0974b347b07f6f7b32
frag.af27664a5487	6	af27664a5487263db9afe2eba785953c800c272e9b11dcee520336cbee677dc4
frag.3bf885e7f8bc	6	3bf885e7f8bc84d52b64f495d66edfa64bfdb1ac17bd90511f07110b174c0ed9
frag.1a9a4a9d0d6c	32	1a9a4a9d0d6c714637314123fee1860a717ee4644a0dcd5c7e4aff73d522b7d6
frag.dde5d0764407	32	dde5d07644078346648ec39aebebe1b7602ad48a4c33d7601f148dc5d5da5935
frag.75797a32b503	32	75797a32b50387d7b75e10e80f465c4c8d43bbc394d1e802170976971a8a9e80
frag.979384960bd5	7	979384960bd53513fb87d51fbb289116dd90c239a05b743de1ce277638a424cf
frag.6d039c528eea	5	6d039c528eea7ced8a1fc7baee9fa49b4848adb7b621d2ba635a46a7e19c2fbf
frag.46a4eebd20d8	6	46a4eebd20d881ecfc0ecb54f6d8346524fadb143726d256b1a045303fc67717
frag.6f5a5c61ccdb	6	6f5a5c61ccdbd8ff2a620d28c86c721feda2dcc809d23b29e1983af5cc50bd85
frag.d5abc3cd77e3	7	d5abc3cd77e33e94529941d481f0ff12776422efaac8e6c4f21b7a37b82438b1
frag.20f0a4f030a9	9	20f0a4f030a9914f966e0cb3e8d30a79842edb93be4c5dc86007e1d8d872777c
frag.fda94ed67f8d	32	fda94ed67f8d739e3c3ace05bf0d6d27dcc85a8ce357b8ddf37495ed22ea55ef
frag.fb3b25d11a7b	14	fb3b25d11a7b21b65d7ba4e2620e647a1ac1eb91224209574e2e6a41dee1dbcd
frag.65cb8bc4d032	12	65cb8bc4d03297069a46b8b263d0f5f27427e0c30a1bda20742f4f6681cd2438
frag.a26d873b3d51	32	a26d873b3d51e69319258d423ae0e565398e3b1c1d82610b5c2777a241972349
frag.5ea783137fc5	32	5ea783137fc5afcb69fd68b4c39b203ac3779c4262810b624bd084ef55e3a362
frag.d695247a419d	20	d695247a419dd30cf6db2de18b1886d30102ea9fc7b375732de8d78da39271dc
frag.3e484db793bf	9	3e484db793bf1ab5d39f8d5aa58549a618e7d3286bb19c915de528cfb88057f0
frag.510f9c12368d	5	510f9c12368d3cebe61db17cc1c9c40d14fcbabc7ab5ffcc364a81cf31e2b00b
frag.461f42b17a99	32	461f42b17a9910e3794080982b6cb62d29dea065850bb9fa77d0e9127267bc3f
frag.569e8a4c8e02	32	569e8a4c8e02b10edbc9e13cd28765dfb79ba5e1516ceff00673a44461c7f5e7
frag.f68d8d29a9c2	7	f68d8d29a9c27a5d2cf0dcea3b3c8f288bc5fa8dfe0fce0d29aa23d4401651ed
frag.4fa78ca28693	76	4fa78ca28693a1ef22c26459f16d288cda42c144bcf8c7054380a806c30f0c6e
frag.de068f3f0b27	76	de068f3f0b27fe9accfab63e24c42535cdc6431d4f1765baa5f686ec4b6e27a2
frag.bd98785208d7	7	bd98785208d7d2b180a7648acd65bf4f7b2adb87c48de5ee09ffab5b1ef46732
frag.642c93d4985f	14	642c93d4985fce13179cc842710d1d620ed7dccddd7ca55f42286328084c3e23
frag.d1b1b6549978	12	d1b1b65499780a5703c45f10f38185730925c596c98030a4490d36097f54dfd0
frag.e91777aa2fce	32	e91777aa2fcee76711cf97826beeee1a9432b99248334f2a0512dec63790feaa
frag.d703b97d347a	32	d703b97d347a5eb2adb226d1b881ce9f7ea701c687c33ec39ef24e27d4371de7
frag.94c2c37a7419	32	94c2c37a74193119acd92eab3ffbf2d869178d99d78bbb765034045566759582
frag.cc7e4412564b	2	cc7e4412564ba8a761bd32ab4cc6086bac3c2c9e580367e0b0eb32a4316f9154
frag.8b4d1df65dc5	32	8b4d1df65dc5b1dcadf9234c2a7ded1907855fe94a49b716d68fbcf4a6f0027d
frag.b6cf348bc9b1	3	b6cf348bc9b1a71d9db0ce76c3b2645a3d57e2a6b2119b58a236adbef5e05c43
frag.7313f57bf6d1	18	7313f57bf6d1b1f1e3dbaabf162cc879dd4fba3150613ba0d031d2555883c844
frag.01428d8313c6	11	01428d8313c605ebb0420c9b0181eb557f2b09c3e5e8d3568bd51fb8cdc90b30
frag.3393b41eeeea	7	3393b41eeeea1c11dc97c34242fca5f4c9fbf6239cf2b6c4f1469e1571d7cc28
frag.a5065984fd53	32	a5065984fd53a50fbe63f634d0821af2a0b4eea886a2249b526c33282203bcb3
frag.f0f3182bd865	32	f0f3182bd8653c07e9edc4608aa09cecdb6219e9c7526190f5a8b3e7db2b480a
frag.14bba2bd2c99	32	14bba2bd2c99bf3e2854e0a0384e6ef3b3a8f1420e3aacc56c8e30328593c56d
frag.62105f238559	32	62105f238559c63650b9698636be005e13956b4b832bac250809468552daafeb
frag.0104604a2de9	73	0104604a2de942feae471e7f3daad0254cbe23a616071eaffd2cccd3acbb018c
frag.8b3bd0012c4b	7	8b3bd0012c4b42718ba7f8f52fe323fc98150c0354c30ae5df9fd04d2d789c0c
frag.c1481e2eb555	5	c1481e2eb555ca92ca5a8c8683c0b974c33935ccc83ca48e24b3b9a4b16f156e
frag.cd48557114d9	20	cd48557114d96480f9aaaba7d87493ea123c964c9f7f580b135ebd58f8fb0965
frag.6ab4d5ee3e71	6	6ab4d5ee3e71a26300e177664f02ca77f6ecd8df4614cf9234a3d942ddf36118
frag.d60b91f26e1d	7	d60b91f26e1d511c40909d76bbd3999e9952375e042cf826f0cb9a7d7ac49c2e
frag.528da4ce694b	7	528da4ce694b3cdbcbe9c5062a54bcf39f4f344e554776197b1d6c5a573a1fce
frag.22c29fe19071	32	22c29fe190711d0a9b6fff8d64eb677efb6606850becddbf8c7e615a97cf1c8c
frag.4391105bd3a7	14	4391105bd3a7a90a4afa3a1d1a8360657d5f9b532ef47b7dec87978c9382beae
frag.989465879e4d	21	989465879e4d177c4a10c9d637ee4b01d712adf9141efd79f97c18647df9676f
frag.b285327ab641	32	b285327ab641c28bbd2e27846d749237dcca1cd54b76898070e4c2cc9992e94f
frag.b772fd46299e	7	b772fd46299e818f9a447732241d92ea1c563b64640d0ef75b7ba0b6b2240726
frag.2246705b46f3	16	2246705b46f3c6821685e3d5add1bf9f03d52a8d636e421bfd26f502e41dc50b
frag.78959243a25a	3	78959243a25a7b2fab914acdf08eab1904a8eec3aa958f07102614ba81a2e844
frag.53915a73b6dc	8	53915a73b6dcc7fde0edc0b977f3f5a90ada1dd19012487d1e9627b66d3a48ae
frag.d50b163b3b0b	7	d50b163b3b0bc088c4e331d3da789680ebf39ec1cbb8664dff4d0918ea36fe8a
frag.a3f14ffc13c1	32	a3f14ffc13c12b6cbf3c6d3a36c1426395c61520ccdb7654f741da6e1942a2a8
frag.c10a8394bb36	32	c10a8394bb3646f2123bb7bb3a443bfc4b5f2b35b32c363313ae89069c8fc623
frag.0d21aceaec96	14	0d21aceaec967aaf3f8483ed9071e7115abf124d767087419e5a28f23ceedbb5
frag.d2a56551a17a	32	d2a56551a17afbce09958c41a0c63b600b44a47e36e3d7d2d840ccce94e903c7
frag.b1cc6ee0868d	32	b1cc6ee0868d164df123fd310d3637e0d7132b371232d7f92e4dc86f7bdf17e0
frag.bcf47e35fc5f	9	bcf47e35fc5fe9b78d1ce32a9b98b05adeb3e2aae129207ef29f5fdaeb290f93
frag.1d0092cc0e6b	32	1d0092cc0e6b16a30e314641a78308780cc1f1402a698be665ffe13f935ba1cf
frag.95a0c6cfd7d2	17	95a0c6cfd7d2fff4d7ef9c689639b7c6a51361fb50b70d02cc342e6b67244076
frag.e078aa30cdf3	32	e078aa30cdf3588b8a96826e3e8993d7e50bebebe33c02212a8317a4b8d45eb8
frag.354cbfc81426	3	354cbfc814262a7a81d343f7d6ebc4adfb4266e5081a78f6a19ff16802dce8b2
frag.ad3c92130074	32	ad3c921300740acaffb616d79fde9297f7d9946ae2f02b2c01023c009786b15a
frag.73c9c98668a3	3	73c9c98668a34c54d131ff609d0bf129068d1b5ed3efd7cdfe753f909596456c
frag.acd747d835d4	5	acd747d835d4f15e9867f9225535389a9e4d58d2784c8e6eb873701911c2f0dc
frag.08a06afb4136	9	08a06afb4136c52fbdf973d772800916a099ecd1e305296eee4463144b15c550
frag.918c1fefcaa1	31	918c1fefcaa17f63ba4dc469fa59aa97f31002980638fa5fba2763ff2c7df386
frag.66a2eafa9976	3	66a2eafa9976e09725073e5da8da47076e46d3dc413fe8f5229a7ca752d46264
frag.c54c5b68488a	4	c54c5b68488ace5ecd5cadf80634cd89d1067c4ae24a15c5f1b779363d00ec9e
frag.744eb2d1a0b9	6	744eb2d1a0b9bbe8d05eb02b5d0bd4b1b54aa6989722aade50696e2d866b45c3
frag.5f2286152c57	8	5f2286152c573af31fbc6c3aeb823a843d92e8a6f03c24bee88517a34ad80b14
frag.483ef2962d4e	3	483ef2962d4e2ebba93b7e7589ad099d88b30dba1cbcd2601373ae9ac0e4ca9e
frag.649322bd65ef	32	649322bd65eff98eceafc7ca043c0d9017c111ad7c7335e489ade90e28ea76d1
frag.5fbead1628c5	32	5fbead1628c5831d20542ef6ff6b6d549e6f0f80e41a9220b79ec87c99edc13c
frag.76d92e470a5a	32	76d92e470a5af611e66b84bebe106f7152286ab83c73deb4f9a2f29ebfd21e2f
frag.523bdb19151a	3	523bdb19151aebc2998bf24daecc767a245f7746559137ae875da7fd8b6a7f70
frag.4b7899783330	13	4b78997833302c15b7a342c8713f60f37eb67909814c23af0578f5e6d60ba52a
frag.1116c3efebb0	11	1116c3efebb0a189a5e7df4b4a2ff0a7f900f40ed461506fd75192a23495dfd5
frag.45bfe9649213	8	45bfe96492130e66a354d243cdae8fc7374ad68fe0b5b3ff5db1754291f8d246
frag.cd6811fe6223	11	cd6811fe62234c850a6d0f6b1ccfe6fb3421e0ea9789d0c45bb56ec714d115a6
frag.eadcbb4a5f64	14	eadcbb4a5f6441a2d3324a70b2c38220247f4ccdff2144b3f76bd43a4f92ab39
frag.a95140d02db9	9	a95140d02db9873ba8a6300365dbbaf0f6cd0d25d7fda0141df8ff30ee7b07ee
frag.59a3bae37900	32	59a3bae3790049390ba42d0c79ee83b5726b03ae6624063b7bc2ae6962bf70ee
frag.901b85a88585	11	901b85a88585677fa9e8dcbbc1b93ad09d821856661d23179536d2019c5094d5
frag.1b0cc6a77e2f	32	1b0cc6a77e2f7646c7880ece8fd6ccc1d3e3bf0012ce50814e8236947d8f7448
frag.ea42b3d67cea	10	ea42b3d67cea0788acc8dcbcbd040a8c44f36a9b2e8c62bb324f653cb96185e8
frag.4f38e9161cbb	10	4f38e9161cbb8f0a4ee6dee83321bd0cdeb2cb8405fb0c9493e3b465c8cff80e
frag.db3810c531fd	4	db3810c531fd1960036c9f2fa9dec5231d0d4109588a6f27df9195c05b99afea
frag.bc14e88ce9d2	14	bc14e88ce9d2c1ab0fdd6e6eb230fff377489b8ddfe3ef0a3fa8cee0be04199c
frag.ea103d6cb5c3	3	ea103d6cb5c3fb3d696cdc37a84bf62cd929fc5bf47e9c7250bab7d5f8d45e97
frag.dc800fce9653	3	dc800fce9653b5cca69f6d3a739629f893d7520be848eaebcb73b8da2a00ae5c
frag.c46f278027d6	12	c46f278027d69a2ae78854884c5e51feeb6b94523ed99356699295c8f0c5ff4b
frag.0dc5be426a8c	11	0dc5be426a8c9f672408cedbb248f7564372d0734f0eb428c4635b3a4037c75a
frag.51b5cacb4abd	32	51b5cacb4abd8137abe1b8096468c5884c9f9b5027e6cf5dbd7f788acc9a77af
frag.288ad67af0d2	32	288ad67af0d2c2c2930383efd0cd7107c058560e141d316c126b9f743c981a6c
frag.54eda5d84e4f	4	54eda5d84e4f9231fd2c2016d839bbeb82778e29ce6cd4ca1743a643584b7fdb
frag.ed45d626b071	6	ed45d626b07112a8a501d9672f3b92796a6754b8d8d9cb4c617fec9774889220
frag.4413cd7439ca	21	4413cd7439ca5b108f065faba1a19a5d6f8b3653a81e46869fbd863a7cdcb80c
frag.2bd0fbbc2989	16	2bd0fbbc2989fc05d2378f63470a0894b22fb6e6771bbfb43406403b05b017c9
frag.b0268c51d1eb	32	b0268c51d1eb59cd6d17c9a1d61e23a5a89568280a869a28c57e95a07e7cbe69
frag.be547a8c19df	34	be547a8c19df40e5411f4c65bcbf7d22be98cf1f96a50e9d084f19e0b05c3acc
frag.c67510da3472	32	c67510da34723074e28f1683a70673721cf3b2baccf95c450a09370994c1615b
frag.24115862cf25	32	24115862cf25249123cc14b324a05d97b94b969b7bd491191fff55fb812694fc
frag.ee62c0360000	7	ee62c0360000023ea4bb4f2db81aeaa81777efb40c4819797083f7bd1b2ef0b4
frag.67d7118802b4	32	67d7118802b49201d3660da98b9db39cc71ed6afbb2ba01771a20cb0817127c3
frag.b9786066dc0b	6	b9786066dc0b10b5a1c229e352a3f4052bb9ac5fe8225cd30f03b61787b99747
frag.fc66f021c67d	4	fc66f021c67d064c1490a12b5a4d4d2f5167ca692a16ca12f1f3a4cda29a6fa9
frag.aa019002ae47	31	aa019002ae47cac7b9b879acce325e161d8975af26790086f7162b7f4958ff19
frag.6fa8ceb67b60	26	6fa8ceb67b608c33499e50e25d6a10d26f3095561d2cb443511ffd21610e250a
frag.8ffbd3b26573	5	8ffbd3b26573597919427b262ac921c7f3e4d4266d9448b17f479c8c6933dae4
frag.17b09f5db72c	32	17b09f5db72c7149ad9eef43317ded838e861fb097bd27ca934040ef8e8526b5
frag.d9e49b4654c3	32	d9e49b4654c376217f4fe3a349c68055fb63792e7ee9e282a7d79deae7b714e3
frag.8a6a000c33b6	9	8a6a000c33b6b40adbbbf66228eac291f10ffb62efccc953bf67df60c663a08f
frag.57829113a07d	8	57829113a07dad4216ae9948706a67c50a51ebaab3ecca88aa4a5cf60a6246f3
frag.9f3940db2308	5	9f3940db230859eaa174f8d80f7e0775d4a1f563b600b3282ed83f3d483af14e
frag.f141fecb1660	32	f141fecb1660fdb74778d5cfc61ca28f2c3e9cff3d41ef4f348b5126ba067a6e
frag.0992bbab47c1	7	0992bbab47c1607cbec1856a2ec21897b416c5861295a86dd341ae2687eed284
frag.0e72b68820a9	32	0e72b68820a9aa8c196a8c50edcd0d587c139d498056d334369a764edf05519a
frag.32b4a35281f9	32	32b4a35281f9e7acd02e44152cbfa348788647ea1dda6a38a82925da33d6206f
frag.5cca303ebfd2	38	5cca303ebfd24bc7e58cd38da097507d74ad1a6768a92e7c32896d572cd003e6
frag.ff8c81df6d0e	32	ff8c81df6d0e296ac37a8ae1836b589e1c73c87ba41b4e6ae394f3ae2c1628cd
frag.5edc77c121f6	17	5edc77c121f61eca486ea3188c43cdbe7013841674ab9eac5b6950646d6e4b30
frag.ecce3357e58d	32	ecce3357e58def2b38e838042b35acd067b546362d1b455dd3fc40db40a4b5eb
frag.c082456a7766	6	c082456a7766e23a18db084cd34b6ff510baef506548b897cc80e9b7d3e121c8
frag.43385991f0be	4	43385991f0be5fed6db7fb640c5f510d41bcaac6ecca6c842a0c2a2d2d2bf510
frag.c929529cbd4f	7	c929529cbd4f02026ae2dca268ae4e3ba268ba44c4ab4519fdd207244d0a0174
frag.959213cfad81	4	959213cfad8135f729d37e13c97d361f57d2f31e56c8244e9794a9d3fb3ccb96
frag.9ca0ea108894	32	9ca0ea108894ac595cdf5c6f7dcb0f77c8fcbf8aadc8cde78537093c2dff9a1d
frag.73aacaa0a21a	9	73aacaa0a21a6a2bb7e39391e5f3cd22a8deb03d1510bb4ae85aa09a585193ea
frag.700ceab2be74	8	700ceab2be74a4f3ecb77f14f04943d16b14cc9834614aea010ebfc4dacc5d5c
frag.94ffe249e94e	7	94ffe249e94eb7db7e7f76095847f9bf9e63b54d931601134dfcee34cee046c4
frag.1ecca1ebbc09	7	1ecca1ebbc092c340ce2cfd58fa6d1767d8a20c8bcad420a614d4eb1240b731f
frag.d0d6d503f5ac	5	d0d6d503f5acae623fc33572576b00c59de9a9371951d2922c3cdfd000c4162b
frag.8e969cba5d9e	14	8e969cba5d9e03a86d35257047669e45fde4b20fa6c6c797ef4f1f609369c392
frag.23002b0d17ae	14	23002b0d17ae8f0fe1d99f03b6c451802ce2ddb821df05ce3adc6a47a203f363
frag.afffeae257cc	14	afffeae257cc22b81d4f327f20797e36e68b4a0159a11f09530a7df2238336ba
frag.5697abca7a31	6	5697abca7a318e6871d9519dbc0742f13935d3fbfe4939d140eedd83696f765b
frag.11507a0e2f5e	3	11507a0e2f5e69d5dfa40a62a1bd7b6ee57e6bcd85c67c9b8431b36fff21c437
frag.c8d43213f3a1	32	c8d43213f3a1dbc0ed033d257557d833b0b7cfd3121785ded8c6459e793adadd
frag.2ed280d84ad1	5	2ed280d84ad145eddf613e7ee456006b2db75fe530af93c8de30ddc594cd56dd
frag.ac17b7085b95	4	ac17b7085b958b8c900a23f3a1f6f426fc1750ca40c3dab12ca4ba2b6e960091
frag.a023a46bb646	4	a023a46bb646b9b98b3bd5b4877703bd995e8ea3a123b8e14dbe0f725c14b4f3
frag.bed9952c236e	3	bed9952c236e4c7cebe95bd5569a72c373bcff1501659896697990d86dd200a9
frag.6ad886193523	14	6ad886193523a6c8e93f99b1510705114d197bfd3c3972ccff8d9577724e354c
frag.a5584ad53337	14	a5584ad53337ce80802c49007c711665b64e40947a04e9af10ff0abb25d4ae5f
frag.e36f44062e8b	14	e36f44062e8b06aeb2779ad6106c1e0f77a0dde4549df92047430a412ef708c0
frag.8926adfbafa0	78	8926adfbafa069c46b0f68d09670c81b60fe46b7393d6b147c9db3ebc2bb7e54
frag.b7dfec89f76c	78	b7dfec89f76ce25fb86f3e4020c7adef2c4b92e4b77c899a0d3ca761ebc9f382
frag.c881e226ed66	68	c881e226ed66b72f385901c59a9820d32bc1707022888ea4b2169b7f4df5fccc
frag.b0b3678b4c63	9	b0b3678b4c63c4d1f1def15d8609296c0e8a5259ee814b15b77005b3bd4cbb47
frag.2a54d7c9016a	32	2a54d7c9016a09e1d72261d4fdb60bf9964d83f2af54365bc2bf4da589a43ef1
frag.cba06b5736fa	3	cba06b5736faf67e54b07b561eae94395e774c517a7d910a54369e1263ccfbd4
frag.01f4d85f29de	32	01f4d85f29de6040a6dbc89003d71b6c96d09b174d539075233abe5ae88d06ec
frag.cb503f4db7df	77	cb503f4db7df387c51bd8add4bf4625f5af3f33cd255b5022029c646951fbcd0
frag.d5af2df92380	32	d5af2df923804e5cc39b585f03edd8e2d8523d0fbf27575f942d40908df7416c
frag.b2c128a1e53f	32	b2c128a1e53fd5d586b9015e21826fbb71c061b8f8a2beab0dbfb8c08f6d94d3
frag.94d6ad89dd89	67	94d6ad89dd8998fda4883bb7f791b4683b0598c1510155a7b71ec4c1b2257713
frag.1d0fea39ec33	5	1d0fea39ec33ff7543f345be85d1ccd34d6d864297d4151b737802cb294a338c
frag.15f123eab29f	32	15f123eab29fbd6632d741ebe7dc4cff2f5bb8cd9af8be8df7ec9e5679ce0d92
frag.820cb48cd39a	14	820cb48cd39a9fd943bf78b7813aceb50de317a00af3477ebff3b74be02ab802
frag.8be662b34731	14	8be662b34731563116be68e720395b0b8537e90fb5f780c7193f76bf352b5778
frag.089130c6b9a1	32	089130c6b9a1e7e5f3ed5688d2c4bea61866538a109646bf76989efe2ac2d16f
frag.08a2ad02f279	32	08a2ad02f279ca539ee2a743dfb1c2708cd337adbfa98ff1e14c456f68ae123d
frag.0f6fa54dd1a7	32	0f6fa54dd1a742ab037cccbce3edaf6cbe0a0daccac850702a279816b06e2d40
frag.1f63ee9aac74	32	1f63ee9aac7466966317b05b729bbb4dde4a594169cdc6177c21f483fce90564
frag.7054ced26414	32	7054ced26414e25a65ddbaf3d9ec62e9c1308b1a92319875c823ff4ad339e847
frag.6b0e38e88d73	11	6b0e38e88d7343215e39176fde4601a0a78d70272a90c8ef4f18e1324784ed79
frag.4b52a2192b1e	45	4b52a2192b1e11c5c378de5ccacf6181e42a2e5e1a00d4407d33c940cb65951c
frag.eee8aec14e46	2	eee8aec14e4676ab858d7d9d5921838baa5282ece53014d6d48b65274ac76dce
frag.e3345f5203dd	2	e3345f5203dd331b729b816d431a6f2051f42d635f05e35f04e044a9a1c818e1
frag.4eb63023dbfe	7	4eb63023dbfe1b3527cd97558e47a87e584617aeea872e4f15159b92bc25ece2
frag.ecb5e75b2170	5	ecb5e75b21705db189e61afc0314a2f708f5f8ddb973eacdc9337c6d1693e884
frag.6880e44b03b7	7	6880e44b03b7532c1320659ee87f4ee13292ebec2c703125c230ed115eb3bc46
frag.5864e63791a2	6	5864e63791a211cf891b19995a70c51225ab89c65c4356ca8c456dfe408c0d4e
frag.9946dfbd1280	6	9946dfbd12806dc10ce8717f898637b5c79f3562611d588bc609fb91eb17f98c
frag.fce34ec19e9f	32	fce34ec19e9f31ee192ea5ff3db22d4546bc4526c35aa3a79c01dba9bb1b4ed0
frag.18b7d02f93bb	32	18b7d02f93bb70a8b0eff0298710ae7762dcba90fd626ed17e2d53b6cf8e05d5
frag.c73e3aee5163	22	c73e3aee516331835cac5757baca97e50b1df382a8eb2cda0c940e0065c726a4
frag.7c6cfd76225a	14	7c6cfd76225a24bff6c8a93215e2caf06ccda366ba732f8166e511d3eb6fe381
frag.deda4c164ab4	14	deda4c164ab4d01b96ec51811bc34cb9f1f43f1ab5adb7c7b85e17e06ec69328
frag.9f55a2c75ea7	32	9f55a2c75ea79d0980c12c83d9df1004aa64bfc55f810678c6a0a25a7457139e
frag.e4cba1c76c15	35	e4cba1c76c1591b487f3b8778ef792ca93f47d2b10a0338a687cd6442d22083b
frag.3f9e32f91b6e	6	3f9e32f91b6ef00547e1339c086a80a194e7d89c3f3f9d6d01fd52d64df7d38e
frag.9cdade103bc6	5	9cdade103bc6384a57f9f81b9577dcbd18cf66aaa93f810cf567e9d8bed7ab2d
frag.4b8428cd010c	65	4b8428cd010ceec93babef647f51677458113e32fac5ca9d2004f065f70305af
frag.f8d916b6a565	2	f8d916b6a5659ed12c6524c26467867ffe9e72b6e8a744de1c0d5b4c9646c1f7
frag.e2586f9144cc	2	e2586f9144cc653b56f1b9f08b7d492014549abe743c9177831d1d346121aa9d
frag.a511a18e05b2	32	a511a18e05b28c161f02168990d04e6e670050481193ffd6d8cda29722ba6de0
frag.d4d449c0c77a	32	d4d449c0c77ac61395358a525279ebb1a77c04a248ee304ec8a553fa085b22be
frag.09e94f30e366	6	09e94f30e366d5cd56403a47b7cc67fb97bc44ce866471e3079e8dfb0630e9f6
frag.3ec6c8c8ced9	32	3ec6c8c8ced9b5b75393649b73df47aefa03c5c800285d79297d34414fdb0147
frag.217a79eb6b56	5	217a79eb6b56e319811c4b172df6d3bc974e41bbdbd9c471d607633c7b1b22b1
frag.300080652da5	7	300080652da5b8638512ddaa58b48bd0ac2087c67f1963108b0dc364017afd0b
frag.f0412d6deb42	7	f0412d6deb4211f732c552943f41b41ace2328886681959a394b59c15a14ce75
frag.7feb701f34aa	5	7feb701f34aacbc2874914753954debdb526d3619888e4d8c649bb97f60dbe63
frag.02cd1953be6c	32	02cd1953be6cec99893cccb97f2ad02f036098905a8967a0cb3039a7fce30a8b
frag.ec5a5e086bbc	5	ec5a5e086bbc57859804c2331497c67a209874f3fa887564417b95fa52ce35e9
frag.f9b0078b5df5	5	f9b0078b5df596d2ea19010c001bbd009e651de2c57e8fb7e355f31eb9d3f739
frag.e5fe5c55b2b3	14	e5fe5c55b2b3e3bc3c48e798450ea092778faba41237d7ddd11c5949a8ab1c85
frag.c909f9fa78fa	7	c909f9fa78fab9dedae37b34a69ebe9b1d3b06d7a1ff9839228df85eacced28b
frag.c8fadcb1a5ab	2	c8fadcb1a5ab06dfd432d88ff69c730a85bd465920893b662fee346bd8cc6095
frag.1d5019a868d6	32	1d5019a868d66b622197fc29fd20f1c44c6d789aea8e1b2713651300abc46de6
frag.fdd3e8169b06	32	fdd3e8169b06fd7caf7684c52f7f2725dfc56095dccf9b59882c47e9c40ee646
frag.6adfa769d236	32	6adfa769d236079df8ffd6bedb1e8ff202da7019ccc1f1fbf049f6ac2829644a
frag.e948f1f230fc	14	e948f1f230fc92561a74e3bf861fa897a880a356d4fc65510debe1de4696ec56
frag.f14972a0a526	10	f14972a0a5266492f5b209b7633e37fef880e832953960f13ce85b191474770a
frag.8320afe4786b	2	8320afe4786b1bdfe350c64a36bde810a887e47e975d1b886e929f9316cacf32
frag.65108526a62e	33	65108526a62ebc58d90c1406cce2b83133f5a8fa5221f87e6f62f40589bc07a9
frag.5592b4048986	34	5592b4048986b175d187438df9b7ecd154cdedc775a9ff290231d5e3863a9a9b
frag.628099833a7d	14	628099833a7d2445fcc6e9d4ad218dd2817b742f8e28fe25985c64d9ddb4bd6a
frag.5cf9f0b52d93	14	5cf9f0b52d93bf23f850eaaeaaf2643802de3920dba0e952c527c6e9899d113a
frag.699be776d884	14	699be776d8847b3996c8bb8d4a01c8146852de18141fc47a4f196838c27240c7
frag.6c29d400a9f6	6	6c29d400a9f6df3f359c5d016596ecfd8e458a71fc0d245daffe387fee2003a4
frag.dd2da64f66dc	10	dd2da64f66dc44d302b45b0aa40187c5382eb13170a5b4038fd9fa5614a5bbd6
frag.e92e1c5195b2	7	e92e1c5195b2bfd8c8df0a0e074d825e419978adef3419b62c989f74ced1476f
frag.a8de8b81cb6f	32	a8de8b81cb6f187bc236de3c96aad13beb495809e8306f47095ba49bfff24546
frag.df448a7835b8	8	df448a7835b8433ccb91a662b5f119b991f483d14a4014849f189acba3864092
frag.16375657f31b	12	16375657f31b96d929f1eb2b1d041ce40005fa92ed320ee79207bdbdd9e551bc
frag.3bab04109008	9	3bab041090084826154e426b46b307e391a0f23f7831aae4a83bc9bc283da8c8
frag.81cfd77868f4	32	81cfd77868f4547f96c14a98fb09c7310fc7316d1c226e02996ea008ea7f751b
frag.de7e1770770c	39	de7e1770770c92c91ad155a52d0841b07f9203e76a4dc593c51259438b93b36e
frag.af2079281d18	39	af2079281d18520a2fe6a3f6b418e6f18dd7c8fa41c71c8001696dea61e535d1
frag.4e8dbd1e2def	4	4e8dbd1e2def5f742984283e09f9363ec167aee6088733d5629cf408680fb1e7
frag.8561963274ad	2	8561963274ad4b5ca175d54e04d54ed69da0dd5caf33d1b42fe2ba443181314d
frag.4219be8c1840	6	4219be8c18402e98bc4f371bf1b1105bf15ce787e7ee44882edaa1926f6e7637
frag.accf5e41d3a8	24	accf5e41d3a8beaae5d821f450fcdefa0d8247442aad72224a188415b84439ed
frag.6a15e3ed9a2b	32	6a15e3ed9a2b81b418ad926bcda1bea0112f572b8b2f1f6e143881bf049cbfd8
frag.2af4669ccbcc	16	2af4669ccbcce9e6224e9dba377f5882ae5136df942f2ec8fc47e34495c7687a
frag.f2d77eba1bf4	5	f2d77eba1bf4519aa8cf9dae8bcf262c4d541a5f7ca8a73ce8eeb604c1981be7
frag.6a9de2b60d79	5	6a9de2b60d79161c024f78d550de7d9b70d25bc3ee8d9f5e3db7fa1838b4584e
frag.1c4a202eaad3	6	1c4a202eaad3d20e9ed414d14989c1850c718ca8e07c801b7a7427265669653a
frag.3a68ff1e0799	32	3a68ff1e07991fce49efb9135704c0bf302cdd638818edf8d53c4e3b5eb36458
frag.6828bcda20e2	32	6828bcda20e2400c7192326c1369c08ad2b7e1766a5ec3f2b787e64d868d66f6
frag.5e2eb4291363	32	5e2eb4291363ae6e13e52d5095d2b36daed0a5cd53658655482e30b6c63b1300
frag.df0861493c05	32	df0861493c0563fb6ddc3ab4bc81a5631fcc7c32dd3084f7e3c50265417ad235
frag.1d73a53519fa	32	1d73a53519faeb1efaa12379c4dc01ce7a6842566605e19631d788abb4494f33
frag.072f6c258fb4	32	072f6c258fb4157ac9df6eedd6f375bfc29f74977457ede8793d2b106bf18f71
frag.8ba5e843ce8a	32	8ba5e843ce8a60160c7a1254af63227b15082328c2c7e650611812591cfb798b
frag.79ecd2d19bfb	6	79ecd2d19bfb38590df9112519b28ccbd17678cc19876df174701b3a628fe362
frag.e332e9199f71	32	e332e9199f7192a346d1cf139020e00543824297ebdd306b39f10e8ba26e51fd
frag.83cfe88d7a19	7	83cfe88d7a19100399338baa7dfa15f8abc1571108df4afd1b8738c3c6d12be6
frag.01cb782e0e47	32	01cb782e0e47e6d0657fb79fdeb4370d5daff0e664c46e29352f6104728061a3
frag.f1e7ec533a35	19	f1e7ec533a35a87241758137cf3c4bbee4f10cd8b66b50d96f8fd230b7fccf9a
frag.bf9fb736da6a	5	bf9fb736da6a82473721b0d3c3b93e5bd220f671ee0ea9c5463b802239277dee
frag.aaf232064610	5	aaf2320646108059a87ab5017a86aee454f5378ed95003dbb2e12f4ca5266e0e
frag.874c8384ddc1	4	874c8384ddc1b410c49944edeb17cc41f37058c06923a9c6f602f517ba6e5f34
frag.a21016375942	32	a21016375942b6cba490b25761dd9f2801a3990715c5b5e94acf7210313b5bc4
frag.91c990eccb0d	32	91c990eccb0dc7ccccbc688d0ea6004aee423fab7918c501b12c2615e2705c34
frag.f7d610a89fdb	32	f7d610a89fdb59bc6fa60bc1441645af5e8d967312428e79e11b3a685477a1de
frag.9a92361c1510	32	9a92361c1510f6f40ea4794dae7dfcadba8b13e463b367f298dc9e607e9375d8
frag.fb2e35076462	32	fb2e35076462efa50f9589adf7af54cb2b3eeed856b70368ba4d99ae8c5c17d9
frag.ad194452723f	32	ad194452723fa15560614879b29813a22c79250a62ec79755af43b6df476d2da
frag.048a6e74fa6b	32	048a6e74fa6ba2ff121bd8094d0e283e543646b188c715db16d0b1bcc2f8d4cf
frag.7bfe2866a26e	32	7bfe2866a26ed81396a0ceaec919a7bce4a47766b7309cdd9a02145721ac5673
frag.b1a3a46551f8	32	b1a3a46551f8208c106e854fcfd714ca07ea6df19b54ee7d655112e5dddcc4e0
frag.e2762ef16201	8	e2762ef162010dcd64c5999389573e99402ffca6ed63ff0a245cd511db0384e5
frag.cb85de4e74a9	32	cb85de4e74a974515d66926f01f7b5f08cf46ad1f479d4f56ce262652f1deb13
frag.729bae74580e	5	729bae74580ed044d2fad94ff0cc972c4e592ef60b91d0062c2ac24930997f7d
frag.f7cf39ee72f4	5	f7cf39ee72f4739526a4b666b3dbefc4766f2cfc6ee496beae1e9489a0937f7f
frag.6caaa325ce48	2	6caaa325ce48fe6fe84eec820d6a3be089eebc4170b7044286fe23bc7eaa1e5d
frag.055e360bf787	2	055e360bf7870b9c98f4ee1790f82be30caa555dc1ee878d14152feff35fcd69
frag.bc66076a704a	2	bc66076a704a9c3bb2674b61eae78e34e9859e8a79c12ba0a88b3504c1ec5933
frag.cdee64b7f3ce	2	cdee64b7f3cee407e52c7ca5c6aebea8c0504f9a299aca66b205cfd8775392b3
frag.d5a0948fe12f	5	d5a0948fe12f61007e6fdbcc8f6993746b975a4d18874484989a92dabec4610b
frag.abe3dfa15f8e	4	abe3dfa15f8e60ece94f19aa3d5b8ebacbb407ed3df17186b291b47ab7933de5
frag.51db25342581	2	51db253425817abff5f9d6cb749a42d8cbb7cd4dc95128efb59d788fcc570593
frag.4844cec572c9	23	4844cec572c9b496b74779e60692a0ce53a70180213b3d9ce2aad1bec1daf28a
frag.d604f126e1eb	32	d604f126e1ebf698e18077e8b98a871091d9a474e41b94e43e41ff76f450a7be
frag.9715570e8da9	32	9715570e8da99b3b64c761d053c334eff6cff36758bc061e7629a277c44c3fa9
frag.ebe02a2e1d64	32	ebe02a2e1d64b0d232018f88efa07849bd8f631214280307af8358de27ff470a
frag.b399d4b83bfb	32	b399d4b83bfb56e7831599bcf1434716ee9698c3f5d25b4d1db6d8d0b31a3550
frag.5672c76c7da3	32	5672c76c7da30350bd78141e79871209925fe2b3c8eb3215872cdf9ad86806fc
frag.00dd5594920a	80	00dd5594920af9773639cf57c7bf22fc5c455b0e33d880b1b73e2763a56c7e24
frag.5afab9a620f6	2	5afab9a620f6f11284505be2fb9a975b4dccfdd30970dffc7ed875490160e4d0
frag.1d326d129d33	2	1d326d129d33330df183e87d42ec7cab9d05deec530d2db640afa1d4072407f2
frag.ab45457b840e	2	ab45457b840e03338bbe0a93b6e48be77196579f028136756850061c20627c6f
frag.03ad4ce53868	14	03ad4ce5386880e3b724648ccc69222f525a3533a57a9f971c16f150f2c23477
frag.c678a1d9c792	8	c678a1d9c792d8f9e0b344835cd05d4d67f439f6ed355c89ab608a80155b833b
frag.ff7aa9d32154	4	ff7aa9d321549124a9620bf85a07c11c98c617a679409084e17856f76dadff3b
frag.83d675f18036	3	83d675f180360f96ec631bc973950257ded67514a5f73e9debcc6b3d878f82ad
frag.01d5562a1cb0	8	01d5562a1cb01c0b68c37d107abe334448b77131fdb7a32dfc0ca0f683653f8d
frag.85446beb32e1	32	85446beb32e143291164db633cfc0266abf5d9ab5ea9d360ccf7ff60b51006cf
frag.59d6cf4f638f	30	59d6cf4f638f94e091e555216fc71c97046873ebf47a501d6bb39ac99b756177
frag.a8a56d494877	7	a8a56d494877fe16746626a40bead524b75a9717a3d7979c5681488da79b93eb
frag.ab9e574dc207	15	ab9e574dc207b6412ef151597796622c0bb4a191a494cbf7d4713179314d524d
frag.1cbb0092262b	10	1cbb0092262b1d4e8788f9816c44a7466064a8cd4e69859fe5a59ad13fa8e00c
frag.8e3dc3a8d3ef	12	8e3dc3a8d3eff7d55288864ac40aa3e71e1730f7771c0209c6aac66ad1007bfb
frag.9f1c9e359bc5	6	9f1c9e359bc5114c8df7302ac9402b5a51737a4ae957ac16a2135545169914e7
frag.7935c6648824	16	7935c66488243d4cc3a43d16f504f6e1244da5eb7c391e61d391b2ec776ac5f3
frag.2c063fc99025	19	2c063fc990254261635ae2bca96223497d4807e61f1ede11dee91758f7e1a936
frag.fb2f58286aff	32	fb2f58286aff0c396b36fe0a01f5376f8bdb3c6397783cb7adb8663f8c671b97
frag.a4cea3639e72	6	a4cea3639e7211f6cc4ddfa828e54fd4c01729cb862b0e3677ff992422408076
frag.8bd26a907ea5	32	8bd26a907ea583e102b2c9a8eea3e0eb36b12432d28d0923ea81fb36e3abd629
frag.937cbf7a0c2b	32	937cbf7a0c2b842e3f7630ec82155047b5b53dd8cb31d071a300f368f0b44b95
frag.b7663a33e5a6	4	b7663a33e5a6b7e1981f1f881055fc1ac6197c760a4c86dac5deb4b671daf33e
frag.656f8143fa15	69	656f8143fa15bb9f7722b94352f2accda70c3aeff2b353b26b40f4d49474403a
frag.eb3b32d57c86	69	eb3b32d57c860f59b931e031a3b4b57eb0be7adaad46bc5f13179b6f3efeb83a
frag.a159eaf43ba2	2	a159eaf43ba28f0de1e182d76fa2fe9a89fd1023fec920b80e5ba10824dcaf9d
frag.c08fa66506c8	32	c08fa66506c8b8533ebf7cf410490e143090ca95f29e3f3194495035a168755c
frag.a8accc8cbc98	32	a8accc8cbc9831efbc918f03442da2c53eb66d2dd40dab669835b6c3bc7993b8
frag.6ade2a79da24	32	6ade2a79da242a8b5de53a6f089a151f90254cb4d9c027354c33f4a36e19f097
frag.dfa5818ca2f4	32	dfa5818ca2f4f17e925e0e2d9c4810b9e5c4cfa4fb01d42a7259e999aa884a40
frag.3d8adb42752f	32	3d8adb42752f19bf9e9a53429602d353476fcb9ce8c726f76b0773ed7449bac6
frag.b20bdd3fa3ef	32	b20bdd3fa3ef53c66e3fb485f0f8c0b84541595664d74f585ceffa29b170cb57
frag.f33f6e321090	8	f33f6e32109068fa3c18015c3ee447bfa9a05cd285c70b365623de62dc07f37c
frag.a0069e24ba8e	3	a0069e24ba8e8d271923c543ced35fe4977c8c6c86b13cc3ac0bb087431e156c
frag.d2a6058c3b0b	34	d2a6058c3b0b39b6e5392c04a13143664ff48f45db44e66296916fde429a796c
frag.b9ec2686588d	8	b9ec2686588dee8a38f528fcfc8eb9e50bc5bbb59ccf669b767b9532c392154c
