event_key	original_length	original_sha256
hmenu.6b86b273ff34	1	6b86b273ff34fce19d6b804eff5a3f5747ada4eaa22f1d49c01e52ddb7875b4b
hmenu.2cf108e69f57	35	2cf108e69f57072b7bbdf9e2c5fb576ae7c66e968cfbb1a30ce0c14f274f5769
hmenu.699a27ac9965	35	699a27ac9965893d345a1185a7f126cb6e55a720b9af6ba61ebb9a14f297bdf9
hmenu.3b92041777ef	35	3b92041777efad898b44a016ed118f9a166e2f9ed67afbf82daad279647a6dca
hmenu.4cc56edb3be4	32	4cc56edb3be47640dbe8afdeab78812447726a5033732398f172c8672fcd0d33
hmenu.d4735e3a265e	1	d4735e3a265e16eee03f59718b9b5d03019c07d8b6c51f90da3a666eec13ab35
hmenu.4e07408562be	1	4e07408562bedb8b60ce05c1decfe3ad16b72230967de01f640b7e4729b49fce
hmenu.4b227777d4dd	1	4b227777d4dd1fc61c6f884f48641d02b4d121d3fd328cb08b5531fcacdabf8a
hmenu.ef2d127de37b	1	ef2d127de37b942baad06145e54b0c619a1f22327b2ebbcfbec78f5564afe39d
hmenu.e7f6c011776e	1	e7f6c011776e8db7cd330b54174fd76f7d0216b612387a5ffcfb81e6f0919683
hmenu.7902699be42c	1	7902699be42c8a8e46fbbb4501726517e86b22c56a189f7625a6da49081b2451
hmenu.559aead08264	1	559aead08264d5795d3909718cdd05abd49572e84fe55590eef31a88a08fdffd
hmenu.710f3c40640c	30	710f3c40640c94aada2f32e36702efeab4381ff35948494c8aa3f0ed8aed95ba
hmenu.96916c881d59	27	96916c881d592ba88cc13bdd1ebace94674a10c7e0c3ed805fe61534a02f1745
hmenu.d91e43895d60	18	d91e43895d60c686a94483eeb557bec4c1037cd16f105166be8b4a317b197e17
hmenu.1b5031cc8d95	5	1b5031cc8d955f2fc21e69f31bbb2d97342eb15cad28393d695f8ef761ea9b87
hmenu.22655acc6c55	6	22655acc6c5508dc185b492655bc695af0445c3e374e1d75244c7fa348e5b9b2
hmenu.884b4662e54d	6	884b4662e54d95a01dab81e2904f3e3d23f05ea3787e2a00765b82d552bbc9f6
hmenu.9aad740b15f2	9	9aad740b15f24904a88887ae7d5aa34b46c8b1a8c0744a528d7acc584f2c90f1
hmenu.c56de57b4be4	18	c56de57b4be4d5aa67a27f111db959074f6b2c1af7a4ae4dd8b47f442df7d153
hmenu.1502ed65d609	7	1502ed65d609a3d77eab8ffd9c469488d30d3affcd6ac47e029d33ab07418806
hmenu.fe67cc988744	10	fe67cc988744b376e5273672dc68508543fb7833cac835311cdeaf2e01b0b563
hmenu.7d8a1a58ce31	7	7d8a1a58ce317c54ee77c1e5325e5a6ed5753d84d35f51eb90afed6bf833d3d0
hmenu.fd65f29e3b35	4	fd65f29e3b357a9df3131cf6ddeb6762517b07b466fae39089a2276a2e5ee8bf
hmenu.538e7569dc75	4	538e7569dc75cd58f4980ea705c698b13e5374062b757714a356ff59b5de7efd
hmenu.42a420771c9d	5	42a420771c9d2ec431a6c0f913ffa7461b55e3b19b986cc32bc2bfb062105fe6
hmenu.5ac4d5d4c2d3	2	5ac4d5d4c2d31e896d7d75569c3386ac6154b70a494fa618a8975974269ef290
hmenu.bd972cc4f15d	3	bd972cc4f15d8c175061381ba53c0b85cfb33c09637e55c2cf97721fbd1b3645
hmenu.14b68d2eb68d	5	14b68d2eb68d2dba486c6bd0cc552d9b50dd31f2b26bb6c974e0f1cb4d8760f6
hmenu.36d2f95ead93	6	36d2f95ead934474c7eed1790d3cf3f01398422936081f8397653ee9c18a66b7
hmenu.6908fb71a777	8	6908fb71a77742b1ce49429d2859c13377f9bb1bb8a4f91d57b33db2bbf4ca3b
hmenu.82745f8e4a6a	17	82745f8e4a6aa8256bfab6bc0ade3910b014cda596d8450dba13b361c329ca99
hmenu.f54230c0392a	11	f54230c0392ae97aed2c6281a83afa55711c8b0433d57a56d89646f7afc25fd0
hmenu.16aec4cc0cd3	3	16aec4cc0cd3dca7df02abddcec6f18917115dbbd69f57058bfbfb9a78db1bc0
hmenu.1d62d75616fd	4	1d62d75616fd38521a3648a985c28692cfdea5bb7bbbbc5ecb06e09c143d2594
hmenu.e44a929c7f73	7	e44a929c7f736049b0fc831217f8233f695656ab4af1e08c321e279d0095d89d
hmenu.d6e6e0cf05c0	5	d6e6e0cf05c0a482e9d528cfeabe56a828545f514b1882e8a0785a2f450f4c86
hmenu.de148153b07d	2	de148153b07d429235e6324fa7eff44d0e873484cafdb9742080213b1d340545
hmenu.5942bd952f12	6	5942bd952f12e02478b5a6aba902340a58c9c769a961f128dbb57f0b79358537
hmenu.6d6125cc4538	3	6d6125cc4538aaec9dbef490ab1091a6cb4af5348f96a5cb0bfeeeda6edfebbe
hmenu.6d271f2f0275	12	6d271f2f0275026c16bbf73611adc87677e22bb9bd84295f63d1a50976450165
hmenu.0c90d9ad7108	8	0c90d9ad710861331cd194eb687c23d53eb19dcaf9290b1a9db27b47512ea535
hmenu.e9798569b319	13	e9798569b3194fb30eabab1150c252b0d2f1b084384b56eb8bdb3ce01f644df7
hmenu.eb5442705969	2	eb5442705969dc8da5dfac8f9658dc68acdab5bb7635ba7cc551e389416ac34e
hmenu.301de93e8a27	6	301de93e8a2746a7933c378cfbf80865da556e1e2e3338da6bbfca8fc8529f76
hmenu.718c2cabfad7	21	718c2cabfad751686858d870006750232149e18be15a5bd0dc7618dde025219e
hmenu.1e40feedb6d8	8	1e40feedb6d8e174d473a369b3da23fdba4793b79499510950598bf91ab6811e
hmenu.1e28b2651a6d	6	1e28b2651a6d1b2486987925a85576dce1f8713e46acab058d9b200e409e4887
hmenu.15e0e51f2c4d	10	15e0e51f2c4dc358328dc4fe0e2ba73a264336ac13eda29177cf2c08dedafda6
hmenu.63ebd1283133	25	63ebd128313312dc01f8b0ab32e02fe30d11aaf8bf919e4b07c85bcaaf4b2e03
hmenu.fa5afcaf7548	6	fa5afcaf7548c264b013e1ba23ecd75d560434cfd51c82becc886fc42f39ead2
hmenu.7211e88dfa0c	29	7211e88dfa0cebca667cdd6371d41508b5c7a1256fab90d133e72673b127fcba
hmenu.027ca14e2cfc	5	027ca14e2cfc9cd5cc815916e8481a2fd62e7f823eae09ecb3b23e30628b6f6b
hmenu.1d1035ee4699	4	1d1035ee4699aa0a8b02a73c25eaf3558f01ea074611fd8fd54fc1fcd5fd91bc
hmenu.7a3a94a8ca22	5	7a3a94a8ca2299ff8fd42a903dee78936a47f30fceac3ffaed13cd4d2267ea97
hmenu.943989dfaff5	8	943989dfaff563afbbbe706903e3249c92eb5be2ce3ccf4ed86681545bfbd937
hmenu.a20218d16f62	31	a20218d16f62b5aa8a420f289def74aff97201f1f4b6a240a4d0f21155dea043
hmenu.9a770e777cfd	32	9a770e777cfde7bc54c29032326d1a960d3bba7af5669f62760a07a562e9be31
hmenu.a467da82da54	3	a467da82da540f56097b7224d81612bfa212e26efbf0709606144fee0b82a631
hmenu.0d0b7eee2953	10	0d0b7eee2953750e58414add927a06f5b514817fc4669a4e537173c82c12800c
hmenu.0368e65a1131	3	0368e65a11318373d75faee7c7e3729b606579bbce9fadab37e637af1340438e
hmenu.9fd728c66c9a	3	9fd728c66c9a256b121472dabf32a34317aed01d8427d70ec830289cf23a7cc8
hmenu.d31754823288	21	d31754823288b10941ac65c8731360cdc55c604ad87478ffa0f435fe17762dd9
hmenu.8a14bf1eaef2	12	8a14bf1eaef24a82bc44267a008d6b068ca8dda8d802d180cbe79594915d3453
hmenu.43ae65428a8f	22	43ae65428a8fed8c276b82ef7a54c5e2b09ac4965fd0307ee35f6dbf29bed72b
hmenu.d66ac9c9894c	5	d66ac9c9894c22821494398e82ea526133a65fc9a903666de313cef4873ed948
hmenu.1420d0047696	11	1420d00476963adcfec1a1748e897e0bc566ab7b96c7f5a1192da3c6050d701e
hmenu.e64a1aa95b66	7	e64a1aa95b66e23bae6decfb804b1edad291eaf30542d6c2a623365311d12620
hmenu.3bbfc723e7bf	12	3bbfc723e7bff6b8cc9b097716d47acb5306cb8a5671d98864b9ff039cae724f
hmenu.d04d143601b3	8	d04d143601b3bce718b6425bc1975300b89cc0ed4b427f04deadd1349b67f39d
hmenu.9d328997de3d	3	9d328997de3d9633634785a0327a2eabbc624e5b4c39bd30a44093d557de2699
hmenu.a52ace420f21	3	a52ace420f2175d08b1577a1bea5445e36801229c074ef9ed6c55a73401fd9c2
hmenu.54998e6df531	22	54998e6df531c4d2ba923f6614c37c6e6d5ccfc909ef77ee888d834dc6566a9a
hmenu.1670f0147906	5	1670f014790650707eee6c027de573361658cfec15010d58bbc70af14a3ebb8d
hmenu.320495caaca4	7	320495caaca4d038dc79153f1e1722a7175d216e0b18a3c76d74c8c69a41c2e0
hmenu.3c96a3232654	12	3c96a3232654ef800e0bed8339cf70e99cf5077ab61c4d6006036e2d9f0ba72b
hmenu.c16338e2b0b4	4	c16338e2b0b465610d89bba50db1b577d72e95e63bf892fa351a7fd7597c4c0c
hmenu.0f671a54d723	8	0f671a54d723c7dd783f0a6d623f10ec505a9cbd6e781bbfdecdb7c61321fdc8
hmenu.a04619c0c964	4	a04619c0c9642442b0b6eb6eb642550390c21b05b2d1f763aa7cb667e9d17b15
hmenu.3f257e684a3b	6	3f257e684a3beb0e303fe0572ab07e1de2950880f59821b6ff7449013ee3a063
hmenu.28031a836e2a	13	28031a836e2ae5f987802310c43d3f4a0a26c1059ba6497875a4155037110c7e
hmenu.dbf4bf8e6d73	15	dbf4bf8e6d7370a06e0ccf41a3bd82ab87f86f2e907eb276894b88d6e29bbed5
hmenu.1dd10f244a62	9	1dd10f244a62771bcca9df74a9bc7d13363df8d3cd69ee07f66c2b1666b256ff
hmenu.2df2d437fb79	13	2df2d437fb79e760807365691a087d40ae715f3a498118f63ee863d441b4372f
hmenu.48363c2dec05	12	48363c2dec05bd3fd033acf0e63086ea5cfa5b779bc69ae6299a21ec2faa93f8
hmenu.061ee2944241	8	061ee29442414e2880b957aa0302f2854fdcef63979562df45fe99023e2d7421
hmenu.5cd51939cf68	6	5cd51939cf68c432557f497537dc9636ce6fc6e9a515db81ebaea064d5f4eb10
hmenu.36521b4fc24d	3	36521b4fc24dbcafd9929311fdd882a0abcf32556ba4f873bab68dc21b69ec71
hmenu.f0762c4f3bfc	13	f0762c4f3bfcd695e32e7fcd087dc2a60bc26cda108b4fc0a643445b397168c7
hmenu.024dc204d7ba	4	024dc204d7ba77a8ff9ba36a886c96335a5b4a0d2f9af2130d04bc5b39a1a764
hmenu.a592855d0508	5	a592855d0508d16121c443b3500e94395f2087cc9deb7f84e1a82061f1a8ec69
hmenu.f53d15b5032d	9	f53d15b5032dc33dc7a0a78a0b35a3c060e5a833d7cc1800d337844556f71252
hmenu.6aab9aaed32d	9	6aab9aaed32d9753047e02d7a8debdadc7a77b0f386a54e818285aba9f8fc5db
hmenu.7dd9b52819c4	11	7dd9b52819c4a2b8b67cebc77f214390d71cca1dd36ca59a23f04b32da0a78d3
hmenu.4eeb9335576b	9	4eeb9335576b12a0c7c2a4f70e32d976f82ff8fa3a5a98bc9ca542b6f7afef7c
hmenu.4cd548f3cc29	6	4cd548f3cc29cf9c99a0134a971b1be03c8f6bf80ba8f03e174e030b0d292396
hmenu.1e3a955bd202	7	1e3a955bd202b3069a93f99cc298452c948faa28abcee091de7099860d05b72f
hmenu.b38ae2c5b845	7	b38ae2c5b84529e8027b43a69c8ce9426a3cb081dae97b77bdcd2fdc5a9df742
hmenu.af16c830c510	4	af16c830c510082f56bd99e3eecb0762309fbf31d47f59fd4d25f81c32d4f0c9
hmenu.df7e70e50215	1	df7e70e5021544f4834bbee64a9e3789febc4be81470df629cad6ddb03320a5c
hmenu.639807a2e018	4	639807a2e01886a2236b9fe1fe9bdbdea267b9c84c4acb3ab0858a6a13531b9a
hmenu.f59d08f6fa62	9	f59d08f6fa626d94b231a5dcf7ddff9a6dc7279684f40181f54482e5590383c1
hmenu.3ad8db855314	3	3ad8db855314d7f80432fe030776227981f8ac19e274ada934520e547791bdf9
hmenu.4aeb91b4800f	4	4aeb91b4800fa388c301270a2ba827835c685c182698f2f7a6f9f4297bb007f0
hmenu.81f5f5515e67	3	81f5f5515e670645c30c6340fe397157bbd2d42caa6968fd296a725ec9fac4ed
hmenu.cd6163f5d664	10	cd6163f5d66495e4727be919ac37632735c6e3fb5d271a9af71c6a4d3ff56655
hmenu.cbf36a964ba8	4	cbf36a964ba8c0894fcc9ec491b4d1dd94d221a7dc88308e9c6b892445a8574b
hmenu.4e153f7d7316	8	4e153f7d7316412483de50a79ae94b6f9d03f270952ce96d48fe9d7c6b90e4d2
hmenu.d5a79707c0bb	2	d5a79707c0bb522e0de814a42fc80baa78e3bec1267720418c8c4c019d53a1fa
hmenu.1a917d6ac8ac	11	1a917d6ac8acd34ecf7b166e4fabc55716b6f334fed3d6e5d299151d914a85d1
hmenu.386202a8a62a	10	386202a8a62a2f42663f9367e5200e15cced9d322e83997fbb0132d110026516
hmenu.967ed00666b9	8	967ed00666b9e0c47fb0eed5a0afbde6241a120bd95b1a86fb4ff72febdcc167
hmenu.a23d2d16a08e	18	a23d2d16a08e5c36b504caff77fbfc6acde4ca2005c6a558bcf8308debf8892a
hmenu.fb1b047b46ba	5	fb1b047b46bae23ac5cdd79be5a810087d6f6230322f467b07fff50baf8b27f6
hmenu.2147c2d921a9	6	2147c2d921a94349cc23d3616fc4d1aa63fbedb28c686ae75659348a8fd530aa
hmenu.ed417e148749	8	ed417e148749c9920b6f0e6b59ff0556255fed23738fe16bdc69ff7e4036a764
hmenu.24a866f4940f	4	24a866f4940f1b00083a71ba4df7323bac1486f28dc81d500bbc4bb02c6e0e16
hmenu.d05163c849ad	5	d05163c849ad4b8d64154ddc0b83ccfc2ca5d98d57a0d3ce12cfcbad2efaebcf
hmenu.dc37c52e390c	8	dc37c52e390cee7a2e29598b18857ef509903799e31e87b78d9c1acf05ee8b9a
hmenu.30e7e41efab3	4	30e7e41efab31a8beaa512ea48aa4d99070496095423d4d653137a7f511eb877
hmenu.37432d9c9439	4	37432d9c94390f48374505d458b0b4ae157314eb369c5dc9b9aa319d0f4d1e24
hmenu.bf4a9734694f	11	bf4a9734694f2b32fcd4f60532b2ddcb88f628f92d3c0aa8ffdd87643ec5df35
hmenu.68161bb0cf0e	4	68161bb0cf0e08c3dc9012577b1fe10b11124873d7a674b88df5314742bc73d3
hmenu.55a213edc1a2	3	55a213edc1a2b0bf4078789f3f6a07a68b04b4a89962a2aee9ec876394cdb6c1
hmenu.79d6ba706b42	9	79d6ba706b429d7f90faa1edd352e215360e48ecf98fa2d95ac9ba72711dfaf0
hmenu.ef304fbeab13	6	ef304fbeab13fe6be160d785fcecaa5620c846e7ad697e2915bfe0612fa9cb67
hmenu.94911a05aa5f	2	94911a05aa5fde2ad3c1a5fff5f4daeb0175f89033c59440269c2da1e29bf0d7
hmenu.1d54d5514269	4	1d54d55142692add352d32eea043ed6f521ab1fba165af31aa41e2722bc77418
hmenu.0a4a268a9b78	11	0a4a268a9b788b9f6e51c0a327864b01d039d4ddb2166882683328e3a204e1b5
hmenu.cdb3508a5d12	6	cdb3508a5d12658a3566daa97d28f999d2ea2662d2e2798dfeb61ac52406477c
hmenu.9e9f23ca031c	6	9e9f23ca031cab55d8f6a736ee0cd6df9d5220abc3e2c85b8235bb50cb1bce33
hmenu.d9af1a8284a0	3	d9af1a8284a08c971023e093c768b92b6b4d153812b577fb95153419ba08677e
hmenu.d36b7b67307c	9	d36b7b67307c52a0e6f65007c765aece1276e8bcf1fd3e6736194b9674bb5e4f
hmenu.60547bd9ab11	2	60547bd9ab11c5459a6fffa441ed70d662c73f05c37822da5f3a653f95a9d2a4
hmenu.7f84c8c9be1e	6	7f84c8c9be1e625621626ae0cef24fb24783041fd38856ec4d255d2a2ee3541a
hmenu.6fe7d7112caa	3	6fe7d7112caaba1b1bc7bfa656974ac4016cc525a7286117494f5b29dfec1f77
hmenu.fa8e68719853	25	fa8e6871985302ae5a79a0505dfea2f7006734ba9f86bc9d767df6a5a28c6fea
hmenu.1b18ebbc3f49	6	1b18ebbc3f490c845c2ebeca8853fcc82daefc66068eb984a445f8b1b7068438
hmenu.67e6c944f5fa	14	67e6c944f5facfe7f323e8d97d71125eb2b687be1a0c27e53bd5dbf18a15dac9
hmenu.1ca3b7f96fd6	12	1ca3b7f96fd6ec31981b1cafb135a1c6c4182c0c10d75e2572c2ad8cb010c2f4
hmenu.49f015e57ed3	7	49f015e57ed37027d7c23ffba2c12f1ef871b6e10a0adbb6227496a57baf56a2
hmenu.2e5b0ef5b121	4	2e5b0ef5b121abbc430b86a4e7c509d19daeceb9b9cd3179c0be4cb4bf0b63b6
hmenu.a646250fde5e	10	a646250fde5e56b29fcdf8a436b12477002e2f6670fb3e7f443ba89c98395418
hmenu.d39bf20d6bd1	8	d39bf20d6bd1c360af6aa8ed6ab237ecd29ec5f92b38a959f98d1fd30bba6505
hmenu.c398336f140f	15	c398336f140fa84e0bdb78ddfa6af779f64e33ff2707477e2110be9eb5730c32
hmenu.09b538d1d0fa	5	09b538d1d0faee759e943120333491a6c0c394d65e836a0de6f06c45e6b0b635
hmenu.c4e0e1d86094	17	c4e0e1d860943362f885c03069af504970b7ae20b123feeb5329039280d054eb
hmenu.aea1058d135f	7	aea1058d135f60dfba545402db425a0a98c99472241af4441b730f3bc86bedcd
hmenu.64c82aaed1b4	5	64c82aaed1b4155efc23d5cfcea6ec22f8ee5826dd26f5f1274e44fe905d4fb1
hmenu.4816cbfd74aa	5	4816cbfd74aa8297b9c9cdaae89e2f0d2ced6041e952dfcd114e01b4c82e9c6d
hmenu.6ccaa6415b5e	4	6ccaa6415b5ee449e3c5c716f57b4608ebe3b780f5aa6b077bc5d8eee5d961f9
hmenu.ea0151c4cf78	4	ea0151c4cf78b351118dffcafd349230539bfe1a9c99c15aa057985b45885278
hmenu.d587622d277c	5	d587622d277c4be4a2ed692b5a52d550abf0d9e19adb40469bb837462084dcdd
hmenu.909cb81127c5	4	909cb81127c5e1944b16dc5944ade59facb822c7a3f250d1f0256293bfd3c055
hmenu.0548a47dc7ac	9	0548a47dc7ac268ccfa6c09171b44aae20cdef4d26b6849acef7aa17339411dc
hmenu.0d791a0a6f01	5	0d791a0a6f01100118b48ef924ee40b6911da8348f0e7bad36cf70b4df1c4a64
hmenu.44a3848963f7	13	44a3848963f70b560fd2c2307b92779c0745b40f3b6486bb6e52abcff2bbb92a
hmenu.18340737267a	6	18340737267a31d6caed6c1fbecdd5b91705195fd2849113bd711f288cf40dcd
hmenu.762c550a6e42	9	762c550a6e429519987e8104770cb201b6a96c3b65632aa9a94d94086e668fe7
hmenu.cb9da2bac013	14	cb9da2bac013d02d808417c284b3524d743984ff0e9244fee6035cdcfad53e1f
hmenu.1bb1d826e1d0	17	1bb1d826e1d0426c43f5386150242da673f99ac23ed46d538a7b7faf5ee9904b
hmenu.64e3cb0e4960	3	64e3cb0e4960ba69298843d481376d1ce7b92cd43cf70e61a982da651c0335f3
hmenu.aea4c338624a	23	aea4c338624aef617dd6739228c974976520580fa12642473539f8af3651bce5
hmenu.bf26c2ac087d	6	bf26c2ac087da6ff6256580a82bd5c2b29650b0792e90e96ec9b979aca1ff8ee
hmenu.764ef1bd886c	15	764ef1bd886c97a1a07ac4a7cfcb5d1ed73f99cf94699e2508b1de8d7d1c6337
hmenu.4b650e5c4785	2	4b650e5c4785025dee7bd65e3c5c527356717d7a1c0bfef5b4ada8ca1e9cbe17
hmenu.54fe25173974	4	54fe251739746b7758f94e413f6e289884345f01b19f1e9512771bb9e037e46e
hmenu.313e91336a7c	7	313e91336a7c60edae7bacee460cfe2c685aaedea07b9e52410543ea15fb44e0
hmenu.abf53d10ebc7	8	abf53d10ebc75030c63fb15ed5477baf2f1b1d15b2cc7e2cd620692aa3baef13
hmenu.824c127d7d92	4	824c127d7d92c7d4657c7562e890ad99c65e054df776e7f142cf39d3fc1c4a1e
hmenu.137a8a4b4d9d	6	137a8a4b4d9def92e86de67bf8f4cc37d4c15fc31288f07e4687337295e34a13
hmenu.4f8fa1e87f88	11	4f8fa1e87f887e2b72d809ed23a53e97fa089e5112bdb4f9d30422a700e33c6d
hmenu.72a4f4b12601	7	72a4f4b126019de5aa2e5f755bd70577fb734d82b2ecff683891cdcba09cf802
hmenu.1abba691a56e	3	1abba691a56ed3397d821a176f63fb65cf717ec42e04bad09fe39ba2b0ff1cbb
hmenu.2215b79651c3	6	2215b79651c369c9c941a0fd58ebebd6a14c2596ea98cb8304377bafd110370c
hmenu.e6ae3d509364	5	e6ae3d509364d4f5ebddaf6024e50ad188ec57d28a8364e52e0fe59b3fc6a91d
hmenu.8fc4416436b5	3	8fc4416436b5da41fae35cdadf72ab92c82706683381934d81a133433b59e8d4
hmenu.9dc298149180	7	9dc298149180b7ae2d1c89e4f691b3a04a73928437af1a18aab3add52deca0fe
hmenu.a0cf4836fe5b	6	a0cf4836fe5bfe2cc1f72553f6380423a4290e9b56fe3795e0701dab5fe65fab
hmenu.aead5c2a6e6f	4	aead5c2a6e6f2d1f9e48147a938459e6af8c66be72f50c086f60097b28b3d35c
hmenu.3b1082e12bce	9	3b1082e12bce8b6564595099bcbc07edac74b78c01d95938baa2e4186f80b853
hmenu.9e6ac09e7190	10	9e6ac09e71906853c35c298fef4a63d1b68915de5bef16beadec33fb54ba2eb8
hmenu.96d5fa8daa5d	5	96d5fa8daa5d87e220bce1d44626651cc09ccbb604b92ec39203b68e9c7215c9
hmenu.6d4a677e6760	15	6d4a677e67606e15298a6263a1621a8ebe32423cb0133430ed8866664224b416
hmenu.6829562873e4	5	6829562873e474c1db4c6caaa2c45cf579fecc304c730e968c1ef863b04ab5e5
hmenu.72489b9c5172	12	72489b9c5172728ace54a0d69cb406f6f8b511fc94ae880ebff64436540c05cd
hmenu.172c1c994b66	6	172c1c994b66a2080c6b93bf30c15045b2e952ff896b77d7d651a6c4b6e3022e
hmenu.278bf346a6b7	12	278bf346a6b73015cb0318633616138b569225aa6b8f4f9062a5120a0c9a22fd
hmenu.57befefefd22	4	57befefefd22cb67f781d09a68b0f4015392d1d30f32f8e7ec790d33ac49806f
hmenu.df26763294b9	10	df26763294b9a9f8b49364b480eb66334cc5b202a4b5b60c4c2f9a79b79c0512
hmenu.f0bf53be823d	9	f0bf53be823d642e3e10a51baa885187d3ccc8a3f8c6bd127cf8faa2114d5b83
hmenu.daf49f5a3452	4	daf49f5a345201057006abe8cc8e808cf2fb38c0316b3f7758459602547d7a13
hmenu.4c52d4874a1b	4	4c52d4874a1b76b8532f918cda0bdb1b557be1905dc649dbb6e9ca7b47d6fc0b
hmenu.20de5ccb2269	11	20de5ccb22699269c7d7f21d6b7f8d890665f94176b3d51544d8d11c1a4b8582
hmenu.a5d1898b1d7c	14	a5d1898b1d7ccf21e178fc428f5473f781ebaf96e4861b57445b49f69abf24d9
hmenu.6ac5490b81cb	8	6ac5490b81cbdf310c32def720b8261d923f1213dbf5df0d2ff48a060904c83b
hmenu.f3bd4e256873	9	f3bd4e256873ae4ac68438a53558e83094cfc8e621184c2a3b492b3f8adfe6a1
hmenu.32884538e55d	4	32884538e55d6bf62e5f00c11985be080faf3667911e9f04cb5ce4954ea79349
hmenu.64dcd399ac86	9	64dcd399ac8651abf2626b36d510adc0286a6e747851411301de593eb92d621f
hmenu.6fecf9081bd5	7	6fecf9081bd58fa5a91e8a1d8093dc89d0e2d87992138ca05ec4270060e69c2c
hmenu.e39c71ed01d6	12	e39c71ed01d61a71abffef9d6a41953b5e5f3f20ee34bf0dd0e5175b14d143b7
hmenu.e910f44e38d3	8	e910f44e38d3a0d41585af996e4758bbc75f6f4fe112b4842123205daf9f0e80
hmenu.941df2602d40	13	941df2602d40f6dfd8cb43afd8575ae7b9338eeab28f3d5d75c9beb3872e6ae3
hmenu.e454a6d3ad77	12	e454a6d3ad7738a25bf6be7f10c837484a16d285d96800e844c07a71193693ae
hmenu.d53772f1a4b7	4	d53772f1a4b72390b2c10003563d60ac8c0e3d216953f414cdefd6008ce283d0
hmenu.9a37ae78d4e4	5	9a37ae78d4e49d2fb6a75dde33cf7be6d9c937cd4c3f3dba599e5023c37ab2ee
hmenu.2864716a6e43	5	2864716a6e437019a72d7dada2f071b83b2113cf85005475a5d228b6a73cf54a
hmenu.e2a25d63ee52	3	e2a25d63ee52eeec708793941178dc797351839a2cd612180541decf1ca282bd
hmenu.c13539d15689	2	c13539d1568999137c4e0354795cd37b649a19a855b77ce217e8e7b8e293a555
hmenu.c44e5309cea2	7	c44e5309cea26169edb8d9c1314aa2910d8ddeb9a8b960ed05b52ddc49d04ab7
hmenu.3c572f07105d	5	3c572f07105d5a762f5853e1553a15b464829708fac960c6693def9cff959c82
hmenu.d02760b2baeb	5	d02760b2baebd0960ecc614e33c4dcbe6c0d61e17dbdb60aed4d778f192b81f4
hmenu.f5a329b998d9	16	f5a329b998d9aba0a9b94c6384d5f9544a6fa9604be2833e3d0348093ed7ad5a
hmenu.5a16b3fbd4f9	21	5a16b3fbd4f93716b56fed811c875f49f125f0ba424b0760af667de786750518
hmenu.9ae5a4479a81	34	9ae5a4479a81bf637c66c0ae76fa782fdb52483909f353fce20aa4b1c692d8c9
hmenu.b26219be92ab	4	b26219be92ab7476e6a2584c4dece935df8c071f7ef54617063915224f6a90b4
hmenu.42f4e6b3ac82	26	42f4e6b3ac82fa337e3b395bddfe6fc033ad331998907e556136098484a11189
hmenu.a5cdf07dbbc1	3	a5cdf07dbbc15892dcb64f1553ebb474330393705ce470b22f0194f582234371
hmenu.732863fa5c61	6	732863fa5c6125a201487a2f52e400a2f29a8c9548512fc84c35da1aef3d710d
hmenu.63e40f41a77d	13	63e40f41a77d00f6ad1a1f722c6bb9c4a877032593b1a9f135af04cd301297c6
hmenu.d946067427e9	6	d946067427e930a14aed20312fbd850cff72428d4d602ed04a2ed164ba7d63f4
hmenu.02492c9d09d4	11	02492c9d09d4db21fd129234dd6b0920ca0bffa140463659de311f417c9f0a6e
hmenu.937223b7a35b	5	937223b7a35b5737c3150ad4077ec1fd5024624a2b4c306955868e051a6d5886
hmenu.c0bf75bd78bf	6	c0bf75bd78bf9572596720d596bd5a20a5b9145cde0fe50dec1e783cb184d69b
hmenu.1405a63e8a78	9	1405a63e8a78b85c1b035b3c5277e3cc39fa98621c110bc522c85547d8afab1a
hmenu.ff9f88ce353a	6	ff9f88ce353a222860a9f826971a2b2ee3da6b06c696d67537285890506d4bda
hmenu.d0469022d381	8	d0469022d3813c43d313cf0866e246c5d1f6f04a32bd781718482176891ad1c6
hmenu.c82bcf72f066	15	c82bcf72f066fc9445b93ea02b1faa3472537e43cf656daa0bd36cd9c11ac23a
hmenu.ab2cc833ed40	9	ab2cc833ed40c8b3c97b0617e4df0ec6097084c7e3a68c2befb0d34347bf69c2
hmenu.0f5d983d2031	7	0f5d983d203189bbffc5f686d01f6680bc6a83718a515fe42639347efc92478e
hmenu.c7f937836f5d	6	c7f937836f5d82d53bc507752075f87e25009ec11bc9fd4e282f0b645e47af7c
hmenu.37e2795aa48e	17	37e2795aa48e2ab993979cfd31bcbea7bbe0eb2f291571714ad273452688bb1e
hmenu.4f3a9bd00397	5	4f3a9bd003974a5ed8c9ad65d4aeda3b8a0db6fd903e36e83a3a950624b09bbd
hmenu.98ca5f27d964	5	98ca5f27d9642dc7c9e927251831113e537ac763f9974f4db40a1d7fc9671231
hmenu.82337888d764	4	82337888d76466b26eeef984735aa945a1ab2ac99c46c87e994189c940c0b95e
hmenu.bbdf31c74bb2	10	bbdf31c74bb2aeef0720d7c43fb84fc44d3b7bf18f36140c5e39b1aa81fa8b75
hmenu.7d9eb7acb13e	5	7d9eb7acb13e24625c404401d8e88b2350e32162455885f18276cf802f7701ed
hmenu.f79ebae4aae3	7	f79ebae4aae33f4f2094f7c2dad419c1a342649ed2131ef58ae938f732a6f6a7
hmenu.92fd746751de	8	92fd746751decd04a8cf864ade241febc3982b28343d34eb732a4212c5f52dc7
hmenu.713166971d73	7	713166971d730f81fcf8b757f2ea239d1a0360d9f74e8f5afe60fba97105879c
hmenu.8cbd7680774e	5	8cbd7680774ee0041b063fb63de6d54da48e216b75fc3c1a6e6e538a1d9cdf35
hmenu.75d81bf92b81	15	75d81bf92b819d150da112dafbd54031d483a6328dea264788852ad49de26bcc
hmenu.47fca483c89c	11	47fca483c89cad3593886ae858a87248c4c66b1dab6f8267972df3c9cd652f5d
hmenu.76ed42d22129	8	76ed42d22129dc354362704eb4b54208041b68736f976932aada43bc0035f7c0
hmenu.d8ceb18ec41c	9	d8ceb18ec41cf5ac159a67394816761499f2107a00fb087558911fe913cb45b8
hmenu.709c88e3d9ac	36	709c88e3d9ac01ab96190bb5d330d8589187f2104de53ee777bf4ac2c35efe1b
hmenu.18914b261c3e	12	18914b261c3e6ae946c4b62ec78774c43e9fda1e11bf055ac0c9904b04fb45bd
hmenu.7de46c972f04	19	7de46c972f04277f461e933082ce99919fa6e8c94ae86152756ff9cb3a9406a9
hmenu.32d7e8208247	7	32d7e82082479b8cb546187ff0af11e4915e4d17bc28e02dca7425288b79badd
hmenu.ea0b7c7a5dd2	15	ea0b7c7a5dd252b84eaedb4365a9af72cb34ec80d55999b89a93599212285ad7
hmenu.7f4a1e5bff2d	4	7f4a1e5bff2d56e523ee2a34e1c389956986008e506ca77fadf7047d71c6a63f
hmenu.e9862c1adf95	10	e9862c1adf956f1ae5d19e9092940d9975c0af354dc84dc56b343a2d80a2e71a
hmenu.753cdb88284c	6	753cdb88284c6a957ebc2028fa7bc3031a992bd7522db1c400aaacc4180b98ba
hmenu.7be34131828f	8	7be34131828ffe4317807293d7461dd42f96386679ac73f13675e2f053c9401e
hmenu.66b3c1c537d4	13	66b3c1c537d4a41bc2ed168eb117ddaa8b2e26c90f923a165c6a0c163a56312c
hmenu.4759498ac2a7	6	4759498ac2a719c619e2c8cf8ee60af2d2407425e95d308eb208425b2a6d427a
hmenu.ac461667a825	20	ac461667a825d608971320c5e9a9b0c3beddba13cdf3a659b5d03dd578a13fa7
hmenu.2a6b24ad2872	7	2a6b24ad287220345e96eb8021fe29d42b0785766c8df658827e7251da2d36dc
hmenu.200d29352c23	17	200d29352c23c04d844e779416b0835290f2bfb5f7db2b5ad59729286cf0f854
hmenu.427dd2969bd1	8	427dd2969bd140bec3c1bcc7983da982f4815938cd4510ad0b2bad48ac5b55f9
hmenu.ff1c0b64b079	11	ff1c0b64b07922592c746ebe2db326f3d8aa4408007cc58d19e7c005ba0a31ce
hmenu.e2ee2909fe27	4	e2ee2909fe279f5cbcfc09de8e6daf6c238a3af213840182b679ac4997c50eab
hmenu.e0d1b68224bf	7	e0d1b68224bf0b31ef16b206c65b5f8f6b89d18161f4a7cdcb8d0ac8d952549a
hmenu.92df7fecbb34	7	92df7fecbb348bc0d3cc2ac1c7bbd418199c9d5cbbf1bc9dd564f71e9b51559f
hmenu.3f39d5c348e5	1	3f39d5c348e5b79d06e842c114e6cc571583bbf44e4b0ebfda1a01ec05745d43
hmenu.2a9028414838	3	2a9028414838f1fe22b4caf13060b503857f943b8a0c6e15aadaadee1452d5a3
hmenu.28026ec6e26e	10	28026ec6e26efc965ea7ef01690a5e9b094b65282b40ba6a59aca8ffe05cfc6f
hmenu.41a556b38313	2	41a556b383130a3c9afd6aebae3753cbe9ede384cd7d4ec55cb4b41fafdb3105
hmenu.cc5c46d51099	5	cc5c46d510993975e002d0a6d309ff53d0c7d51922727a64daa8b6bbf1998e5f
hmenu.c97c29c7a71b	4	c97c29c7a71b392b437ee03fd17f09bb10b75e879466fc0eb757b2c4a78ac938
hmenu.2838e56f4f53	6	2838e56f4f530b25574ad74476f901eda957c7321211ebf9293ad1db6d0cb1cc
hmenu.bd45a9a0adb5	12	bd45a9a0adb5e114efb0c06f2873db5188d30459ca2daaf90594fec857c37a07
hmenu.cf3abc832664	2	cf3abc8326646b990a4916aa22ebbf0dd059e97bfa1b52f2afaa9587bf0ec44d
hmenu.468f480cb36d	5	468f480cb36d71a832c1f3d3fef1a12b679fdc09cbabf03071e47453d21cb0aa
hmenu.ed97a109977e	9	ed97a109977ece1680609582463d524236bee58fd6f0c831ab6fac4f88c680a6
hmenu.90ed8d6dfde6	4	90ed8d6dfde6d0998dae806d77aba6433c553d8e5ee93a731362625755fb65b4
hmenu.160fad7466f0	7	160fad7466f038b54534e4ddea445ca718f5ba4446b5733c5ac18ee096b54980
hmenu.275bdb5e99eb	6	275bdb5e99ebb8541a2bd578ec40ee763c7634a2ff38bc24c950a4b4ed30fee9
hmenu.4ff006ca6b88	4	4ff006ca6b88e752f08cb7881714505ceb3d2079eea432acfda8e158e0d1d82e
hmenu.122d89a0826c	11	122d89a0826c7df9582be2627d671759a306ed34353c7d9ac3019bbfc64b077a
hmenu.87f8690f69f4	7	87f8690f69f44d6481bb2f90b6e1cc3af540c198569e37382440ed13c40b2dbe
hmenu.59c215d0dc92	5	59c215d0dc92aa3581e55fb4a52bb6e0cf2a532f2e3140bcdaf074fb33370fdf
hmenu.9e732f1759fc	7	9e732f1759fc9869d06d3f1bdc32868a7c22cfb94cf3ee099cf47ec4ece3fa1d
hmenu.1eb5e1c306f2	14	1eb5e1c306f29e5514176805ca99109f9aeac13a6d171032197e532d81aafe7b
hmenu.08f4c50b7589	6	08f4c50b758945547f3fdf5e5e40fce628c8c64896678771757280512f2a62c5
hmenu.71fb84c3ed68	9	71fb84c3ed680cfe79c7aa60b1ff5c5b81de38ba6f05df6d7fb45c2494fbbcf3
hmenu.9f092151ee9e	7	9f092151ee9eca0a64bb0cc7de005b7fe880d7b02327d5ab2fbaaaad50707950
hmenu.b402d57b1fb1	16	b402d57b1fb10ab4a36be669ebcdef7a9c400ce7cb8758621ad2053f354a59d6
hmenu.0beabf5e3e94	5	0beabf5e3e942916c70de277bbf6b2e30c638fe0a2fd80ef0c71dff6d54a23c3
hmenu.d6c6ff00e788	8	d6c6ff00e788e5796d71bf902bb7acbbcc722108ec416f978c9666f7548f8839
hmenu.110dc1931033	8	110dc1931033ac491362040d2853252ea8756b2f6f74012d49c025a7fe2fe921
hmenu.14c9a4669356	4	14c9a46693561887a971f1d67b7c06ac9b8aea36a446e935f076510dde9cc21c
hmenu.4d9e779cd9bd	3	4d9e779cd9bdb7cbf1ae79966df94b911ed0470245e7ae0d0e884ae498756c02
hmenu.cb5757d7b8d6	7	cb5757d7b8d61a1e62bbaa8cc53bc0b308bd1d3ef13ce60e81097bd71a85ba6a
hmenu.fc314ff41d50	10	fc314ff41d502ec0bb68f55ba7fbfc5ee9ec0c288c0a82d77a985f4159390fb6
hmenu.39b0578b5987	4	39b0578b598713a5e63994b97c7faa4fea403536af7ad384196da0087ff47d72
hmenu.283e91eb85d5	4	283e91eb85d58ffc2ad922884b644c41b54140660f6d1fda3c403d543eedd839
hmenu.931c04975068	4	931c04975068cc4fdac0a758585a8add79bad39035a3bfc98d256f904d7d3297
hmenu.49771fa114d4	3	49771fa114d455f473d45f63aeeb9b3e745495130a9ff3bb0ea7c2b6960c240d
hmenu.d45b3383faf6	4	d45b3383faf6e04f443c7ca602ba151b533d27c8f7394524aad4f3480523a71b
hmenu.0abdcc1d7bd3	8	0abdcc1d7bd3c03e6db9f009c062bf2665c899ac8c864c060a0f9a01cc0fe3ff
hmenu.f2cd42fdd678	5	f2cd42fdd678812849d4844de4840c416a541f2cd07960a3aed8748d0c13fb67
hmenu.1be52ebfab97	5	1be52ebfab9714465f7f399a169efa771e7f2b81a1fde2ad4bc022195512044d
hmenu.e1431e12a802	5	e1431e12a8028380c0e60d6b86646302d9dda910978937b4da28a1a70a189a72
hmenu.3711c817270f	5	3711c817270f4c16f4c80bc52b759b942f60659e43dcf5648c552621e33a5b4e
hmenu.0c874f581a45	6	0c874f581a4534f15f1ed12c4a9c84723b647e51a0385aa92ea270691cb76b29
hmenu.2de3543d6fe4	7	2de3543d6fe4b4e7503dcd4bb72c4882d923ae9a87e2f56462436f71e75504a5
hmenu.96afc08178dc	6	96afc08178dc9a332b3c224808fc14b7b7146c68d971006b6da73635eb05b5cd
hmenu.ec9b10a4a79c	4	ec9b10a4a79c4e8a4a23be6edb064854d91b9aebf348d9a910fe6b38cad08022
hmenu.fcd6fea72de7	5	fcd6fea72de7e6c09ca2567674befdef61c04e783bd2e0f092aeb99c57e587e3
hmenu.8a2cc0673b1c	4	8a2cc0673b1c428315fe84c0138d95c3ddda30baf81e7d9aa821f1ca47098193
hmenu.2c1f89724a13	11	2c1f89724a1371ee3cbe18c0f3349a5c863023b14aa2a2ab9027540b6f9cb144
hmenu.c424b561f309	11	c424b561f3096de3a1683bae38a0434830720e3cc1418f1ce380dac1ee85ed31
hmenu.9ed6c2932fd8	7	9ed6c2932fd83dc77a281058bc567d3eeb3ae22ac97dee2b7e63888c0af611ef
hmenu.0c8ffc174688	6	0c8ffc17468868d41c8d6806089deaafa12da5caa0d0b9c31f0ec438fe12ac7c
hmenu.fc7e7e6bc84b	13	fc7e7e6bc84b28aeb6ca07a0f1bc8ef7bd33cb1d38c2cd22e78aacda7b5cce5c
hmenu.0072e6b93494	6	0072e6b934945d5ba08f9729e00847391922f2f6026a435e704634fb93bf4502
hmenu.2ebda0d34bd5	18	2ebda0d34bd57c9d30b1fe066923a040ba4b76c566b386535cbc885198f95635
hmenu.ff49630c242b	9	ff49630c242bd91582d0835b98e907964a6b159491cb4cb441dbbb3af6e9c820
hmenu.c072f44b1cf3	9	c072f44b1cf38fdb5a353a9bebd82d54e25a5e1ca06551cfb8f8226801fefa9b
hmenu.b0685c917b72	16	b0685c917b72c06c2d9976b3e81b9464cedf44db8aed1b3130ad7ce93bcb0b52
hmenu.64dd65edfeaa	8	64dd65edfeaabd10a5a0f29816332bf82ca9c7b7056182a29f9e1d987cbaf016
hmenu.7bce5b949512	7	7bce5b949512e8c9428b70d06d50f3c15246da8a609313ac6cece8684eae1da3
hmenu.03bf10496520	8	03bf10496520a845ec7d35e287fd0414782c1139107120b1163aff110cb26372
hmenu.c08a9702e23e	8	c08a9702e23e79a22ece916334c33ee7aab33c1e32d53a049c9f59370ebf044e
hmenu.9cc673ad8beb	5	9cc673ad8beb7f6adc804c4ee57d0e7212c131944b46244a44c08a24c374c2fe
hmenu.1a216279f69d	5	1a216279f69d14c99dce095178e3cfcbd94d5988ab4d69b05496267c1fcb05ec
hmenu.30094e0bec00	2	30094e0bec0046da8f925ebda9575f3d8377a75692436516260782fafd709a6f
hmenu.1209adac04bf	36	1209adac04bfa9154a470b53ab5fe6abdb3e1d7a8fa6aaba89ee07422fc84075
hmenu.85fbcc839446	21	85fbcc8394461410dde227d949f243fb5569a2d96658dc7154ff52fc21b26cbf
hmenu.9444f216899d	5	9444f216899dc20bca7121ee8c002bc0b8d1c62bc9b3e1891fe1605c9cc363df
hmenu.26425dced542	7	26425dced542fff5125956a4fb7a6a06a996de47b903a65114407e6718b04ec6
hmenu.11a6767d5674	4	11a6767d5674c7e45f7e00dc525762275b3a48491ad6045427d2609cc496c516
hmenu.b86d11af7918	4	b86d11af79188e58af384b421f2799b08bfb151939b4404679d948aae2720b0b
hmenu.936afffe1e99	4	936afffe1e990702b42977fec9de04712bbcf45e020daf28db2d8dbcbff5d6fc
hmenu.6312b4b9baf1	5	6312b4b9baf12770fd7dc7307169bfa3676fbec14485abe37264952d8502645e
hmenu.8a7cd9760cdc	16	8a7cd9760cdcb2d5b197b895792121212350a967d2c5e42c995ee3d36aa96ca5
hmenu.a27902f10b70	19	a27902f10b70b4ec57913daca5eba866d0893c5fae3d5155bbf45348ca876ce5
hmenu.4b591c8f5959	12	4b591c8f59593805185a3031494d99f2884beecbadda4e1bf70b84ba8bfc66aa
hmenu.ab2defcabf86	16	ab2defcabf868b7df9df4708ff74ecaf0d726de6e4312b009888d10ed52ff57d
hmenu.c8af9ae37a48	4	c8af9ae37a48273f981bc82af63517e3a2195c4076360e73546c306a044dd38b
hmenu.b271f1ca96c2	8	b271f1ca96c2873b9e723b4ee75b7d85f2d18e64320c9b103894eedc350d6002
hmenu.ffba4d02ce81	4	ffba4d02ce815080ed19f044a610ca60ff072668cf98b63d318a52a2f0d40e66
hmenu.e07f87e5bf6f	5	e07f87e5bf6f6b6073543e53e2a42798c8a7f67ecc7a10380155e1373c7a9e50
hmenu.c1de0709edf7	6	c1de0709edf73a0abb19b2dc70066b69b7dea40dcf5581b9bb34b601c57de819
hmenu.bcfee25a8baf	5	bcfee25a8baf6808fce5ff4e63cf21c8d114853ca7eacdcc3c210d73c58dab66
hmenu.038250245593	4	03825024559394f1da8bcc3743ca996165add12b3f6fa9665e44104ae4e3e110
hmenu.358f80f1aa2c	5	358f80f1aa2c761ee3e85118318a3fa441d6aa5b17ff5be82ec8b328ce10435f
hmenu.4a2b15ab476a	3	4a2b15ab476a8e94171a52d534b2857b9db257b5c1972ec8c1887ef61e3f10ec
hmenu.48fbf162c968	11	48fbf162c968570cdbfba96bd4902cce62b8dad78f7419790ea3d042410ef2ec
hmenu.0a32fbf67366	7	0a32fbf6736665e227cb79717dce524afa1ba899ed979887f6341abd2d9e8fa2
hmenu.02f676d5bf83	9	02f676d5bf8387dfc87bafa39bfdd773c4c3bf60bb6269cce1ff61c90e77a5d3
hmenu.98289e6f44fe	18	98289e6f44fe82d56036b2b2909f70232b8a8f64667f7423d442e02d80087f88
hmenu.cc1d2f838445	5	cc1d2f838445db7aec431df9ee8a871f40e7aa5e064fc056633ef8c60fab7b06
hmenu.52f54b6d2d53	9	52f54b6d2d53f728e2330e73684694d590102f6439a7a78efafa4fc27fb8b421
hmenu.8215b59ccb28	6	8215b59ccb28808a61c93b60793f7777e5ffcf38a84f43a7386a0c74f5d4280f
hmenu.6ce287d2c883	10	6ce287d2c88323886a099e16f02ae4ffe6c9f39ef4b353aa7642fbfaf3b5ffe2
hmenu.cafa51a40e34	8	cafa51a40e34a9536eecbeceb8cb6ee5e961a54daa5b2ba60b00f6c9d8eaeefc
hmenu.80f914c02446	11	80f914c02446e9960fad429b5b99e6553c9d34ac4e76b3816ad4821fdbd3182d
hmenu.5482c1cd4150	4	5482c1cd4150e62a1c5cde938e0b7d8d29aa25162d28a7d74bed446088dd3162
hmenu.d50187dd170f	5	d50187dd170f377fe06e9b01c9995bea6c685a371c4772e73d42f5d59b021d4b
hmenu.f91aae519641	4	f91aae5196417069e026caf7b5bc85070be1de52ebdfb99ef43f89b6ab492d28
hmenu.df40fa29654c	21	df40fa29654c0a530e231e33cb300db0fc12b04d74fefcdec4614ead8749d5e1
hmenu.95bed95c0def	6	95bed95c0defa5169d2b514457ad2c443392112ac8f221dcf993cb9bc9378251
hmenu.31c0d1002136	12	31c0d10021361d7475e852e272e186ca0c0b0a725bbf40187d1bbcc112e1cedb
hmenu.42b4cd60e1d9	6	42b4cd60e1d90d6a1f5c053e632f272ace5efc04c820a0ba101d7315b2d9698e
hmenu.0e45e56e02bc	8	0e45e56e02bccfec033019b016444923b4dd357361515b45f747b5a1e8c9ff80
hmenu.e47c1f6b17cf	5	e47c1f6b17cff66cfae99314b66cf23d1ece606c446f48e59b6e8dd7c4af2f8d
hmenu.3a0931580d18	4	3a0931580d18a6e0308c1135ee9c807f0aaa83cad286d951d3a8dfa6017aecf1
hmenu.c8fbce667415	7	c8fbce6674157b3a069e2b1b57ad38103395583de01ab1a07d9359502b83a5ae
hmenu.909bb0f8c95a	4	909bb0f8c95abc496e64a91c6d31c32548879dcaccf47a46f3aefa8fb8ddb989
hmenu.a9531f640279	4	a9531f64027967a038d348e7a9cd626d4938661f425667f88c1b7cc9d1b69b15
hmenu.e768457adba3	23	e768457adba3a8b7d74b2bfaf9bbf4e6624e0d64e3a9beb44a885284303141cc
hmenu.b7c9b5ccd3e3	5	b7c9b5ccd3e3ec741ecfa5864b577f5dab1d987bfd3caa4815f1b3f8354a5f16
hmenu.de24e677d554	7	de24e677d5541604808bbe583f958d702c8e2067e5a554af3d856ceac17c6354
hmenu.5926c704d5b3	9	5926c704d5b32b16634a0098389373f73a2826d8de37192afc7d34f6d31f9aef
hmenu.a2eefbcb6bbe	10	a2eefbcb6bbec8b46c025493c9509ee2e0f1da0e93c1b41382ada032cdf00a9d
hmenu.f4db1e48476f	3	f4db1e48476f60753980b10d66219042b3a3d9c65c9cc77a53d81b88fd869c64
hmenu.0021d5fe20a0	5	0021d5fe20a08754dd965d947e4830740633aa94b4555d03067aaa6a3e6e1214
hmenu.5b4b8e1d9edb	10	5b4b8e1d9edbcc833c59ad4df13409828f3bf3c665beed374686555da5483890
hmenu.9c30cb4bfc00	21	9c30cb4bfc0030a02a3f9830a5bbdc32c45f3ad7e0d080b40099be091690e4d5
hmenu.8e75ebbdb215	6	8e75ebbdb21505d2f18439f43fe046abc67fc567515bb1d53b855a020a179092
hmenu.d93352a70395	8	d93352a70395db3de0632a6b203cbc58aebb331e74bc417e7d75d4c6e8997434
hmenu.0ddcc5022a9c	38	0ddcc5022a9c1522517edf5247c3ab489e517623a474e946f8ea0674fe1be936
hmenu.729bb48d0f86	11	729bb48d0f86a9e240a9839bf8c50f62f7ed973338514432666cf53c5d30c9ca
hmenu.b9bf0c84842b	7	b9bf0c84842bfa7937024fad674df9af19acc232461e6f089fc21f1a96e916d7
hmenu.4a22150cdb0d	4	4a22150cdb0dc11b6f18aae42319e38d0a0159792d54bc7edef03c312651b427
hmenu.037c968467aa	6	037c968467aa3fd7c059c7d0b57e3460aa332f30db816efcd98943724a1d8db0
hmenu.688449dc6f1d	17	688449dc6f1dfd46198ad7dbf45effedf73896e1c85b68d54af3d9b07766ef89
hmenu.987c54bd7d63	9	987c54bd7d63587763e4b4f17d54574c705fcb538a5cc9ef8f6354c633810ba8
hmenu.50bf80da81cf	4	50bf80da81cf93a98faad116f4afea66abc5f12dcf933908a3a982ca02a1ebdc
hmenu.c16cf17a44b2	6	c16cf17a44b2ef7c2727874e626d60834ce5887b7aeb286b9af3867ee9119bb6
hmenu.934727db12d1	34	934727db12d1c9278459ff7350274e9d32d9f640b3f88f34214b0cea3fd80d1f
hmenu.d17d84a60499	4	d17d84a604994b722db37b35860b1ac7e8d9e43e725d0eb50702a9f7228a2999
hmenu.622af18ec40b	11	622af18ec40b9e50d8ee66ca0da3e2071c85104b5fe4e3f07ea3b7ff116a7b4e
hmenu.c3211a36b1f9	5	c3211a36b1f92105b8bffce0628fa22a593517a47b36ca116d1064e9c2251ace
hmenu.4a366d77739e	7	4a366d77739e74141160260fec420f94690908fae15dcdf3e954e8de7bbc1565
hmenu.fe31fddcfa85	9	fe31fddcfa85f480209fcc1a423ce62afafc9ffc652da0cfade259f8cf54eff8
hmenu.9789dae9e8de	2	9789dae9e8de2d0c79d305fafc45092e3b0b1becaa23ee481aa2bed5c64d4981
hmenu.4e523a5ae5b4	5	4e523a5ae5b4636c75901b79fafbd3912e41dc7987414e688b09d4b436ff22b3
hmenu.37f34b33d35c	8	37f34b33d35c7b915df2976b7df6c55f6d2dd31399d3a87fa34b662d171bb610
hmenu.8d5ebd1c930f	4	8d5ebd1c930faf660cac2ac3f0db91c40eb9e17f68ab667fe75823cfc1a24599
hmenu.a0ad5125a441	9	a0ad5125a441bbd929a618d8162dd39f3cf911195e29299a514b27f06409d09d
hmenu.dd93531216ec	4	dd93531216ec85494b03c7f3d58255f0048e3976f227a76a8bfa1a4f24aec96f
hmenu.deb9935a1709	4	deb9935a170900dbf9bec0727ae17f25974dc1ba264e5529c0dc9b691cde4240
hmenu.1e367f240be1	5	1e367f240be1b68c21cfbed3dd0026a80008facf31d7ca1db684447384f06b19
hmenu.c8dde1197eef	11	c8dde1197eef74fbfe9d37c7c5c1836e8838224b8376309a5af5ce2a6e1a9afc
hmenu.faff10f777c0	5	faff10f777c09e1759ad96d0b88577858fe3a057e16fec9faa94d74540212a14
hmenu.7786e60e45d6	4	7786e60e45d65be0b871a25bba4ab28532f257dda40a154e673326d75a866322
hmenu.a628d0e473bf	8	a628d0e473bfb2d5ccfa9bda117d63d8fbcbb1184aec3b8a99fbf7b4c414da97
hmenu.f27f17e3f063	4	f27f17e3f0632792bbe214cd86906910e331cfe9fd9d8349d4130431d92ba1aa
hmenu.bfcce8dd3cdb	9	bfcce8dd3cdb13c99aad4ee77485bd1eafc4562145c9fbbfd46a05c63d545468
hmenu.f34c0bc626ed	3	f34c0bc626ed0c64602a4425a803a409c4e2a231e8ecee40a19ea9b0db06d014
hmenu.a34e7f7f299d	4	a34e7f7f299de93e3553afff22b0bde7d0570e251e47311e8f701d9b7f1bae09
hmenu.3ffb939a893e	5	3ffb939a893e9a7002467ef6f3385c021156bd8b6b87035d4d79fe1819dba46b
hmenu.20f26e052358	6	20f26e05235854e25bb0069945231590dd3294b84879b2c945a6e50a9d207d4b
hmenu.c296849c776b	4	c296849c776bc901618fbd756103890ec4a8dd1529bb2bcdeba968ce9b7b93fc
hmenu.6c43028c7203	8	6c43028c7203c670439de07339753975350312462cd689e29ea57802794c0f5b
hmenu.e8150c40ae29	3	e8150c40ae29372dabb70316675db4e855ed6c4f4d879c8d43573a65d94dd78b
hmenu.eb63641ebfb2	5	eb63641ebfb2ba9751dca1ed9b129136bc9d6e4f13274c555e08219c7b8539de
hmenu.c782a998b909	7	c782a998b909bc434bf4a62d28b0a9c6ccc19d32a8e021e020814b07cd6b506c
hmenu.9aa92483b198	8	9aa92483b1983b875a7fc4ee771afa6fdbdbe7c3714eef220235afab372bbbfa
hmenu.19f1fa5ec989	4	19f1fa5ec989d121d8d2714dbed4db965eaaa6eef40df756c8a2526cedcbd0a3
hmenu.36cc5171aa59	9	36cc5171aa592c437b66c983894e3ea9142d2cc7d451b56bc91122186058c521
hmenu.6fc540dd651a	5	6fc540dd651a850fd26cf6eaa78d3e1cb740a862e7d71ff82ca4a5ce0c4d458d
hmenu.f4383c668fc0	4	f4383c668fc0fd3898ecf9ff2ea3d6b7c62592e8e29ef2bb1eae3e2dd27eb0bd
hmenu.0e2f3c169602	4	0e2f3c1696028c617b97909d5e87a76d369e535a6a15f409bd876c119af6a382
hmenu.9d1aae1b4ddc	8	9d1aae1b4ddcfcecc414ff36d7f86b8240ff338a3fb36f1c2113fcf10b9ec73c
hmenu.031a8f0f659d	6	031a8f0f659df890dfd53c92e45295b0f14c997185bae46e168831e403b273f7
hmenu.6a926170b35a	12	6a926170b35aec3d6fe457eba356e7cec321cc2cf1ff20d57fa2513bcbce86c1
hmenu.6c582b62e0e5	4	6c582b62e0e5aa05647388bd045f2e3e5e7f51f479d00d9df592634c8088a22b
hmenu.531cb8d83b21	18	531cb8d83b217d316925fc503d29e0b834b77faece5f4467e45dfcc4b235c0e4
hmenu.8d0160c0d842	6	8d0160c0d84236dda89711eb07586e3d95b186fed727103aabf3fa7cda07d65f
hmenu.e0ae3871e078	5	e0ae3871e0787cf9b8ca36789ce7082b1af3c2afd4cdab7519fae350d4fc9b0b
hmenu.e8cca808ae5a	6	e8cca808ae5aaa03a7fc3060856e6d4ad776fb1cb8cfe441a9bd240988cde151
hmenu.fe5b48644212	7	fe5b4864421290ea659cd77e54171106dd8419169f27ea3a071e11b431d1dda3
hmenu.033955d469b6	4	033955d469b620d6612cb25b80a8d014acb633e4e0b14eb9e7618675f94e4a06
hmenu.50b3b8ca8d99	9	50b3b8ca8d99a73d82be1a7ef0ec7a49d87c8d49b0ceed601a5bd1216a3a2cdd
hmenu.c141faa80e43	4	c141faa80e43a11909f5736d1e767f12e1468aa06dadd446081746934e875fc3
hmenu.b21f699ae595	11	b21f699ae595e60b6557ae138b6ede9c14c33e0a45dde2e0dec922e8e966de94
hmenu.a151ceb1711a	5	a151ceb1711aad529a7704248f03333990022ebbfa07a7f04c004d70c167919f
hmenu.31e7bb3ab4ed	9	31e7bb3ab4edb2b2b5813c0290b30e30eeafe4617d8fd6c100d16a71644f95de
hmenu.1246fc93bca0	5	1246fc93bca00b90d0fcaf2f7b7b41546f08817ce552c25eabc7dca19181c65a
hmenu.38e9b86f2bcd	5	38e9b86f2bcdf9a93d346c9cafc3c214a2fe7ddda36b2ba8b1cf2987a785ac3c
hmenu.3bac817c673d	7	3bac817c673d52d016cb0a2312e05bbbfcc32c162aefa508a0421dd46e292794
hmenu.75a4c2fe3b9e	6	75a4c2fe3b9e4d3cd2bd3d7787c7c138adf405fad5c27011227787947baf9b14
hmenu.218197693424	4	218197693424e0154cefc0af31aed96c084b987e08136e91d5528ddbb5461e24
hmenu.a80f942f4112	4	a80f942f4112036dfc2da86daf6d2ef6ede3164dd56d1000eb82fa87c992450f
hmenu.dd3bfe5f7da1	4	dd3bfe5f7da1dd252da75ad13a4ec8c5ff78a68aa1677a1adae1e934f1a76057
hmenu.a5d8a91e751c	4	a5d8a91e751cf2514d98cbde829258722e90ed39c690c14c1f6635fd47ccd6d3
hmenu.556c2616c5f4	6	556c2616c5f4a28db13befb93cb20e004809bb9c260a74e4ecde47114df20b24
hmenu.3b8dbbf7c401	4	3b8dbbf7c401d98222cbf67408ba140194631e7db1c252eef3558031c3ba370b
hmenu.1b8ff10a48c9	5	1b8ff10a48c9c9f9ada6842b14ace0c7ee25a2611074982c59636290aa2b894d
hmenu.d36fc710710d	6	d36fc710710d4575bf791d283d3669cecb934b76232b4857a8b56f52624f9c91
hmenu.d59302cae791	7	d59302cae79186c3909e252284c13ba14b629af3bf6525d95b8c176463f06e4f
hmenu.e1804846899c	7	e1804846899c912ff99f3371c117cc4273d25258e7e0ddc4b5d03e1d5d14ef33
hmenu.a0f949497a74	2	a0f949497a74dde0c63a35cd9ab147012ffa007b019557ea5cecb9a243d0c5de
hmenu.299900e611b8	5	299900e611b82e5818ae34317d5a386d66e41ed6b1d4bc624ae9ec664f15c87a
hmenu.e0d7dfb67ae8	4	e0d7dfb67ae8e2bf1b7e6a01ecd0c54f36ad4ff57f3cdecaf307cff4cd6cec19
hmenu.900919572345	9	900919572345cf7c970206cb93d8593f926dbc693c1cdb54c075b582cd013e45
hmenu.cd9fcbf0c0b4	5	cd9fcbf0c0b40bf7cdb35b1bb9b377dfdb180e0c8aa602fa903c522f6eebcae7
hmenu.37a77be39a30	8	37a77be39a30e18ab9caeed2ffd16d5c29f5fb5020548f4466015148b9e2a89a
hmenu.f3b89f8db994	7	f3b89f8db99427d34d185d29d5c490ee91b63cb2ecb980f9545cfed1f481f918
hmenu.9987f2e1cff2	8	9987f2e1cff2cc950884674a7e62114dd5d73f7aefad70b1e1bc0bdd8b5e4fbd
hmenu.07a5567e9c04	6	07a5567e9c04bc9af0b1967cf4adb0aef69c1f31d05cbf79fa3f976807a7f7d4
hmenu.f61b206ce78a	5	f61b206ce78afa7be81b2d561fe64f3a4d89a56507cd90e87b3a71d8e0538471
hmenu.f5d887a08758	4	f5d887a087580006e4ea38e794f832016bbddc1f747d8c0065502cbaaa1e6592
hmenu.859beb42adfe	10	859beb42adfe0f53162636c726016dcbab8bd0802574e0d38eca9dcb8590fa8e
hmenu.59f994ffa301	6	59f994ffa301d768f2cedf71ca62191f90f17d1f9522c581754eff04b9c37d82
hmenu.5c412a262086	4	5c412a262086b9701cda06302f6667f9265b1807d0368fcec6cc03bf64fc250b
hmenu.cd56daf85db9	29	cd56daf85db978762aaa82ec58748b85dbaf0c6342f14879fea4114221f574cd
hmenu.e23a445d0fa7	3	e23a445d0fa70aa809addfa60760f564ab40a28474b6b47c22a4f699b512458e
hmenu.d6eaec65e742	4	d6eaec65e74285ce669ca036aca114a14767c1a62b04e2cfa363125055648ff7
hmenu.a04630ef8bc3	6	a04630ef8bc3da8c864af0161fde9d42cc9c801a27228b3cf7c07237dec5a612
hmenu.c910d474dcd7	7	c910d474dcd724bff83ddedeb06bf1eceaf9fb3af7c76bb282be057f36e6dffa
hmenu.2040e712d5f4	17	2040e712d5f46a313a27e656bff8b2a4b2d012b75fb6253fc9cf55ad27f708ac
hmenu.77cba79f493d	14	77cba79f493d47edd9bcaa916b3e3db70270ce938df44f9705a866fee0c38198
hmenu.54cda0543a40	7	54cda0543a402949d4e223cc16e9dbd93b48c514c48026db1fbf38cf711f46cd
hmenu.3981d82adaf2	4	3981d82adaf2f49dbac2f114cec9803dba79ccae9d6555f95fc10b1b61a7c597
hmenu.06c42ad4ad2a	7	06c42ad4ad2a7f952f22828d85365d46171e32a0f6b0a1f26891d0ebb8ee64ce
hmenu.5396a7eae68c	4	5396a7eae68cbdec08c6614b65523bf43fffe2b3c1a405f9e4fcc6aa4078bbaf
hmenu.fd5da56f78ed	9	fd5da56f78edbf8bcec06b496dae6a3a3c76f31ffa12f586e4d7241bbd3b99eb
hmenu.31a4730ecf0c	7	31a4730ecf0c55582ff532e16a418b97c60ca7380e7d344e4d7794f68fdf6d7f
hmenu.55f6a88dc025	4	55f6a88dc02579e8f6f191ee9ec91f66067b5d362434877cfbc325e4bf23aef1
hmenu.c939327ca16d	4	c939327ca16dcf97ca32521d8b834bf1de16573d21deda3bb2a337cf403787a6
hmenu.ccf6ec9d6d5e	3	ccf6ec9d6d5e0efa6543ce225ac08a9c61b8d57b44a4d350a510418576ba6172
hmenu.a3c6a0e36a49	8	a3c6a0e36a49de34d81344d3b142c7f72a23d43b00b273a43e1267001b88534f
hmenu.74723f182aa9	7	74723f182aa96b1bae715da43a1e9bd81e688cfa3295206b9a2fc1e2b64a2bf3
hmenu.ed4267b59ccf	4	ed4267b59ccfec72b4781d07197fc690e3cd80f83629e4ed79b74b66c06e2afd
hmenu.151bf4939471	6	151bf493947164c723a941113bcf3930547c6694ae21f7ba9535f76a9393b884
hmenu.c8d3fc567bbc	5	c8d3fc567bbcbf384407a4ca279787fdb6e73932155e962e562507acfbf53094
hmenu.0323473424f1	8	0323473424f14da356d42000c75c342c0e071069fd343b07fd1ea5fc4d648bb1
hmenu.bb8b4c33ff1d	3	bb8b4c33ff1d1e18f808d0bc48171d3978be013196f9dfb8af1a6baf080b0859
hmenu.1a448b74e339	8	1a448b74e3394ccc84199ff281263c034afba88c519abc5271a47a4bd9a5b4ca
hmenu.699ec3219c9e	10	699ec3219c9e6dfb289630f0b611db9450dbc8e14af8f6fec34055bcfe3e6592
hmenu.33b19c2ea768	2	33b19c2ea7683b2f49d10921cf42dfaea6a95c494d4cf10c3df3e70a8b4d47f6
hmenu.ca8d79b7751b	4	ca8d79b7751b77774fc7af7dc23ffef7498f5195b00c7fa94687611122855b8d
hmenu.af4ae1febfb8	4	af4ae1febfb84526e754fb4f1fe892b67e4c7a7cd693a93e51fd93e632d88f50
hmenu.ca06710240b9	6	ca06710240b9298e2437d3c072ca132181c3b5de0f5891ea9565c4f62da08947
hmenu.4192f4c01fef	6	4192f4c01fefcfe4d96f3c9cb176867759d20aca27e46a740b33987b1283c72a
hmenu.e678314b76c9	7	e678314b76c9eac0d489751935a70f35721f59e12d11ee137f5fc7f223201b19
hmenu.095aab3a9a68	3	095aab3a9a68923dd0eff5bcfc36ac069c3c1a1ba612c22861e721fffc2c4542
hmenu.ce12b6f52e04	4	ce12b6f52e04ba615dd1b6ba327b135934524f25a783029441ff8a10b4f62458
hmenu.20ed071c2ddb	2	20ed071c2ddb428a22c7b6497ac82bdcfc6666cf928cc155106bd223c4d5f542
hmenu.616e8cc2cc76	2	616e8cc2cc762815bce92ba8e817da87e92c98b3e3e5c42697caaa76e18c6129
hmenu.26aa85d6e7ae	2	26aa85d6e7ae6b7194331b3411209f4b0f18b6d11005c43e0dc37af1d7aad6dd
hmenu.6318875ea19b	12	6318875ea19b348033bfac7d4ec3897eac2f75c4f3593a3ef6e1d9de886214b0
hmenu.a9a4a5b81739	12	a9a4a5b81739935300b32ba1667bfb1a783adfa41d6794956c302e2405920e35
hmenu.065bfee3ef92	4	065bfee3ef924d28c3bb3dee839cc631f2f2546056af141d06a0e90b4fd9f99a
hmenu.78d7dee640e3	6	78d7dee640e376003dc1b47e76f8e0dcc5b81ef6b742a3d83b42ff6c358807ad
hmenu.37a6760fa43c	4	37a6760fa43caf5b1ea02f22251b1456c39e060a4918ba3e963dbde336f16148
hmenu.d3162cace189	3	d3162cace189b028d0f0e090b40a055e6493d559a0a2c7fc1664704d8ba78dc1
hmenu.669ca9d758f6	16	669ca9d758f6be1b7ee79270241b922bb2bf94d4cb9de57340b9fd8469565e1c
hmenu.1aa9c0392e89	10	1aa9c0392e89e4a904ecbb87489c396d4a141caeba1b357cb4eaa83ab3745502
hmenu.0c944fca9b62	4	0c944fca9b62a9a163cf17603a8c44c3b7dcd2dd8186fd09e3ba007bb02bba18
hmenu.dde9f956ac6f	15	dde9f956ac6f66730afacf26f679ddcda78124351fa6a8946528bd24ceb26431
hmenu.232d860443a8	5	232d860443a87075cad6e4007736652c9d00ad8cb82616dad3886551b4f00492
hmenu.a03910f8af58	7	a03910f8af58b346085d4d7448feafdb39b2c423e1c2a061e690a4607678bf32
hmenu.26f3e44daf2f	14	26f3e44daf2fba408b39bffa67e5d0db1c9d0c1677d5a03e2c90b41946f35142
hmenu.b43e72eed048	4	b43e72eed0488d784f1e3092b48320e2355e9d6313f7ac401542018eec20d8a3
hmenu.69f03584a214	12	69f03584a214370847bfebf3f6efb7362b391974e864d90e15e0033b3f9acab3
hmenu.2038471ec364	3	2038471ec364d780cac76374fabdbcad2ad912fdf6284ca751770ec6a92649fe
hmenu.cf8f644eb6ff	3	cf8f644eb6ffa14be814c6654d97ff268eb58627ed283d81bc66d809a5923a5b
hmenu.d061f74774a7	12	d061f74774a7f44e80249f73c07bc22427f5fb98bbef51c7aba8ae4a6e65d908
hmenu.f864c9329679	19	f864c9329679397625cb578dd3eba27dabebd48f471ab8f0417aa6dee8b27306
hmenu.be824fce41af	16	be824fce41af59ae7dc2eb25edfe2d801ae1df989f63a0cf3c8d9c58d2cfb194
hmenu.97b3e8d3a39c	12	97b3e8d3a39c23ed47361ae7699b283fccec936eeee46715250c6d5b4631711f
hmenu.39c0d5346c0f	10	39c0d5346c0f07734c05ba749aae54481fd32dcc76c0e7e4f7d9bc95e5726122
hmenu.83fd89ac0e8d	8	83fd89ac0e8dcd1f7c9c8dd21c9c7a7a67607ae278b2e0011600bdf9f963593b
hmenu.9a1d64ecd80a	15	9a1d64ecd80aa92cb03a26a19e58183665aa2b080752a38560df157ca88384d3
hmenu.a04f274bcce6	6	a04f274bcce6f721d6a88aa13f03464440df3116d9233e3518dc6a29e3a8c328
hmenu.ffb4d1959c03	8	ffb4d1959c034c266ca7d404b1c2b0974a82d15e0e7fce33c2d0d8532b5cc160
hmenu.9c9c9149fd63	3	9c9c9149fd636b648af3d8491e773c94d4349e701a8a4763e7d81a0d4ea59574
hmenu.8f30c6936aa0	16	8f30c6936aa0fb01c59dea0e06e2df92074ad5c8cae899e9b3a72c915bd4127c
hmenu.a688d83ae858	2	a688d83ae8586526909c1329cf917f82c743b5132aad3f492fe7022d3cf4f702
hmenu.201d45139392	4	201d451393921bc2d8103ffb24631bb84e2e6addadc7a90f90d45e7fe56796b3
hmenu.9ba8e8062077	8	9ba8e8062077bbdd42596968120f9bde795dc3f4947274dd791e57370434c157
hmenu.dd6cd6449869	6	dd6cd64498690c8cec31d9532974e684171b6aa615ab29acd2563e68ccbdb460
hmenu.daf5b1bcb917	14	daf5b1bcb9170ff24e9f9fde6291756dcdb270616846cc4dc6983454cbafd3c3
hmenu.b133756783f4	6	b133756783f434f32f57fac991e6f99b649de85753028d60730086ac5d147d2c
hmenu.3a54dd46a19c	5	3a54dd46a19cbe9664388d4c8277174c5ff8c0edc52daf377b377e9e208c792e
hmenu.c6bef7a2b524	4	c6bef7a2b5243bea087f18e082f4e254cdef06ac13e3b9633fc7384017500abc
hmenu.44bc3799892c	7	44bc3799892c50fad1f4f76100cd74ebf28f922da6f977a772352d3291b92fdf
hmenu.b5c8f9ba1498	18	b5c8f9ba1498aba5a8b8e260e75c7a732fb1838894ce8a2005d293ab6353a17c
hmenu.ee2556352ebb	4	ee2556352ebb644bd7911ed707fb7e6405c8bc5c40106c94bf09945ab575bd54
hmenu.caaba8467055	5	caaba84670559b5bd406e01cb8f8c69eb1306b258197ceed0dd88ba7988dfeb4
hmenu.49b2791c7fe7	10	49b2791c7fe7910cb9cf002ba82ce5a089ad559697f306327e39887a4b4524de
hmenu.dc9197c4fd55	22	dc9197c4fd550d5e5c7bc3ce97af69c06db8a8e1242654b92a3f5d2728af2abf
hmenu.2556d66b879b	19	2556d66b879b7ba612141195c2b9ff065d367606935d4ac4603bf0a29eef4f99
hmenu.736c6c9e4924	8	736c6c9e4924e0b65b2565f7b06a066a2774d986a0d9d106036e6d8428f658ca
hmenu.aa3b17600d88	4	aa3b17600d88d3161605db8389b5bf03d4e94debcc8eeb74dca27aed95a154ab
hmenu.66e0988d1198	6	66e0988d1198afe049f2a5fedbb6e89c20c12dc3bc01ab3f5c13576d624f6e9b
hmenu.ac20a57bfde0	4	ac20a57bfde0bbc40bfe70895eb1cfacc944aaff06ca784053623c569b3e1b3d
hmenu.0c49e9ac3883	15	0c49e9ac3883432375a87549902d6c785ed7b46d240c5a853d4b4db7550f4030
hmenu.0e7696009337	7	0e769600933790607b2a13b33ddfade0fa17810eb62c3b28ee23e59516516491
hmenu.c35ed1964164	9	c35ed1964164e1c292c9f3c36b676ed3a0e326de9f38754f7ba416e077534649
hmenu.db7cbbd59162	7	db7cbbd591623295166596d1a331842b9317164158335969722fb5a86b22d9f5
hmenu.c839adeac833	11	c839adeac833cd19f290918fc6f224edb2788978b1de0742ac209ec7c631812d
hmenu.7470bd3bc2ab	3	7470bd3bc2abfe497af32ee4ccf845cb2aba14878d55c970d38d99629ab5d6a3
hmenu.32661a9448d6	18	32661a9448d62ee7e045a3734610840457cf8b2408af0f83be6e8936ae3ac72c
hmenu.2216c9f63301	19	2216c9f633018a761df964778ce4652c35efa19e1ff0b13bcf441d81b2c4ca49
hmenu.6a90dccd1aea	20	6a90dccd1aeabee21e4fb417b5da48dfce58a04127e4aae915f9e6dc04e3f2e7
hmenu.88c5252a954d	21	88c5252a954dfec765d27db4bd3f4badde7faeff2cab2d1f704b1ecb83ba1779
hmenu.2a73396dfb6f	23	2a73396dfb6feee1361b85e589728356eaa9e59f8dd6ebc3b73ece9694dcfe01
hmenu.9d693a21ea8e	24	9d693a21ea8ef227353aaefd2484fb50b2d803d932223876d5cb78ff0579de88
hmenu.570c42ffd267	25	570c42ffd2679bf9f720f668a63b87abc226e98ad1db84268aff76dca7b32e43
hmenu.f662884c1331	27	f662884c1331857c175e32cc8507c62d171ba54bb35641e4440ae3eaa8b8c651
hmenu.22c95622a6ad	28	22c95622a6adb321fb1c6042f9354beae7f042fed38abd34e54342a067bd1875
hmenu.c66cc57ad1c9	29	c66cc57ad1c95db9d53d603d02d7a4448c77dfabba5955375fc3a7b0fd739ecc
hmenu.5c1ccf0dd946	30	5c1ccf0dd94604613b526c515875928663bf12ade55a2918145eb88e59fb675d
hmenu.ce183432632e	31	ce183432632e96eea1b90e88484f063892fa53c4c6cd376bb1bcf56d8018de2c
hmenu.82fa6da4cd41	8	82fa6da4cd415265da3c7da3288771581d73bb7f1acfdbdf7a86b50bc93c07dc
hmenu.564c51dee4a8	4	564c51dee4a81554667cca5f7a75c213ffd72ea642837312c00a630c854bb5aa
hmenu.630fef850602	6	630fef850602c9e4388feb447f6c6ba864afbe8e32f01ccc83c8908985736e36
hmenu.d79fefdeefca	4	d79fefdeefca74d296348f247b73ea4a1fc32d649106875de287e460f3841213
hmenu.e87099f8b3b0	2	e87099f8b3b044ed6b03a481276dfc06b00b784b1ac692007871851c754b54ea
hmenu.61083510e564	10	61083510e564d55b9080d8f6830f793368d0b84a5dbf155bcbdc76a5bbe3524c
hmenu.69b98de6b39c	12	69b98de6b39cc18e7323ffc7ebbc82ca02e3dce9f2f2a457f448fec1d1aeb37a
hmenu.ece633576dbf	12	ece633576dbfae11f7c9054f8a50dbc9c8deb8656f2c5772906829ef6ad63915
hmenu.5558e8dd1512	3	5558e8dd15125c9721f3cc0c099b84836eb3f9330cd89811603c099b1604650b
hmenu.cba86cca7c1b	8	cba86cca7c1b7ff640999586663c786cae379d89fce0e3cea7fdccadebec93e7
hmenu.a83dd0ccbffe	1	a83dd0ccbffe39d071cc317ddf6e97f5c6b1c87af91919271f9fa140b0508c6c
hmenu.33a625e899e8	33	33a625e899e8d2226f45b79125040c9cdb486d9c017763e8e5b36b4f08413abe
hmenu.9a42a991e338	4	9a42a991e33845118699b9c808f7598e3f02456b99908ce21c422c07440c48e1
hmenu.30e87e82bbcb	13	30e87e82bbcbafefa40f1e9297e6f3dc087b9caf41e8ae07ab265d973d0303f5
hmenu.4caed95af3f4	3	4caed95af3f440cc1ee41553e4a6366647e84debe3618dd2577fec81f43f0cd3
hmenu.8b0e986a9019	21	8b0e986a90198a45211698b0bb0f03685a146079b5b67ecbba4e2689695a461f
hmenu.8b4fbece28c8	8	8b4fbece28c88a77ee3a95e09df2e5afb5abbb2cbc334af180ee3462a11aa23c
hmenu.7020fd7aaf16	2	7020fd7aaf1656dea5c0c0c3d4bb5a28ebf6243fba95d380467472757b6866ed
hmenu.eff4f8c33660	6	eff4f8c336608b92be7ebdf6ad2eb305fec42ce52d1e91a541881ca1300d6fd7
hmenu.fed1d872f6d5	2	fed1d872f6d540f4118582ec694270274e987b12f5dfe2057dddf1e12df2761a
hmenu.df343bd4f0bc	8	df343bd4f0bc6c92fef59220be7054e1ae20f0fd897ede1401465ebb3df96dc5
hmenu.5c18b45a6a4d	8	5c18b45a6a4d891d375e81f62ed5cb618550f7203e7589b09934b8eda561da7d
hmenu.014413c294c5	6	014413c294c5ac3baae43fc07f76edad47ade0562b00324b023a65585667f2dc
hmenu.4270abb41131	11	4270abb41131a07559c9037ff3da659372fe4d7f5011759735b7282220b530ad
hmenu.b52d125ce46a	12	b52d125ce46a42c8b6f99053d986702a20ba22587ffec7f6d773488e3497f795
hmenu.9f2baf225bf2	11	9f2baf225bf220785422db1f28cd45554ecb72c7d45d5cf6924e53ba6dc19451
hmenu.318b86019c46	15	318b86019c465da270657bd8be0545aab9702c5b6370ccb43ab09319feba1e31
hmenu.0f1e37629095	10	0f1e37629095ff5dc5d20a7fb78d5d960e8ba791306ba485c2d22a9f7afcd1e0
hmenu.05ce4400daf3	15	05ce4400daf378229eee3e19710175e66925045a4e65d95b998af85ae07aa549
hmenu.efc4d8f2dbf8	9	efc4d8f2dbf88d554dc2a93734b43fa279b7291dab167a54b82a8561fd88bedb
hmenu.9c52695b9668	18	9c52695b966830820715362a5fd4a3c35e26ac32347fe101ec652f9c16b59982
hmenu.0d40e64e3455	2	0d40e64e3455677c1521870d6b732366e2434e18ffc4d2e10140a40131f96d4b
hmenu.f415bf7b07a9	2	f415bf7b07a9b2c07029144aafb3c59d0187682ecd2b8c8ac911e742a38a5f36
hmenu.cba55fa8576c	3	cba55fa8576c4c3f1c926c0fecf1bd24def73c13fecaeac712eee804b469dbbc
hmenu.462e2e17f5e8	17	462e2e17f5e8cce6ecbd8ef1c971ba355fb41edddbc8e9e7ca06ad5d9d9f77fb
hmenu.a35abcd6dac9	4	a35abcd6dac9a2e5c1d7d6a58b9bcd2e7b00cad33a8aa63b75766f1ba6ce207b
hmenu.2e98e6fc27b2	11	2e98e6fc27b2dc5180220e4387e8dd2501b34353cbaabb489a43db3d9effc0c7
hmenu.9d91d2aaae77	30	9d91d2aaae772f03ff9e0de1de2e91290f6640bd5ac39c0e74f144af07b91e69
hmenu.8bc1d53cc57c	2	8bc1d53cc57c24b79bf7c260b1f3b29973caab7b8f501c33016b321ebfc274f1
hmenu.7b355cdf217c	23	7b355cdf217c759469645bc75311af9dbfa89681f049216add7868f8a339822b
hmenu.8aa318eb7eaa	6	8aa318eb7eaa233aada0d332bec14cb6a631c8fda25deb2c7d4f402888f1b1e2
hmenu.81551f85ef24	22	81551f85ef24f6e07a0a2d6e848be3f215adff6ba9dcb41395f513b88a09b356
hmenu.986cb43a3c92	22	986cb43a3c926288bee03a292a91a9c484b92345d69f24c3885d94b82424940c
hmenu.80e3cec3a43e	22	80e3cec3a43e04f3b69dc018380437f181eb72b769943f18e370ce7dddda527e
hmenu.e7d090343763	22	e7d0903437638c84b4fa2516810ba9cd2612f85dfd49ebdc22cbd40745a01adb
hmenu.7ffdf7044b5f	22	7ffdf7044b5f99836d1a619f746fcffaeb954797621f5d1318d95c781a783212
hmenu.be495ffabf1e	22	be495ffabf1e3814af6ea973960e6648173a5aac2b783d5440b9242f3da69e26
hmenu.fc005b1340c9	9	fc005b1340c9a93e500e56faaa0f1a5d0ff62f587e73cb0dbcba8c8096193d89
hmenu.ca57f7a4da7e	12	ca57f7a4da7ec5d203272e72b9f785ecdde1662446526657384d5a6359b052f3
hmenu.099d027ca3b5	36	099d027ca3b521879a034fd09d0eaf06953f5554dc9a7cf7b050b34e0f5b22fe
hmenu.78ea5ef30f1e	12	78ea5ef30f1e6270b71278c1e2c091384430b690d20179d5b5c88f57242c21c2
hmenu.ce8ffc01be65	19	ce8ffc01be65d6f02ba43e3a144ea20cc9c2e6c8d47f4a00d7da23926a953a82
hmenu.7879eb29f5ce	10	7879eb29f5ceb4bfa4ca8ebb34c0f3dc56b4446110d7a418c7a3acbb50a847ab
hmenu.f5985de1fd3a	2	f5985de1fd3a3b132253735956dd97b505ae8f069dda41617c079dc4a540f457
hmenu.1538015233e3	16	1538015233e3d64d2c70168d9b9d62a8e6d16afb5bdc1867dfbff25dc91bf70f
hmenu.a7fc7b600201	26	a7fc7b600201ee16b3920f4f697b71ce17ec92a814edb2a7ddce7f3241f44244
hmenu.555c7b8b3856	2	555c7b8b3856c5f4e5d6cd2ec93e4fc54678c49fd0d972d02608fab3ee7b37b3
hmenu.dbdfc4de61ee	14	dbdfc4de61eece635d2a7c3a45cebd046d9e1a8afd0a43f3fd357155f767c7ab
hmenu.558139f16fc1	3	558139f16fc17674498d78e905ffd25e67c3e720bb6b6162aadb8fc6d2681b41
hmenu.652bcc3a4784	4	652bcc3a478428893cc505ae19f847b49be52f861bedc64bb192ceed409fa733
hmenu.6da43b944e49	1	6da43b944e494e885e69af021f93c6d9331c78aa228084711429160a5bbd15b5
hmenu.e3c596c51da5	7	e3c596c51da542c6cfe1f1b98c133f508b2f2d0dd1b5a76b01f294ff93ab3e79
hmenu.ea0a64a3e599	18	ea0a64a3e599cdf53fe917ed04b2706a490b117ee2f825b2ffda10c8ba635363
hmenu.8cd2caa994e5	7	8cd2caa994e5dbe28acf32606034aa89a56d19eb6cf3e751a02c70e0cbf62131
hmenu.de6ae028074f	25	de6ae028074f0aae39f78660def6ab2aa2b9877cf820353589fb2ef532d0056c
hmenu.a3f461e6fad2	5	a3f461e6fad2b355b3cd131ddf68dbf29654ddafcf281a9a59ff8cfbf685b6f4
hmenu.8aa9d2bbcf96	4	8aa9d2bbcf96263b0893fd5e9d1c8d21e561b6b89cca44c6b01efb58e44874ee
hmenu.cd696ff78fca	6	cd696ff78fca9ef999a0f074e3afd0a7c5c762e0cb55efe823b0475c05ea11ba
hmenu.a2aef3d69199	6	a2aef3d69199d92d64bf5b097a6bbecb9d15da6a1a939dce6dd7d7b3e3ed527b
hmenu.d35edfbed216	7	d35edfbed21630e0b79e20918da3f8faec27ab03bdb5e46bcd1fed853a322af1
hmenu.1ce213b77eef	4	1ce213b77eef6d354d98955de0db3459a4d624b2fb236cd631b294a0578b3401
hmenu.fd30fe681b4b	4	fd30fe681b4b2d9e55f851cb34641f907401aa43e9d80f5b1e14ce714ef00497
hmenu.b0f82822456b	25	b0f82822456b6fd815be97c43ce3017dd7445ec36655d265754f2e6a16a9742c
hmenu.a6f51eccb14b	4	a6f51eccb14b8f9a205ba1b811ba149c67902a206e34303cb2696139601417fe
hmenu.a2d4a82d98d6	8	a2d4a82d98d6f1280a0816e1c0feaf7f07d8830f539e178069850feb6b7937dc
hmenu.724373c6fc3e	7	724373c6fc3e93f3d2dbc593316d0d66f7c78bd9bd1c3c5e7a71c9e789568ec1
hmenu.1511e825a991	8	1511e825a9911f04c9c848f4cd338234abcbe99e0afed515e7ee64ef9f9483f5
hmenu.52d29277d59f	7	52d29277d59f6b782fe869ba00ad8bd3d63beeccb28e740b421d015199010bb5
hmenu.3fca5061908a	4	3fca5061908ac4a1a1fbe16e0a5d102a311828c04a7ce2a3174a80983daa7d90
hmenu.448dd87e3774	4	448dd87e377473d5decb412ee66a1bfb6cb5a07051d1978638aafee79af838e0
hmenu.384253ece3aa	8	384253ece3aa75daacf466150ebfbdb54cda78c6f948a3a1241e118283908815
hmenu.b9a8e0f70180	16	b9a8e0f70180012080081bddca9b68b8a99200e2408bbe821d1490947dd76801
hmenu.1c790676fa14	9	1c790676fa144e13c89b93dc235386b4a224f924cc330981e945c764944df176
hmenu.78ab57d6ca68	6	78ab57d6ca68a68498f225c74fdd400409b579e921edce2ad6e204d90873df3e
hmenu.6ea21679a602	8	6ea21679a6020aafe338bddc159b11329f04cdbc70a8b59b1951dfac19fd183b
hmenu.183f00f483d3	4	183f00f483d3844e875d26eac74c676054383aef38ed5a8e4d1505ef21008585
hmenu.43aee0d00c15	6	43aee0d00c15371400a0f43a1097c8f56293d3eb4815121e2ab1dcfc5a7c169c
hmenu.846e26d154ce	5	846e26d154ced41e445ac0d508802798327de39f30f0efc2a129c7513260dc79
hmenu.dcb3e1c00e79	9	dcb3e1c00e79236dc91f5fd8b7b37dcc44364a8c2b61f05d04063a26588e77fe
hmenu.7a62e3ac3d7c	3	7a62e3ac3d7c06e27346c0a41d261dc7cdb46d3b7ed89073b770982923da014c
hmenu.bb68380e8c1f	5	bb68380e8c1fb925ac71d73e2b008b3c69c3fa63308a7f7fa355fb2bcf8c900f
hmenu.9612769f08f0	6	9612769f08f06e720b4bcc60763aa7e8d71c2ce2ce3546444e309158bdbff840
hmenu.cc0d5c1ee983	2	cc0d5c1ee98375f2c81d3bc49f88e70cbfb81eb8f6c97864e44b0b74d08f09fd
hmenu.0a980e226373	2	0a980e2263735001c25089e83b967fb4156f3b1284d49e808c12c2d72cc0134e
hmenu.4c85226bf443	2	4c85226bf4430ba6d64181ba5423e872465d0b4632eddc92d7656b3485921545
hmenu.c57f77ad9c11	19	c57f77ad9c1131bf80f6af7180f7b6ef5e4cc0a7ff1d988a25acb4a4b0b2413e
hmenu.bf7519b8e122	7	bf7519b8e122f98db4ddede0ddd08cfbf5b8be2b44d9bc14ba4d23f91db6e702
hmenu.1732ef2228a0	5	1732ef2228a07d422cb5589b383c794764eac4863680207aa7d9bf4eac9382ee
hmenu.b75bf0b97aaf	10	b75bf0b97aaf6311b4715cbadbe8481a8df641fdbbf2f05a98702bb3a7cc4f3d
hmenu.255f66a7b340	8	255f66a7b3404039f048b30afb37dd60db310b1e5bd4c4c4cdf6527fc1db7b51
hmenu.81ba27a08ecf	13	81ba27a08ecf96483544ffcd94c19752b7a103235af7f39143a12c7568e921f3
hmenu.ce41b9344da9	7	ce41b9344da912bb1cf64071f6c516dea7ab91c92de86042b9a17ab5e3e4321a
hmenu.7058347859ce	12	7058347859ce291119cc70d7fae5c0db89072994ba0e2c0205b6446e6009a7e3
hmenu.2cba9d25c1ea	4	2cba9d25c1eaf7f3ef0e86b1562165b1d66e950ff5155de71b68049916145faf
hmenu.353a22c2f46d	7	353a22c2f46de073c377e665ea0475ddd76dff1cce4affc8874dcb2f961f28c2
hmenu.137798145b41	3	137798145b418805aa1706c8de1b217ffbcb495ee69cf50861f14899d5b99efc
hmenu.09466da13f37	10	09466da13f37a6a6997ca264dcfd1a855feaf711396bdcb82061bacb71432d93
hmenu.d81674b2bdd5	5	d81674b2bdd5e6040532eea9bf30c4e1813f87db874078284dd00cfa198e47fc
hmenu.d77982267d96	7	d77982267d9699c2a57bcab5bb975a1935f6427002f52fd4569762fd72db3a94
hmenu.0c23e3138346	4	0c23e3138346c4611f1b981f2aeaf658b6130461a53d13dd9a005a88578e7310
hmenu.0239b91509c2	16	0239b91509c2b3a967f576ff25ef9de4e2e19e37440f69da21d027dfa7e6a0ce
hmenu.7387b0a4f910	8	7387b0a4f91087e610efbdab811a8ae15933db3444398c2d1d7908da8c76e1c3
hmenu.646c19373ac9	5	646c19373ac9e27e972c8e3bdf6554c4c10d23006c1abec3407cbff80c4ab71f
hmenu.0fc4d0c29c8b	13	0fc4d0c29c8b3d37663a61a656e44e8d1955610fed038528ea9a109aca200969
hmenu.77e86824b1bc	3	77e86824b1bccafe8011debc69453b8ea20290818829bee04f8475cea3983c06
hmenu.226e0758bf81	4	226e0758bf81c80fc48152a5e7299321a92172dcbdde243f2269def4d07c951d
hmenu.db884f3f9589	5	db884f3f95892476d021c930d1c08e4a803cf5767180d9b0eed291ec02666af2
hmenu.02561a65476a	6	02561a65476ac6b02729aea800899a2366065041fc23ea1b5ee5514dbe13b866
hmenu.b3edc84c4199	8	b3edc84c419950bd4eac0f79ca76e9cdffcb6cfd809ffb57ad3a694d2ede259b
hmenu.66f7c3f38607	4	66f7c3f38607d52236f747252c8feba4866900d6c174ecfd2e0dffbc608b1623
hmenu.b6baff9358dd	4	b6baff9358ddd8f760a539c3f4b36a3314876e86597f3465a3623b6be3f3cf29
hmenu.38df4d6991b6	5	38df4d6991b6894c33fd964ae943c6d8a134eb83f513efce41c8b36a9cfcd533
hmenu.b78c1618fd97	3	b78c1618fd97827f459e04fc52a2c15e08c2c7c59f9d6091f4b2f17eb91634f9
hmenu.428b84957a9d	7	428b84957a9dc93b53cd47d41430b6e3f59fbe6190db260225191f0fb3b9619b
hmenu.ec75f79040af	10	ec75f79040af17557c450e94a4214a484350634a433592d2eb31784c5a46e865
hmenu.58eb9032e3bb	4	58eb9032e3bb83f0e39d644ebc87ca254117b95bf458483bec7379bea0b419d0
hmenu.1709305c9fa9	5	1709305c9fa966d14f56f0da3c3614bbc10adcf53d72f90341bb96d24afcfca3
hmenu.68ce45d1ce63	9	68ce45d1ce63885bbcd06ca93a45b9466ff2b9363b2271b5f40ba3e3cc000861
hmenu.dc20b3d5d2cd	7	dc20b3d5d2cddf82fad332821ca5e9a4efdcede4a273aa193d2b495bdcc92825
hmenu.0dc9a6f14fd6	14	0dc9a6f14fd67dc5cce721a7cd5c24671c64380208ede1cc99be386a14748607
hmenu.52d46ffedcf8	4	52d46ffedcf86c4d0859f4b77883cbe66ed1dd3e7162a72a355dc7a318ce01f4
hmenu.239fcd44c36d	20	239fcd44c36d4b6802d9a6c69d6b950c9a408cecb9dc737df26a444ee0332f6b
hmenu.c357b4d49539	12	c357b4d495390aa7c5cfa360d389f48cf814f97c6b11e70e66163b470a3d89dd
hmenu.6f13af18f24c	30	6f13af18f24c2087ca1620b99320dfc4189c1774009ca7e1e5e37609339f5266
hmenu.dbcd5e7bb7a0	5	dbcd5e7bb7a0f538810de44c3efbd813037ee3fa358747bb71fa58e157af45f7
hmenu.687ea5927c19	22	687ea5927c19bb1e77a594e50712795c23bc01e4dad1c7d52891112a81efe48d
hmenu.6242c6e95507	4	6242c6e955078ce4b570c90a9e32d328cb158996430f9fd78a34cc70651a72ac
hmenu.51e49f593b9b	10	51e49f593b9bb496176fa5b522be1d322cf6cfcaa84daadead231280206d6074
hmenu.8a6bdb6b18da	4	8a6bdb6b18da586fe7f2acbd8f1055533f2cd97a3681b3652bcd712224df45c3
hmenu.7ffbeb7f1164	15	7ffbeb7f1164aa6fe118718f48287dc9df5af7f6d8f84676df81f949c55ff4db
hmenu.e920b38b45dd	21	e920b38b45dd6a828b466a06f4c4c4f63645f1c6a82e488599dc3da46b5280f2
hmenu.db44b8db4f05	4	db44b8db4f05d720ef1a57abadeed0c164d47b17416c7dd7d136d8f10fba91c9
hmenu.21e49eb2b299	3	21e49eb2b299c9f7503a1236ecc80e1c51dd9e07989a3c12283df174067cc1aa
hmenu.a0de5719f595	4	a0de5719f595fbf5ffe3b6d594962c0a9c25083f1b13363efa57264ae21f93a0
hmenu.12593033bc5d	4	12593033bc5d791a872ef1b1a8f9f992bd600828d2551d0f2ab78150b17e2c9e
hmenu.bd4d69ec491c	4	bd4d69ec491c816414875d7f1e05c83cd1f80fc71223d83bca3c0a74050e0c82
hmenu.d123013a3cf1	15	d123013a3cf1c1ceb6c20f33a1e574a93638d4347a565869db258ce8834ea81f
hmenu.c28e01d09adf	2	c28e01d09adf3d38d3843ab5cc26136b98924045d7e9717f4f0f82eb3184c55d
hmenu.df6d1d6c5828	12	df6d1d6c5828179349482eb6cd93cb348ae4fe44beae6426c96b24f428334985
hmenu.9fdd87c0823f	12	9fdd87c0823fd9b04ff4ff9e42f6657f124d9a958af7b788447abde6962a6a8a
hmenu.0b681623391a	8	0b681623391a7ba01f5e4f32168ec49bc6f3ea3e66c79b39034b3908686ad4bc
hmenu.08f271887ce9	1	08f271887ce94707da822d5263bae19d5519cb3614e0daedc4c7ce5dab7473f1
hmenu.e7b0c0160426	5	e7b0c01604266fd889ba808bb54be0932fabdbae6c8347ed940b81c0a6a89e66
hmenu.6563b9a9787c	9	6563b9a9787c9c1aabe063756808d6fc4517afe4a4b4279ddba1e2f13b5322aa
hmenu.fb6ee56073b3	8	fb6ee56073b36c399fcfb33ee1200c6cc9561ece42ca460dda39a66e26d9db40
hmenu.95832d038fbf	4	95832d038fbf7e6529e6969b4a52374ac92395cde5e732ce59bca9d74fdde6b3
hmenu.02035f070dd0	8	02035f070dd061a5bb9624a465a6e72e4c574f411815971e413b9622dc220326
hmenu.cb587e4fb093	3	cb587e4fb09392db6b5db39d6693709d09b0e376b2d4c2f0bda5333f9dc6baa6
hmenu.f17399cf2073	6	f17399cf20739916e2b685fc017cda925da6b5791f22d4d437c2b665ceb8cfac
hmenu.d6ce025350ff	8	d6ce025350fffa7338c6d99044af17fa6971b5e7ce392aeef2ebe3d1bf2e62ed
hmenu.2e57cfa2f1ce	14	2e57cfa2f1ce30f5f6d0a71be82a86033545897b15e675ea0273b207289db023
hmenu.2b35cf4dcb81	6	2b35cf4dcb8171b99803c4fdeeddd8cc60820e3378676a8285759f31ac32fd23
hmenu.5d6e5b679dba	16	5d6e5b679dba998545f81f7c7ad7d7252eb006d5013ccc7cc7f25967ac5ddcad
hmenu.16a33178967d	4	16a33178967d492112666d3cb979a2741645fdee551ac376a36f71099ee3c8ca
hmenu.cab360771df6	16	cab360771df6b98dc0b2f66c11703ac1eeba4de935c5b28cf1075b955707c825
hmenu.0852bdaf94ee	3	0852bdaf94eef6052d734dd4aa7dd29b7fe0098fec5b1047dded2a440d47b99d
hmenu.69a5f2bb972e	7	69a5f2bb972e06a9779a94313c6978bfa7d6b2f15a8c51d9c409f3c905c51487
hmenu.a978e21c3754	7	a978e21c3754862e57020380a3e9ea7ed66e16dfa3db6fb28bc5c8a0d22bbbf8
hmenu.6c057dff25d5	15	6c057dff25d567119765c1acca9d8af4e9f2df33939f6231dfb2c8e751bb681f
hmenu.e97af8c4462a	6	e97af8c4462adfdf300c0af2f031a223fa06694481858c007ffe220e414f0710
hmenu.882bd1d31de6	5	882bd1d31de61525ef5f376c119cb01679e8d28efd12532969f3217bb9536275
hmenu.416a91cb462e	10	416a91cb462eef23349616893e603cab6ea12f594b033f4fae7f4f3fcdf7a3b7
hmenu.79d405dcc3cc	7	79d405dcc3ccf440667fd6f33d09a3ceeb5e15ef911241729b9e07d397909a36
hmenu.4ad1957b53d8	5	4ad1957b53d8c74fb5da0df6c8987df910426829f9f65e546ce886a02048a977
hmenu.b194d92018d6	7	b194d92018d6074234280c5f5b88649c8db14ef4f2c3746d8a23896a0f6f3b66
hmenu.945df98629e6	6	945df98629e64d551687e6c7efc27431d9a484fe7b60bc2e8f5782ef70755875
hmenu.dbfad66aa3db	14	dbfad66aa3dbea75c13690e2b4e2673883eda8aedf4614c6aa9ffb4a14a2e614
hmenu.6299ced9a9da	26	6299ced9a9da1db06d7f1b4c540035144d640bfdb514dea214b6d264bdf05144
hmenu.3ddd8987443a	7	3ddd8987443a91d16f4936f9f893f17b331a8fe43cbefbc31b676311274d65cb
hmenu.606f41260d9e	9	606f41260d9ea80af6b2ac306805d18e0826d04701b7f6bd8730e76d3ff615b9
hmenu.036a27cbfee4	4	036a27cbfee440599d9c69600ac44ab150f043565ece461ec7eac9931a929a42
hmenu.fa865b0f430f	4	fa865b0f430f4527dfb6d176c456914e6dee9cfcc2f727803d17a52d70ba3c70
hmenu.ca8c6327598a	4	ca8c6327598ac56aea4f617cbecad781400aa1cb46b5d6c8cde3f6651c1d7e15
hmenu.f27831e092ef	9	f27831e092ef14a254586f3162ecf24c53808756793f497caa6a84e9fd240be4
hmenu.0a951f785273	15	0a951f785273fbc5222c78f8898da3682f9f2aea0eea2d1695903e7cbbc7e4ce
hmenu.03f8c1273e3d	4	03f8c1273e3da99bb315fe7b71c8e45159c826e6d3f42eecd4612078248f73a1
hmenu.21a508147ecc	14	21a508147eccbbd32ae15709337ed29fbb794d71950f3ea11b950445c06b95b6
hmenu.a09e21047e0c	11	a09e21047e0cad864a463dc15027c376df50b15ce75bd1b3c5336bf1168d6ed0
hmenu.b0b9fe24ffa9	6	b0b9fe24ffa9629125bdc59b122f80d605ab604eb1b74485c2f2ecfde26576ae
hmenu.a0a6ca091c70	4	a0a6ca091c70a95296d9c1bd308ae70eb64bc2ac8a35b2713045510db3d8eddb
hmenu.72d567c59a54	7	72d567c59a5473d826cb971bf313b8f5435f9e2eefca6b1f3c045dae4442c96a
hmenu.e368929abd36	4	e368929abd3614e92ad17e56175b67d1f6ba94aca92ab43b7f16f31764ff7447
hmenu.cdba6dc33e22	11	cdba6dc33e22fb468026fce488b4a6dc484e9647345ee03901eb8fc3b0ee1693
hmenu.66c9ab177708	7	66c9ab177708cbc6b9770301ef0caa3f4fdcab0e3741a7f555b025a5d7dac2eb
hmenu.02c7998a56f2	30	02c7998a56f274c87972c2a40a2e34da38d0f3d6687be0112bf8afea34c630ec
hmenu.c11e844bc717	2	c11e844bc717e792437f1d2d32746430e004777fff42447d0d13d8b77276c5b6
hmenu.06f1b3afc470	10	06f1b3afc470c64c346874b7feda5b8c854196c102deb05b82fe8feec5534313
hmenu.39bf205ed033	10	39bf205ed033228fefade2789181da5c5cf74d5ffb536d7e57c789d95806562d
hmenu.25877b98fccb	5	25877b98fccba1d5a34b052c47e3265d8723b23fb696fb358fe6fc042dddb6db
hmenu.442e07fe93c9	38	442e07fe93c9ff6d773c71c9072c36f8a630e392acce6774b534180d0ab93a90
hmenu.ad1096e9f7c3	8	ad1096e9f7c3eea62699f4602862dc59173d57980e9970d1d7e8e927d85d3adf
hmenu.5c859e73de88	7	5c859e73de88d16b6fb403ba7b2c3c54b1d3061309369e8cc29db5c0ca36d981
hmenu.c3a61f03d53c	9	c3a61f03d53c732b91be3e7144bd2762ca3b8c56e556347ba8e179517cc879e2
hmenu.6a7367ef7970	7	6a7367ef7970d165bf9a60a16ef4365b2b7670f5064a35438e2ea0049dbdb1dd
hmenu.04d7b4833927	8	04d7b48339271ea67d3c8493e07e90bc68dc565485eebe5e0b67c21c1586e3c0
hmenu.c65e7c8cdec0	24	c65e7c8cdec098e353c20973822e04422bd84b6173c86fae2b7b4ac6f46eb2fb
hmenu.b28f26dbb733	10	b28f26dbb733cd4f7792c92f1f0a202c8e22096990f0ed98de30bf1330675141
hmenu.43f466ea8f14	9	43f466ea8f144a64bd71597e251075a666f9c0c0e948e9311d0d149351eb75a9
hmenu.63f3f9f2e37f	5	63f3f9f2e37f1cadf9158fa6c0d9354f6212f454388022a008dcc1878a10731a
hmenu.350cf2c3eee0	6	350cf2c3eee0bea7a991950e7cc1470e4a69d2d7214f919aa25fd54c96f5c116
hmenu.36f781461d9d	7	36f781461d9dff74e9540917b81acc0445abe495b13a57e140394c24bdd26ddb
hmenu.02456bf6eab1	13	02456bf6eab1215d29e316e046bbcb4968260a602c02890e1e12227a8b9a207c
hmenu.eaae3408200c	4	eaae3408200c7fcf423244b05af04f235a81e7c8d93262246ca4f62283d2787f
hmenu.e3755df0dcf3	4	e3755df0dcf3c90cf29636058ee5608b61827826af38c1f10289a8fd2ac771f3
hmenu.d94eaf694388	6	d94eaf69438863a8d5ef755e74e6840048386eefbf0e34f39004d2e9c9157778
hmenu.733a7885c841	16	733a7885c841ef139c75264e1e5daf6aac8e122383d481031e9aacaeaef8fb97
hmenu.63c0931f7d7a	6	63c0931f7d7ad260b0db4b363d402b074dd074e09afdd90e8f0c11502c1ae632
hmenu.f40d7f51f69e	3	f40d7f51f69edfaffa29c42910fbc6af6a822f1279162d486b4a7e11c3e0ae9b
hmenu.5ccc2e8715d7	5	5ccc2e8715d7a17c3110afe37b8561b84b450db8efcf187d90649f212201050f
hmenu.27c413f98227	6	27c413f982275000473beef0848b10bf6c03648afead76892cb0642f93980eb7
hmenu.6f00156cec07	4	6f00156cec078cc0c6c207117b68104f4e0e06cf67a3eebc6398b2c7f5248f45
hmenu.3a241d59687b	7	3a241d59687b801ed1a519fd9acf1bad288e1cc9993b2d03a7974623483fa00a
hmenu.965701cd196f	10	965701cd196ff52123c759efeb9821d5f08d2647a912577bf5aa4aaf58cf75be
hmenu.6ecc3df6bffd	4	6ecc3df6bffdd06c58cd4f6e276929e119c8f653c53f5a6a5a5e66dfa1c3fc93
hmenu.4b8fddb04ddc	31	4b8fddb04ddc123bc5c03da0e3d2aa1544f1f42ca989b4309bea647394625c8e
hmenu.c846885c500a	23	c846885c500aec3c94deb6f7647f24203197422112e5b21799d68b48e4a9bae9
hmenu.d504e6878a5f	9	d504e6878a5f64ae5c2fbc5d0ad1e60c4a29250362b1989bd2911827bd9bf30a
hmenu.b1ba3a0bb969	13	b1ba3a0bb9693843a47fbbb67525e590cc5811f56897665106694ef766d97ebb
hmenu.e8bfb4fc6bc6	4	e8bfb4fc6bc66d7c04f5ef7143b63f62e91b710caec650e32873e25ab1abbf92
hmenu.3aaab8a73c8f	17	3aaab8a73c8fdad02e2b3eba61ec562ffb43bf701c6451b0144280b8cfae866b
hmenu.0bb4ee71bc12	8	0bb4ee71bc12ec555ae3b66a480e734bb498bab7affc4b3d12969221191a0d7e
hmenu.1a259dba2566	3	1a259dba256600620c6c91094f3a300b30f0cbaecee19c6114deffd3288957d7
hmenu.a253ff09c5a8	3	a253ff09c5a8678e1fd1962b2c329245e139e45f9cc6ced4e5d7ad42c4108fc0
hmenu.7731f2944115	11	7731f2944115cfa3a40df1ba2d36b7f824ed6d4156ec1dcd40b00946b0fe233c
hmenu.b0467a3612ef	30	b0467a3612ef55ef5b899de8304cf044a58d87ef7dbcbe762082a6291513a7e8
hmenu.23794d91c53a	2	23794d91c53ae875c8e247d72561e35d9d06ee07c70c9e0dbcc977a6d161504a
hmenu.adba2f021140	3	adba2f021140ed1d4a3dc60a8e22c4a036ee05925c34f27f1f24091455114277
hmenu.c627c09c14e5	4	c627c09c14e58e44bc51622dac392958ec88244e414b508020634f53cfcd1e69
hmenu.34a489fb589a	5	34a489fb589a0a73111285e0760d14d79669e3aa152c925d77ad193c2782580a
hmenu.e3cd80292737	14	e3cd802927371c0d95076b698820f43028cc429925b0149e5ee3fdaccee347e4
hmenu.f4bc10706755	14	f4bc10706755ea3d43213085e1239a1a18cbaa137b301f962734d2b6d1bdbb8e
hmenu.8be3365cabaa	3	8be3365cabaa6a0f90d2e64f03fa78268c135fe0b0758b576b447e9b2068d75d
hmenu.66c7e1ebe806	6	66c7e1ebe806ee2c6c258a9a883fc7b46cdb419bb4243862cdbd24e95f911258
hmenu.46ea8ad0a953	7	46ea8ad0a953e9632d9e54bee5917bfb5cb814c02c65472d1577d06aea48496a
hmenu.97bfc0d9913d	3	97bfc0d9913d2b682d4caa1c254298baec1acf51bc0d03a0e02da0cb97297afa
hmenu.dcd1d5223f73	4	dcd1d5223f73b3a965c07e3ff5dbee3eedcfedb806686a05b9b3868a2c3d6d50
hmenu.3db65f8c2a7d	10	3db65f8c2a7d1861b4bca37da3adec5aa7905931eb6faddbc595a35f75e6ca40
hmenu.8f1913f50e8a	6	8f1913f50e8a3aa0c0dda27a4e376cf45ea2dad8013d83c224c5366e5bb91b28
hmenu.5f9bbdd124f8	5	5f9bbdd124f822a2501a2c3fffb9d44602d007e4405afd743fab476c968885a0
hmenu.18fdd549b2ed	3	18fdd549b2ed367ac0c74cbec1214644728515b30edbcb78e7d322757a7c8359
hmenu.1ff57a29d7c9	4	1ff57a29d7c9d11bdf61c1b80f2b289b44c1ea844824d4b94a0d52b6ba5fc858
hmenu.e5491432e147	16	e5491432e147f2b4f9ec6a215ade0ef704582da232740bcbc54edf41fc3bb9fd
hmenu.c60b2fd627f7	19	c60b2fd627f7d94af41c118834d80facaad1a9d508c39f4b45da3be83995dc87
hmenu.1ea442a134b2	2	1ea442a134b2a184bd5d40104401f2a37fbc09ccf3f4bc9da161c6099be3691d
hmenu.10e55c0aaaf3	27	10e55c0aaaf3f00cadbb3cf23d8f417157c445a48b5925b5d0c3658c0fed70fd
hmenu.210ccefbc5e0	28	210ccefbc5e0bf15c8a82d220dc37face3c4450ba0a60830b079db316605f958
hmenu.00e9fd19de55	31	00e9fd19de55657756e10fb2050baba79fd4c3de04d796061f7c90df346e2257
hmenu.4ad94e6143ad	32	4ad94e6143ad996f1004f5ecd3089910dcc988b8b9bac409d3b471a9f5cbaa82
hmenu.21c51ddb755c	38	21c51ddb755c3be688b7422f8ce8adba7bc4323d45b376f2bf9574abb611c480
hmenu.cc0e6276ac47	27	cc0e6276ac4701c44a9cc83636c23b613e7ed24da3ada80b8418e119ad7b9add
hmenu.e66c38ae999e	24	e66c38ae999efab72146af0e79b7a529b9b57fc147c920b6071a303137e53553
hmenu.689b17a30cfd	37	689b17a30cfd3b7dede669a1bb84a654048de8695fc65abafdb0b065132be85b
hmenu.eace244cc8ce	9	eace244cc8ce25a1d4a81dadbe5f3b5070882388253c0e4603611ca39cddb70f
hmenu.a3cb7fba638e	3	a3cb7fba638e2366263806ae31bc3c1e3e59222003f3411bba06bdef62402391
hmenu.44592af7565b	8	44592af7565b26e56cc513b61349422d8c90661cb35c4e67e53b858ad25ec339
hmenu.098542852a17	16	098542852a17aabfb2d704d402e19b5535092677fb385b2c18aa61fe4f128197
hmenu.cdbf2aad986c	17	cdbf2aad986ce15e8441a8c46d771702da6295069ac4e0df497f6f3a1fb06b92
hmenu.6e3566599b3b	21	6e3566599b3b0a844a280a113f567e0ef786dc9f530d2437702a9b14be30a274
hmenu.6358f2cba54b	8	6358f2cba54be80307c7e63f858c02e571b7e92625cd2a4676b526553ca7a561
hmenu.41c1797f5878	17	41c1797f5878e070517badd1dc07caa68dfdc4a6eae322e479c482f70a8b7ba2
hmenu.94be0417569f	20	94be0417569f0d3180837c5628c0a64a53cea2475483fe1839d08fb3cf6bb20b
hmenu.65659145569b	6	65659145569b894bd67d06e685509c2decc5b2ac5e18700c085a253506b0fb75
hmenu.7df0f3202d92	6	7df0f3202d92ba2ead9fda3e8aff9dc7528e3df110819c9e0a788132c5c6ace6
hmenu.d0c14991b117	37	d0c14991b117ea85242d47a4163d8be569e7f4847813187522eabdf702adb52e
hmenu.552e765d816b	5	552e765d816bc9e4143c76636ee5a4e9d2833e238f7b908f1db6f9c8ecc604f0
hmenu.ac9086b1c4be	7	ac9086b1c4befadc3f94f1bfa9401865aff8972e6b539488921879fd97804081
hmenu.270826d41d0a	2	270826d41d0a807d41e14d413e764fd30dab7a7bcd1e478ea94b9e812671042b
hmenu.38cca6bea010	3	38cca6bea010af8adaf4be7d270456fa9adef8c0252db91f2767c607d077319b
hmenu.9af0ff0f58a4	6	9af0ff0f58a463fe73ff1898933a1630f3633606a01fac8130929da998fce312
hmenu.138d585fdb42	7	138d585fdb4217e484a8cefaf12966759d346942f6ff46dc7da88a56bf6e24e7
hmenu.c0aa84b8317f	4	c0aa84b8317f8e416903cd6272ac36044d7f9c4ede72ab30b8319fe468424867
hmenu.e8a01133b135	2	e8a01133b1351e5fa434167135400d1998d3daa8ce74e3dd9bb57582fa4d7b97
hmenu.2192e8955d5e	3	2192e8955d5e1ad1651f2f0c637e6f1ac82855747a5f42f978db28669595dc21
hmenu.096543a7a0cc	15	096543a7a0cc77180e5c10a4694528c5c0c5032dda31b89449a0e9410938ee4f
hmenu.07c4571c0ae3	4	07c4571c0ae36a827d75f27a3f0d10b76f72b09ca4100dc016c6db89dde1ec6b
hmenu.6e10953f3e4c	4	6e10953f3e4ca159285c03a116d60c5086727c958dc25b31c39848ffea1dcdfe
hmenu.8e8b57f40112	7	8e8b57f40112ab73d5f0b016f6fc1344472c8a526b986643b12fe4ce1fbc6369
hmenu.3979e291594f	7	3979e291594f6d58e0b6a18e839bdb0a9c0be516d43338f4abbddbc5f1454f41
hmenu.05d3799e8d57	5	05d3799e8d57826848dafee94fadf9f5c9ff5a3939aa76cf77307fca530ffed7
hmenu.0ead91dc84af	10	0ead91dc84afc583b85531a45a11afd736f6dc5741feffb4f637152cfef38dd0
hmenu.e029f71e07ac	3	e029f71e07ace2a2e098a465bdf1acd0e62fc556fa43fed0bad99db4e338e9ca
hmenu.44b1e55ec659	4	44b1e55ec6592ab35419962a19f2323dadd5f7f9b3f7f97aab40741b4ab508aa
hmenu.be0d2337a575	4	be0d2337a5752f2f464ec4ad378b0c7c6f62669ebdca0f87214e4f5a6a0dfa7b
hmenu.843ac01149cc	2	843ac01149cced785dfebd0028d3b03ba78e286e1c6f9517ebfcdb609d97af4c
hmenu.735b64972b07	20	735b64972b07c1157c98a333a19cd966d14398e0e5821f8ff95a4c61f67758fa
hmenu.16584052fd33	4	16584052fd337f09553dfe2ed98e35a2de86043f25e61a3acb5d1e63a949e844
hmenu.ed077f3d8125	4	ed077f3d8125d60dca1979c7133601bd187d47c73ed9975028f677e49e709942
hmenu.36fc0c15eb45	9	36fc0c15eb452da9b6f0d27ef78247fc41bab45a6e22d7e1e1e954218486de66
hmenu.0f044feb6ca7	9	0f044feb6ca7d6764650e6b800425a84b5ea518d6f531ee92c3995d6c3eca11e
hmenu.6be090825c99	5	6be090825c9971035aee21d9ac0fc9c32f279b921e956026460e4cc1eb611dd6
hmenu.b6706521e9ef	11	b6706521e9ef6f016a86519e2968b9829d025c6d687daae6b85b3d377637d6d4
hmenu.7d482f6c96d1	6	7d482f6c96d1ee875d3180e95f33751bda4451d3c3ae16149b291bfe0875988e
hmenu.bf651ae18dce	7	bf651ae18dcef1cc4a41921bfeb606fc8d6d449c859b9032301f65ebb0c79603
hmenu.2e433cd6427d	29	2e433cd6427d4fde35bd367b99163db156237ed6b1216ed5d489b3505df60092
hmenu.b991604729c6	10	b991604729c6632e280a4f147710b6a28fce1bc56f60181b6ed69c2dfbb588e2
hmenu.b24963ea2cbc	9	b24963ea2cbc74b97321a347754137aa207b126695a95c860406098528966b55
hmenu.f9662f7f6955	27	f9662f7f6955bc1e2f51decc0a143eb56ce4b03306d4dea2807fed0d0c6f0a36
hmenu.04a5cc96a9b4	3	04a5cc96a9b42779db8fd5ec30d773f750cfabdc89a6867a03562f3fc53db22f
hmenu.86a7f47b3337	2	86a7f47b333770c6e85f03ee3caa6ef9dfebfe2cb3444b738cc2df5d177ce38a
hmenu.8ea3f075500c	6	8ea3f075500c7f66b9b58d56ef4e75bf13c78b3e61637b7297eaf82eccc175ee
hmenu.e6205bc8ab80	3	e6205bc8ab80302276cc2b94e571d9aeafa567c0517146ac4396a4f6a8cead1a
hmenu.c87f290656e4	5	c87f290656e4b4d73c43dcbe6e37a6405fbe06ec3910c3ae3c9e10e8e9dbd12a
hmenu.3aa848523d46	5	3aa848523d46e079b205f5b9f549fffda69db8b108de274c8d239be7b7fcd930
hmenu.e14a7e697577	5	e14a7e697577c62408de457366961015605700b5c28c86db21663fd2d5a0025c
hmenu.2f9acb02faa1	4	2f9acb02faa121bb2a3621951f57b4c690655337edee2e5ac350be2b3be88ea8
hmenu.5b901a1d14f5	8	5b901a1d14f5bc019417c4f5dd8589f4ce32cad300fedf13aaf37e64c8d5acf3
hmenu.fd8d9ac1036f	6	fd8d9ac1036f141c39d223db1d7bc571643f028a81b73a5463433060c9ec8bac
hmenu.9902b04e8de0	7	9902b04e8de0e54178bffef08e0de5cc3d8a09a43575d86bb8736425f817df4b
hmenu.fdcc98998d8b	16	fdcc98998d8b8eef2427c4a6e749316f6e40098528d25c2567bbad7d4ec67bb3
hmenu.37d60b85a939	7	37d60b85a939d5f68346038147e04fc80ec3d6059def498649149c7ef24d78a8
hmenu.aca43afefcfb	11	aca43afefcfbc583feb71c27c18cb6770416779b651bd3306d42be1473264fd2
hmenu.f5d24e444d2a	27	f5d24e444d2af32b408ca27f9162639234fbed7fa29ba00a31fe4d09ba37ec6c
hmenu.3f5e2e801e62	9	3f5e2e801e62cb1756d811af1d9679910954891af8748e09b458977156d6b476
hmenu.5195eed19619	3	5195eed19619a3dd6b18c6e328de46ee57a8db731582a49c4f7f6222d9d130d3
hmenu.58d874acc686	13	58d874acc686bd537b5650f763fa40fe29db973ed664029709433fb647e6a5f5
hmenu.5d50a12fc6bb	4	5d50a12fc6bbd3369a2d51161b8d62aa32a8c3cf2be130648f4334473a0ecc02
hmenu.9708639fd47c	10	9708639fd47cabe3393b70ac5b60f32f8738208bee47524ba6de1c8b94dbd304
hmenu.67f1eefc9a6d	8	67f1eefc9a6dbb4882133367099732e576baa85dddb162a116b47ccb18d9a989
hmenu.866cd8f3bf14	5	866cd8f3bf14026b08262636d98c55df2401a6a88a8ac284de59d72ffc9560e3
hmenu.f53a7ab988e2	4	f53a7ab988e2f4624beb96812afd0bc56a8f1743e97d5ac7b33a85c0be131471
hmenu.a3d3db2aa2f6	7	a3d3db2aa2f6cdadea969fe06d42042f0255b155362b0024b289222532137df8
hmenu.6aa584558eee	3	6aa584558eeed79910674532c04637684e1b68e67ea1e4201f245b450b949851
hmenu.911cb64a57ed	18	911cb64a57edbccf1e208cb669d28c70abe42be18fadff13bb79c25a4657a839
hmenu.5e3eb87a29f2	16	5e3eb87a29f276c9d35f4efa2a92e8cd5f195d9abcdb716718016c61739f77e0
hmenu.db2a4a90b9a0	4	db2a4a90b9a0a24daece8cbc830c4091d86fb58bdb3cc9532f94d591a21f82a5
hmenu.6acc99af99f6	4	6acc99af99f6b3a1dcc5bbe7d00be59f947cbe8cda444c34fa2f90f1c0d92693
hmenu.fbed9f024d79	20	fbed9f024d79962b466eeec5b115b7ab183e53c348376594450eb3fd6c076a61
hmenu.b46e2e86f895	6	b46e2e86f89501bac84bc75a8f2f221a374c8c0d0130e638e0792f5b945fd290
hmenu.f6d83774f2ff	9	f6d83774f2ff2fe47435a9aa31d986249c87de4c788df017f2057ade02b5bcfb
hmenu.67872ab2f841	6	67872ab2f8410c97eebced3ce8addb970b215177287f8743c4361c82751853e1
hmenu.479b74f1d545	3	479b74f1d545ffd0ca204c242d58c11d5fca138c8a802091f6ba8ac37f32dc29
hmenu.3c1faf6c2967	4	3c1faf6c2967bce2c014388933502d1b6ccb678aced10c049b7933eb5b2513b7
hmenu.835043ec8e6b	7	835043ec8e6b792147ef928d14b2222534bfaeb36c321f991df59390116a6bc7
hmenu.3a21ba623ba8	21	3a21ba623ba8a24b394fcea60eb87c356757fbd4bc85df299ef4c1dd7bf729a9
hmenu.349096910d3c	7	349096910d3c474b61ec0cc741486084dbd9c8f2a57e37557b35c7ab5e6205f3
hmenu.831a9d52a9c3	4	831a9d52a9c37435057e727005b1b61955f31434ac63c7015e236905183106fd
hmenu.58898bea9edf	14	58898bea9edfae8e48c16b6dd0f1c2001f9fe900a1b72a5af485816840097412
hmenu.ba7ebb6c0b12	10	ba7ebb6c0b122ffd1c5619afce128a161bd0c0bb3ce32006692034af03011cf2
hmenu.d6359f6ff9fc	11	d6359f6ff9fc2a4d3930db2895a96c62907cec0270bf3155b8cf3a266bc6a91e
hmenu.458f2c2c0f01	12	458f2c2c0f010a7d22ae1659c910711c634248efb11cec1ac66e27aa03652d1e
hmenu.e932f4664fa9	9	e932f4664fa9d32f95c406fe026368eb2e88dcbdadab01fc684d95abddef0c93
hmenu.383e2d946278	5	383e2d946278a872c3723cb83a961d8c4809df7110628cca0ba1a808267b3561
hmenu.d818fc89e110	16	d818fc89e110e453a56fd0b548ca62f22b275e37860a7eb1ffa2119ca2b58c4e
hmenu.012f9df23526	12	012f9df23526751f3997c942506c4fdd5ccd2f2c74b41c9bda232706ec8e93d6
hmenu.43f03467ae89	16	43f03467ae899c50f6c7fef25158321ba6c8c7f68c025ad6765b670ead35df26
hmenu.e034aafd4a8f	14	e034aafd4a8fbc94f2b07e9098fed8a2b7134771c303d22f6c28bbb025c8701d
hmenu.af93da41d026	6	af93da41d0267ccfac9f8665d865d55dcc3f4690d9349355a729d970cfde2d43
hmenu.e9463dccf054	5	e9463dccf0541a9778589691543fd69249759d5de6a97cd57d6420c3e5d92baa
hmenu.311f423fde0b	10	311f423fde0b448af83bf27e6e08126399a0a5e8e2885c110459d72ea2eadd66
hmenu.5b681e6beee2	9	5b681e6beee2c18c03fba2dde1d676d4bbcc0adee45397489023474ee632ef72
hmenu.e53de187243d	18	e53de187243d39104408b38cdce1828022f672178437f3ddc156257668416379
hmenu.71437a4a6487	11	71437a4a64870cb0c5c823908b8c31c1b848ad5cc490eef0f5d4755e2c4c3244
hmenu.fad9c96b8764	6	fad9c96b87648339f93dd72e297bf817d109f69ffcf2c758c9b474305edd163b
hmenu.05cf6d7fa79e	12	05cf6d7fa79e46deb2bb59a54eaf67a87db549785653414468d3665504684f49
hmenu.436e61016e26	4	436e61016e26fcb773b9725745cbbf0afe7f001ea26041a814a7712c2925c442
hmenu.fa4925ece175	9	fa4925ece1755efd373455b3bd85e97a5e22f3583062cac60d82ab41f387ce53
hmenu.2270f4657420	14	2270f46574201068b17935e8b08d3a2af2a45d276949fb8ade513b4a145d8b29
hmenu.907d4883cd4a	6	907d4883cd4a82ba4409064cd83a1659a672e4c392eb0e34bbbc56077d3c0dc6
hmenu.282cac63534b	27	282cac63534bcf26f85cc575bf68a24c9a9a80dde9a38da95937f608f530064c
hmenu.09fbcea7adb3	7	09fbcea7adb3acf0ab26ed4c56b6e1bc033ba0bf19dad290ed25ede8ff022d2d
hmenu.77deabe238de	6	77deabe238de2f6dddc88c17dbe14221918571838d8fc1228843f9387b0b69f7
hmenu.993fb1fb1f8a	18	993fb1fb1f8aa955dd3249c938d915299f7727fc8e086c727c24d9ed17d42f53
hmenu.d5a78b996fe6	6	d5a78b996fe640a3f9181d71da872b9dfb63bbad0d282edff0a12e4e32074b6e
hmenu.b53b10af0873	15	b53b10af0873b1f2524132b7f3c8969ff730e2e251d903ac4bf20450a6e7ce1a
hmenu.6dc21afe4ede	8	6dc21afe4edec3c11b085c474e88026cefc74581cca0c738a9fcca1466b7ff99
hmenu.e957ea95af6c	9	e957ea95af6c32f3e159243ca60730e0bb611d4f00681e065807d2c095fb8c38
hmenu.56b32e2a15bf	7	56b32e2a15bf535a8ade32550e24cbc440fb12781e1e90a8b41e44b851cd881d
hmenu.f13024272c38	4	f13024272c385f73dd30cb84e0e88cbabc06ab39eedcdbe53c7e933df61d4849
hmenu.865514682d01	13	865514682d0132abd96594e2eff0ac8d379e16c60c7def0ee5c5f220ed3474ef
hmenu.a0ac42731f52	27	a0ac42731f526b3b65dae4f5579cf09bb95414d3562137a4964f96a4433fabcb
hmenu.9ed1273e9b5a	5	9ed1273e9b5a55799f5e954a482c04fc2e01af5fa06dbff7706b35067be01299
hmenu.00df727dbe5d	33	00df727dbe5dc2fd691488463bb9a24f7b951bb3d37ac4c142b59996adf555ea
hmenu.73912999faf4	4	73912999faf42cb37adc0db937015cfbb2554170d72329b88ad86bf62a75cd98
hmenu.84a339c7021e	9	84a339c7021e803d85f17e82f0228cc1844c18b8f4835149fc1f9d1a11494935
hmenu.90920d93e2c7	7	90920d93e2c7e6323a947c6edb0e31a9702002e329af32a67fea53f221983cb0
hmenu.e6aba2bd5a6b	11	e6aba2bd5a6b0b7ea8564a58f5ae3767067b97e83360ad28f625853dccec2725
hmenu.194eb9c38cc0	10	194eb9c38cc07f3986ff1ed3480e46f7e1ed062f5b9de38a8aaa3c037e02dff5
hmenu.cbf70b2984b3	6	cbf70b2984b3d4797fb15ae67dbdad8214922ce94047d27a9e91098433922bdd
hmenu.b4128c8ceeb5	12	b4128c8ceeb5c322f98c5075e31efb1cc8d059647f1c4776d9b2385a2d3a7d57
hmenu.17c60a21a9c2	5	17c60a21a9c25fc473780f26530b4e91506f4f5efdc61d14e01b5951750c8a0f
hmenu.7becc6bbbf91	15	7becc6bbbf91dd65dbf3657b349ee8f207e05ec9385928cdddc87145c53d63f5
hmenu.6568d0800791	3	6568d0800791dbe1208e8eed7a927247c17fe80ad4d4446dfcd14894ed9a447f
hmenu.32f5b8496cdd	16	32f5b8496cdddd701b954ce2a04a4b32bd1aefcda3217243ecc97b953451e430
hmenu.34abf9bac01e	6	34abf9bac01e8ac6699b8968c1767041ea36380131a53a2f3491e46ff27c93f3
hmenu.f9b67545230b	5	f9b67545230b5cc7b9d784b5b85885acf9b2681165a3bddbf964a3bc4bac20dd
hmenu.c3e682ea21c5	15	c3e682ea21c55204a279059f44eb0be513ae4d615d21829d05d875f29bf43f6b
hmenu.7de7dee9f016	12	7de7dee9f01688a44e65b9fd752dd18e66d7f965c324a91050bdc81c0771d9a2
hmenu.95843b3de7d8	8	95843b3de7d8e824427ccff0756bccbebd21b59e271117552dd2e2c66731a690
hmenu.9f49fadb6a86	5	9f49fadb6a863305a9b3e350cba91aff0adc2790f56ae60687e7137a99de0344
hmenu.b3eb37acb66b	4	b3eb37acb66ba4bbe8fb1ba296815daf194be94f5a5fb50dab2fb5e4a57ba29e
hmenu.295e8d1916a8	11	295e8d1916a87639084274ff55b9f2d29e39df1e2716a4267386dca0e1b6c73e
hmenu.70f6df1a9164	11	70f6df1a916475a70d50920bbbf56184e66f1119b378c315eab5e91a6f392966
hmenu.8c2574892063	1	8c2574892063f995fdf756bce07f46c1a5193e54cd52837ed91e32008ccf41ac
hmenu.aabc6d88cbd0	2	aabc6d88cbd006dcf0d6ae121bfda5d29d942c73ae21d31793ab7de79580bf24
hmenu.bf4b0c03c646	3	bf4b0c03c646add9b518fc4f658deba189e5bc4918607186e4570472bf6cb19f
hmenu.a73ad97290b7	9	a73ad97290b783d034d1904c35138c9839580291af54a0aeffc41f65658cf515
hmenu.fb79f423148b	34	fb79f423148bd6721a487f96b6858742d91764b4a1df73e0d305480a7e5afa29
hmenu.a73614e57f23	4	a73614e57f238f5a858575226dd9070820708c18ef7c7757f4ab110caaf3855b
hmenu.0bc388f6937c	13	0bc388f6937cf680c1db29e817f6e0ff3ff5ff8261dc844bbfc4ad8373c19850
hmenu.cac1af324631	5	cac1af32463126bfbeaab728c83b331787455c8179e502ef59eeb87c7f83b8ca
hmenu.65cbe1e19791	3	65cbe1e19791d49b023800b3e22714e2589b6339bef5e660b628dd1023506ebd
hmenu.f110459a5ada	6	f110459a5ada7ffc33e37c7153e406dd58666f8dc1718484b086c2def318ae75
hmenu.9092bec2ae88	6	9092bec2ae8859f01e5a0d6e8994f90d4f0bb21b3604b77743b8804dd27144eb
hmenu.c676d78f6303	6	c676d78f630305b726d0954248223cae2868f9dd51473fa7762f2e20fcef3795
hmenu.7b6cdda4f2c9	13	7b6cdda4f2c9e81b243f4cac6e1fc8ad8463c850d1082a12cb6c8075a0fd16cd
hmenu.53a0357017c0	10	53a0357017c0f5342d219b2d72c7ec1730be7f69f606a954354c692b5b5035cd
hmenu.d90b7f3c1834	6	d90b7f3c18342b7511bff9e82efc1c2fc85caf0ee6fe504ad079f14d8e115942
hmenu.255633313f2c	6	255633313f2c2771dd5bbd4f2e2bb425d9c216f1df713db6ef123275db8b900f
hmenu.4a2e7ef421fb	9	4a2e7ef421fb8b0fd0d6d758d67326582e08fd78631f1205f0c03c4587d4dece
hmenu.17bcac0445e4	7	17bcac0445e47c3bc2c5108aae5962edb7875fe7138fc892453c069c28d27930
hmenu.53257f68c4e1	22	53257f68c4e1660b3840ae6330f99bbf07c620ddff0000e27759d92255e95c3d
hmenu.89ef2e220032	8	89ef2e220032b61a7b349ab13f5124494cd161dd2a6cac94109a045a23d669ea
hmenu.d6399d87d53f	8	d6399d87d53f83a766e3c2a3700f37d99bdc6fadf8ab583329fdd24c8ea9309b
hmenu.6585fb8ff829	10	6585fb8ff829f80bf260fa249cbee5a54b95a14981873a7b669def175c05a93c
hmenu.b238f962a37f	7	b238f962a37f10c2336c7d963e77ab2676cf39f29aef1d13e02a6b9e679f441a
hmenu.c3172d0be78c	6	c3172d0be78cf7a468dab757679cd7754364b8701cc444ab1d3dfbc704d7b4ed
hmenu.e47dff317b55	11	e47dff317b55f631fc5494c19205db213963edf4f123b4b1e1bece73e0deab8f
hmenu.babfe184162e	14	babfe184162e13a1a541ed3bae20a109e3e9dd89192414d3855d681ebac7468a
hmenu.55f1a1ba9654	8	55f1a1ba965495363c2b465f2d680b64581a02942c1ded63d21929c7825e335f
hmenu.28c4cf991a7f	19	28c4cf991a7f86b3765ce529ccf2a75de17a1df5b19a6477e2a7d950313f7b2e
hmenu.7abc6c23cb25	6	7abc6c23cb25acfc42e2384f57c20f91b039670275d11d3b9123dfcd35a57653
hmenu.aaf4a1aa8624	13	aaf4a1aa862406d15ab309e52cbeb05dff0909618ef33a6ee6653302f06d686e
hmenu.c4ce3c7ad82c	5	c4ce3c7ad82c8235da21fae8ea48e071a10e7b1c6df6a9e5b4603852d8b3001c
hmenu.08083a19a27c	5	08083a19a27c057271bf95989eb8ea26f4ce8ff563530a089e8cdce02b927155
hmenu.d27e866e6cdc	12	d27e866e6cdcf6e8dcc2238ca34a23ff10e85544ae0e91b9af200f5d465962ff
hmenu.673c5354cba2	5	673c5354cba2cfe823fd5fa9d52b1584b5b40b04ac1ef47c5ab7197f896ede78
hmenu.3c5edf17420e	6	3c5edf17420e70701cb208cc112f7060fec1053f2599774f04652b7ff2877c97
hmenu.34efb50db494	6	34efb50db4945aebcf64d47c222a52212478456997244a5ea47011aa281c3966
hmenu.577fba0b80d7	4	577fba0b80d791636e583ebc868cf72baf53b9c32e18d501355f2a4fca8820cd
hmenu.ddeaded8ad8e	3	ddeaded8ad8e44933f39e672a8886d49ba10738d78bde119b2fe7c3c25fdc4d4
hmenu.f32a5b3bbae9	8	f32a5b3bbae95bf98749d286d4152b43398bb32be4afd1645d98e7c9e0da20c9
hmenu.73134ce12829	4	73134ce128291dc366b5bf3cf75c167846a2823f56705437694879de7b336e9a
hmenu.7fbb406c089a	6	7fbb406c089ae2ec8e524615b7c260b8154458f3b592820837c3a8f7957ec2d5
hmenu.76e11af94d35	3	76e11af94d353c6edf577441a23d0f5ebe7b3beb5fc36afd05987c3c14b46830
hmenu.1f862e758394	7	1f862e7583941aaece1e96122b276b3edaefccb77dadab50f516b3e2476726bc
hmenu.95722ac83cf7	19	95722ac83cf755ccbe970c7d4d56bda38012335cbca4310fdbeccdb636a64b56
hmenu.9b9a8d05a7ec	4	9b9a8d05a7ec353bda84f9c1bb3178c299de3001b5e970508ddc889c487f92ca
hmenu.47399b7f7437	9	47399b7f74371fc483f6ed923ccfd7744eadc7fec3892117ff4361e6ee222757
hmenu.5fa7aac5375c	5	5fa7aac5375c5815787fba3f49559f9b45b14023147ce0652803387974144e5f
hmenu.0f7b79cee0ba	10	0f7b79cee0ba8d15a0bc799dabf19f174ffe465edc63b3eaf276ba0a7945d40e
hmenu.ff6bc316041a	7	ff6bc316041a74aac1791d31fd90d34ba651924dce6a6e103047af57a5519445
hmenu.c3812fc4acb8	6	c3812fc4acb861d5182fc2b8155f327f736fbe5e5eb86a7bd7afcb6dc5497282
hmenu.656bae520321	26	656bae52032142182b03028d4b71c2dd7f445a84d754547b4f1ec08321e24f6a
hmenu.3064d79a295c	6	3064d79a295cefe4b384b8fe5cb29fd6b06d7eb1ad94b8895f4148039d06b330
hmenu.1196b6c538ec	6	1196b6c538ecc61a658445255dcb19ebe23e05465acd46c4aa5d995667bd8cfe
hmenu.8b7853ad6235	15	8b7853ad6235284490af3d74d47649262b9acf29cdfb0ef73fe0be96ad60190d
hmenu.c3f8edd2a350	17	c3f8edd2a3501a616e366a7577d27e28593b77041fcc776c3beed2d21a55cb2b
hmenu.a79d75e5e0b6	19	a79d75e5e0b6c42f7cd4d3ed74169f5c2ddd7ac2086a21a5090814e6ee1806e5
hmenu.f1c727903cc9	17	f1c727903cc921ea5458d3bc5ba7d53b88de20c6a93d4373b704e740f8de43ba
hmenu.7755fd116d03	21	7755fd116d03653ba07dd7c6dbd4132802e45ed93b358ac782b72abb33331f3a
hmenu.241e29427543	18	241e2942754350e3c6a5e40c4ec17b9977932b82d5dc65e405b256a0eace471a
hmenu.e453ba72cd39	13	e453ba72cd39035f8fed836d3b3c2fad9d6a8d235ca62ecd40dc022f474ba30c
hmenu.e2c5201c1822	9	e2c5201c1822c05e20c31a03798e6d58e80f4e121e5a69fd8afeba9d594db2c6
hmenu.7d3031eaed76	14	7d3031eaed760ce9495453e5c2fa32b0ca34a8f50e28db4ce7e2793b49960b50
hmenu.18363dbee31e	6	18363dbee31e6a38db3c8df982ef6fe7c703be54ee98f1a5a6109e81ab2fef8f
hmenu.4a1204f5e558	13	4a1204f5e558af21d9f6931413a1a22911f368c5bc349e20c8433b08d4f09c94
hmenu.05863ec2c378	4	05863ec2c378927634badbb44e31103dc47f0a0f4df78ae2fcbcc4d915899f5e
hmenu.b479932c66f3	21	b479932c66f320d9eb70da2d08467246a4dbc645f3948efc0ccc79a79dc9338f
hmenu.6e7d50e84f47	6	6e7d50e84f4731ef74187cf8cfa2672184eed8866b0b0074a772f4a64e0f4ba2
hmenu.55a816001106	10	55a81600110655b4334b285c29bda98ea97dafd27ac4e97ac12877fd367226e9
hmenu.8eb9369aed3f	5	8eb9369aed3ff0affec7e7d2cf3f076fcb605aa582df3084c95bd1cb1f74b344
hmenu.e9d7b76127dc	6	e9d7b76127dca2c7d07ef02a2a522db3767fd59fec9a25e7d2b52491870d65e2
hmenu.478e5ec5fe92	5	478e5ec5fe9296b278a897fa9189b0894f7092e40555a1ee2eef4a5bde7b5d48
hmenu.e76fd0c97e92	3	e76fd0c97e92c8b3b95bebc8c8d04d7f21c1dd171db0ae8d6c97249721d72d00
hmenu.d40a5aca994e	6	d40a5aca994e2515589d71a99faba3f6bafaa9ef19fc72228d87b341e0614472
hmenu.86e1e1a33388	11	86e1e1a3338833f3ff16dfc15fc561fd99ffd1aefb2756a16afea104d57555f1
hmenu.0b8cdd9ec4e4	5	0b8cdd9ec4e4cbca2aeedbb7e4572400dfbd7e7cbf415dbb99acecafcccbdc21
hmenu.bce10c5f121b	6	bce10c5f121b0596254fe4770a0541e86e1297d84acdca78fdeffdd335908b65
hmenu.b6337bdcf05e	4	b6337bdcf05e243e2e92750e7b156ae2d4a135f2cdcda2a8f1f5a37055af13a2
hmenu.f214fc83fc74	5	f214fc83fc74e0712c96582889328baa350da40c85dac0378a632abb4273cd84
hmenu.2184a4e3f4ce	6	2184a4e3f4ce0f213448243fb42d24df4b7763ce99f5fedd2e73b45194774678
hmenu.af24f787ee25	6	af24f787ee25f46f1686768b8e5e89a7cea3a37e94cf456c77af1dfed97164d7
hmenu.d1f97b88573f	9	d1f97b88573f7367c3da5a90628b86d37dea9ddb3dec795f0a3ed08c21d2a70e
hmenu.c210bfdf28ce	4	c210bfdf28cec3d9edb636d798e0f2aaf0d1cfda0b7f8d469b1a40650686ec02
hmenu.cab601c5234c	4	cab601c5234cbbadcec864961a4489fb9b42d42211e5b7905e23f8522e3a4c19
hmenu.b0537b978fef	5	b0537b978fef1348ca864a56944770f2a6f7281c6db34b7eadf44db3229eb10c
hmenu.045fc6c686c2	9	045fc6c686c205e3619ea2ba9fdaeab796cf2d6afb22ff805d4409f82f5ea180
hmenu.ccdcda42124d	5	ccdcda42124d564fef6d24ca4326bec84e8f660b392f03c299130122bf2f5de8
hmenu.491bdbd15a5f	7	491bdbd15a5f419da610a6908fbb747c24163a5be8aa325c558d2918caecc81a
hmenu.3ecb9bfec1d5	15	3ecb9bfec1d53d94eae872d5968086b37600c325c013a9c22673eaaef79c824b
hmenu.27368719cec2	5	27368719cec2c853a297af71ed9c6f06f57732664d9ade820d19d2afb3173b9b
hmenu.08dd9890141c	3	08dd9890141cdccd3999d425a3492bfb742823adb8c56586370cd28ddf72f65b
hmenu.cb4a39d0d0d4	7	cb4a39d0d0d497dad0deaf97958c55f87ca3ba91cc2168b1f4889d66c37536ab
hmenu.56f21695a650	6	56f21695a65057f1cca400061794e05d72d294e6af64f6ee2be8c03f0287021e
hmenu.c6b2e09da697	11	c6b2e09da697330d13f009ef1839ca27a97fed61d78ca077cf3f4f1ac82e380d
hmenu.7067d9392f2c	8	7067d9392f2c108e32595a5d6ae4ff03b5212d46c6d7b71fa5132c336736ed6e
hmenu.c3a409ae6f7e	8	c3a409ae6f7ebfb40817925a51de04278ebbb00c0ee492b0265091914d6af9d3
hmenu.7721a1e68b99	13	7721a1e68b99509a317b27c87a89893510907f7c9c0fb54f095efa79ff666165
hmenu.9083251aa54c	15	9083251aa54c8cae7c7fbd231b94afa23da84d1b288ede7cb833e7e689e40207
hmenu.1b1326d6b613	3	1b1326d6b613f050ffafebf44d4145475da6ca30ad5de3b8dc62ab61e7d91320
hmenu.0325aa2351f4	4	0325aa2351f46b0221f96584b6ed8a2b841e617e92153ad4f4f5f03ac4d5a1ef
hmenu.c71993ff510e	4	c71993ff510e9f58a06c2c065bbb52a03c03c124875ed44a92cdcca9dddf1d44
hmenu.88322eb3b3d1	22	88322eb3b3d1d33d67f1c53c47aec9c6c655746bd07dd7afc1aa537144f2a92b
hmenu.8018d9d982ae	4	8018d9d982ae385511051bc9073f0f825d29881e00c06e1dbb5646a92db29c44
hmenu.abea56ac6750	4	abea56ac6750974eb8460eb2069b8d19fff1d3c22cb30eecd4f42aac9c371a35
hmenu.c2a18af9c74f	6	c2a18af9c74fbf121fe23738ec6c641e47945e4189b14d8d70c8bf19b8bb49f3
hmenu.8270c57d74c0	7	8270c57d74c0ed8b9f7618f74b103877d02e601730591f3ec1dd34a987619b1b
hmenu.790cef75fd00	12	790cef75fd001b7dfee444f28d551996266ebb4d146cd036ebd535eab789c351
hmenu.53dd76e8676e	18	53dd76e8676ea04c52019e62b2b84724c049e8d913ffe40bca7ac6d1f53fa97d
hmenu.3e1d229402b2	7	3e1d229402b277c16d46b169cd69067421ac93ce2464676d2d2c08ad591fb8b3
hmenu.39e1775d82d2	4	39e1775d82d2eb9cf0d2862d6e2d59c5b7a1e85c543d89a8fe0594b51115f427
hmenu.0bd5de8ec368	5	0bd5de8ec3685ec159b86d235869d65c00deafca48c58a7fb74fba68877814fb
hmenu.bad4da26bd82	8	bad4da26bd82ade3848f7c3236974937475ee0f415b31a4542fdf43b42c77acc
hmenu.1ed8f0748b41	4	1ed8f0748b4186f626eb3a830be164dedfe2e11e11c342d6b4af467c1b48921d
hmenu.ae9adfcb6d57	6	ae9adfcb6d570d708e1989e2e4cc547c70500ca0a7514e98cc870e1167abe46e
hmenu.45ea7f3cadc6	4	45ea7f3cadc6e817e9634eca10c403866a7fdb95d94a7384c154dca588c58f00
hmenu.e66470cefb93	10	e66470cefb936620fcb85bbb67e6b6ff82dcc6dfeb646024defb7c73a42bc12f
hmenu.bf8253cd4db7	4	bf8253cd4db727e0e6e7c37720fcf944371658a5baf1195907aae23eeb1f8ff2
hmenu.43b07b85db2f	9	43b07b85db2f23a6aaf5ab6f8ef5598cdb83a8405598eea4f2bd1384deb55559
hmenu.1e2f12a3eb67	4	1e2f12a3eb67501bd186592cd9510d4bfd1c07d3d68de842fd48b1d5fe7f6b4e
hmenu.f4726202f85a	6	f4726202f85a8f5dff6e08a5f2f491a9a9b3f35a57e999993cf539cf0b1923fe
hmenu.ea62ae08c144	5	ea62ae08c144552219dd56432585b508ed7a19542d52a7242c930f1d8930cc88
hmenu.811e30515d02	5	811e30515d02d402740cb9cb807af0b3a7414629d51768ce61a52676df6aaf62
hmenu.3e2dda2d0bc9	7	3e2dda2d0bc92bd20bd1b5ffeedad239b366f6716b52c0f05f2848dda66bf237
hmenu.de621b54e5df	7	de621b54e5df8b4800cc87391f4b4b1f081f4cf2096e95382f3ecda14f9da167
hmenu.18c9bbae695b	24	18c9bbae695ba51a707e095df55110330f059b781f0df4accfda45c8a99df10b
hmenu.f9a69f7ccd9d	9	f9a69f7ccd9d17bc622685887be049f225f5b20eaee8d59486bbfcaa9d99d033
hmenu.6dab0ac571c7	12	6dab0ac571c7da61d506c335c0a3979f341aa0b00048b23d419b7258ef01cb7b
hmenu.d21e5e50b651	5	d21e5e50b6510751e1a4631e158ddc4ab53b626a0342c636f2c58dd8536f851c
hmenu.57a2be45ad60	6	57a2be45ad606af575304e03ca25df1ed76971a736ed7298be6ba7202b77b684
hmenu.6129de1e7508	5	6129de1e7508b8d412be7394955c811862e120dcd2a5f3788d3db6c70e285409
hmenu.b31dbe9abcd2	4	b31dbe9abcd2cf11bbdc4fe01944b5dd2164be4fee41fd51ca9a2bdf4670c76d
hmenu.416d8b8969de	6	416d8b8969debe9fe4724c762c130328a50f6fa383d2f57df2856245fc41643e
hmenu.dcc71b7d0dc4	5	dcc71b7d0dc457cf111ddf7a48fb95b761e077806f247c10e034d0947b313f3e
hmenu.817708232072	7	817708232072010f5ba3eea549b8722723656bb8a72ea2538912305f602b6a2a
hmenu.8f358f38bcdb	4	8f358f38bcdb129dd5b58b92b3573b393feda670565d109f96b266b6616eea1c
hmenu.47bd8dbe7ce7	5	47bd8dbe7ce71135d27ce480cc076db0301e47803277f303dfffcf1635a17e70
hmenu.308f3ec3b44a	10	308f3ec3b44abb4a3fc6cb46b143b63c337b467e1793b87905a9d7ca9902481d
hmenu.78e75a25d809	4	78e75a25d80993a5a435a1ba5517574846097376373689d701c28ba02781bdb7
hmenu.2ea9f3ad312b	7	2ea9f3ad312b545292467a726691931d3f43d7d7000e392eb7c74ca142d06938
hmenu.a2b71d6ee899	3	a2b71d6ee8997eb87b25ab42d566c44f6a32871752c7c73eb5578cb1182f7be0
hmenu.29b83054448c	8	29b83054448cefad73e09ac0679a5e7872336d6d41a55def8e566a1ec065b985
hmenu.a42b8352b4c7	7	a42b8352b4c79f604f3ca0f8c703cbd08f648e86099ec682ce98bd4a11286741
hmenu.2e948717bbfd	8	2e948717bbfdb4ad6fe9ac8e76161350bbd2463b1693ce682478b9b816863ea7
hmenu.bed37ce0c7aa	9	bed37ce0c7aa23d8d2b1304b83a3aba46054c875f00c19f2f740a65728d02649
hmenu.bff4d121f688	6	bff4d121f68824e1ec529cc222de59ada472d5089513c630fd5f564e6f8eca19
hmenu.1509f561f241	4	1509f561f2416598629b886ad7d3c05a7e221e4e0675c84bbff4ee6d9e03913d
hmenu.b0b21f129832	17	b0b21f1298328f72d36cdc79cd9dac4cf284219c8ba540d965153037e72a7869
hmenu.b5c120b316c2	5	b5c120b316c237a0deab3140267aebedba61947d3ae268d708a53d5be119e9fb
hmenu.5db98e7af406	20	5db98e7af406235663393583c80a3f95ce970b7a99e6f2350252143964e69dea
hmenu.b4fc005725a0	5	b4fc005725a0f1fc9bfab5c9d7f65115505f4ed87db057835b4180751b0ca730
hmenu.871c7f990798	6	871c7f99079898cb0ba5796c79baa71a91345e851747a392e9605409b715a5a6
hmenu.8a1db462be75	5	8a1db462be7537747b0f0b48edd1ca94fc9d079a08308fc7eb73959990c9f63a
hmenu.f222ef3d6a3a	13	f222ef3d6a3ab42b14b8292fdb51605c07c55d9e900814fbc48939630cdc179c
hmenu.7423e8f79710	7	7423e8f79710b32bde874efd6400e97cb3f541b023bf8f6ffcb6e5f7897011d3
hmenu.49c266baaaa7	6	49c266baaaa70981ea188fa714d5c40cf13830d786a861c9943ae0d26a7f3fe9
hmenu.8f6fb4eb7f42	8	8f6fb4eb7f42c0e245e29e63f5b82cc3ba19852681d1ed9aed291f59cf75ec0e
hmenu.2a78025de6aa	6	2a78025de6aae5e7ff88e5a951bb3a78ddd67388913529cf9e2dd9653e62b02d
hmenu.a4d9c62a66cc	11	a4d9c62a66ccccc7967d9dcb17342ee9f4bb9839284252aa20ffded146d448a0
hmenu.da08fe75062d	19	da08fe75062d864180c4eef78a40e4dc7fadaf75d2bae4299db34693eac7b9fc
hmenu.81283bd63766	15	81283bd63766da1c25cb757e220599ca8cf0afb02e1ae8ef3048578cd379e098
hmenu.f6e1f7a40acb	19	f6e1f7a40acb4397226814b97cdd7a7427df5b6705e440fbe285b86abd190cad
hmenu.2ec1e2815946	4	2ec1e28159466f2a82a3d778394486baba97f065f20073206788bcfdc7f6d2ec
hmenu.741e8c5450cd	4	741e8c5450cd04daa2268607b09e5b98ae24170eeff84956b3a293586d4616ee
hmenu.162cc64ca1e4	6	162cc64ca1e4ffe9b9064bdd6f53f3d53f8a969199402bbfa61c749aa693ba43
hmenu.bf46b726b66b	16	bf46b726b66b111a1792baa1c502393cf9ab1325d7a883acf1ea252af370638d
hmenu.76140e34f635	7	76140e34f635bb941ff5b06eb58aa6c34d688acd2c6c72d4ded71b0d7410b287
hmenu.332786f741e3	17	332786f741e3b06bdc2c58ed3ed3558ae7726f6032155dc484d84d0f38a61054
hmenu.c173da2c2a4d	7	c173da2c2a4d4ca2930d8c094826016bd697cebeed949fe20eadf033f6b16037
hmenu.1b298c7cd4ce	9	1b298c7cd4ced9dd5089bd7e5ffcdd2cd0736fbefa8bf1ffceedadb31adc6e1e
hmenu.2a19bdc09aa3	7	2a19bdc09aa3bd9d5ba8c9707687136c2825da0e2af28b7c5de7c65b9c50f365
hmenu.69e9124b5ff7	5	69e9124b5ff7f25959e12805cef9f9a363079685944f55f05f307617db7e68ea
hmenu.1ac551b9b933	30	1ac551b9b933f6e19fa472087daecee9dc449442a757a12aaac8b0ee370cb82d
hmenu.40970cf7b5e2	4	40970cf7b5e2e4deffe19b3447affc897de1f9ee34b8a391cf6975be024e2ed1
hmenu.75df831258f0	14	75df831258f0ecfd55f33d51278613b35e9afd6318596ef496f7a9068d928d21
hmenu.c77b6d1ace6f	9	c77b6d1ace6f96bc62b205054ce25a07c0f243653f0ca56548eee9ae158daa6e
hmenu.fce00e4fb586	10	fce00e4fb586f11bd6276a95cff0d5916dcad67fd7b6bebbd22a8d9104921be8
hmenu.9acf15a8c65a	8	9acf15a8c65a42fcfbe2901f277a5c2f9f7d7ce82f03bc38fe4662e6c1411fa9
hmenu.311ab7b6c410	7	311ab7b6c410ad1883661d7f676ab12927a83634ded22e46d66d662ac40c9528
hmenu.6df1bb18a59a	5	6df1bb18a59ab97df82e307b93fe4f3bbda34d531bcbb79ec573dda23ba64918
hmenu.ba8909252cb2	35	ba8909252cb2e4e1130be247f829dd3820c933ad93cd2ab9d1f7cbf99ee0f788
hmenu.5f91cfa9787d	31	5f91cfa9787d38ad4acaf69b96d38f67f4b0f90618510ceb1caa17830a49d70e
hmenu.66d0f523a379	6	66d0f523a379b2de6f8d5fba3a817ebc395f7bcaa54cc132ca9dfa665d1e9378
hmenu.4b2bebbf33ae	4	4b2bebbf33aeb7aea11cbab9d95019a647ca038b638f99f593aae85b986ed2e2
hmenu.4eda52febad1	6	4eda52febad1700211d1bddf31ad4b45bf06727de5198aab945f2e59ecdb10eb
hmenu.9b86720175e0	9	9b86720175e0bcc97ae080b85360023da3d0787c7b5868b81eb913f7dc28b82d
hmenu.dadbbb9327c7	4	dadbbb9327c711e4b626f7820fb299871d23d6020683bbd1e08d37e0246c7e90
hmenu.9f4d6b987fe6	5	9f4d6b987fe64ca8abe0407e2f332d27883509ddae801c54ca821d2ff07c8c11
hmenu.27f28e95038f	13	27f28e95038f7bd53af0fc0553a634fce89ec245946af69331ee0995b25847fc
hmenu.d2c838f79473	39	d2c838f79473fb8b66b4a57b86725c0150cf9fb76f3a9cfc108d2e90ba8df1e2
hmenu.20eac5aae274	5	20eac5aae274985fd88629d19eddccbbec21dacd82a8c7a7dd99661f2135be02
hmenu.b2091d273986	11	b2091d273986f619d5a8004e9c3d8d3ac184c661e278a688f92984b81998bfca
hmenu.02c24eeb48ab	9	02c24eeb48abfbd4a58a37a7f0d89156ce058e7ad1ec3cf5990e1dc7b5fb0d80
hmenu.b76c62fc0261	16	b76c62fc0261dbade374a5ad0486559aeb658a4f9af0cfe7570b526870434197
hmenu.7214aeb16e99	14	7214aeb16e991d5e9be7795669ae22d0caef4130712ad403aebcdf5c7169c224
hmenu.fd04788626e5	6	fd04788626e5f87b3b22b2b855bddaae2f1ee43956232d2fa57c5afa7d3f09b9
hmenu.90bbc8c93017	9	90bbc8c930178a49466cdbeb98c610ebca9cbbb57ea828bb316d58c90556f8a3
hmenu.0de7f35df9ed	33	0de7f35df9ed0bc2c501dae3516c4b04af29caa67e117ab32251c0636e00dd9d
hmenu.920e413c7d41	6	920e413c7d411b61ef3e8c63b1cb6ad058d5f95f8b481dbafe60248387d8c355
hmenu.4b63b96ae5c5	4	4b63b96ae5c589ab93aa1024699b1137f822d73f3f4d6cd2749bbf4fa9193440
hmenu.6f9e89b67d77	7	6f9e89b67d77112fe25395befc2692931d3ff19a5b4d61065a23c39237fb4e16
hmenu.7abee2d3cae7	7	7abee2d3cae71cf58530862120be5127a3424b5263d003134a46a78620a43472
hmenu.63df016f961c	8	63df016f961c5684d4c795008031fd4d9483e23dc827fe95dc385c782038b22b
hmenu.be91940b79f4	7	be91940b79f469101df9a50544b6873aa5509a12f1f93f1cb5e3be3990d344b3
hmenu.0d0ae56ee488	10	0d0ae56ee488b385fe7c16e86c4c278fa36f45341838ce14871f7bd078302b0c
hmenu.8302496de0ac	8	8302496de0ace1609784ecbc5fedc2e814fae849b504df6d92f8431d74534364
hmenu.acf82993e1bc	10	acf82993e1bcd2b93194188fd77c7dac6f8754529e85910f38aae1353132968f
hmenu.54230802dfda	8	54230802dfda0e8beeb5a86f02f85969d579ff8d6e237be0d167c83dde1cbafb
hmenu.d0b9cd97fa22	5	d0b9cd97fa22d3eb6903686b58febacbf778ec7435e82181e698ccd37b58d768
hmenu.6725e7bbcd28	6	6725e7bbcd28f3a8a586fa34bf191fd72dde8b61756932cd3237c17a6f196f1a
hmenu.d2f8b5a0fd61	3	d2f8b5a0fd61f3a76a5616cf99d9c390549ee92760089e50ba25fb9fc0d955e0
hmenu.7e56db773495	4	7e56db77349537b42f27d12537f2b818b7ca4dfbc1ed8cbe2e20d511cbc8a7b3
hmenu.8488bd3d9943	10	8488bd3d99435643830005f2a76a3214832593b3fe6aa3cd99ae8836322d0b3e
hmenu.e241f290d414	7	e241f290d41436d8f643cb8d074b2d6c45e15762bb9d216db0937c74b08b90ae
hmenu.539e23b52e1b	12	539e23b52e1b184f315fe5767456da8dcbaebe61612ceb1e9d7f407da53d0a75
hmenu.3d9a24b7558b	4	3d9a24b7558b52dcc4e75c30dfa3a922ee3ac29a787e58b79563ee60cbf54f36
hmenu.0cef49cbb78b	7	0cef49cbb78bef5be834c99d8a2388bf4cdd253311098daa35bae219ae0a1418
hmenu.9ad34a423584	12	9ad34a4235842f96887ef442f7b85f4f4606749920b391c7ec198faa3f696a9c
hmenu.ae115b3b9a02	5	ae115b3b9a02f8aa4d191f791876ad21ff5363b996b12a116375f7bb1018b160
hmenu.81d28f28ad04	10	81d28f28ad042260ab34b7382c7efe3176fa1604eff64d606104361e876eb5fd
hmenu.9b0e2ae93d55	3	9b0e2ae93d55cc54ed35b0485d6b52add0f85b492d96861dce77ad1679ceec95
hmenu.f404d4ef5343	4	f404d4ef53431418a111b361b24b6d805798314477493738d95eb6ca347ea17b
hmenu.32f6e996f503	4	32f6e996f503c5646c0da2bcb7728d1db78085e46cbcd9075d502e9efae9960c
hmenu.1bb7931d7fa0	12	1bb7931d7fa04503fc7932bba74b7300236f773be2e0948b01100cfea9d11d02
hmenu.3b55715ac898	8	3b55715ac898a1922a2f0088814c00224f6453d7ca2e2618b57d8b4cbcfe49da
hmenu.a3e5514bcfd7	3	a3e5514bcfd79e7649e30fbf98826208f3da47833b4223b68cff2db23beb3801
hmenu.8f20a99eae52	17	8f20a99eae5214b8660b2dfc915f06cffe47927681326690f1769d14f0e37b71
hmenu.3d4079b7ff9c	9	3d4079b7ff9c485dfb96aad143bae1f5684b6ef4cfdb0b00f6c606199bf0a74d
hmenu.5ba0bc741fd5	13	5ba0bc741fd54a80344b116d0da001bfb7ce9fa66c06135b1b0c95cd3265bb39
hmenu.7b539a10ff11	12	7b539a10ff11dd4a21755c8c275eda59059d8c202c4392eb8e6fc18ee30320b0
hmenu.1586d06a2125	12	1586d06a2125ea7794b49df5a3734b89debd5da899fd9c2a7cd3b7802c217b54
hmenu.dc179ccf4cad	14	dc179ccf4cada68c2ed0abd84ff9ed0e0a8a4e7d4d9a75902fc95c9336930f0b
hmenu.211d70184040	11	211d7018404056e908b19880329453d3b59bf8016e7902f919f12b585febb387
hmenu.2b656515c071	13	2b656515c07175aa6f3f9ae2a264504f487cd53ceb53ca33a933ab40878eefd9
hmenu.fdbd7d627a51	9	fdbd7d627a51c2b8ae2ac60c0f739d7df4b23aba3867a000ad032d5d67035538
hmenu.5574f7dcd3dc	9	5574f7dcd3dcd14b9f6ee7a6ee4935c8afa3080a4fa805a4b54a21373410666c
hmenu.30863d1a8293	14	30863d1a8293db36dfeacbf8c847ad1b759e33416a96c29c2f91ea441897a6ba
hmenu.ee8d38cebc22	29	ee8d38cebc228c0c2f5aae0b01dafcd3bd221d398e78d74aca734357df520603
hmenu.dfc9b5dd491a	26	dfc9b5dd491aed5f8523905c8bffa3b0c34960351ce7a8d3a62f113e1088d21c
hmenu.8d35c5546d3d	4	8d35c5546d3dff37d7ad06c4f887efef3b914c0fc6a41a8bdcbab33775cfe840
hmenu.f8d9414c0e39	4	f8d9414c0e390f801f62e9ff8d9240b4feb165defbe8baf7c91a814934b3256d
hmenu.8a2da5e08b13	9	8a2da5e08b135076376900fa244dcbc7ef23f90ee6ed19cbd46a15ff0d4d6604
hmenu.679eaac16659	4	679eaac16659c013675081e715f7ef761bdd183f1d7f55d079eb46ad6e322ac5
hmenu.3dab2015f2cb	19	3dab2015f2cbabba799cb39952787c76cf2fc6d1914eead77e78b315003318d3
hmenu.1d79bf60835e	5	1d79bf60835eb5cd16cdef124413a7552857e09ff50f62c40eb09ddc55d25829
hmenu.e84acd673099	5	e84acd673099175baa7161dc69735c9810bab616b1974520759685bc76fba41d
hmenu.6a2bff80475c	3	6a2bff80475c1667281e0ad2bcc80cc2d9e0afe9b0e1ca0de8ba4a50cca9dd36
hmenu.f012dc1a2205	10	f012dc1a2205719d7176ec206e037974c829fc1c356e029fe39f1bacbf108f9e
hmenu.308e6000aeee	5	308e6000aeeeee3758465f79bbfe53e3f6f09730650a49b4365f5d5306c8a213
hmenu.57955e2e5e76	12	57955e2e5e7612c90ae0b39c3c911e57cb57cd731654ed667fd5d8745c5bb32d
hmenu.c3bd7d9e8b2c	2	c3bd7d9e8b2caee8082be02695f8268ea6ec6292b1c06407f04874a40415155d
hmenu.b39eb7f4aabc	6	b39eb7f4aabc260fcb96247b867d29020e6bb15f7617a849570f5338b2193fdd
hmenu.ecaa977765c9	15	ecaa977765c9f76e8787d46756324ca5f145e61f8ae251375b337ad98951a01c
hmenu.25806b3b4fcf	8	25806b3b4fcf4b1659d15bf83a8c701d1a977aef00452ba4ace130eeaa98bb11
hmenu.e9f3f2192e33	8	e9f3f2192e337bede18dce61901b295bfcfcd6418676aab5e3edab4efe1f77f5
hmenu.e5b6f5db184c	3	e5b6f5db184ccb3c0c52eb9d15799fcb832ce934cfe248d97927b4458a2b85f3
hmenu.a0dcd86ca390	4	a0dcd86ca390c0a83a3546b1d437af7cf0e7431046dae931f0db1ece42c28ef6
hmenu.669c19eef9c0	11	669c19eef9c0edfe44b47984d3fc06e0a92949f03ade591e5f75f61add4ff4d5
hmenu.4eb6f0fd87de	6	4eb6f0fd87de408fd17614643cb5286b30b4a86228403ce4180a36f6042222b6
hmenu.a1a8a8cbbed4	3	a1a8a8cbbed4eb53ae62ee4fb0787504087232c29aa4d817757d06b68d0501ca
hmenu.d983a8e42480	13	d983a8e42480d3811081f057919a3f7fc07aa9df7ee896a080ac543de3a992bc
hmenu.6243c5b47b1b	5	6243c5b47b1b7e62a5469326a91310f876ca05705bce8b85647cf020a68f72b3
hmenu.69e349285747	23	69e349285747195158a5064c4416691e75e8074c9fbd310426e2aa9a409f0c31
hmenu.0a8e74a4c975	7	0a8e74a4c975590379a884a0324e18ab6fa3f843a83e162b1b8f14e392cd9155
hmenu.8b862ba45dce	4	8b862ba45dceddf7e186fa48c1bb76f09730a23fc67f870c015d9649dab27a27
hmenu.793f1598e130	10	793f1598e130ce6b5074b3ec132a5ad23c7047abd78fc8f684fb340ce1378abc
hmenu.978354db0c00	6	978354db0c00fc78c3a5524f462a73bc425df3fb2767e51a5f46352ae26ae6f9
hmenu.89379ad509c4	11	89379ad509c4ca94882611a952ea18df1e519f483ca955f8fd5a3f6c16f18d6d
hmenu.3e5738f041eb	20	3e5738f041ebee2f6523d3a4f6ab0133896de9c1f7bcbd9d4a6e794dd7b3cb4b
hmenu.5985039f106d	4	5985039f106df054b43c3529139613bf7c2372937539f344c7c5ee47d00a0d63
hmenu.ab52c2138881	8	ab52c21388818897aeee90bf028fc61a0867e2b35b0de9a115545932c6872a72
hmenu.d0da7ab8bc92	4	d0da7ab8bc927960b4ca3c6678137464baf9266c4fe3281f30e4769f6c4427db
hmenu.237c59a3b965	6	237c59a3b965d0787ce08d5afcd4ec80017f7de4b6d84021f2207f865345f419
hmenu.bb47b8ff5f62	6	bb47b8ff5f623996f8f46b80933095a90e29a5bb4442ac09498c9e9e8fc1cbf4
hmenu.5e9f5e428e01	37	5e9f5e428e01f1a698417c333baae8f05487c55748480d4d87e700cd6a0aa424
hmenu.b344d80e24a3	3	b344d80e24a3679999fa964450b34bc24d1578a35509f934c1418b0a20d21a67
hmenu.2c234a550746	26	2c234a55074668c8f59ee13dc6171f00ff007ee17eadb210fce21c237cda7236
hmenu.9cf8321c423e	33	9cf8321c423e0f8eb60da66a36c8499dddf338ea30b5b8eefa45fcb177caa498
hmenu.08fc07e88648	27	08fc07e8864869b3877a2152b3481980b1219b06f4db5c635de5c85663d91761
hmenu.752da0462acf	18	752da0462acf9865d489ff9c863e197e5bf412eedcd02dec330566779b721480
hmenu.701f73320451	18	701f7332045146484b838b412b6572683c15d49ffd2640d6c7f1382fdc0c1361
hmenu.b00aaad1f822	17	b00aaad1f8223ceb9f85ba4e9e0637dfa03e5ccc828ccb032523a8f228ffaabe
hmenu.27ec551cd32f	15	27ec551cd32fe637c44ba283c76515c963138b1c8f7ff308fea332756ce91dbf
hmenu.e948d191e403	5	e948d191e4036c7bf18f30b8ea693b812e3ea4c2735bf09bb106478e45d5938f
hmenu.5d5238c9d458	26	5d5238c9d4589062459dd2b18ff4ceacf16eaf386c19b6f829725ec89dc226f2
hmenu.f2c349a1166c	5	f2c349a1166cf84c65f136e31e29e8ba9ead8ac5802c6fc4a86a6eb6f36b973e
hmenu.c881ddacb9b0	6	c881ddacb9b0d900fae61ede30524ce8ce74577350d0befba099df25f2ec9b0d
hmenu.c9b3c38247f7	5	c9b3c38247f744e17dd26fda097d6a9ba9332586b6bdaa038bf8f313a863f2b8
hmenu.36b6ca188619	8	36b6ca1886195c9365faf3ae2c914bdeb802388526ca9b3763e5ee7854d0d8a8
hmenu.9709653fc80c	5	9709653fc80ceb83ff874034ac132929f62898d352847637481cb96ac5cf2c76
hmenu.72f5a9907af4	9	72f5a9907af4b47118ee10d3ce9790574410014bb134f252889a4204a0c29bdc
hmenu.eb5ce7d3c9df	16	eb5ce7d3c9df1daad04bb43feea569066d3d4b59e609514c099a2901c9efb27d
hmenu.e99c90db87c0	5	e99c90db87c0e400832edcedcc1b14e33cff7559988f4d7032337e17401b2945
hmenu.3b7cf1876cf3	15	3b7cf1876cf34fb4c980c082b6c32885b3664616c58381a204c2a90f75c8f6b2
hmenu.36a798e3f392	8	36a798e3f39239ccdec697ee348d2ce0a7b8d2d9087940496e2ca5d0853399f2
hmenu.42c731d93cda	5	42c731d93cda81e6faf515568e07558568b5b226666d1b27df2cac5a19ab50f2
hmenu.ba71bc539c29	21	ba71bc539c29a0bbc27fae2474496bd229ff3d78ec949e37aaaeafbeb0199301
hmenu.a8fc5b04bd6d	13	a8fc5b04bd6d4c619d7c82a4911c2492006548548d9903929a04f695f83f1d29
hmenu.f3098fb377e3	18	f3098fb377e382ad1d7bbc89a3a898ea4adb94077e7114d99466b503b856832d
hmenu.e8dd4c7827d6	15	e8dd4c7827d662acf0c7a49881f6a55c35af7b598f3ae5e7d740ea66132e3ed1
hmenu.49dd575bfe5f	20	49dd575bfe5fa5dc58c44c481cd0796391084d08e6cdc68a3de66af827e4c8c9
hmenu.338ad1b295e9	20	338ad1b295e9cc83d0454d18960a85149528f9e22d47c9a92f7009b9addf4608
hmenu.3454ab0ba852	8	3454ab0ba8527885b625b67e741db355b667fac33f00c2d00c41c6f0eb70977d
hmenu.c57dd70c4c25	18	c57dd70c4c25d0e12d0bb7ad33bd8fed149e0138a86b11048d7bb92ae7a4e2ba
hmenu.e4ff44b46cd6	15	e4ff44b46cd6e1741609f9c5fbaae25ea4477acdc8132fe14fd93369bac6bcb9
hmenu.3f3579b122d0	7	3f3579b122d070e88985aa0ff971f0cfb98f4db7e5a516d6bcd0a851d576a659
hmenu.85d6c0718cfe	3	85d6c0718cfecca1bd0f61cb166ad7982f506e1acd6eb6938727aabe5f050c6d
hmenu.cabcf0c1639f	24	cabcf0c1639fbcf59d22863c1e6cdefd6506dfce0fd05d2e4f59af595b79929a
hmenu.a25513c7e0f6	1	a25513c7e0f6eaa80a3337ee18081b9e2ed09e00af8531c8f7bb2542764027e7
hmenu.fedbd499df7c	21	fedbd499df7c1eb1025f509eea5e0b9ceb4e067e0f6cab6ee6c6d64f5e6d77e0
hmenu.b127181e3d1d	5	b127181e3d1ddac3bd8843a442903b8efffe0eafb7b8ee1e3805e99642f4532f
hmenu.93680b26ad70	10	93680b26ad70feaee4d5654163099ec4fff0a96abb1f5460d418ee8f02f161e4
hmenu.42cb4e6f8497	2	42cb4e6f84970e97d515b9d57dfd4e4fef5d482061b7d2c33179f2ad76495e11
hmenu.9b202ecbc6d4	2	9b202ecbc6d45c6d8901d989a918878397a3eb9d00e8f48022fc051b19d21a1d
hmenu.b3c2ed23b44e	3	b3c2ed23b44e753d6bfc54b1d48ff7d0e4959624ecf1ceb1d0942bac08548634
hmenu.1f74f92203e3	4	1f74f92203e391936b7d1a2f6f89297f149b828e0d436aa924e969cd2f4d1819
hmenu.647ba2bb719e	13	647ba2bb719edf334876d700e127250dc7277aa0ac3dff1e1d1a42a5c6ce6be4
hmenu.8ed9a61e8db6	32	8ed9a61e8db6d0b363168581e11e4a88f5d857f6623067f4dd245377c041abca
hmenu.d61aa238c7e0	6	d61aa238c7e08018254059bea04e3859dccf21ea589118ccfb7c5b756f6cc5dd
hmenu.34695f140781	24	34695f1407811d276c055212e3a717077eb564bd4be4f056da4688bf2dfc4715
hmenu.14cb86c7a48b	14	14cb86c7a48b71445d3a4e45d76470cc3d3fd04f0676d002ac041c654e7a551b
hmenu.93331741a799	22	93331741a799c061994165295aad777bdc382d377380772f55627ac93d3874d7
hmenu.00ea02c68d14	32	00ea02c68d14771de6b57c7541b0dc6c91f3106a2d2fe09e5d0ac9f778184eb7
hmenu.542599d6762b	23	542599d6762bf70f9cd6012e7c7f6f75f0ac69ff5d9e58e0ea0969b9a056b18f
hmenu.62620037164a	10	62620037164a2a451dac4d0dddfbfed2fb8afca3f029c8a9d44ddaf0e9e0ece4
hmenu.fa2265bb6a5c	6	fa2265bb6a5c2257f5cda071abdb24d0ff5341f928bc427b38726df33868720d
hmenu.c36d819e7bc6	3	c36d819e7bc6d2b7da51394411c733db89c395987885ca6770167a3b9bc45c3c
hmenu.66773645acce	11	66773645acce0a3a700727a0191659fbdb1d32ca37eadfbcd8c5064c27ad1ce1
hmenu.79e64dbd95d1	15	79e64dbd95d19c534b5190dbc7188e4eb1c3e633f59d9310cb0d21dd6036eeab
hmenu.ae7d8dfac9ff	4	ae7d8dfac9ff5e0fc9aee0d70b174a16d556f7759ed94b7a9f7b88c3dd3230a9
hmenu.7c3ecffbd956	12	7c3ecffbd95684d124d8a1c0ac1cdbc858c4e5c2a6a4073f42e986661db565fe
hmenu.afe773e42fa0	5	afe773e42fa0e8939e89e8bd489a3abcf3ce4912375aac4698e94556a0a48ddc
hmenu.d0d8255be98d	12	d0d8255be98db04fb36f92bbcbf07f81da227a875ef7a889ef81de62c981fc8e
hmenu.b8ecddb812fd	22	b8ecddb812fd96089eb77a47325ee4bfcb2e870a50f5b7922f7c26358217bd5c
hmenu.789cfd0bd0f4	5	789cfd0bd0f4ad6e030398b8cd1517d58d1a0726ce952d741614d2e5904aa73f
hmenu.faafcccc61ff	14	faafcccc61ffbc3caa71828c99deed208666d1c1207fa759ff4cfd3fe1eff9d0
hmenu.e89dddf49aba	5	e89dddf49abaeedbe8fb8ad54055a5684dfe39e9e6f06417df778430bf7e5152
hmenu.ccf2060d44d7	5	ccf2060d44d72405ab8464aff451b0ebc15f75addc27bd3df54c8ae8590cdbce
hmenu.842ca2e61c0e	16	842ca2e61c0e18b7b03834e07fd87ecdf6023b13820b69621912cefc130da7e5
hmenu.1d319b834150	3	1d319b8341503d6022c8a036df7e299cdc001c6e1218774a78621a7d2def8978
hmenu.c54aacaac233	9	c54aacaac2336c3ea7deed6f78a596d068994d7130aa713e97380bc9c71ddd2e
hmenu.2809f3dd6ada	4	2809f3dd6adab0582de4bcbe1b905e0133c30cf68894ad4d67fe229b881738a0
hmenu.4f1c63f9aba8	5	4f1c63f9aba8ccb6b18ce01b92c72406a4724364dc8495c0ab48e2d52dbd1ac1
hmenu.eccfc43a09c5	8	eccfc43a09c5f8223244d59a821c3f4f056c24f19ea0e4e24202174ccfb61177
hmenu.8de8684287c8	4	8de8684287c85f97ca4ba18821f0770dc7faa75bf04caa4cf0bbd57b9b127f12
hmenu.941be93c92ae	30	941be93c92ae91f94ed96752a28185143ebb3dd905cdd2c5dbc6e5f06fe0edc7
hmenu.abcf0f136c1e	7	abcf0f136c1ed0ddcaf5ef1a97717e36b81f63b7f639d50c2c154f087060e191
hmenu.dcc839a4015c	4	dcc839a4015c4b7dd9db959a8f757833b8adb92462a751b973386e453c6d58a3
hmenu.ab741ba7a7a6	14	ab741ba7a7a657e6de68f4f415415fb0082d5a159fdaf56cc2c9fc98783d41e9
hmenu.94913824c293	5	94913824c293c089ca13b3bfb405cc1ec1c9fb5f7bb38b616058f58c62680c44
hmenu.4f618185f2ea	4	4f618185f2ea5253635939166e5196b74642977aa2b03835f8b87277a8130f33
hmenu.77aaf105c28c	7	77aaf105c28c4c82ea7b2e0627b92fdff753c249771e7d2ab4a6f7ec6a5f400f
hmenu.86a9ab944855	12	86a9ab94485578e43f537877e95e3f8a04011db619f1e40885395833c75a7b53
hmenu.bf44f9618518	7	bf44f9618518382a3b92b4b0226660c24037d9016ce2b383127ced476b46d37e
hmenu.c298d548642a	4	c298d548642a2d837fc33c8b0363b15c818d813d170bf2bcf40e75c3745ca1bb
hmenu.86f56fe8221f	7	86f56fe8221f029db2c9755cc998669a7d873c32bfa83bc9431bafe0bb814400
hmenu.7b18fb03292e	5	7b18fb03292e1dc6fa8da7e4c11b823988e1912957092012149964f96a645b6d
hmenu.6b563bc04b05	8	6b563bc04b05d71fd9739a1ac3abe34007f4a12c8e3e91e54806d1d43f32ee97
hmenu.79c721a6b39f	13	79c721a6b39fda02f2d32fa2f410c3cc7cbd215dfb03772a2afcc2bde40b58ca
hmenu.a390d0c9d0db	4	a390d0c9d0db31b1bdfc2b5893d259d85b314f7bab428e293cfc8dcf7df6c05e
hmenu.e8144b1fafee	7	e8144b1fafeed56bf5a74f043944cc8953e1e93533f04a492b73616fa2a872df
hmenu.2bf167276ce3	15	2bf167276ce375f82fdfb4c8f1d9ae0cdcca8508c23dfcc487fcc55991a33bf8
hmenu.ce561623aa64	4	ce561623aa6452fafaa497f3d07f941d6ba5127c06cdde643f1e0f4204fc00f4
hmenu.8ff026a37d68	4	8ff026a37d684f97752a320c6c5920fde70848fa36cf37e216189e8804221ee1
hmenu.560d30ce9f2b	9	560d30ce9f2be34e69dd1696720dc79a76f459573a53dab45a5de4f8b07e84ad
hmenu.eee6a471a81b	22	eee6a471a81b93e3cd4280a7f3749a1aaef558d407f6667c49cce5498f024161
hmenu.1b0d6618a0be	12	1b0d6618a0beeab6a3acdcbfdab169fc7a70a6f1c6aaf0a1160cf18bd138a786
hmenu.3c7841abf9b1	12	3c7841abf9b1305dbb9c24cae35128655f1fbf42e066dd58e678948f4a68ee38
hmenu.a4aa6a3d22b4	5	a4aa6a3d22b478e49624e652352f9e84b4d2df75d35f2a9d91c35e70bc346156
hmenu.6d01e6a02b33	17	6d01e6a02b33b32ce5f906c172879c4b49679c0ddce21066dc26a9cb741d4ee9
hmenu.e05d8feee2b0	5	e05d8feee2b07636f84e1feb7760ee9c090b941f1273c6a7b3f626da7a902575
hmenu.30e8a5e111cf	3	30e8a5e111cffb44debb2866258a31acb2c299dcd82e154d1628ad3507b4cb23
hmenu.fca1719eea8e	14	fca1719eea8edc7fdaefd0dd59047c236345adf27dea1890735072586e9b7133
hmenu.ec2aea87a758	12	ec2aea87a758563b33e437178c744e70153789f203b54789a68113234d9a1d2f
hmenu.3c380600b289	4	3c380600b2899cf8a412b95753d748631763d4302c136f34cfd430dfe15a1164
hmenu.d0f8aacc687e	4	d0f8aacc687e4259617cd8de375660f37a736e678f0e6e315d01f7f9b4409d68
hmenu.2e4be8afbeba	28	2e4be8afbeba3c699fab43b386e961778c46246c99191340b7d01cab95def7ac
hmenu.b1b8a4720ac3	8	b1b8a4720ac3540c6693508f495215347567194adc0c8c0fb766ae39356b0fd7
hmenu.281734cd977d	7	281734cd977d40f7eb3a29df796a101004fe026ead7333eb087cf4b5eafab20f
hmenu.1c9d863675a3	12	1c9d863675a3dcbe422864bf9f6d23f85b9e479f4d7bcd0c739e89a1d8e22373
hmenu.75f7796df131	4	75f7796df1319cf6e01176595703f352b33067f414309bfd77cb7684a682992c
hmenu.703ac39b5b60	12	703ac39b5b6086ae9f0cf7d29fc2bf85191281e77d93c1f8658fdd83756dd0a1
hmenu.29996435a090	7	29996435a090357dbf9cc28a35f6625ae1bba0174f1d60936cabf927fdfb0c64
hmenu.9affff0f9bb3	5	9affff0f9bb320638137469dedc8c82d92b377b685de8ce5114de53ace499de8
hmenu.26b83994dca8	4	26b83994dca8b4b483edc45464ba07a5bde05cb7e6c5c61bb2e66da9d1e15fc7
hmenu.eaf0fe0a362b	7	eaf0fe0a362b58490e9d73c9584a36ef7353872dd1663afef4e2099b88bf56bf
hmenu.8c482cd3cba7	4	8c482cd3cba71851444160b2eedb5b0e8d8bff037e7aa7f8aab5acac6438fe2e
hmenu.1710782c5d15	6	1710782c5d15b9135ea757fbcc88f5d7d9a69c3a99f904a9b4396bcae9320be6
hmenu.b672cec49995	21	b672cec49995ee474855f5eefc8061bd8a0b35d81780c1754f31c6e7e6421d4f
hmenu.82e8acbc304a	32	82e8acbc304a7809509aedb8096e8f6f1f2a2150f11bdebfbd4a357e04693a9b
hmenu.7c108267f7a3	9	7c108267f7a33d9dfb4295e8668e07e8ace0a1f6f0e9c8166dfbbf5f10b57ea3
hmenu.0f432b9a70bc	5	0f432b9a70bcdfbf0a54df5cbe8f8df6c00f26277a41c6ee62bb436806b42cae
hmenu.6cef4ccc1019	4	6cef4ccc1019d6cee6b9cad39d49cabf808ba2e0665d5832b70c44c09c2dfae0
hmenu.1d33d403dad6	13	1d33d403dad62dbac3702452a4e4d070976517596b80b01c6c88bf3f4e8ce1e1
hmenu.bfe7eb5a83c4	4	bfe7eb5a83c464d8a29feea615e1f53acd437c999325bc5bae1e5fc29b3094b5
hmenu.834459084c92	6	834459084c92274c56c465ca9ced3c595a01a74dc85f6b5b63151b741f882521
hmenu.8d87a8fc5a16	13	8d87a8fc5a16dbf72f5e8484a56788733b039f71491d65d2c0fd5dcc2bf40789
hmenu.164546a9c548	8	164546a9c54814805d81b2474160728961ec0230d8efe0c5eb1626c7a2b55fe7
hmenu.8c2669007275	5	8c26690072755e395b36401b3b09a50f7856c0682ee5235786f34c77ee0f12ee
hmenu.f38a782fc7b4	31	f38a782fc7b475c616354066a78bbcd52ad4490997de625522c736d64dd773e1
hmenu.16a558173783	6	16a5581737830beeeed12427dc58e79cf615e79c58931b54eb17454009f62867
hmenu.f80f64f06f45	3	f80f64f06f45cc5875a86dac8967e3c04aeca5d72435b05e7a968317cae323a9
hmenu.43253e299831	8	43253e2998315745ca8dfdc445433a333eccee8b735244da204f5a0bd62618c3
hmenu.610b7b72cea5	3	610b7b72cea5920caa788d5c5fe4a7a32787b2676fbf3e2fc59e812aae87831f
hmenu.f91711645937	3	f9171164593756e56fb197327b529a4955590566560dbe62d586bff41be9d297
hmenu.a0d4a6737a54	3	a0d4a6737a54383f99f03e4bfa7a60143f1815298625002b6dc4dd8e7d7ec141
hmenu.b30bb41fa441	14	b30bb41fa441a97a4e8d7a1a15831ce0812241c0f891fefda020ff24884053fc
hmenu.9525174e9097	14	9525174e90976bc9b98583f1a53e5af290e30707fcd40e74207be94820359313
hmenu.c3df04d861ae	15	c3df04d861ae82f9a7737ce7a0f37dbc7e7373fcffca12c41e14d8b836f83aec
hmenu.142c264ef84d	16	142c264ef84d647ce1ced4778ba462cb20f7a2515f671de1a6ac856926bfbcca
hmenu.1d5735a13d36	22	1d5735a13d3663b59670a107adb2135698285dae260fa852c6e52a8bf37c926e
hmenu.efd03c4c0506	30	efd03c4c05069eb8bf497f84e268b10895ae389eccfd3d0cee2ad29e32edd20f
hmenu.f54c8fe4d376	8	f54c8fe4d376a6210e635ced0f233573155f2ffc3fd33fa296227f871c8a45eb
hmenu.a69403506845	16	a69403506845fc3f9493655670f2d0e7d60ea9c6e5429cd23166900722244848
hmenu.bda2aeaa2200	16	bda2aeaa22004ae103caffec07f380b0b1600e563720b7b1256f548b4054bed6
hmenu.f43aeffb6c2c	13	f43aeffb6c2cfc62bb62be99a1e5b71cfecb9f21c47b572e16b65260491afe16
hmenu.ac41a0e914dc	18	ac41a0e914dc722c5361283726d589c3ff791b3481a5ef9015aa50bbe58f4343
hmenu.cb43f4699271	12	cb43f469927152598066514ba1178cc3cd36a0a2ef255afb9bf835c1ee7e4cce
hmenu.7d0399be0954	16	7d0399be0954dcea0433729169ba927b749de8399740967ebb90c1391f71a61d
hmenu.2d1606bed22c	8	2d1606bed22c8b20d43cdf2643e10726f6ff5b843abb6b117831e2c528def21f
hmenu.4e743acd2494	6	4e743acd2494bad186953b75381fcdbfa83087836eaa46802333d19c144c9912
hmenu.027efdf81bab	15	027efdf81bab6e16391d460e05ccce79e50a7b7ccaee5d8318a32b7a7f247e83
hmenu.9e6b3924f7e7	4	9e6b3924f7e704db04efb6a66964b85e7f799b2e483aa8b3c753717f34c0d105
hmenu.df8d29fe6512	12	df8d29fe6512b73d77b445c896a5fe9708c2e0f867e036673920cf5adcdf3cd6
hmenu.d661fb331bc0	17	d661fb331bc07dedef2379ed7e3906ea8286812af6896dcbef5d9cffdc81ecab
hmenu.87973f9cef80	3	87973f9cef802076402b9363c25505b8d95931d5fc51f9f658ca7ca733e396c8
hmenu.85a39ab345d6	3	85a39ab345d672ff8ca9b9c6876f3adcacf45ee7c1e2dbd2408fd338bd55e07e
hmenu.63783b1ec102	6	63783b1ec1023714015305f070a1c692ec3215e42d9b9314b79c4c3149a6bab4
hmenu.08b041935798	3	08b041935798fbf6fd6ff51099ffedb140a475889986d14f5559ff8e7fc571dd
hmenu.909acc322d01	14	909acc322d01917684d48ef6e10c76f19beb16b91e3062cd5340fc2e105b124f
hmenu.a204943256ea	4	a204943256ea696755d872da1f1917b3d491398adc5e7ee163e4d88bd090f71f
hmenu.8cbf3da115f1	13	8cbf3da115f14823921f32e5cecea5d6fe66ec4aca558d8253b64a1e57854b72
hmenu.ab7a580a315c	9	ab7a580a315caf710464ac5abacdb3c457cd8215e6c529c5bbdda7722d154ba6
hmenu.856b3c961811	29	856b3c9618110e48ebbc9272d3397eae86dfa8b0de21d470a03267ebe6302f85
hmenu.057a74a43448	5	057a74a43448deffc39c0bf9a5fc500088ee9d182e10f6ac8b8f34120be1469a
hmenu.b36d80541998	12	b36d805419989ef6dd6caa9a3a11ad05686f08b55afae533691016adc6b9aae3
hmenu.a4da3f4fffd1	4	a4da3f4fffd14eed8a1280b6e6cc16159e9b74e83a7f086a79aa0cd853bc085a
hmenu.380f2908b876	3	380f2908b8769cde5a063570cbc8a77045aa1bd38f8deca79d322e0e418b05e4
hmenu.41b5078e1cae	6	41b5078e1cae306a753bcdbfd3f16661fe5f8745bd9efebbc6bfb183b4989cb3
hmenu.cf25bf8ab7de	17	cf25bf8ab7de0072e07d2ab0458a7ea41575f3f8e9d5392004d98e9a4bf70ab5
hmenu.226aad8a0d4a	5	226aad8a0d4aa70e93eddec6384fa0d96cb41bd6ff9364ea9ccb6ed3a6183b73
hmenu.ca978112ca1b	1	ca978112ca1bbdcafac231b39a23dc4da786eff8147c4e72b9807785afee48bb
hmenu.3b42c9f14694	7	3b42c9f146947b5ba30a1fa2f6a855c7fdf96d0d7c798ac6b98d07f028db0a28
hmenu.8da078cc2a03	12	8da078cc2a03f56a9fe4601b066243be5c948ad509435617239e9d03a4874a06
hmenu.ae5eebff12dd	4	ae5eebff12dd75af2fc959fa5ef8bf7c23fb4fde38a0176be14c991d8ff2c440
hmenu.bd938c688f49	6	bd938c688f49b77c7fc537c6b9222e2c97ebddd63076b87f2feaec66fb9c05d0
hmenu.eabc01f12ec3	7	eabc01f12ec3e7cb6db0ada0f8f37323b0cfe6d08a2a73479e7d5b62d7e63529
hmenu.1f4249d5aff0	32	1f4249d5aff0bff7a1c54687c7adb505d6c014045388759622ddb81484b042ce
hmenu.ea53396caebc	7	ea53396caebc40d702a99967c8b6cea050267d7b7b229aa68a6929f9c5659878
hmenu.3214256d6e1a	14	3214256d6e1adc4c3262df794ed48f702e3876bdf3cb4e60bf1b8dbdd46edb07
hmenu.39b086f64d0b	13	39b086f64d0be67e39ca10446eccc1ec3b5a60c11c00e16e79fe1198a6582993
hmenu.162723a86c1b	15	162723a86c1b37d2d529058775d7c59b7577f9ec5ea652fdfd6224a8a644d3f2
hmenu.ea325d761f98	2	ea325d761f98c6b73320e442b67f2a3574d9924716d788ddc0dbbdcaca853fe7
hmenu.6201111b83a0	3	6201111b83a0cb5b0922cb37cc442b9a40e24e3b1ce100a4bb204f4c63fd2ac0
hmenu.3d07afbdb11d	10	3d07afbdb11d3a6f45d33b7f21d6246d7729bd26d2783e5cc3b30f88a536d1a4
hmenu.f9c93a830dc8	10	f9c93a830dc81d6c5db15f3678d26396c2d0d8792630ba8dde59e61743a444e9
hmenu.4c07a5e27143	12	4c07a5e271430d43cca98b7e1657d16619fc118285a9337003ae2ec59f19bde4
hmenu.76fcc8ae33d9	13	76fcc8ae33d9e39b67987a6297414287c384e9312ebe3f72f6eb3633ecf10513
hmenu.e944c19b322c	14	e944c19b322cef1f0f6559798a21d04f73efa5c4cf086d595b1678870fb1c943
hmenu.ae448ac86c4e	7	ae448ac86c4e8e4dec645729708ef41873ae79c6dff84eff73360989487f08e5
hmenu.7522d0cfe10e	8	7522d0cfe10ee4be56014089e08ef661aaffffd18640d9d9ec7d780ced5978b9
hmenu.aa16f41a608e	7	aa16f41a608e14e852564c77eb7fb8037f41d5648c4e5157a25a4b1ec732d71f
hmenu.ba78973ddcf9	3	ba78973ddcf98d4e5369f5e722d681d94f5106895e5d6cf6fa3ca8240fabdc14
hmenu.59bb67dc4a0f	14	59bb67dc4a0fa4246469f96c0309f60ad2314278ba1dbed4211e65fa5a4ba33c
hmenu.7ba6b35fe117	32	7ba6b35fe117fc8198fde284f524e0322b2d6a9c98edf001e1145bc361d7860c
hmenu.4428ee4929ad	32	4428ee4929ad69ae92f48f735ce2e434a125f6efa7caae249530bd6a0f6af65d
hmenu.d81ea1595a04	5	d81ea1595a0453780e68c2988980d28cccabbe2a774e77725c4e66a56f073fd4
hmenu.f4bf9f7fcbed	2	f4bf9f7fcbedaba0392f108c59d8f4a38b3838efb64877380171b54475c2ade8
hmenu.585391575cf3	16	585391575cf3a9e80dc30e3592211b738558febb04300382b758cc8dbfdf4d85
hmenu.87d1c61845d3	6	87d1c61845d3ad2648277563a79239abc58a80ede13af1641893b02121691853
hmenu.b1d6b91b67c2	2	b1d6b91b67c2afa5e322988d9462638d354ddf8a1ef79dba987f815c22b4baee
hmenu.ca59baae84d6	20	ca59baae84d69a46f07ff26050307f4fb176e2f681c180c80c3dcc6cc11c7bdf
hmenu.ced7c0957fab	7	ced7c0957fab4ca8a363a7ac82f18d514eec54ef7a7bba49e6454da54c04c9b1
hmenu.8fb3cda2303d	14	8fb3cda2303dc2b56e9f6cf8fb9218c1fd5057a3a6eb029282bd01e2e31a1324
hmenu.faef14fe63cf	4	faef14fe63cfa8c7fbd010d317f792d8bb5ea5b43530f8eca5479ef19087d359
hmenu.c7ce66d0fb14	7	c7ce66d0fb14e3c2d4d920918cc6cc7e488668b08dddeb7b85e44de3b9f3eb01
hmenu.1ac7d61d1d29	8	1ac7d61d1d29fc2e9a0b5474d1ba4b662022ad9618c6bcd9b24b977679cf686f
hmenu.2b8988f382fd	26	2b8988f382fd0563d4be248a932e80396df945384f42ca30695070e565ab7e27
hmenu.d74f8d5440b9	20	d74f8d5440b9de3aa2e6dde1d07a12c137e4331d49ade2a12ae59b8411eabef5
hmenu.70f6dd1dbfe4	16	70f6dd1dbfe4cc3a790bbcf51cf4dd882134e730d85090285a5e56e4c16d3122
hmenu.1ec22de1446b	10	1ec22de1446b40ef378b9d2fcc733cfa91161fe3d1e81ac659f9584b745fcb1d
hmenu.3c482346f375	4	3c482346f375027677fa8a0d6830a32714d4f13f9e94c2d9e215e0ac205ad4e5
hmenu.460492ce94fb	8	460492ce94fb32d6ea7509599f3fa1e64926c54ad960e62dbccc027ef22292c0
hmenu.46599c5bb5c3	2	46599c5bb5c33101f80cea8438e2228085513dbbb19b2f5ce97bd68494d3344d
hmenu.853916b1dbc2	4	853916b1dbc21e6111acdf8e36f784d24ebe2e5e1b454f73285d69213e6c515a
hmenu.6973dddd3ef9	7	6973dddd3ef9cb6a2932702f31777faad9c9bf3124d147a84f31aadb6d139546
hmenu.7cf6b0597fe4	4	7cf6b0597fe4e3cb355932640c14cb6819d5359ac113af58d0b365c7a112fd31
hmenu.3d099d0f13df	2	3d099d0f13df9d0bb4427a6ce99d61b988861761e286d6e34b17d6371b46b13f
hmenu.230d8358dc8e	4	230d8358dc8e8890b4c58deeb62912ee2f20357ae92a5cc861b98e68fe31acb5
hmenu.ca4264faf597	5	ca4264faf5970fc613d80ad9e736f565d492e253a2faa84b35c8f2b2ef0be626
hmenu.c6c486312287	5	c6c48631228774bb4a65f0b553aa404a75c56616ab27c7fe37896ab698a38ccf
hmenu.ff7772053abf	4	ff7772053abf7d817d6eec229a09e14f0d1552f1cb0aeedb2ac73784ac2d2e39
hmenu.8e3ea5017147	5	8e3ea5017147bf6a11fbbe87ace3a7c3005fdbb458deabfa27c0523f2a30aa42
hmenu.cdc299378871	3	cdc29937887188ad3702d1831d5b7ec66333a2a909e1f242432eb168d4c7b08b
hmenu.6e9bbe8d40ed	32	6e9bbe8d40edfa43503eac92bcf84e3a0a1ab7e1461b367f3bba53b348e91d42
hmenu.c3e2d78f3ff3	6	c3e2d78f3ff335724b4029f06505b511e4f8f01e258828de29849b36b40b55d0
hmenu.6a26f90ee358	4	6a26f90ee358f5032c6f4ec47a9b1107afe3fbd5600919a89f70de4ccc6b4e31
hmenu.0de5c7ce2c5a	6	0de5c7ce2c5aeab6a537b6ec3bcbedae29977f1f178868d37d62dd88de9fdc68
hmenu.c5aa1db676ac	6	c5aa1db676ac061cd8e7e7c80a4fa52cc67fa98ad791728be5f1a013f062838f
hmenu.f28c5d59eb13	3	f28c5d59eb1307e88ffc2943867931a33eaa9dbd2e246e40e60c1c12139bd960
hmenu.c53b5446a3cb	8	c53b5446a3cb2fe4501f964a9bc9c398db54f09963c3a0362b025b297c3c2eb5
hmenu.175f6a239138	12	175f6a239138a0bbe0018330a741e2cbc664a3e5b14d4d4344a59adda6004c15
hmenu.349cffd66232	7	349cffd6623246e155a03228d76fa4a5b31199d1b3d8a3a1c01690dd5ffe1b7d
hmenu.a4076e68ddda	5	a4076e68ddda2e918e06390b6dc9e42912a80871af18d671aa72582262e6d7e2
hmenu.ad9fa94f2a8d	18	ad9fa94f2a8d08e1d42c9e887ba8f0daedf15c6da76a48186d46458f18403fba
hmenu.c4ff4a77d890	14	c4ff4a77d8908c876f42d8f0d065bc5b005d2d552020806b01b5370ab92c7914
hmenu.89b7505ad79a	6	89b7505ad79ad4892d6f2f110320da7b79e4110e0117b8249de318688c3ad83b
hmenu.438b517d08a0	5	438b517d08a00a9c812c4cf85a653abdc73fdf0437d6d3e476f91ff03171a551
hmenu.411b0496da5e	4	411b0496da5eeced5314a3b5e9532bac97008d09ce9969ab4fa6a52b8c7ef634
hmenu.4bcef3de76ea	9	4bcef3de76eaf574c6bac3fc98f364793a73aa3e31fe45a7d1dcc0239ed2a5c4
hmenu.264d61cf0ce7	10	264d61cf0ce7e8676e2242fa800991f8d44b65bb668cec98f350fa9245cb7975
hmenu.dd1b3c312cf7	5	dd1b3c312cf7d816130354452e9629ce39355b0c534129dd26a08cd9a4502ede
hmenu.913a4cb91be2	5	913a4cb91be20332f3559f8070255d7ac3e6228bb423f4441551d3f783e7d4f4
hmenu.67905ad3cc2d	4	67905ad3cc2dd52b1f5f6a6d2814de0396618b29b4238b9af5207aeb69936e6d
hmenu.310ff200149b	5	310ff200149b44a32f124023d7caba19a1a890763a980606813d3a3d4a085d36
hmenu.1a9a4a9d0d6c	32	1a9a4a9d0d6c714637314123fee1860a717ee4644a0dcd5c7e4aff73d522b7d6
hmenu.4e18312e592d	8	4e18312e592d3c99ab964c7d7492d517398ce6db3bf75e459fba452a3ee13e32
hmenu.b3a1984ba0b1	4	b3a1984ba0b1d8ad7f9dc881dfd9c9dc78c76c647a7692fbbfd6fcdcb9d9a121
hmenu.71b4f3a3748c	3	71b4f3a3748cd6843c01e293e701fce769f52381821e21daf2ff4fe9ea57a6f3
hmenu.e13abb615cf7	5	e13abb615cf7691e97c9670466cff325461caa4474770b1aef017dc75b5ef327
hmenu.0a11dfb8fdf5	5	0a11dfb8fdf528f9700f02e9f83144d8aad84f4ecbe0592b8d3f9e99d750ecd5
hmenu.e811f04504f1	10	e811f04504f18855e1c3eca5f2ca795b023a01b070cd755ecd217fea6ecece35
hmenu.db6e2c6375d0	9	db6e2c6375d091cce686ccab8782dfacd638142f06dc8df7d8291d3412fa34d1
hmenu.e256ee8e7aff	8	e256ee8e7aff6957a781d8328f0f68e26996564c81fa458da59fbca2305138ad
hmenu.d83696c88df7	9	d83696c88df7a50553f28564fd454346de57cecbdc5e51cdde2ad1f99a4bfa4c
hmenu.b4b944841827	6	b4b94484182792aef33c65b7404dbd6584ca7fb90647ecd5257974bcd8509ce0
hmenu.be379a30f1aa	7	be379a30f1aa05d130468f4818fc077ccd2a8b9c972cf5dc901eed1be8587ab8
hmenu.bfb1d61e8789	16	bfb1d61e87895193f5e5947babebb92b59824b253f2471bfcfec2cb5da64e4ec
hmenu.b4ca32d7b0db	5	b4ca32d7b0dbfc0fe26905fa9bc513a2d16f853a9106e37cae6c62d3b5134b77
hmenu.9c0c2a78300d	7	9c0c2a78300d97b718aaba071b3fa96edf98e0101fb77514094964d7e8c69fd3
hmenu.964c6bc07bca	5	964c6bc07bca36bd27b3f29d4d53b4c44220df5529d473bed308efe3698a71f5
hmenu.6f5a5c61ccdb	6	6f5a5c61ccdbd8ff2a620d28c86c721feda2dcc809d23b29e1983af5cc50bd85
hmenu.379defcd32f9	7	379defcd32f9091f1fefda1ea18809ab4626da23f252a289e4cb5628c4ba68fc
hmenu.c7511b096455	4	c7511b096455b2e3790b9d1c76600dc61dccc87e3343d1dc064a3ac837f8bc7b
hmenu.9cff331d6699	9	9cff331d66997b557344e1a7cf1a6ddffc9690e18fd90faa2aefbb203f0e7cd9
hmenu.3f67735e52ff	12	3f67735e52ffe9ac22105c06385e8c48558502c8994e565d18c650956138bfbe
hmenu.7c6b1126bb56	10	7c6b1126bb56e94030a21c67650743fa24c18c1295e601b2c0b201318312e121
hmenu.adb296fac2e0	10	adb296fac2e05b945d4461a50a7d18fe700f2a4e0e58fe4f1f1dad8f4149b687
hmenu.ddeb034b93f8	5	ddeb034b93f82a4fa35fc92ab1e8fe3d0b8e9a811bba45438996d62ac7c5fb16
hmenu.12901dece9ce	3	12901dece9ce1f866e4a1dbd924df1dcb9fbbad9a728f0fa4fa26e76155d6899
hmenu.e9d8992f3481	7	e9d8992f348162fd95acf6d07922aff61ebd06a143eaf134f29d72e76cb420ce
hmenu.65cb8bc4d032	12	65cb8bc4d03297069a46b8b263d0f5f27427e0c30a1bda20742f4f6681cd2438
hmenu.109fa9f54c84	7	109fa9f54c849bb7c2e983911b0d3d75bd7e947c157dee7c012ea29648058191
hmenu.1044dec7206e	4	1044dec7206e8d7c9fbb4ae8f766668406d2567fc7fc1a160a9d4700fcf8f8e9
hmenu.a26d873b3d51	32	a26d873b3d51e69319258d423ae0e565398e3b1c1d82610b5c2777a241972349
hmenu.d12faf293a42	5	d12faf293a427d0646fa3725e8954087ca742728cbe712c55796270164ac3e2f
hmenu.09d3036c1462	7	09d3036c1462ad51929f894acb63ee3926dec07ff1d888cce5aa6f4fcf97b3c6
hmenu.a5ba62902e7f	9	a5ba62902e7f5b78a2688494034548ab347408fa19ca589cf7b4e59b96ec3d3f
hmenu.d695247a419d	20	d695247a419dd30cf6db2de18b1886d30102ea9fc7b375732de8d78da39271dc
hmenu.d810e2523920	5	d810e2523920525379158a2817711b8cd181fb3d9f9f3a8c2b9f3effbb9caf4d
hmenu.ac0b52a2ae6e	2	ac0b52a2ae6ef99999bc08fb31e19188bf0085a4614204068e677e140e1458be
hmenu.a510222fe5f1	3	a510222fe5f1d06a77bcfae1ec5802bd5a87be5e87c9dbbbba4193f686b70f7d
hmenu.784109ed21a6	5	784109ed21a6f7c669eaa3d404cb2cd6ce91f3334b836bc7021b0fee26af26ed
hmenu.95361812b54e	6	95361812b54ebe88697959d50b8805715818ed07f585914bf2e58fbb9f2d7e11
hmenu.3e484db793bf	9	3e484db793bf1ab5d39f8d5aa58549a618e7d3286bb19c915de528cfb88057f0
hmenu.44b21048ee02	22	44b21048ee02d9503b7dd472f01a1122e39cc3c14c819762003889dc094501ad
hmenu.961eb4369973	4	961eb43699731759fd0d04f177bb24f09971bddd41426702276e761269d0a5b9
hmenu.908aec4512d8	4	908aec4512d80ff4fefb1970899091e9de8e734b36b8fdb7678e77dc092f6959
hmenu.7062520c5a0e	5	7062520c5a0ea9deac825278c9f4f0cbad48864b2c7d0c7f1ebccdb752afb058
hmenu.479f8503704d	11	479f8503704d68fa7db1dc75bc4b5bda1d1d9200184dbe0989e35e7ce697aa30
hmenu.a32876c61f8f	5	a32876c61f8f837ba3c3aa8418a4d90344ceb881fffb64965b2f5067b4533ff7
hmenu.15a9b356f256	6	15a9b356f25678c5d73c73c0d60ec89f51f4b12b0d85e9401ecf5db5cc3b2af8
hmenu.ad8085924cb7	6	ad8085924cb7719367c12e87e8686102982d9ddc23b749b3ccff6ad19957642e
hmenu.2e1cfa82b035	5	2e1cfa82b035c26cbbbdae632cea070514eb8b773f616aaeaf668e2f0be8f10d
hmenu.bfa2700b7775	3	bfa2700b7775420c42356aa0265e9e4c8e998ca5916789b987e32cf34cb0753b
hmenu.6610cc552469	5	6610cc55246908a68b83fd56d0b36411fc28559d85b90f7e30b9f0e21b86a730
hmenu.e91777aa2fce	32	e91777aa2fcee76711cf97826beeee1a9432b99248334f2a0512dec63790feaa
hmenu.9187cc2ac5a3	7	9187cc2ac5a333586e362771e398fc2cefe2170ffc0360ae300e3f43623d2c67
hmenu.6f6465f9dd06	6	6f6465f9dd0685853e76cabda89c082c86afa789ed2a72ca17537e83038d7376
hmenu.e4c588f8813b	31	e4c588f8813b4228df92db39ab5d619ec8c1a1a5c7e2823e15e21b97fe10e0e3
hmenu.e08d706b3e4c	5	e08d706b3e4ce964b632746cf568913cb93f1ed36476fbb0494b80ed17c5975c
hmenu.260b27ca3018	6	260b27ca3018bc10add7b5d45f85d3204f80753f7640bcc4966e62cab9193fba
hmenu.923fe53966c6	5	923fe53966c6cd9343e11af776cd4b05be315ea4b200b02e4d5dfb0f929b73bf
hmenu.ad5aabc97d88	6	ad5aabc97d88f6e56deaffc34c7a6e292e9e12db04a56799d773cfb64ca9898d
hmenu.53e5e7c5a884	10	53e5e7c5a884893739c4cf64528572aeb846f8e4ca1986188287475c65900fab
hmenu.7313f57bf6d1	18	7313f57bf6d1b1f1e3dbaabf162cc879dd4fba3150613ba0d031d2555883c844
hmenu.3b64a2e3a8b0	11	3b64a2e3a8b0c9e1daaf7c8eb608a73128c3b5e45eaadecaa8dbdce118ffd634
hmenu.ae92b5f2244e	10	ae92b5f2244ea6e4d250539a69abc219d3f9e13661066df6c15888cab127cbd9
hmenu.3393b41eeeea	7	3393b41eeeea1c11dc97c34242fca5f4c9fbf6239cf2b6c4f1469e1571d7cc28
hmenu.a5065984fd53	32	a5065984fd53a50fbe63f634d0821af2a0b4eea886a2249b526c33282203bcb3
hmenu.fba363461643	31	fba36346164353430b619933ae9d545b9d5eb64f6f38d5418885b636e93c48a7
hmenu.5d28a90f4498	6	5d28a90f4498a81461efbaf6f628a19d9778390bb5c81a393dd936181cc3d826
hmenu.c1481e2eb555	5	c1481e2eb555ca92ca5a8c8683c0b974c33935ccc83ca48e24b3b9a4b16f156e
hmenu.ebc5306f851a	8	ebc5306f851a3c29f48cad1d89888c020f4f542af84dedf0e0d7d241dd55f9af
hmenu.cd48557114d9	20	cd48557114d96480f9aaaba7d87493ea123c964c9f7f580b135ebd58f8fb0965
hmenu.291af8de7ebb	20	291af8de7ebbba79320ff64ac3615428c9d9415b33702c661ed1c00aeabe4bb8
hmenu.bf96202a283a	6	bf96202a283a9df7dd53b3a4c765ed5b314f35cdf662ea31374be1b190d936b6
hmenu.a5add1365529	4	a5add13655291fd6bbe9175d4ef176dc0d3ed156fa1f2b388326d514bead3d6f
hmenu.1774b8eebdec	5	1774b8eebdec58c5f11998669e983f81e3d2c1d1a63649113096ddef143a7c2b
hmenu.3b9c358f36f0	4	3b9c358f36f0a31b6ad3e14f309c7cf198ac9246e8316f9ce543d5b19ac02b80
hmenu.e6640de835ad	4	e6640de835ad09fb0a7367ee2e0ba99d0142c139db0272146e35538bd07479fc
hmenu.03ce67f208f4	5	03ce67f208f45b165819fca896c14ffb8f7cfb0d5a4e435789f212770af221b5
hmenu.a7937b64b8ca	5	a7937b64b8caa58f03721bb6bacf5c78cb235febe0e70b1b84cd99541461a08e
hmenu.992a93455c71	5	992a93455c71fedd36ac9bbc439952c041cf61445958472af479269b8d873513
hmenu.dde7b24de0f2	5	dde7b24de0f244080cd7eee030f36aa55560a3132ba7f7fc731e72bfa5399420
hmenu.d1bdcbadd245	5	d1bdcbadd245bf1bed8ff305bfa1fb3c91cdfe7c184ac8ab32592e1120ccd5e9
hmenu.4391105bd3a7	14	4391105bd3a7a90a4afa3a1d1a8360657d5f9b532ef47b7dec87978c9382beae
hmenu.8d0288f434f2	9	8d0288f434f2ff12a3ddae6d687a5ed7725e67ce68a2690871f438f430e3427f
hmenu.989465879e4d	21	989465879e4d177c4a10c9d637ee4b01d712adf9141efd79f97c18647df9676f
hmenu.10c22bcf4c76	3	10c22bcf4c768b515be4e94bcafc71bf3e8fb5f70b2584bcc8c7533217f2e7f9
hmenu.2070f725ff1c	7	2070f725ff1c765b73c498de52bc419377979691f6100de3ed99794aeb40d988
hmenu.5dac5c8e4cf7	8	5dac5c8e4cf792e114c27191d7c64d66789bf074ba1e53415553cf71b80aba22
hmenu.bcc649cfdb8c	5	bcc649cfdb8cc557053da67df7e7fcb740dcf7f721cebe1f2082597ad0d5e7d8
hmenu.dc81b1d371a4	6	dc81b1d371a4072be7fcfc3e1939f5bddae8bdc168846a50a78face975b9af63
hmenu.b56d25bdbb5f	9	b56d25bdbb5fe097279834664c3ce541ecb104e41b91ed3357d5802679e5826f
hmenu.75857a458999	4	75857a45899985be4c4d941e90b6b396d6c92a4c7437aaf0bf102089fe21379d
hmenu.89b8fed9f55d	12	89b8fed9f55db8e62835a8256de7eef41d0d6da0acd1f142ab57d7ccbbe82dc1
hmenu.a94d5f0cee11	15	a94d5f0cee11af58211f19142b451a4c61cddfcd960ff2e86fa2a5bec76cc3ae
hmenu.acbe4bfc77e5	4	acbe4bfc77e55c071db31f2e37c824d75794867d88499107dc8318cb22aceea5
hmenu.a18b869b2e81	4	a18b869b2e81c0c529552a3c4fa5c92ed08b98a4e146aed778d71d27517f83ac
hmenu.11eee8478dd8	5	11eee8478dd8858a8e3b377eeb937e4e4641743b8ee1f4d001376c1044c5b89d
hmenu.2f32e89cd22c	17	2f32e89cd22ca2f7e8730ea39d5d08a2347443c7080def35a14d6bd1c9c72f03
hmenu.6ca5cab77e70	4	6ca5cab77e702c787b4c14b3d3bf26bad43da606be6eed04ab0b9720120ae081
hmenu.4d5da5299dc0	5	4d5da5299dc045d5a593c034c34e6cc53ff4920fb1bf741e8ea993eea91a4603
hmenu.1e570596cee2	5	1e570596cee22626ad7e4f96c99fc8e01b5aa77f9cc1cf961b1ee68499bb6e5d
hmenu.0feae16d5536	7	0feae16d55365acf07fe9f909834361ba6ee606854746539230bdc84a6a24cee
hmenu.2998b3232d29	3	2998b3232d29e8dc5a78d97a32ce83f556f3ed31b057077503df05641dd79158
hmenu.0895a532e404	4	0895a532e404a5c9ea96eac7982d268f22de22c9705dcda0e1eb445ea379b005
hmenu.4ec1c6c205ec	5	4ec1c6c205ec4c8256d1fdfd7d0f9350f300b552666fc3f8f1ebf3310bda5c0f
hmenu.64ea62de2928	5	64ea62de2928a9ace7ac1c20261ae3d30b0c3aa7c3404d253d3dbea1e59148f5
hmenu.ef8bccaee981	23	ef8bccaee981d0afc61f2c34c0e9ae2a8ee5b1f11ddb9b38229eefc033aa184c
hmenu.4cd0e21a9a07	2	4cd0e21a9a0795a14ec9aa5f0e7d1abff0492565770e43eafdf1e3e8afed1f33
hmenu.f1537d8de0bb	4	f1537d8de0bbe107268e2b4263ae6753d2de8a56cb6463b92d7df109079aad51
hmenu.bcf47e35fc5f	9	bcf47e35fc5fe9b78d1ce32a9b98b05adeb3e2aae129207ef29f5fdaeb290f93
hmenu.283bb9deef02	4	283bb9deef02e6843abfb538efa1eca70801bd8a701c3f98191e123496339247
hmenu.3eed0f332976	3	3eed0f33297699415de55d2d980e60d30869bf6564e2055b62173d368974a149
hmenu.f63431fc68e2	5	f63431fc68e2d0ae125ac1500e74e368c6f0ee3b9f33db13c4b626f899445d75
hmenu.9150c74c5f92	3	9150c74c5f92d51a92857f4b9678105ba5a676d308339a353b20bd38cd669ce7
hmenu.95a0c6cfd7d2	17	95a0c6cfd7d2fff4d7ef9c689639b7c6a51361fb50b70d02cc342e6b67244076
hmenu.4d5e86de30d7	12	4d5e86de30d7a768e0f90a7b5eff2dff76d8f9dde7c791d1219074e94aa51c7d
hmenu.2ff6bf92f513	22	2ff6bf92f513caedf70295815f3c5dd1dd5299fb805445feec5aef4312143b9f
hmenu.9910e21a71db	22	9910e21a71db2210567fa021885bf897bb34bea0fffd1f579c3b9cf6a166ecb1
hmenu.193c45b52819	4	193c45b5281908d2d9c814ba73be696dd3f252052c230f925d797f373f318d03
hmenu.5e60ff5ac0ec	7	5e60ff5ac0ec0f50caa94ac8a754bc0e98c351e7a59fe4dd354137cfddf5b99b
hmenu.22d5925ed646	5	22d5925ed64680ab5f3f6de713645a3d72cae7a9506b8a55a0d4fe950737711b
hmenu.eef98a799e12	8	eef98a799e12234ce7eccc864c77591ab46c78848cbd82a33ea208a83f51c4d9
hmenu.354cbfc81426	3	354cbfc814262a7a81d343f7d6ebc4adfb4266e5081a78f6a19ff16802dce8b2
hmenu.fcec91509759	4	fcec91509759ad995c2cd14bcb26b2720993faf61c29d379b270d442d92290eb
hmenu.63d04dee7c50	3	63d04dee7c50f6fb120287649c32b5e32d4e8e4fc90a9083adc98f9baac63691
hmenu.aafdf5b5f2dc	7	aafdf5b5f2dcce9daecd9ad91898bcec9dcecb95f96e2703a8ac3d7308c9d322
hmenu.5dee38c51e72	24	5dee38c51e72c2399be0a33a0187dc21b6efe6145e230f3bbfcdf5f9d31d3732
hmenu.62f51d296d34	4	62f51d296d3429d8f502e2a1cf5fd430a118615b9c4b97d7fbac538e9966fe26
hmenu.4eaac27facad	10	4eaac27facad902de631180830c67677870a17a1f3181c03b1a79eefa9c2d9c8
hmenu.edbe47c94751	8	edbe47c947516f1e17f7a118d79e8dacd25105dc45c842949eae2a576180080c
hmenu.8044aae1f868	3	8044aae1f86875d993f20d7fe3815306b640d6e039c4512cd7a2f8453207b4cd
hmenu.918c1fefcaa1	31	918c1fefcaa17f63ba4dc469fa59aa97f31002980638fa5fba2763ff2c7df386
hmenu.c2d4b446a44c	4	c2d4b446a44ce54fab8e01150e24dd24f3d850c7c14dcfe31f6321341dd86874
hmenu.e7e9a0deb596	5	e7e9a0deb59628f061839f07a720e605608416b7bb59250b08988421fd8e6ce7
hmenu.0f780b5c735e	8	0f780b5c735e70251a83e58da306c81951961596c9ab543a7929bf67381b9328
hmenu.582967534d0f	2	582967534d0f909d196b97f9e6921342777aea87b46fa52df165389db1fb8ccf
hmenu.9f74a631e52a	10	9f74a631e52ac72b49961e2991d2e7d30323cd558a4d1d741bb4bed9af77d214
hmenu.38b9ab80aeb5	11	38b9ab80aeb546194eb90135096146e23ca3f9590fc8ff599fd074603f82d884
hmenu.60b6e20a4fcd	7	60b6e20a4fcd5419dafff58d391f486d4c02db1b762e0ed499af14280a46e82e
hmenu.5fbead1628c5	32	5fbead1628c5831d20542ef6ff6b6d549e6f0f80e41a9220b79ec87c99edc13c
hmenu.429991c69978	8	429991c699786332504e9ff00473aac24e52ba711c9e3800282087ab98357afb
hmenu.927d9417bc11	8	927d9417bc11b48a3c17ecb35c00e961f43f05a49a3056c1cf30baeffbb7f0df
hmenu.76d92e470a5a	32	76d92e470a5af611e66b84bebe106f7152286ab83c73deb4f9a2f29ebfd21e2f
hmenu.1e22560cee2c	6	1e22560cee2c4b727c6a117792e04a6769efbe2395f8e2528c603a153a446477
hmenu.ff049406e68a	11	ff049406e68a82e87f3431e19c72fe384efd72a81e4a1eb7f043e18d44024bbb
hmenu.47343132e8c3	11	47343132e8c3054ac99857bcea75d0607c125e000f65ae6c14d00d5e791b49fd
hmenu.6b847a0ed0b2	4	6b847a0ed0b2c484c73f2749e29b4db576dd6b06cf7110180dd43b8871dc14b3
hmenu.fa51fd49abf6	2	fa51fd49abf67705d6a35d18218c115ff5633aec1f9ebfdc9d5d4956416f57f6
hmenu.4b7899783330	13	4b78997833302c15b7a342c8713f60f37eb67909814c23af0578f5e6d60ba52a
hmenu.1116c3efebb0	11	1116c3efebb0a189a5e7df4b4a2ff0a7f900f40ed461506fd75192a23495dfd5
hmenu.4a6952ce75b9	11	4a6952ce75b9861d5f4c1a210d608d388506062565046e05681019af6ada8c2a
hmenu.db3fef5c15fb	8	db3fef5c15fbac44840bd6aae4642c278b5bf1aa797aa62f3f6fe77a56aba62a
hmenu.2e6205354e8c	9	2e6205354e8cd080ce0efb28db44eb48f8640c7d2036c8cabd46dcf60cf71a4e
hmenu.45bfe9649213	8	45bfe96492130e66a354d243cdae8fc7374ad68fe0b5b3ff5db1754291f8d246
hmenu.48649b6d4fd9	19	48649b6d4fd96fe46e3680ce5852fb1abf387d519ff5bd764a51fc0834953a5d
hmenu.d626ab63c524	9	d626ab63c5249e6dfa18ca58acfaeeb20361fbdd4e68dec0e38d372179db0891
hmenu.cd6811fe6223	11	cd6811fe62234c850a6d0f6b1ccfe6fb3421e0ea9789d0c45bb56ec714d115a6
hmenu.ce59a9cee559	10	ce59a9cee55917f26a89e0c8b3d24de9edb547eee4b22bf7ca86b68553912018
hmenu.eadcbb4a5f64	14	eadcbb4a5f6441a2d3324a70b2c38220247f4ccdff2144b3f76bd43a4f92ab39
hmenu.a95140d02db9	9	a95140d02db9873ba8a6300365dbbaf0f6cd0d25d7fda0141df8ff30ee7b07ee
hmenu.901b85a88585	11	901b85a88585677fa9e8dcbbc1b93ad09d821856661d23179536d2019c5094d5
hmenu.87ff200d1bca	14	87ff200d1bca0a8f08b96a4617b1356fa441f53d44f852c41330a3bcbb22994d
hmenu.6f38c22d242e	21	6f38c22d242eb116cd403ea44a72a313e3cfae0d5c4c210784c4b4d060e12022
hmenu.ea42b3d67cea	10	ea42b3d67cea0788acc8dcbcbd040a8c44f36a9b2e8c62bb324f653cb96185e8
hmenu.4f38e9161cbb	10	4f38e9161cbb8f0a4ee6dee83321bd0cdeb2cb8405fb0c9493e3b465c8cff80e
hmenu.81a20cbfaa2c	15	81a20cbfaa2c50b87b962a1275c2c8f20687828e3d7655ad33dc59a8bcc214f7
hmenu.b629146c38eb	19	b629146c38eb3521ddada5923f2eab5ce56240fbfd311f50e08b4f71ae313287
hmenu.c17b0190766a	14	c17b0190766a156a4b5661faab19484eb97af02cf3bbd58a2ac55c89a5fddb01
hmenu.2ad8a7049d7c	2	2ad8a7049d7c5511ac254f5f51fe70a046ebd884729056f0fe57f5160d467153
hmenu.8354aace85df	3	8354aace85dfc8a98a7dcaf33e23d6854606ab990f047f8eb0ec9dc5d5f05912
hmenu.4a33eacd5fa6	4	4a33eacd5fa65f2b2e2871cd131286b53c415b131666d71173bb6e3fe59361b3
hmenu.ea103d6cb5c3	3	ea103d6cb5c3fb3d696cdc37a84bf62cd929fc5bf47e9c7250bab7d5f8d45e97
hmenu.2c96c4dc7575	7	2c96c4dc757597cce968020825526dcad5205b57ef92cad5215e587fa9722627
hmenu.39a39d1bfab5	8	39a39d1bfab5e142a4f765360ebdcd1a96bb912a7d7a13d916cb6b12f1bd2646
hmenu.c46f278027d6	12	c46f278027d69a2ae78854884c5e51feeb6b94523ed99356699295c8f0c5ff4b
hmenu.0dc5be426a8c	11	0dc5be426a8c9f672408cedbb248f7564372d0734f0eb428c4635b3a4037c75a
hmenu.41a670643247	9	41a670643247397df60cef11ae98c1380045f8e7595e5f95d3a98f314864d861
hmenu.288ad67af0d2	32	288ad67af0d2c2c2930383efd0cd7107c058560e141d316c126b9f743c981a6c
hmenu.06a3cead1777	8	06a3cead1777dc84d52ea0c9d4d0a1bb932d5fcd4ea8021d6bbeef189ec3e40d
hmenu.59b0d70eeded	9	59b0d70eeded81d833ab2aecea1cd6aa54f50b539d93ec5cc06ca43ae2caa47d
hmenu.2c70e12b7a06	3	2c70e12b7a0646f92279f427c7b38e7334d8e5389cff167a1dc30e73f826b683
hmenu.d5405925e308	6	d5405925e3082bc1479a5cec3ce6e984cfc4a0caaf7216755eb8c7b2bca2d96d
hmenu.3e0b1401c44a	7	3e0b1401c44a0381a2c1492ddb272db49b7ce565f7bbee813a0a7d133019b958
hmenu.94d8fe2cffbe	5	94d8fe2cffbe16b26a3ac857188c729bd3a43544f808ea69cf237f13d25a213a
hmenu.4413cd7439ca	21	4413cd7439ca5b108f065faba1a19a5d6f8b3653a81e46869fbd863a7cdcb80c
hmenu.aef450dc78ea	5	aef450dc78eac12fcad7944c163e782a1430a3908618cdf147dacd10de6f1035
hmenu.57ee6756f4ad	5	57ee6756f4adc8203db8623554831ce38c581e9747cbe78edebc4c9554fad05c
hmenu.6a5a5acd0695	28	6a5a5acd06955292977edf61c932896f8b3939c1281a3cd3eb5cdcd2d7058b64
hmenu.2bd0fbbc2989	16	2bd0fbbc2989fc05d2378f63470a0894b22fb6e6771bbfb43406403b05b017c9
hmenu.360f84035942	4	360f84035942243c6a36537ae2f8673485e6c04455a0a85a0db19690f2541480
hmenu.84f429ee18f9	5	84f429ee18f99e21afb9e6c0b0374bf6d02547fb95c3f97f43fb015dc9c97e22
hmenu.271237599b16	3	271237599b1662b3e5f53b62a098fb0b2cb925caeb49bdd44ca8e992d75e6899
hmenu.0081779c287d	5	0081779c287d567d9ca622f4c0cc2ede819b0cc7f286a5f01d8c3c0178191ad6
hmenu.67d7118802b4	32	67d7118802b49201d3660da98b9db39cc71ed6afbb2ba01771a20cb0817127c3
hmenu.cab2644828bc	4	cab2644828bcc1f220612fde559864da2c5bf0c6eebdcadbb4a4c88c9fcf3927
hmenu.8c167fcb444f	5	8c167fcb444faf1de7ad6d28359c1df4b12e06d72df1ab500c14db7adaad276d
hmenu.1c237809e9a3	10	1c237809e9a332519bfc4f93aec844cd104069c0ed2545fef2cdfce228648528
hmenu.0cf67fc72b3c	4	0cf67fc72b3c86c7a454f6d86b43ed245a8e491d0e5288d4da8c7ff43a7bcdb0
hmenu.c1ba6e9ac452	5	c1ba6e9ac452bdb046e24b57d7110300ea79c1ac81514ffb8bd59e9048a4351f
hmenu.34d77eafc860	21	34d77eafc860ddf142ba7af7b0cd17e660c932b58e6e3c4fbc5ebf2f69677913
hmenu.a5b892799b0e	7	a5b892799b0e8ca6c9a23c1ab9efea8d7dcd3bb9f076c85bd8668f065b7d02a8
hmenu.95d09b6231e6	5	95d09b6231e6627f68a42cf844d9e928ac3f5df11c1a78025da84e22292955b1
hmenu.53798f5fd9ee	20	53798f5fd9ee899abb09a3b582487ab38d15252c0e0e3ea11849545263a7cec5
hmenu.76f75e6129fe	4	76f75e6129fe30135bd44d80ab7cc46fdba81907758dc808f3e2517beef2b1e9
hmenu.aa019002ae47	31	aa019002ae47cac7b9b879acce325e161d8975af26790086f7162b7f4958ff19
hmenu.6fa8ceb67b60	26	6fa8ceb67b608c33499e50e25d6a10d26f3095561d2cb443511ffd21610e250a
hmenu.8c6fb1e9e37a	5	8c6fb1e9e37a1aea1d308c785192e1a17d71cef08c7f50a68d2e0ab292b2e7f4
hmenu.17b09f5db72c	32	17b09f5db72c7149ad9eef43317ded838e861fb097bd27ca934040ef8e8526b5
hmenu.ea0890697a77	4	ea0890697a77af0a2e054cccec587c8a42feb5cf38e778c6c6e2a96bfb945c0b
hmenu.d05aa2a15fb3	4	d05aa2a15fb3c40efeeb03bec445393f00074484cf01c8fb2da90ca6695a5531
hmenu.efbde73cf7b4	5	efbde73cf7b4ef001efe7f4ee27ea8409749c3ad5434a5017eddaabd5c1d6af1
hmenu.1137b15c7797	4	1137b15c7797aa84ec24e8dca5cb966dd016624374a09cb2ecaa9ac3229f5ccc
hmenu.0e72b68820a9	32	0e72b68820a9aa8c196a8c50edcd0d587c139d498056d334369a764edf05519a
hmenu.8a64ff09886c	7	8a64ff09886cc35fe5f56cd45a1f87251bca00056ff939ddd81b2f8d93f1cdd4
hmenu.5cca303ebfd2	38	5cca303ebfd24bc7e58cd38da097507d74ad1a6768a92e7c32896d572cd003e6
hmenu.2744ccd10c75	2	2744ccd10c7533bd736ad890f9dd5cab2adb27b07d500b9493f29cdc420cb2e0
hmenu.96d5c140cba4	31	96d5c140cba46217957fa5b1542d73177ac19de09d999bd435ea680bc5a86804
hmenu.4e0d555c0b5d	3	4e0d555c0b5db39730b6611d1b45d019fc07bb91870d0e291dca8a567a82e400
hmenu.666cd709f9e9	6	666cd709f9e9f7a50f5b5ca3bb08294730b454efff75678deddc712b0a06d4c7
hmenu.c064fbca9d9d	6	c064fbca9d9de8dd9bb0624984403b28d0da807a69365d4f7fb09123ecb0c405
hmenu.b5dda3024f8a	9	b5dda3024f8a22a5d6b91b1b999874bfc8a8d956c643fee4e3b799dbbd46126c
hmenu.6efcbfb1f9f1	3	6efcbfb1f9f195ced75feb43f202ab14a8cd87832cef086976b16658e23944a8
hmenu.3fa1d3c4460b	7	3fa1d3c4460b7347671e95fa31cfbcc27efc9a15af6f8aab6ab1541e8ed7606d
hmenu.e64ee3af7f94	9	e64ee3af7f94b1e2957bd37cc25137d79eda386d5bb529c67d4515ae76617dcc
hmenu.187897ce0afc	4	187897ce0afcf20b50ba2b37dca84a951b7046f29ed5ab94f010619f69d6e189
hmenu.dbc310d8e441	11	dbc310d8e441a3945439a757a7c837ba32923941fd5f713e163ab24641b6fe81
hmenu.9ca0ea108894	32	9ca0ea108894ac595cdf5c6f7dcb0f77c8fcbf8aadc8cde78537093c2dff9a1d
hmenu.d4536f255583	5	d4536f2555836b0b1bdc536c56e6f7245a2e89dd20ff8df68ade3cf0e7f39a65
hmenu.47c5c28cae25	5	47c5c28cae2574cdf5a194fe7717de68f8276f4bf83e653830925056aeb32a48
hmenu.73aacaa0a21a	9	73aacaa0a21a6a2bb7e39391e5f3cd22a8deb03d1510bb4ae85aa09a585193ea
hmenu.700ceab2be74	8	700ceab2be74a4f3ecb77f14f04943d16b14cc9834614aea010ebfc4dacc5d5c
hmenu.543b1c4bd4f6	4	543b1c4bd4f6b184ca2aef09ca8e5aeadb04907efa0ac7b81b00f8b9ea8133cd
hmenu.038468518ad8	2	038468518ad8122e13112743f890c7ba96ac5665b71de548eceb23e9ef237805
hmenu.11507a0e2f5e	3	11507a0e2f5e69d5dfa40a62a1bd7b6ee57e6bcd85c67c9b8431b36fff21c437
hmenu.c8d43213f3a1	32	c8d43213f3a1dbc0ed033d257557d833b0b7cfd3121785ded8c6459e793adadd
hmenu.c6c1c9a9c854	4	c6c1c9a9c8543f1e4cd980064cf1625eeb61a90703b2464fff039f21682508b3
hmenu.e186022d0931	4	e186022d0931afe9fe0690857e32f85e50165e7fbe0966d49609ef1981f920c6
hmenu.5da3a4c7f117	3	5da3a4c7f117944275b4c8629c4916403625d5a4a6573a01ecb03f0e9d2edbe6
hmenu.9390298f3fb0	2	9390298f3fb0c5b160498935d79cb139aef28e1c47358b4bbba61862b9c26e59
hmenu.254bb97b57f1	3	254bb97b57f12e1608fefc4517de768427b2fd6d2cffbbfcbc09f3c818198d5f
hmenu.28391d3bc64e	2	28391d3bc64ec15cbb090426b04aa6b7649c3cc85f11230bb0105e02d15e3624
hmenu.b0b3678b4c63	9	b0b3678b4c63c4d1f1def15d8609296c0e8a5259ee814b15b77005b3bd4cbb47
hmenu.2a54d7c9016a	32	2a54d7c9016a09e1d72261d4fdb60bf9964d83f2af54365bc2bf4da589a43ef1
hmenu.b4dc66dde806	3	b4dc66dde806261bdda8607d8707aa727d308cd80272381a5583f63899918467
hmenu.c1b56f8ad4b1	3	c1b56f8ad4b11eb85f510ac7b5a990055fffa2cb3b2fd54c951563a1b1831939
hmenu.eeb1b3d0fa31	7	eeb1b3d0fa31fdc14390f21fd0090550038b426fc9d66c45895286bcf8f8c3d4
hmenu.b8d31e852725	2	b8d31e852725afb1e26d53bab6095b2bff1749c9275be13ed1c05a56ed31ec09
hmenu.7692c3ad3540	3	7692c3ad3540bb803c020b3aee66cd8887123234ea0c6e7143c0add73ff431ed
hmenu.f905b19542ed	4	f905b19542ed08c9a9c26543cca32e5711d207dcffb81b4cdb44ce0b989431c9
hmenu.1e45dd8fcecf	10	1e45dd8fcecfc161b7fda8bbe95b1a529804eb65365ecd6356786450e3647ebe
hmenu.7175517a370b	2	7175517a370b5cd2e664e3fd29c4ea9db5ce17058eb9772fe090a5485e49dad6
hmenu.762069bc07a6	3	762069bc07a6e1b5df123a5ae7bd91c10daa04694fbaa17fba0cd6a8dcce8f22
hmenu.5fb6a47e368e	4	5fb6a47e368e12e5d8b19280796e6a3d146fe391ed2e967d5f95c55bfb0f9c2f
hmenu.b4b33d244164	7	b4b33d2441645d4dd0a0694b5989a0a14a5cc22fe9865e6b7b7eae966e0de36c
hmenu.bc4a71180870	7	bc4a71180870f7945155fbb02f4b0a2e3faa2a62d6d31b7039013055ed19869a
hmenu.3660315a9af3	4	3660315a9af3df255d8f19ab077e4797822b41488a0e2a04bc6af71213c23274
hmenu.79631cb1b7b6	5	79631cb1b7b63b6e84aba908f774286c1bb4642be880ee3de73c12abd53f0c1b
hmenu.1d0fea39ec33	5	1d0fea39ec33ff7543f345be85d1ccd34d6d864297d4151b737802cb294a338c
hmenu.d8463bd3ba4b	2	d8463bd3ba4b10e5916f65fa7b0c1f9f91f67ca40cc25b48810fb2f5a3340488
hmenu.c9022680f888	6	c9022680f888674e2b2274758755bfa07dea729b68d71cde5c521ed70ef261bf
hmenu.907778863957	6	907778863957813a221f4ed1c9d2fb234675a83c3035801e555dc317fddb1d03
hmenu.c404dc69b55c	5	c404dc69b55c0692366e3f28e6d8bc2e506bedbd4f519644adb5802500d83331
hmenu.d935c5d26fa6	9	d935c5d26fa65ea66136841308a9b33cdc65592c215e1a65fe59e12f5deded3c
hmenu.251fecd592e5	5	251fecd592e56e6c4a95121752f4a73bb802dffc1cc4bce6100206ee2b7cb650
hmenu.c54a061dfcc1	6	c54a061dfcc125cb160421b2680feaf6d65d938d756d887fe4d8d1d046eb626e
hmenu.6be87d6a0025	9	6be87d6a0025ebbae92c559162210ccfb60c183209d55f112402afd2fd15de29
hmenu.9ac247ac404e	17	9ac247ac404ed5c36890bb3e3e3c2044e4b61cd394839a4134265a644b0ec45a
hmenu.9a7a3cbacdea	16	9a7a3cbacdea7d8586d1b8713b79a39b6a7d0ca681c25eade63adb501641f84e
hmenu.a7de9bc2c24b	17	a7de9bc2c24bbfc06a2ae4f8641770fbf2bf298f3dc593a580e30881cb68d3b6
hmenu.9e95e3fba198	7	9e95e3fba198e4b4eed1fc58933b1ba8567e4984b5819514f8e625e677a96756
hmenu.d15a5cf15d29	7	d15a5cf15d2907055324a41e5f5bbe77d7ecea69391f889ee3409ba691d1efe6
hmenu.754a7b453d97	8	754a7b453d97b6480aebee9397c356af4bedbe639ca8a8460508e0bf63f3f8ef
hmenu.e3e91811790e	5	e3e91811790ef528c532914eb0f8a5b11cab4b066c9ade48ff617cc4e848aeec
hmenu.34cf775f17e3	6	34cf775f17e3540554f4808cf0241dfc0ff8b5f5bcefeb5b26640d9fd743b3a3
hmenu.d904973dd208	7	d904973dd2089c82803ef2da085d7fc2f9b8aedaeebfa359e53271595018c60c
hmenu.5a452459503b	8	5a452459503be70d2ed2fca46dd91e05e820a957f175686a77d03fff80f664fe
hmenu.842fcb5e6098	5	842fcb5e60989a03d08ee07f9bea0a0a4a824d991fe8cc055f3a89e05c5c392e
hmenu.6b0e38e88d73	11	6b0e38e88d7343215e39176fde4601a0a78d70272a90c8ef4f18e1324784ed79
hmenu.a9563697877e	9	a9563697877eb9cecaf2ddf50dd052cb125d293bf5eaad53a2c611d7f00a1905
hmenu.d8ad2ec6370e	16	d8ad2ec6370e8319e6a06a7a6fe40d53bf76dc35eb040456360f4cf03d6773d0
hmenu.454349e422f0	1	454349e422f05297191ead13e21d3db520e5abef52055e4964b82fb213f593a1
hmenu.893621119204	4	8936211192042c106b5d5aaf296dbea80facca3b7b9bce60913ebde20ca25fd7
hmenu.52774637822c	7	52774637822c236d84ed1e221bb24d9c1840e08c9d3542efd26f16e27ac8c0a2
hmenu.3316348dbadf	4	3316348dbadfb7b11c7c2ea235949419e23f9fa898ad2c198f999617912a9925
hmenu.18b7d02f93bb	32	18b7d02f93bb70a8b0eff0298710ae7762dcba90fd626ed17e2d53b6cf8e05d5
hmenu.5b2296ca7c08	7	5b2296ca7c080ca0332f3ff7b97558f6c388fd474cc02fb891356af512bfa655
hmenu.c73e3aee5163	22	c73e3aee516331835cac5757baca97e50b1df382a8eb2cda0c940e0065c726a4
hmenu.b24d6d33736e	5	b24d6d33736ecd5604a4b17bc9c6481039fac362bb7df044ef1c10a2bfd21db6
hmenu.7c6cfd76225a	14	7c6cfd76225a24bff6c8a93215e2caf06ccda366ba732f8166e511d3eb6fe381
hmenu.aa33996d60e8	4	aa33996d60e89311b4d1a920dae03c6d7fa3ae1956c52662e273aad4683e577f
hmenu.eeaada0bfdd8	7	eeaada0bfdd889eb77e96c7754521ca0fa405d8bc42be15939bf94a145cf12b7
hmenu.a768e1003362	8	a768e1003362314029f45f863256437a9b59c5738240eab626407ea45f495896
hmenu.70ce871f8a3d	6	70ce871f8a3d3fb449bc3c3ace6547cef02dfc74ffe48d912532a724bfdbe5b9
hmenu.ef5988103d7b	7	ef5988103d7b93b73646abbb5aed1a42975d3c3885c264826fff7ca9b7fee6f6
hmenu.8bca739fc1ac	7	8bca739fc1ac376df972b1fa2dde07e01efa86d36718b6bb7724a135598581f6
hmenu.665a4f0f5a46	7	665a4f0f5a462845f0d5d548fa1bf65d05f3653889d01d59001b47fcb5de5f60
hmenu.987239cc51ab	9	987239cc51abf5de699403ec945ee265cb3dc9c56d88adf6c8d240fdd7ccbd26
hmenu.4ed0c6667e34	7	4ed0c6667e3403a8e10aa60ac6c5ed6ab21ea3a064137ccad775d81277af3b64
hmenu.9b1f3333d574	6	9b1f3333d574e9e5c5bee7ed3db3d93a00a95beceaf275aeb9de881f302aa4c9
hmenu.1c0676bfa52a	11	1c0676bfa52a95fc724a0f0fa58963e6182fd41b7ddb826df4d5b667d008dba9
hmenu.27042f4e6eca	5	27042f4e6eca7d0b2a7ee4026df2ecfa51d3339e6d122aa099118ecd8563bad9
hmenu.2295e63fc86a	31	2295e63fc86ae86be0fd0e808bb936f51f649c392c90be2b0e5b86dd367f05e4
hmenu.cb3df92a7b68	7	cb3df92a7b6824f7971c6a80ae92c9a7cb3a9e03182a1158bc8be4cb0305d11e
hmenu.acfe1fecda8b	4	acfe1fecda8bf79f258fb28a532d3a5b901217497a8f7e86b6d5e81baa27de17
hmenu.17fb8f734991	5	17fb8f734991cd63bf0952614852e9dac8c5d3f9483710d175a863b9ffd60e8c
hmenu.1f1c5b2fad77	4	1f1c5b2fad778434024f1537986346927917f4755a6e7d3fd91f22653b7c3132
hmenu.acba25512100	3	acba25512100f80b56fc3ccd14c65be55d94800cda77585c5f41a887e398f9be
hmenu.c071cf5f5ed6	7	c071cf5f5ed6f884cc70155b6f05f755fd46a302d05e4261b7e92ce878bbfed8
hmenu.043a718774c5	1	043a718774c572bd8a25adbeb1bfcd5c0256ae11cecf9f9c3f925d0e52beaf89
hmenu.109ce94957f6	5	109ce94957f6dce51acfe3ce907069a525ec6ccf07f98e1edaffa7f2e1d91220
hmenu.9cdade103bc6	5	9cdade103bc6384a57f9f81b9577dcbd18cf66aaa93f810cf567e9d8bed7ab2d
hmenu.fde281f3efb8	9	fde281f3efb869cd55bad56717b6608d348f0a194f402364cb4f5764c0445651
hmenu.157dca92e425	4	157dca92e4250458339d4b835250d44c238f3355e1b7986195188ee434e9baff
hmenu.08ee25a53e0c	5	08ee25a53e0c1db6e40acfc77a7426f3f50c1f312b03a53a381c6f04e304a929
hmenu.d81c55f49c5b	5	d81c55f49c5bb0d36bc11e3966ec4efab66f8dfefbbc1761161ca9d230e5466a
hmenu.ed0c553ec7ab	6	ed0c553ec7abb76916a92e4c7f78914de1595258a592e1c8e6e77456db02c1e9
hmenu.59ad1b2fc742	4	59ad1b2fc74287ded1bba7af67765d23ad4a49f1ae51902cc2ed3f8ebee96cfa
hmenu.241932906782	6	2419329067823cab5b4e5ac5dd18a6abf1f57f45e753f5fc934292f3085a3717
hmenu.16367aacb67a	6	16367aacb67a4a017c8da8ab95682ccb390863780f7114dda0a0e0c55644c7c4
hmenu.d7cbbb688b2e	8	d7cbbb688b2e506c022e95cef8c4f629a29b9b36a6e50324e70dff466dbb95af
hmenu.c0f21d451463	4	c0f21d451463ec3e3254bf2d631b70a46e870f72eca69b2a869625407c22a8b0
hmenu.ca73f61034af	6	ca73f61034afc26d96c85c0d2285e1f08b283b891426cef8c05eda5bf3e12ddf
hmenu.3fc96cc70eab	9	3fc96cc70eab1f1e4887ba4219436b7df9a1e4d93dd477152ed4d4ce26caea15
hmenu.6e31a0bd32b4	4	6e31a0bd32b4b066ec982e009789606766a805b13bc34469bdce901b48718c2b
hmenu.ded9c2181fd7	3	ded9c2181fd7ea468a7a7b1475defe90bb0fc0ca8d0f2096b0617465cea6568c
hmenu.e5d5b971139e	4	e5d5b971139eefeb36d6edb9938fa246740c90da2003626487eb2d5d9646aec6
hmenu.02cd1953be6c	32	02cd1953be6cec99893cccb97f2ad02f036098905a8967a0cb3039a7fce30a8b
hmenu.cd926eafa7bf	5	cd926eafa7bf22317a65eb76800fd7c67aa6b2165179aaf4110d5ae7c31cbbab
hmenu.7428b2c52841	4	7428b2c5284148533a1355de7d3d17e31fa70cb5478e16ab842f743af62f4207
hmenu.effaa68d28df	5	effaa68d28df27c5581213f68e226b03fc406eb04e42013126194a1c06d379ea
hmenu.9c53c074d7ac	5	9c53c074d7ac6a2728b638ac1f376c5fa9eb8f71603017c3ea638c2fd40548df
hmenu.32c1cf49a2fe	6	32c1cf49a2feee269ed74dd860f72644ac71029839b21b1ce0c212efafa9ef07
hmenu.fdd3e8169b06	32	fdd3e8169b06fd7caf7684c52f7f2725dfc56095dccf9b59882c47e9c40ee646
hmenu.6608627b2d07	7	6608627b2d07788439db3c6fad63177c9d4b9a588112d152e9393092bdbe6ac3
hmenu.ceb4d1dcf897	5	ceb4d1dcf897b1e04318d400b1a20c69bd3931ec1fdd135d8599069c52e8967c
hmenu.e948f1f230fc	14	e948f1f230fc92561a74e3bf861fa897a880a356d4fc65510debe1de4696ec56
hmenu.b6c61263ba60	5	b6c61263ba60669754e12f7aec9cd578faba41d9172069f6165d1b793841cb09
hmenu.9ff1248f6b72	18	9ff1248f6b72fab8b9ea92877c930721c61d53dd8849330e8bb9db8639f527c3
hmenu.eeed20bf4840	18	eeed20bf4840c77c45fbebe002ee55a45fe400b1ba807b18ccdfca24f48cd91b
hmenu.a6b46dd0d1ae	4	a6b46dd0d1ae5e86cbc8f37e75ceeb6760230c1ca4ffbcb0c97b96dd7d9c464b
hmenu.65108526a62e	33	65108526a62ebc58d90c1406cce2b83133f5a8fa5221f87e6f62f40589bc07a9
hmenu.5592b4048986	34	5592b4048986b175d187438df9b7ecd154cdedc775a9ff290231d5e3863a9a9b
hmenu.f4140396f8fb	5	f4140396f8fbf51090f32f0fa62442f9c3075fede6461916a53ad9ce4c8e79fd
hmenu.d4f02eaafd1a	4	d4f02eaafd1a9e9de7d10972ca8e47fa7a985825c3c9c1e249c72683cb3e4f19
hmenu.7246a0702997	14	7246a0702997b4b8b348d91465cdd8e9476b14380de1fb65616d146da5a09c67
hmenu.5f482c6f9efd	8	5f482c6f9efd21df70095844d756db2da00e1b7754f9b3a336088ecfca5608d7
hmenu.bbccb9c002d5	5	bbccb9c002d5ed5994789fd8d38a8af3825f7691e10c44cac9b07dc54b15c2ee
hmenu.b7f1cd7b3ece	5	b7f1cd7b3ececcaa74b620c69e5a6af2493e9f3d56719eb1f4ccd4784ba776c9
hmenu.dd2da64f66dc	10	dd2da64f66dc44d302b45b0aa40187c5382eb13170a5b4038fd9fa5614a5bbd6
hmenu.0bc90067c644	6	0bc90067c644bf3ef73ac48650e270ef033d589e380062f6a9b7699c3768fd51
hmenu.073c1634c496	6	073c1634c496cdb649d1afe0a312bbb4b7e1741b271542e4a436c3b8824b1761
hmenu.94e8566ddfc1	5	94e8566ddfc123edf115fcbb35a16973409d95e05e3deb7dc4a15a7af325a885
hmenu.7ae22a60d86a	7	7ae22a60d86a91fcdb11035e3c34658c865a12181a0f125ff491d310f346ddee
hmenu.df448a7835b8	8	df448a7835b8433ccb91a662b5f119b991f483d14a4014849f189acba3864092
hmenu.64a08a413e32	11	64a08a413e32c4ba0b8eae095cd3e24573bb93894b83aa5d6cbc55c4c200cc90
hmenu.3bab04109008	9	3bab041090084826154e426b46b307e391a0f23f7831aae4a83bc9bc283da8c8
hmenu.130d26f6c2a9	11	130d26f6c2a9b4b86c455d74050ebdec855bc2e9ed053aa27b6461ce84f8281a
hmenu.b728667e3b2a	12	b728667e3b2a6ac971df1482b1268018519bd6a43098bdee48260a67e6015b6b
hmenu.a18603086e5b	7	a18603086e5bdf9df88ccc9f5a083fed093e819976e87456b74dafcbd7011114
hmenu.a23f0db1c70d	5	a23f0db1c70d1f5184aac20797c76a702940c3755a783a3b1db8ea45995e40b5
hmenu.a8fcb37f4ae5	10	a8fcb37f4ae5e369ca492e84799558eff06decf262b7aa25acca2964ff9a8294
hmenu.5f29cd667b32	7	5f29cd667b3231811c73258fa95556b81d3f5f1487267c5997543fbeb41c0e8c
hmenu.f338f4c08c4e	7	f338f4c08c4eb9a62331c60091e0f301da3a8fe4b1466c2ee8b8461c82d6e0dc
hmenu.9e237ad14698	8	9e237ad146981a42f3364b4e80a0b2544c7adb0095b133b2953c38c4de9b0fc4
hmenu.e3b98a4da31a	1	e3b98a4da31a127d4bde6e43033f66ba274cab0eb7eb1c70ec41402bf6273dd8
hmenu.af2079281d18	39	af2079281d18520a2fe6a3f6b418e6f18dd7c8fa41c71c8001696dea61e535d1
hmenu.76592b9de6d3	2	76592b9de6d38238a52a3651867871e5c670e6320a8ef46a84b5590f8933f33e
hmenu.ae599b011b94	7	ae599b011b947cae60b119ede608f0f14d4a9cfbb27ed0a3f888a935f14b505d
hmenu.5cddf00ae882	13	5cddf00ae882afe12152883b8cab7f85721df38f08cbf7fc609df7f88ab46ee5
hmenu.2959bb1215ae	3	2959bb1215aea6efebfb473241840f91712e33a97e3135dff556afd9464c1276
hmenu.d1905cf90af2	4	d1905cf90af29a5ac3f99e105830eecc5b3b415b24e2d166a7ce4cf72b2f32e6
hmenu.acfc6fd1a811	5	acfc6fd1a8112288f2e42a614c30a18c21d563e90b842469a8d4b3f13c598536
hmenu.4e2b5722651b	5	4e2b5722651bde0038babd2fa2dc3619546255fcdd551ce534af3c06b450a7ff
hmenu.fef06ecd81e4	23	fef06ecd81e41725d01b3efd378886c20072ef0373c1ee7c9c332e2d48b343c3
hmenu.17e764e862c1	20	17e764e862c1cd09f79172dc38e535d829025538f086cca67a826cd872b296e7
hmenu.ca8b22d0db83	4	ca8b22d0db83a22db163b560b3e4e51527e533d31d067b614a0c33c4d2df8432
hmenu.83e3b78f14e0	9	83e3b78f14e08cc5e0bf037b1668b27bcde446cb05f04f86845deaf7812be71d
hmenu.2af4669ccbcc	16	2af4669ccbcce9e6224e9dba377f5882ae5136df942f2ec8fc47e34495c7687a
hmenu.84088805e145	7	84088805e145b555f349c164a7cfdcf13981e0affcba4393aaa78ae40f320f4e
hmenu.8e7fc0236af4	4	8e7fc0236af43df9340685fc16f1efe36543cc1707051220a103ad99cf69a2df
hmenu.b9776d7ddf45	3	b9776d7ddf459c9ad5b0e1d6ac61e27befb5e99fd62446677600d7cacef544d0
hmenu.6828bcda20e2	32	6828bcda20e2400c7192326c1369c08ad2b7e1766a5ec3f2b787e64d868d66f6
hmenu.e73ecd0843c7	31	e73ecd0843c7a58934baab042ed3eacd9b357b2ae1479577b584b9214944d1bf
hmenu.072f6c258fb4	32	072f6c258fb4157ac9df6eedd6f375bfc29f74977457ede8793d2b106bf18f71
hmenu.8ba5e843ce8a	32	8ba5e843ce8a60160c7a1254af63227b15082328c2c7e650611812591cfb798b
hmenu.f75d4de6c5a9	5	f75d4de6c5a9b9c36d8e3322efef0665e1090b31aef19c83a74675180fa0324a
hmenu.f74899f15696	5	f74899f15696a05214574affafda56fdd5a3b7fbf6ace3bacd8f7726f67443aa
hmenu.e244f187f696	5	e244f187f696561d5fd7e00f618e7ba641dc52e3c137380f6fa23a854b773aac
hmenu.e332e9199f71	32	e332e9199f7192a346d1cf139020e00543824297ebdd306b39f10e8ba26e51fd
hmenu.b1e99324505b	5	b1e99324505bd32da0e1f85dcf5e19a09db0481e8a15f62c41eb320304a8e927
hmenu.1eb79602411e	4	1eb79602411ef02cf6fe117897015fff89f80face4eccd50425c45149b148408
hmenu.01cb782e0e47	32	01cb782e0e47e6d0657fb79fdeb4370d5daff0e664c46e29352f6104728061a3
hmenu.f1e7ec533a35	19	f1e7ec533a35a87241758137cf3c4bbee4f10cd8b66b50d96f8fd230b7fccf9a
hmenu.571d5b2882b8	3	571d5b2882b8df135b9f3b50ab4fb722ba82b1f6bebe7b91163ab3208291f0ca
hmenu.e1b32c410e28	7	e1b32c410e28cb478e68e2ff911b917eab913b7c11c25d91dcdb2b91ba92ec6d
hmenu.b4790d350c6e	4	b4790d350c6e93d817e94f52e8bd4dcb13c97aa5464ce72f9fce92dbb9760fd5
hmenu.663ea1bfffe5	2	663ea1bfffe5038f3f0cf667f14c4257eff52d77ce7f2a218f72e9286616ea39
hmenu.ad194452723f	32	ad194452723fa15560614879b29813a22c79250a62ec79755af43b6df476d2da
hmenu.7bfe2866a26e	32	7bfe2866a26ed81396a0ceaec919a7bce4a47766b7309cdd9a02145721ac5673
hmenu.07c508eca3f0	3	07c508eca3f0bd1a1176265541f5083e2c3a5a17f92c37653ed1eb1f280fa561
hmenu.9af45e4d0f77	4	9af45e4d0f7715908aa2207b6b459a1bfc888c2b88250a403ff9ab8bc14817b0
hmenu.7817bb812e82	2	7817bb812e82168bd48fe1ea6783078d42be37e8db9bdaafdac5c45804aca64f
hmenu.dd4d1b42990c	6	dd4d1b42990c67b76ac96423a454cd82635c1215f638cf52939f88ef5a8cf3f0
hmenu.116f54c41d04	5	116f54c41d0405dbb10e7b04ebc31e262a5b8c85c1233fcf36eaee344d91ae58
hmenu.a143956a4ab4	6	a143956a4ab403dc586e7cf4490d9bcfb22f43f55e9ed353baabe70350b2560c
hmenu.6694ea807500	9	6694ea8075001f6628da20f1afdafc74a763e2098bafc633b057534792db6aad
hmenu.a5075550e1f2	5	a5075550e1f2376f804a057923b34bfedc630ce3e1adce55dfbd7270bed20f40
hmenu.6389dc45d052	7	6389dc45d0523df14c17774180a4fa478165dae4065b1b7fb93e5341afe58c61
hmenu.57ee6ffeac05	8	57ee6ffeac05c395fac40298f4396e8a756435de29e00c969198c5ad83dcdb7c
hmenu.1303c06b0b01	4	1303c06b0b014d0ce7b988ab173a13f31227d417058ff4bbe6f8c222b4ad913c
hmenu.0bfe935e70c3	1	0bfe935e70c321c7ca3afc75ce0d0ca2f98b5422e008bb31c00c6d7f1f1c0ad6
hmenu.913f2664aecf	6	913f2664aecf816ab065da6d6634c3b09762420fb8442d82ddf7f93c691466ee
hmenu.4844cec572c9	23	4844cec572c9b496b74779e60692a0ce53a70180213b3d9ce2aad1bec1daf28a
hmenu.04389e7277f7	12	04389e7277f7ffe4490fb48181f8549d12b1acfcaa1cab4022459ce8845d2528
hmenu.c981a30c0e7b	5	c981a30c0e7b420b0ba50ce7d1d4174a511fdf20567b852ab02c774cb9a3591e
hmenu.d604f126e1eb	32	d604f126e1ebf698e18077e8b98a871091d9a474e41b94e43e41ff76f450a7be
hmenu.110e57efa6fb	10	110e57efa6fba396110a7e951f241e1acd6e434a0a16b3fa9b18d9e013396490
hmenu.ff4eac2e2d1e	9	ff4eac2e2d1eb3629eee294eb23ccc9a181591d182c58c43748bb7dc88a7c1bb
hmenu.8910d4ec62d7	8	8910d4ec62d73e710e03f337c98f7873a8cb3639763f382aa1353019fb2d6bac
hmenu.aee610558292	5	aee610558292023758a4229ddcf75f167c9904313a83cf795232ed7f7e2131c9
hmenu.ebe02a2e1d64	32	ebe02a2e1d64b0d232018f88efa07849bd8f631214280307af8358de27ff470a
hmenu.a3b142af6e97	3	a3b142af6e97cfc3bb23e409ab83467af7d16ded7dc0632be6a6a9023e49ce8b
hmenu.5672c76c7da3	32	5672c76c7da30350bd78141e79871209925fe2b3c8eb3215872cdf9ad86806fc
hmenu.a24e10fde71a	5	a24e10fde71a121ae709d6d866e36dfce91ce464e196f718721d848cbd56d24d
hmenu.2df5712e1cf3	6	2df5712e1cf303a50fac51e4b2c0ac71884f746b20f206f9df2eb6375fde7270
hmenu.50e721e49c01	1	50e721e49c013f00c62cf59f2163542a9d8df02464efeb615d31051b0fddc326
hmenu.8656aa55d393	4	8656aa55d393b032b7f05fd40daac127c4862315017072b231d726ccf0d686e6
hmenu.f4f0ba5fa7b3	11	f4f0ba5fa7b304671af7eb71d11148dc439b7259f19251076670116743afb880
hmenu.85446beb32e1	32	85446beb32e143291164db633cfc0266abf5d9ab5ea9d360ccf7ff60b51006cf
hmenu.b63b99f6383b	3	b63b99f6383ba713b57ddfc77737c5f71639fa6f4663efe60a66a8c6d114b545
hmenu.0079089ac700	4	0079089ac7006e29ac55a5349288c6b627394c6b52e22a060223db2bbbad99de
hmenu.dc7c811b9561	2	dc7c811b9561739d9b75bb3e9e1715970a868834e62251b0b9ca02e74d0f42c9
hmenu.59d6cf4f638f	30	59d6cf4f638f94e091e555216fc71c97046873ebf47a501d6bb39ac99b756177
hmenu.c68fef1abac6	6	c68fef1abac63a8353831df2718519fee1c4c16d63ff13bc473a65be02fb60bf
hmenu.80f3dbad9ba9	7	80f3dbad9ba928e8a881174cabc9af38033bf442881cc62b8c2936d34f4ea672
hmenu.167a79b5d437	7	167a79b5d437ac9ac3dfcf4473bd2225e1caa82ad14e1171544b7ffef1322d07
hmenu.5159122a0ac4	5	5159122a0ac41bf1eab0e9de8b95c623e0bb6fcb8a1cf7b44a6358edb96dedf8
hmenu.910adfb42464	4	910adfb424646393d81506a4b18638c5ceafff0bb32994c97d916b600d04ecb5
hmenu.749ab2c0d06c	4	749ab2c0d06c42ae3b841b79e79875f02b3a042e43c92378cd28bd444c04d284
hmenu.ab9e574dc207	15	ab9e574dc207b6412ef151597796622c0bb4a191a494cbf7d4713179314d524d
hmenu.0645d4f77d14	9	0645d4f77d14ed70507bec669cd9ada96e17a0bf04a791dde7a636cbc7ab82e9
hmenu.d39146635c92	11	d39146635c922ef0701a68cc2b8431c092c92e62f1c36d6fe9b6ee29b836c94a
hmenu.77bc06c55d29	5	77bc06c55d29ee3cfa295b4592e4b2a85a16bb06a8974726b7bfa3d4ca36d5ae
hmenu.07a875073882	5	07a8750738828ffd36a9bbfc198cf5d3bfd93e9f86b0e16e5aedeef8426804cf
hmenu.97bb6198b180	2	97bb6198b18008ed8707408b39620e87ef2e76cb1e2b7787db8f54bc1bee82e7
hmenu.3eb3d9f76f61	3	3eb3d9f76f61d6bf96bb3838f466ceea62270f1c0d722e78b4643c49e98c0052
hmenu.7e73b026cfd1	4	7e73b026cfd1b008c5580cc3d1d65bf7e59e70f8fd934508c40ad473835ea22a
hmenu.bc16f5825a9d	4	bc16f5825a9dafc8c245dc7cd93f4e671a9885035a73e6ef29c04f2d3863bfab
hmenu.07d4f0d9ade4	20	07d4f0d9ade403e3d47e8e0f4449a9d2e3477fb6acd80e99ad523fe7736cf275
hmenu.186a2b23db85	15	186a2b23db852eac9f31f6c339b00d6dd2c6cbd8ac6811aaa80e3bebead95cc4
hmenu.091e60675261	4	091e606752615c91da70540d9951464cd898f7c2a420fc7181b4f6793772e723
hmenu.0695b563acde	4	0695b563acde461fc2f8d9aebccf35c7596ac458b8d8e067c602fb7b4e5f1578
hmenu.2c063fc99025	19	2c063fc990254261635ae2bca96223497d4807e61f1ede11dee91758f7e1a936
hmenu.fb2f58286aff	32	fb2f58286aff0c396b36fe0a01f5376f8bdb3c6397783cb7adb8663f8c671b97
hmenu.6cb1c45a1a62	4	6cb1c45a1a626a4b1c589bd6dfe8bd3fd3d42edd676b763cbf42ad3954d6a99a
hmenu.e4723b340ea8	5	e4723b340ea85f637ac87241795a9ad6a50e6152c0755df145c70f68fd543590
hmenu.ddda5e25a150	9	ddda5e25a150cedce176c457aa5395286faf43e63a3db681088d4507ab7e8198
hmenu.5f5580d42ea7	10	5f5580d42ea7d6442e2c800d9a4d90e46295d729348c04c62cc1f564fe4b7424
hmenu.8bd26a907ea5	32	8bd26a907ea583e102b2c9a8eea3e0eb36b12432d28d0923ea81fb36e3abd629
hmenu.b2bc18c3ebd1	16	b2bc18c3ebd1956e95b276f5242a782603bcbed6c16ec0242f9418a7df8a987e
hmenu.a1fce4363854	1	a1fce4363854ff888cff4b8e7875d600c2682390412a8cf79b37d0b11148b0fa
hmenu.e9058ab198f6	2	e9058ab198f6908f702111b0c0fb5b36f99d00554521886c40e2891b349dc7a1
hmenu.bb0347a468d9	3	bb0347a468d97e98a9c00e37cebec1ab930f6f1221cae0f1fbb92b07e1900ba2
hmenu.6ade2a79da24	32	6ade2a79da242a8b5de53a6f089a151f90254cb4d9c027354c33f4a36e19f097
hmenu.dfa5818ca2f4	32	dfa5818ca2f4f17e925e0e2d9c4810b9e5c4cfa4fb01d42a7259e999aa884a40
hmenu.bf322dcc79eb	4	bf322dcc79ebea2a4669df36e06ce886489c3ab29f11b0bf7cffa3ba0000fa58
hmenu.4d040d3f6466	4	4d040d3f6466018c568aadf69a666d4257e5bb350a8e06f7198aedb6b12386fe
hmenu.b20bdd3fa3ef	32	b20bdd3fa3ef53c66e3fb485f0f8c0b84541595664d74f585ceffa29b170cb57
